12 [139787148064640] INFO perfrun.launcher <> - Launcher main begin
15 [139787148064640] INFO perfrun.launcher <> - MessageCatalogInit finished
15 [139787148064640] INFO perfrun.launcher <> - Launcher instance created
15 [139787148064640] INFO perfrun.launcher <> - argc = 7; cmdline = /home/intel/oneapi/vtune/2021.1.1/bin64/amplxe-runss --ui-output-format xml --ui-output-fd 5 --option-file /home/users/emlazuta/parallel-qlearning/results_batch_vtune_100x100/run_par_sguided_mhogwild_t20_obs25pct/config/runsa.options 
30 [139787148064640] INFO perfrun.launcher <> - plugin remoteplug has been added successfully
30 [139787148064640] INFO perfrun.launcher <> - plugin system has been added successfully
30 [139787148064640] INFO perfrun.launcher <> - plugin vdso has been added successfully
30 [139787148064640] INFO perfrun.launcher <> - plugin itt has been added successfully
30 [139787148064640] INFO perfrun.launcher <> - plugin ptracecollector has been added successfully
30 [139787148064640] INFO perfrun.launcher <> - plugin gpu has been added successfully
30 [139787148064640] INFO perfrun.launcher <> - plugin  has been added successfully
30 [139787148064640] INFO perfrun.launcher <> - plugin  has been added successfully
30 [139787148064640] INFO perfrun.launcher <> - plugin  has been added successfully
30 [139787148064640] INFO perfrun.launcher <> - plugin mrte has been added successfully
30 [139787148064640] INFO perfrun.launcher <> - plugin emon has been added successfully
30 [139787148064640] INFO perfrun.launcher <> - plugin cuscol has been added successfully
30 [139787148064640] INFO perfrun.launcher <> - plugin stdsrc has been added successfully
30 [139787148064640] INFO perfrun.launcher <> - plugin sep has been added successfully
30 [139787148064640] INFO perfrun.launcher <> - plugin vtsspp has been added successfully
30 [139787148064640] INFO perfrun.sdk <> - Reading value (-1) from file: /proc/sys/kernel/perf_event_paranoid
30 [139787148064640] INFO perfrun.perfcollector <> - checking access to: /home/intel/oneapi/vtune/2021.1.1/bin64/amplxe-perf-priv
34 [139787148064640] INFO perfrun.perfcollector <> - cpu: family = 6 model = 63
34 [139787148064640] INFO perfrun.perfcollector <> - dir found : /sys/bus/event_source/devices/software
34 [139787148064640] WARN perfrun.perfcollector <> - format subdir doesn't exist, at file: vcs/perfrun1/plugins/perfcollector/src/controller.cpp:725
34 [139787148064640] WARN perfrun.perfcollector <> - pmu hwInfo is not set, at file: vcs/perfrun1/plugins/perfcollector/src/controller.cpp:819
34 [139787148064640] INFO perfrun.perfcollector <> - pmu added : family : software , id : 0
34 [139787148064640] INFO perfrun.perfcollector <> - dir found : /sys/bus/event_source/devices/uncore_imc_5
34 [139787148064640] INFO perfrun.perfcollector <> - format: event config:0-7 mask:0-7
34 [139787148064640] INFO perfrun.perfcollector <> - format: edge config:18 mask:18
34 [139787148064640] INFO perfrun.perfcollector <> - format: inv config:23 mask:23
34 [139787148064640] INFO perfrun.perfcollector <> - format: umask config:8-15 mask:8-15
34 [139787148064640] INFO perfrun.perfcollector <> - format: thresh config:24-31 mask:24-31
34 [139787148064640] INFO perfrun.perfcollector <> - hwInfo : PERF_IMC_PMU_DETAILS
34 [139787148064640] INFO perfrun.perfcollector <> - pmu added : family : uncore_imc , id : 5
34 [139787148064640] INFO perfrun.perfcollector <> - dir found : /sys/bus/event_source/devices/uncore_sbox_2
35 [139787148064640] INFO perfrun.perfcollector <> - format: event config:0-7 mask:0-7
35 [139787148064640] INFO perfrun.perfcollector <> - format: edge config:18 mask:18
35 [139787148064640] INFO perfrun.perfcollector <> - format: inv config:23 mask:23
35 [139787148064640] INFO perfrun.perfcollector <> - format: umask config:8-15 mask:8-15
35 [139787148064640] INFO perfrun.perfcollector <> - format: tid_en config:19 mask:19
35 [139787148064640] INFO perfrun.perfcollector <> - format: thresh config:24-31 mask:24-31
35 [139787148064640] WARN perfrun.perfcollector <> - pmu hwInfo is not set, at file: vcs/perfrun1/plugins/perfcollector/src/controller.cpp:819
35 [139787148064640] INFO perfrun.perfcollector <> - pmu added : family : uncore_sbox , id : 2
35 [139787148064640] INFO perfrun.perfcollector <> - dir found : /sys/bus/event_source/devices/uncore_cbox_8
35 [139787148064640] INFO perfrun.perfcollector <> - format: event config:0-7 mask:0-7
35 [139787148064640] INFO perfrun.perfcollector <> - format: filter_link config1:6-8 mask:6-8
35 [139787148064640] INFO perfrun.perfcollector <> - format: filter_c6 config1:61 mask:61
35 [139787148064640] INFO perfrun.perfcollector <> - format: edge config:18 mask:18
35 [139787148064640] INFO perfrun.perfcollector <> - format: filter_isoc config1:63 mask:63
35 [139787148064640] INFO perfrun.perfcollector <> - format: filter_tid config1:0-5 mask:0-5
35 [139787148064640] INFO perfrun.perfcollector <> - format: filter_nid config1:32-47 mask:32-47
35 [139787148064640] INFO perfrun.perfcollector <> - format: filter_nc config1:62 mask:62
35 [139787148064640] INFO perfrun.perfcollector <> - format: umask config:8-15 mask:8-15
35 [139787148064640] INFO perfrun.perfcollector <> - format: tid_en config:19 mask:19
35 [139787148064640] INFO perfrun.perfcollector <> - format: thresh config:24-31 mask:24-31
35 [139787148064640] INFO perfrun.perfcollector <> - format: filter_state config1:17-23 mask:17-23
35 [139787148064640] INFO perfrun.perfcollector <> - format: filter_opc config1:52-60 mask:52-60
35 [139787148064640] WARN perfrun.perfcollector <> - pmu hwInfo is not set, at file: vcs/perfrun1/plugins/perfcollector/src/controller.cpp:819
35 [139787148064640] INFO perfrun.perfcollector <> - pmu added : family : uncore_cbox , id : 8
35 [139787148064640] INFO perfrun.perfcollector <> - dir found : /sys/bus/event_source/devices/uncore_r2pcie
35 [139787148064640] INFO perfrun.perfcollector <> - format: event config:0-7 mask:0-7
35 [139787148064640] INFO perfrun.perfcollector <> - format: edge config:18 mask:18
35 [139787148064640] INFO perfrun.perfcollector <> - format: inv config:23 mask:23
35 [139787148064640] INFO perfrun.perfcollector <> - format: umask config:8-15 mask:8-15
35 [139787148064640] INFO perfrun.perfcollector <> - format: thresh config:24-31 mask:24-31
35 [139787148064640] WARN perfrun.perfcollector <> - pmu hwInfo is not set, at file: vcs/perfrun1/plugins/perfcollector/src/controller.cpp:819
36 [139787148064640] INFO perfrun.perfcollector <> - pmu added : family : uncore_r2pcie , id : 0
36 [139787148064640] INFO perfrun.perfcollector <> - dir found : /sys/bus/event_source/devices/uncore_sbox_0
36 [139787148064640] INFO perfrun.perfcollector <> - format: event config:0-7 mask:0-7
36 [139787148064640] INFO perfrun.perfcollector <> - format: edge config:18 mask:18
36 [139787148064640] INFO perfrun.perfcollector <> - format: inv config:23 mask:23
36 [139787148064640] INFO perfrun.perfcollector <> - format: umask config:8-15 mask:8-15
36 [139787148064640] INFO perfrun.perfcollector <> - format: tid_en config:19 mask:19
36 [139787148064640] INFO perfrun.perfcollector <> - format: thresh config:24-31 mask:24-31
36 [139787148064640] WARN perfrun.perfcollector <> - pmu hwInfo is not set, at file: vcs/perfrun1/plugins/perfcollector/src/controller.cpp:819
36 [139787148064640] INFO perfrun.perfcollector <> - pmu added : family : uncore_sbox , id : 0
36 [139787148064640] INFO perfrun.perfcollector <> - dir found : /sys/bus/event_source/devices/uncore_cbox_6
36 [139787148064640] INFO perfrun.perfcollector <> - format: event config:0-7 mask:0-7
36 [139787148064640] INFO perfrun.perfcollector <> - format: filter_link config1:6-8 mask:6-8
36 [139787148064640] INFO perfrun.perfcollector <> - format: filter_c6 config1:61 mask:61
36 [139787148064640] INFO perfrun.perfcollector <> - format: edge config:18 mask:18
36 [139787148064640] INFO perfrun.perfcollector <> - format: filter_isoc config1:63 mask:63
36 [139787148064640] INFO perfrun.perfcollector <> - format: filter_tid config1:0-5 mask:0-5
36 [139787148064640] INFO perfrun.perfcollector <> - format: filter_nid config1:32-47 mask:32-47
36 [139787148064640] INFO perfrun.perfcollector <> - format: filter_nc config1:62 mask:62
36 [139787148064640] INFO perfrun.perfcollector <> - format: umask config:8-15 mask:8-15
36 [139787148064640] INFO perfrun.perfcollector <> - format: tid_en config:19 mask:19
36 [139787148064640] INFO perfrun.perfcollector <> - format: thresh config:24-31 mask:24-31
36 [139787148064640] INFO perfrun.perfcollector <> - format: filter_state config1:17-23 mask:17-23
36 [139787148064640] INFO perfrun.perfcollector <> - format: filter_opc config1:52-60 mask:52-60
36 [139787148064640] WARN perfrun.perfcollector <> - pmu hwInfo is not set, at file: vcs/perfrun1/plugins/perfcollector/src/controller.cpp:819
36 [139787148064640] INFO perfrun.perfcollector <> - pmu added : family : uncore_cbox , id : 6
36 [139787148064640] INFO perfrun.perfcollector <> - dir found : /sys/bus/event_source/devices/uncore_imc_1
36 [139787148064640] INFO perfrun.perfcollector <> - format: event config:0-7 mask:0-7
36 [139787148064640] INFO perfrun.perfcollector <> - format: edge config:18 mask:18
36 [139787148064640] INFO perfrun.perfcollector <> - format: inv config:23 mask:23
36 [139787148064640] INFO perfrun.perfcollector <> - format: umask config:8-15 mask:8-15
36 [139787148064640] INFO perfrun.perfcollector <> - format: thresh config:24-31 mask:24-31
36 [139787148064640] INFO perfrun.perfcollector <> - hwInfo : PERF_IMC_PMU_DETAILS
36 [139787148064640] INFO perfrun.perfcollector <> - pmu added : family : uncore_imc , id : 1
36 [139787148064640] INFO perfrun.perfcollector <> - dir found : /sys/bus/event_source/devices/power
36 [139787148064640] INFO perfrun.perfcollector <> - format: event config:0-7 mask:0-7
36 [139787148064640] WARN perfrun.perfcollector <> - pmu hwInfo is not set, at file: vcs/perfrun1/plugins/perfcollector/src/controller.cpp:819
36 [139787148064640] INFO perfrun.perfcollector <> - pmu added : family : power , id : 0
36 [139787148064640] INFO perfrun.perfcollector <> - dir found : /sys/bus/event_source/devices/uncore_cbox_4
37 [139787148064640] INFO perfrun.perfcollector <> - format: event config:0-7 mask:0-7
37 [139787148064640] INFO perfrun.perfcollector <> - format: filter_link config1:6-8 mask:6-8
37 [139787148064640] INFO perfrun.perfcollector <> - format: filter_c6 config1:61 mask:61
37 [139787148064640] INFO perfrun.perfcollector <> - format: edge config:18 mask:18
37 [139787148064640] INFO perfrun.perfcollector <> - format: filter_isoc config1:63 mask:63
37 [139787148064640] INFO perfrun.perfcollector <> - format: filter_tid config1:0-5 mask:0-5
37 [139787148064640] INFO perfrun.perfcollector <> - format: filter_nid config1:32-47 mask:32-47
37 [139787148064640] INFO perfrun.perfcollector <> - format: filter_nc config1:62 mask:62
37 [139787148064640] INFO perfrun.perfcollector <> - format: umask config:8-15 mask:8-15
37 [139787148064640] INFO perfrun.perfcollector <> - format: tid_en config:19 mask:19
37 [139787148064640] INFO perfrun.perfcollector <> - format: thresh config:24-31 mask:24-31
37 [139787148064640] INFO perfrun.perfcollector <> - format: filter_state config1:17-23 mask:17-23
37 [139787148064640] INFO perfrun.perfcollector <> - format: filter_opc config1:52-60 mask:52-60
37 [139787148064640] WARN perfrun.perfcollector <> - pmu hwInfo is not set, at file: vcs/perfrun1/plugins/perfcollector/src/controller.cpp:819
37 [139787148064640] INFO perfrun.perfcollector <> - pmu added : family : uncore_cbox , id : 4
37 [139787148064640] INFO perfrun.perfcollector <> - dir found : /sys/bus/event_source/devices/uprobe
37 [139787148064640] INFO perfrun.perfcollector <> - format: ref_ctr_offset config:32-63 mask:32-63
37 [139787148064640] INFO perfrun.perfcollector <> - format: retprobe config:0 mask:0
37 [139787148064640] WARN perfrun.perfcollector <> - pmu hwInfo is not set, at file: vcs/perfrun1/plugins/perfcollector/src/controller.cpp:819
37 [139787148064640] INFO perfrun.perfcollector <> - pmu added : family : uprobe , id : 0
37 [139787148064640] INFO perfrun.perfcollector <> - dir found : /sys/bus/event_source/devices/cpu
37 [139787148064640] INFO perfrun.perfcollector <> - format: event config:0-7 mask:0-7
37 [139787148064640] INFO perfrun.perfcollector <> - format: pc config:19 mask:19
37 [139787148064640] INFO perfrun.perfcollector <> - format: edge config:18 mask:18
37 [139787148064640] INFO perfrun.perfcollector <> - format: any config:21 mask:21
37 [139787148064640] INFO perfrun.perfcollector <> - format: offcore_rsp config1:0-63 mask:0-63
37 [139787148064640] INFO perfrun.perfcollector <> - format: ldlat config1:0-15 mask:0-15
37 [139787148064640] INFO perfrun.perfcollector <> - format: inv config:23 mask:23
37 [139787148064640] INFO perfrun.perfcollector <> - format: umask config:8-15 mask:8-15
37 [139787148064640] INFO perfrun.perfcollector <> - format: cmask config:24-31 mask:24-31
37 [139787148064640] INFO perfrun.perfcollector <> - hwInfo : PERF_CPU_PMU_DETAILS
37 [139787148064640] INFO perfrun.perfcollector <> - pmu added : family : cpu , id : 0
37 [139787148064640] INFO perfrun.perfcollector <> - dir found : /sys/bus/event_source/devices/uncore_r3qpi_0
37 [139787148064640] INFO perfrun.perfcollector <> - format: event config:0-7 mask:0-7
37 [139787148064640] INFO perfrun.perfcollector <> - format: edge config:18 mask:18
37 [139787148064640] INFO perfrun.perfcollector <> - format: inv config:23 mask:23
37 [139787148064640] INFO perfrun.perfcollector <> - format: umask config:8-15 mask:8-15
38 [139787148064640] INFO perfrun.perfcollector <> - format: thresh config:24-31 mask:24-31
38 [139787148064640] WARN perfrun.perfcollector <> - pmu hwInfo is not set, at file: vcs/perfrun1/plugins/perfcollector/src/controller.cpp:819
38 [139787148064640] INFO perfrun.perfcollector <> - pmu added : family : uncore_r3qpi , id : 0
38 [139787148064640] INFO perfrun.perfcollector <> - dir found : /sys/bus/event_source/devices/cstate_core
38 [139787148064640] INFO perfrun.perfcollector <> - format: event config:0-63 mask:0-63
38 [139787148064640] WARN perfrun.perfcollector <> - pmu hwInfo is not set, at file: vcs/perfrun1/plugins/perfcollector/src/controller.cpp:819
38 [139787148064640] INFO perfrun.perfcollector <> - pmu added : family : cstate_core , id : 0
38 [139787148064640] INFO perfrun.perfcollector <> - dir found : /sys/bus/event_source/devices/uncore_cbox_2
38 [139787148064640] INFO perfrun.perfcollector <> - format: event config:0-7 mask:0-7
38 [139787148064640] INFO perfrun.perfcollector <> - format: filter_link config1:6-8 mask:6-8
38 [139787148064640] INFO perfrun.perfcollector <> - format: filter_c6 config1:61 mask:61
38 [139787148064640] INFO perfrun.perfcollector <> - format: edge config:18 mask:18
38 [139787148064640] INFO perfrun.perfcollector <> - format: filter_isoc config1:63 mask:63
38 [139787148064640] INFO perfrun.perfcollector <> - format: filter_tid config1:0-5 mask:0-5
38 [139787148064640] INFO perfrun.perfcollector <> - format: filter_nid config1:32-47 mask:32-47
38 [139787148064640] INFO perfrun.perfcollector <> - format: filter_nc config1:62 mask:62
38 [139787148064640] INFO perfrun.perfcollector <> - format: umask config:8-15 mask:8-15
38 [139787148064640] INFO perfrun.perfcollector <> - format: tid_en config:19 mask:19
38 [139787148064640] INFO perfrun.perfcollector <> - format: thresh config:24-31 mask:24-31
38 [139787148064640] INFO perfrun.perfcollector <> - format: filter_state config1:17-23 mask:17-23
38 [139787148064640] INFO perfrun.perfcollector <> - format: filter_opc config1:52-60 mask:52-60
38 [139787148064640] WARN perfrun.perfcollector <> - pmu hwInfo is not set, at file: vcs/perfrun1/plugins/perfcollector/src/controller.cpp:819
38 [139787148064640] INFO perfrun.perfcollector <> - pmu added : family : uncore_cbox , id : 2
38 [139787148064640] INFO perfrun.perfcollector <> - dir found : /sys/bus/event_source/devices/breakpoint
38 [139787148064640] WARN perfrun.perfcollector <> - format subdir doesn't exist, at file: vcs/perfrun1/plugins/perfcollector/src/controller.cpp:725
38 [139787148064640] WARN perfrun.perfcollector <> - pmu hwInfo is not set, at file: vcs/perfrun1/plugins/perfcollector/src/controller.cpp:819
38 [139787148064640] INFO perfrun.perfcollector <> - pmu added : family : breakpoint , id : 0
38 [139787148064640] INFO perfrun.perfcollector <> - dir found : /sys/bus/event_source/devices/uncore_ha_0
38 [139787148064640] INFO perfrun.perfcollector <> - format: event config:0-7 mask:0-7
38 [139787148064640] INFO perfrun.perfcollector <> - format: edge config:18 mask:18
38 [139787148064640] INFO perfrun.perfcollector <> - format: inv config:23 mask:23
38 [139787148064640] INFO perfrun.perfcollector <> - format: umask config:8-15 mask:8-15
38 [139787148064640] INFO perfrun.perfcollector <> - format: thresh config:24-31 mask:24-31
38 [139787148064640] WARN perfrun.perfcollector <> - pmu hwInfo is not set, at file: vcs/perfrun1/plugins/perfcollector/src/controller.cpp:819
38 [139787148064640] INFO perfrun.perfcollector <> - pmu added : family : uncore_ha , id : 0
38 [139787148064640] INFO perfrun.perfcollector <> - dir found : /sys/bus/event_source/devices/uncore_cbox_0
38 [139787148064640] INFO perfrun.perfcollector <> - format: event config:0-7 mask:0-7
38 [139787148064640] INFO perfrun.perfcollector <> - format: filter_link config1:6-8 mask:6-8
38 [139787148064640] INFO perfrun.perfcollector <> - format: filter_c6 config1:61 mask:61
39 [139787148064640] INFO perfrun.perfcollector <> - format: edge config:18 mask:18
39 [139787148064640] INFO perfrun.perfcollector <> - format: filter_isoc config1:63 mask:63
39 [139787148064640] INFO perfrun.perfcollector <> - format: filter_tid config1:0-5 mask:0-5
39 [139787148064640] INFO perfrun.perfcollector <> - format: filter_nid config1:32-47 mask:32-47
39 [139787148064640] INFO perfrun.perfcollector <> - format: filter_nc config1:62 mask:62
39 [139787148064640] INFO perfrun.perfcollector <> - format: umask config:8-15 mask:8-15
39 [139787148064640] INFO perfrun.perfcollector <> - format: tid_en config:19 mask:19
39 [139787148064640] INFO perfrun.perfcollector <> - format: thresh config:24-31 mask:24-31
39 [139787148064640] INFO perfrun.perfcollector <> - format: filter_state config1:17-23 mask:17-23
39 [139787148064640] INFO perfrun.perfcollector <> - format: filter_opc config1:52-60 mask:52-60
39 [139787148064640] WARN perfrun.perfcollector <> - pmu hwInfo is not set, at file: vcs/perfrun1/plugins/perfcollector/src/controller.cpp:819
39 [139787148064640] INFO perfrun.perfcollector <> - pmu added : family : uncore_cbox , id : 0
39 [139787148064640] INFO perfrun.perfcollector <> - dir found : /sys/bus/event_source/devices/tracepoint
39 [139787148064640] WARN perfrun.perfcollector <> - format subdir doesn't exist, at file: vcs/perfrun1/plugins/perfcollector/src/controller.cpp:725
39 [139787148064640] WARN perfrun.perfcollector <> - pmu hwInfo is not set, at file: vcs/perfrun1/plugins/perfcollector/src/controller.cpp:819
39 [139787148064640] INFO perfrun.perfcollector <> - pmu added : family : tracepoint , id : 0
39 [139787148064640] INFO perfrun.perfcollector <> - dir found : /sys/bus/event_source/devices/uncore_sbox_3
39 [139787148064640] INFO perfrun.perfcollector <> - format: event config:0-7 mask:0-7
39 [139787148064640] INFO perfrun.perfcollector <> - format: edge config:18 mask:18
39 [139787148064640] INFO perfrun.perfcollector <> - format: inv config:23 mask:23
39 [139787148064640] INFO perfrun.perfcollector <> - format: umask config:8-15 mask:8-15
39 [139787148064640] INFO perfrun.perfcollector <> - format: tid_en config:19 mask:19
39 [139787148064640] INFO perfrun.perfcollector <> - format: thresh config:24-31 mask:24-31
39 [139787148064640] WARN perfrun.perfcollector <> - pmu hwInfo is not set, at file: vcs/perfrun1/plugins/perfcollector/src/controller.cpp:819
39 [139787148064640] INFO perfrun.perfcollector <> - pmu added : family : uncore_sbox , id : 3
39 [139787148064640] INFO perfrun.perfcollector <> - dir found : /sys/bus/event_source/devices/uncore_cbox_9
39 [139787148064640] INFO perfrun.perfcollector <> - format: event config:0-7 mask:0-7
39 [139787148064640] INFO perfrun.perfcollector <> - format: filter_link config1:6-8 mask:6-8
39 [139787148064640] INFO perfrun.perfcollector <> - format: filter_c6 config1:61 mask:61
39 [139787148064640] INFO perfrun.perfcollector <> - format: edge config:18 mask:18
39 [139787148064640] INFO perfrun.perfcollector <> - format: filter_isoc config1:63 mask:63
39 [139787148064640] INFO perfrun.perfcollector <> - format: filter_tid config1:0-5 mask:0-5
39 [139787148064640] INFO perfrun.perfcollector <> - format: filter_nid config1:32-47 mask:32-47
39 [139787148064640] INFO perfrun.perfcollector <> - format: filter_nc config1:62 mask:62
39 [139787148064640] INFO perfrun.perfcollector <> - format: umask config:8-15 mask:8-15
39 [139787148064640] INFO perfrun.perfcollector <> - format: tid_en config:19 mask:19
39 [139787148064640] INFO perfrun.perfcollector <> - format: thresh config:24-31 mask:24-31
39 [139787148064640] INFO perfrun.perfcollector <> - format: filter_state config1:17-23 mask:17-23
39 [139787148064640] INFO perfrun.perfcollector <> - format: filter_opc config1:52-60 mask:52-60
40 [139787148064640] WARN perfrun.perfcollector <> - pmu hwInfo is not set, at file: vcs/perfrun1/plugins/perfcollector/src/controller.cpp:819
40 [139787148064640] INFO perfrun.perfcollector <> - pmu added : family : uncore_cbox , id : 9
40 [139787148064640] INFO perfrun.perfcollector <> - dir found : /sys/bus/event_source/devices/cstate_pkg
40 [139787148064640] INFO perfrun.perfcollector <> - format: event config:0-63 mask:0-63
40 [139787148064640] WARN perfrun.perfcollector <> - pmu hwInfo is not set, at file: vcs/perfrun1/plugins/perfcollector/src/controller.cpp:819
40 [139787148064640] INFO perfrun.perfcollector <> - pmu added : family : cstate_pkg , id : 0
40 [139787148064640] INFO perfrun.perfcollector <> - dir found : /sys/bus/event_source/devices/uncore_imc_4
40 [139787148064640] INFO perfrun.perfcollector <> - format: event config:0-7 mask:0-7
40 [139787148064640] INFO perfrun.perfcollector <> - format: edge config:18 mask:18
40 [139787148064640] INFO perfrun.perfcollector <> - format: inv config:23 mask:23
40 [139787148064640] INFO perfrun.perfcollector <> - format: umask config:8-15 mask:8-15
40 [139787148064640] INFO perfrun.perfcollector <> - format: thresh config:24-31 mask:24-31
40 [139787148064640] INFO perfrun.perfcollector <> - hwInfo : PERF_IMC_PMU_DETAILS
40 [139787148064640] INFO perfrun.perfcollector <> - pmu added : family : uncore_imc , id : 4
40 [139787148064640] INFO perfrun.perfcollector <> - dir found : /sys/bus/event_source/devices/uncore_ubox
40 [139787148064640] INFO perfrun.perfcollector <> - format: event config:0-7 mask:0-7
40 [139787148064640] INFO perfrun.perfcollector <> - format: edge config:18 mask:18
40 [139787148064640] INFO perfrun.perfcollector <> - format: filter_tid config1:0 mask:0
40 [139787148064640] INFO perfrun.perfcollector <> - format: inv config:23 mask:23
40 [139787148064640] INFO perfrun.perfcollector <> - format: umask config:8-15 mask:8-15
40 [139787148064640] INFO perfrun.perfcollector <> - format: thresh config:24-28 mask:24-28
40 [139787148064640] INFO perfrun.perfcollector <> - format: filter_cid config1:5 mask:5
40 [139787148064640] WARN perfrun.perfcollector <> - pmu hwInfo is not set, at file: vcs/perfrun1/plugins/perfcollector/src/controller.cpp:819
40 [139787148064640] INFO perfrun.perfcollector <> - pmu added : family : uncore_ubox , id : 0
40 [139787148064640] INFO perfrun.perfcollector <> - dir found : /sys/bus/event_source/devices/uncore_sbox_1
40 [139787148064640] INFO perfrun.perfcollector <> - format: event config:0-7 mask:0-7
40 [139787148064640] INFO perfrun.perfcollector <> - format: edge config:18 mask:18
40 [139787148064640] INFO perfrun.perfcollector <> - format: inv config:23 mask:23
40 [139787148064640] INFO perfrun.perfcollector <> - format: umask config:8-15 mask:8-15
40 [139787148064640] INFO perfrun.perfcollector <> - format: tid_en config:19 mask:19
40 [139787148064640] INFO perfrun.perfcollector <> - format: thresh config:24-31 mask:24-31
40 [139787148064640] WARN perfrun.perfcollector <> - pmu hwInfo is not set, at file: vcs/perfrun1/plugins/perfcollector/src/controller.cpp:819
40 [139787148064640] INFO perfrun.perfcollector <> - pmu added : family : uncore_sbox , id : 1
40 [139787148064640] INFO perfrun.perfcollector <> - dir found : /sys/bus/event_source/devices/uncore_cbox_7
40 [139787148064640] INFO perfrun.perfcollector <> - format: event config:0-7 mask:0-7
40 [139787148064640] INFO perfrun.perfcollector <> - format: filter_link config1:6-8 mask:6-8
40 [139787148064640] INFO perfrun.perfcollector <> - format: filter_c6 config1:61 mask:61
41 [139787148064640] INFO perfrun.perfcollector <> - format: edge config:18 mask:18
41 [139787148064640] INFO perfrun.perfcollector <> - format: filter_isoc config1:63 mask:63
41 [139787148064640] INFO perfrun.perfcollector <> - format: filter_tid config1:0-5 mask:0-5
41 [139787148064640] INFO perfrun.perfcollector <> - format: filter_nid config1:32-47 mask:32-47
41 [139787148064640] INFO perfrun.perfcollector <> - format: filter_nc config1:62 mask:62
41 [139787148064640] INFO perfrun.perfcollector <> - format: umask config:8-15 mask:8-15
41 [139787148064640] INFO perfrun.perfcollector <> - format: tid_en config:19 mask:19
41 [139787148064640] INFO perfrun.perfcollector <> - format: thresh config:24-31 mask:24-31
41 [139787148064640] INFO perfrun.perfcollector <> - format: filter_state config1:17-23 mask:17-23
41 [139787148064640] INFO perfrun.perfcollector <> - format: filter_opc config1:52-60 mask:52-60
41 [139787148064640] WARN perfrun.perfcollector <> - pmu hwInfo is not set, at file: vcs/perfrun1/plugins/perfcollector/src/controller.cpp:819
41 [139787148064640] INFO perfrun.perfcollector <> - pmu added : family : uncore_cbox , id : 7
41 [139787148064640] INFO perfrun.perfcollector <> - dir found : /sys/bus/event_source/devices/kprobe
41 [139787148064640] INFO perfrun.perfcollector <> - format: retprobe config:0 mask:0
41 [139787148064640] WARN perfrun.perfcollector <> - pmu hwInfo is not set, at file: vcs/perfrun1/plugins/perfcollector/src/controller.cpp:819
41 [139787148064640] INFO perfrun.perfcollector <> - pmu added : family : kprobe , id : 0
41 [139787148064640] INFO perfrun.perfcollector <> - dir found : /sys/bus/event_source/devices/uncore_cbox_5
41 [139787148064640] INFO perfrun.perfcollector <> - format: event config:0-7 mask:0-7
41 [139787148064640] INFO perfrun.perfcollector <> - format: filter_link config1:6-8 mask:6-8
41 [139787148064640] INFO perfrun.perfcollector <> - format: filter_c6 config1:61 mask:61
41 [139787148064640] INFO perfrun.perfcollector <> - format: edge config:18 mask:18
41 [139787148064640] INFO perfrun.perfcollector <> - format: filter_isoc config1:63 mask:63
41 [139787148064640] INFO perfrun.perfcollector <> - format: filter_tid config1:0-5 mask:0-5
41 [139787148064640] INFO perfrun.perfcollector <> - format: filter_nid config1:32-47 mask:32-47
41 [139787148064640] INFO perfrun.perfcollector <> - format: filter_nc config1:62 mask:62
41 [139787148064640] INFO perfrun.perfcollector <> - format: umask config:8-15 mask:8-15
41 [139787148064640] INFO perfrun.perfcollector <> - format: tid_en config:19 mask:19
41 [139787148064640] INFO perfrun.perfcollector <> - format: thresh config:24-31 mask:24-31
41 [139787148064640] INFO perfrun.perfcollector <> - format: filter_state config1:17-23 mask:17-23
41 [139787148064640] INFO perfrun.perfcollector <> - format: filter_opc config1:52-60 mask:52-60
41 [139787148064640] WARN perfrun.perfcollector <> - pmu hwInfo is not set, at file: vcs/perfrun1/plugins/perfcollector/src/controller.cpp:819
41 [139787148064640] INFO perfrun.perfcollector <> - pmu added : family : uncore_cbox , id : 5
41 [139787148064640] INFO perfrun.perfcollector <> - dir found : /sys/bus/event_source/devices/uncore_imc_0
41 [139787148064640] INFO perfrun.perfcollector <> - format: event config:0-7 mask:0-7
41 [139787148064640] INFO perfrun.perfcollector <> - format: edge config:18 mask:18
41 [139787148064640] INFO perfrun.perfcollector <> - format: inv config:23 mask:23
41 [139787148064640] INFO perfrun.perfcollector <> - format: umask config:8-15 mask:8-15
42 [139787148064640] INFO perfrun.perfcollector <> - format: thresh config:24-31 mask:24-31
42 [139787148064640] INFO perfrun.perfcollector <> - hwInfo : PERF_IMC_PMU_DETAILS
42 [139787148064640] INFO perfrun.perfcollector <> - pmu added : family : uncore_imc , id : 0
42 [139787148064640] INFO perfrun.perfcollector <> - dir found : /sys/bus/event_source/devices/uncore_pcu
42 [139787148064640] INFO perfrun.perfcollector <> - format: filter_band2 config1:16-23 mask:16-23
42 [139787148064640] INFO perfrun.perfcollector <> - format: event config:0-7 mask:0-7
42 [139787148064640] INFO perfrun.perfcollector <> - format: filter_band0 config1:0-7 mask:0-7
42 [139787148064640] INFO perfrun.perfcollector <> - format: edge config:18 mask:18
42 [139787148064640] INFO perfrun.perfcollector <> - format: occ_invert config:30 mask:30
42 [139787148064640] INFO perfrun.perfcollector <> - format: occ_edge config:14-51 mask:14-51
42 [139787148064640] INFO perfrun.perfcollector <> - format: filter_band3 config1:24-31 mask:24-31
42 [139787148064640] INFO perfrun.perfcollector <> - format: filter_band1 config1:8-15 mask:8-15
42 [139787148064640] INFO perfrun.perfcollector <> - format: inv config:23 mask:23
42 [139787148064640] INFO perfrun.perfcollector <> - format: thresh config:24-28 mask:24-28
42 [139787148064640] INFO perfrun.perfcollector <> - format: occ_sel config:14-15 mask:14-15
42 [139787148064640] WARN perfrun.perfcollector <> - pmu hwInfo is not set, at file: vcs/perfrun1/plugins/perfcollector/src/controller.cpp:819
42 [139787148064640] INFO perfrun.perfcollector <> - pmu added : family : uncore_pcu , id : 0
42 [139787148064640] INFO perfrun.perfcollector <> - dir found : /sys/bus/event_source/devices/uncore_r3qpi_1
42 [139787148064640] INFO perfrun.perfcollector <> - format: event config:0-7 mask:0-7
42 [139787148064640] INFO perfrun.perfcollector <> - format: edge config:18 mask:18
42 [139787148064640] INFO perfrun.perfcollector <> - format: inv config:23 mask:23
42 [139787148064640] INFO perfrun.perfcollector <> - format: umask config:8-15 mask:8-15
42 [139787148064640] INFO perfrun.perfcollector <> - format: thresh config:24-31 mask:24-31
42 [139787148064640] WARN perfrun.perfcollector <> - pmu hwInfo is not set, at file: vcs/perfrun1/plugins/perfcollector/src/controller.cpp:819
42 [139787148064640] INFO perfrun.perfcollector <> - pmu added : family : uncore_r3qpi , id : 1
42 [139787148064640] INFO perfrun.perfcollector <> - dir found : /sys/bus/event_source/devices/msr
42 [139787148064640] INFO perfrun.perfcollector <> - format: event config:0-63 mask:0-63
42 [139787148064640] WARN perfrun.perfcollector <> - pmu hwInfo is not set, at file: vcs/perfrun1/plugins/perfcollector/src/controller.cpp:819
42 [139787148064640] INFO perfrun.perfcollector <> - pmu added : family : msr , id : 0
42 [139787148064640] INFO perfrun.perfcollector <> - dir found : /sys/bus/event_source/devices/uncore_cbox_3
42 [139787148064640] INFO perfrun.perfcollector <> - format: event config:0-7 mask:0-7
42 [139787148064640] INFO perfrun.perfcollector <> - format: filter_link config1:6-8 mask:6-8
42 [139787148064640] INFO perfrun.perfcollector <> - format: filter_c6 config1:61 mask:61
42 [139787148064640] INFO perfrun.perfcollector <> - format: edge config:18 mask:18
42 [139787148064640] INFO perfrun.perfcollector <> - format: filter_isoc config1:63 mask:63
42 [139787148064640] INFO perfrun.perfcollector <> - format: filter_tid config1:0-5 mask:0-5
42 [139787148064640] INFO perfrun.perfcollector <> - format: filter_nid config1:32-47 mask:32-47
43 [139787148064640] INFO perfrun.perfcollector <> - format: filter_nc config1:62 mask:62
43 [139787148064640] INFO perfrun.perfcollector <> - format: umask config:8-15 mask:8-15
43 [139787148064640] INFO perfrun.perfcollector <> - format: tid_en config:19 mask:19
43 [139787148064640] INFO perfrun.perfcollector <> - format: thresh config:24-31 mask:24-31
43 [139787148064640] INFO perfrun.perfcollector <> - format: filter_state config1:17-23 mask:17-23
43 [139787148064640] INFO perfrun.perfcollector <> - format: filter_opc config1:52-60 mask:52-60
43 [139787148064640] WARN perfrun.perfcollector <> - pmu hwInfo is not set, at file: vcs/perfrun1/plugins/perfcollector/src/controller.cpp:819
43 [139787148064640] INFO perfrun.perfcollector <> - pmu added : family : uncore_cbox , id : 3
43 [139787148064640] INFO perfrun.perfcollector <> - dir found : /sys/bus/event_source/devices/uncore_ha_1
43 [139787148064640] INFO perfrun.perfcollector <> - format: event config:0-7 mask:0-7
43 [139787148064640] INFO perfrun.perfcollector <> - format: edge config:18 mask:18
43 [139787148064640] INFO perfrun.perfcollector <> - format: inv config:23 mask:23
43 [139787148064640] INFO perfrun.perfcollector <> - format: umask config:8-15 mask:8-15
43 [139787148064640] INFO perfrun.perfcollector <> - format: thresh config:24-31 mask:24-31
43 [139787148064640] WARN perfrun.perfcollector <> - pmu hwInfo is not set, at file: vcs/perfrun1/plugins/perfcollector/src/controller.cpp:819
43 [139787148064640] INFO perfrun.perfcollector <> - pmu added : family : uncore_ha , id : 1
43 [139787148064640] INFO perfrun.perfcollector <> - dir found : /sys/bus/event_source/devices/uncore_cbox_1
43 [139787148064640] INFO perfrun.perfcollector <> - format: event config:0-7 mask:0-7
43 [139787148064640] INFO perfrun.perfcollector <> - format: filter_link config1:6-8 mask:6-8
43 [139787148064640] INFO perfrun.perfcollector <> - format: filter_c6 config1:61 mask:61
43 [139787148064640] INFO perfrun.perfcollector <> - format: edge config:18 mask:18
43 [139787148064640] INFO perfrun.perfcollector <> - format: filter_isoc config1:63 mask:63
43 [139787148064640] INFO perfrun.perfcollector <> - format: filter_tid config1:0-5 mask:0-5
43 [139787148064640] INFO perfrun.perfcollector <> - format: filter_nid config1:32-47 mask:32-47
43 [139787148064640] INFO perfrun.perfcollector <> - format: filter_nc config1:62 mask:62
43 [139787148064640] INFO perfrun.perfcollector <> - format: umask config:8-15 mask:8-15
43 [139787148064640] INFO perfrun.perfcollector <> - format: tid_en config:19 mask:19
43 [139787148064640] INFO perfrun.perfcollector <> - format: thresh config:24-31 mask:24-31
43 [139787148064640] INFO perfrun.perfcollector <> - format: filter_state config1:17-23 mask:17-23
43 [139787148064640] INFO perfrun.perfcollector <> - format: filter_opc config1:52-60 mask:52-60
43 [139787148064640] WARN perfrun.perfcollector <> - pmu hwInfo is not set, at file: vcs/perfrun1/plugins/perfcollector/src/controller.cpp:819
43 [139787148064640] INFO perfrun.perfcollector <> - pmu added : family : uncore_cbox , id : 1
43 [139787148064640] INFO perfrun.launcher <> - plugin perf has been added successfully
43 [139787148064640] INFO perfrun.launcher <> - plugin aoclprofile has been added successfully
44 [139787148064640] INFO perfrun.launcher <> - plugin tpss has been added successfully
44 [139787148064640] INFO perfrun.launcher <> - plugin exprof has been added successfully
44 [139787148064640] INFO perfrun.launcher <> - plugin media has been added successfully
44 [139787148064640] INFO perfrun.launcher <> - plugin ice has been added successfully
44 [139787148064640] INFO perfrun.launcher <> - plugin  has been added successfully
44 [139787148064640] INFO perfrun.launcher <> - plugin  has been added successfully
44 [139787148064640] INFO perfrun.launcher <> - plugin parallelfs has been added successfully
44 [139787148064640] INFO perfrun.launcher <> - plugin power has been added successfully
44 [139787148064640] INFO perfrun.launcher <> - plugin hwloc has been added successfully
44 [139787148064640] INFO perfrun.launcher <> - plugin ipmwatch has been added successfully
44 [139787148064640] INFO perfrun.launcher <> - plugin os_counters has been added successfully
44 [139787148064640] INFO perfrun.launcher <> - the option was added --interval: Specify an interval of data collection (for example, sampling) in milliseconds.
44 [139787148064640] INFO perfrun.launcher <> - the option was added --follow-child: Profile process with or without children.
44 [139787148064640] INFO perfrun.launcher <> - the option was added --gelding: BADMSG: perfrun1.launcher.plugin_manager::gelding
44 [139787148064640] INFO perfrun.launcher <> - the option was added --time-source: Specify time source for measurement. Possible values: sys - wall clock time; tsc - time stamp counter; ext - time from an external source; auto - auto select accurate time source.
44 [139787148064640] INFO perfrun.launcher <> - the option was added --stack: Enable or disable collection of stacks.
44 [139787148064640] INFO perfrun.launcher <> - the option was added --stack-stitching: Enable or disable the stack stitching algorithm for Intel TBB-based applications.
44 [139787148064640] INFO perfrun.launcher <> - the option was added --type: Specify type of data to be collected. For example, --type cpu:counters,waiting:nostack,io.
45 [139787148064640] INFO perfrun.launcher <> - the option was added --mrte-mode: Specify Java/.NET/other managed runtime collection mode. Possible values: native - collect information only for native code; managed - collect information only for managed code; mixed - collect information for both managed and native code; auto - choose the mode based on binary type.
45 [139787148064640] INFO perfrun.launcher <> - the option was added --mrte-mode-list: List supported Java/.NET/other managed runtime collection modes.
45 [139787148064640] INFO perfrun.launcher <> - the option was added --mrte-type: Specify which managed runtimes to collect. Possible values: java - collect information for Java; dotnet - collect information for .NET; python - collect information for CPython. You can specify several values separated by comma.
45 [139787148064640] INFO perfrun.launcher <> - the option was added --mrte-type-list: List supported Java/.NET/other managed runtime types.
45 [139787148064640] INFO perfrun.launcher <> - the option was added --trace-strategy: Specify how to profile a process tree. <string> can be "<process>:trace:notrace" - profile the process but do not profile its children. Shorthand parameters: t - trace, nt - notrace. For example, "vtunedemo.exe:t:t".
45 [139787148064640] INFO perfrun.launcher <> - the option was added --collector: BADMSG: perfrun1.launcher.plugin_manager::collector
45 [139787148064640] INFO perfrun.launcher <> - the option was added --system-wide: Enable system-wide profiling. This mode may require additional permissions.
45 [139787148064640] INFO perfrun.launcher <> - the option was added --kvm-guest: Enable KVM guest OS profiling.
45 [139787148064640] INFO perfrun.launcher <> - the option was added --kvm-guest-kallsyms: Specify a local path to the /proc/kallsyms file copied from the guest OS for proper symbol resolution.
45 [139787148064640] INFO perfrun.launcher <> - the option was added --kvm-guest-modules: Specify a local path to the /proc/modules file copied from the guest OS for proper symbol resolution.
45 [139787148064640] INFO perfrun.launcher <> - the option was added --bandwidth-limits: Measure bandwidth limits
45 [139787148064640] INFO perfrun.launcher <> - the option was added --acrn-map-info: Collect map info for ACRN
45 [139787148064640] INFO perfrun.launcher <> - the option was added --bandwidth-strategy: Bandwidth limits determination specific properties (example: --bandwidth-strategy array-size=0,duration=500).
45 [139787148064640] INFO perfrun.launcher <> - the option was added --bandwidth-config: List of benchmarks to run.
45 [139787148064640] INFO perfrun.launcher <> - the option was added --target-gpu: target-gpu
45 [139787148064640] INFO perfrun.launcher <> - the option was added --dump-vdso: Dump [vdso] to result directory
45 [139787148064640] INFO perfrun.launcher <> - the option was added --system-collector-config: Specify subcollectors. Possible values: all, container, device-info, none. Specify subcollectors. Possible values: all, vdso.
45 [139787148064640] INFO perfrun.launcher <> - the option was added --itt-config: Specify a sub-set of ITT API to collect.
45 [139787148064640] INFO perfrun.launcher <> - the option was added --itt-debug: Set pseudo-breakpoint at ITT API collector's start to enable the debugger to attach early.
45 [139787148064640] INFO perfrun.launcher <> - the option was added --ptrace: Ptrace collector.
45 [139787148064640] INFO perfrun.launcher <> - the option was added --target-pid: BADMSG: perfrun1.ptracecollector::target-pid
45 [139787148064640] INFO perfrun.launcher <> - the option was added --ptrace-server-pid: BADMSG: perfrun1.ptracecollector::ptrace-server-pid
45 [139787148064640] INFO perfrun.launcher <> - the option was added --ptrace-trace: BADMSG: perfrun1.ptracecollector::ptrace-trace
45 [139787148064640] INFO perfrun.launcher <> - the option was added --ptrace-time-source: BADMSG: perfrun1.ptracecollector::ptrace-time-source
45 [139787148064640] INFO perfrun.launcher <> - the option was added --ptrace-start-type: BADMSG: perfrun1.ptracecollector::ptrace-start-type
45 [139787148064640] INFO perfrun.launcher <> - the option was added --gpu-config: Specify types of GPU data to be collected. Possible values: preset1, preset2.
45 [139787148064640] INFO perfrun.launcher <> - the option was added --gpu-debug: Enable self-testing of the GPGPU profiling collector.
45 [139787148064640] INFO perfrun.launcher <> - the option was added --gpu-counting: Collect GPU data in the counting mode.
46 [139787148064640] INFO perfrun.launcher <> - the option was added --emon-preset: Specify a preset for EMON collector. For available presets, run: emon -preset-list.
46 [139787148064640] INFO perfrun.launcher <> - the option was added --emon-csv-trace-format: Use CSV format for EMON trace file.
46 [139787148064640] INFO perfrun.launcher <> - the option was added --emon-machine-readable-ver: Write machine readable EMON version file.
46 [139787148064640] INFO perfrun.launcher <> - the option was added --custom-collector: Allows to provide arbitrary command line to be run on collection steps.
46 [139787148064640] INFO perfrun.launcher <> - the option was added --stdsrc-config: Specify Standard Sources category tag(s).
46 [139787148064640] INFO perfrun.launcher <> - the option was added --ftrace-config-list: List Linux Ftrace category tag(s).
46 [139787148064640] INFO perfrun.launcher <> - the option was added --ftrace-config: Specify Linux Ftrace category tag(s).
46 [139787148064640] INFO perfrun.launcher <> - the option was added --ftrace-function-groups: Enable tracing of specific groups of functions.
46 [139787148064640] INFO perfrun.launcher <> - the option was added --event-info: BADMSG: perfrun1.stdsrc::event-info
46 [139787148064640] INFO perfrun.launcher <> - the option was added --cpu-list: List supported CPUs.
46 [139787148064640] INFO perfrun.launcher <> - the option was added --target-list: List available targets for performing sampling collection.
46 [139787148064640] INFO perfrun.launcher <> - the option was added --event-value-list: Display event information.
46 [139787148064640] INFO perfrun.launcher <> - the option was added --platform-value-list: Display details of supported platforms.
46 [139787148064640] INFO perfrun.launcher <> - the option was added --uncore-event-list: List uncore events for which a sampling data collection can be performed on this platform.
46 [139787148064640] INFO perfrun.launcher <> - the option was added --modifier-list: Specify the event name <string> for which the modifiers list is requested.
46 [139787148064640] INFO perfrun.launcher <> - the option was added --pmu-list: List supported PMUs.
46 [139787148064640] INFO perfrun.launcher <> - the option was added --os-mode-only: Enable sampling data collection for OS-mode processes only.
46 [139787148064640] INFO perfrun.launcher <> - the option was added --user-mode-only: Enable sampling data collection for user-mode processes only.
46 [139787148064640] INFO perfrun.launcher <> - the option was added --event-config: Perform data collection for the events with <string> configured using the format <event name1>":modifier1=val:modifier2=val/constraint1={:modifier3=val:modifier4=val}...,"<event name2>":... Specify the events(s) to monitor and embed the event names within double quotes("). [:modifier=val] specifies individual event modifiers along with the respective values for a given platform. Note that the modifiers can be generic to an event as well as specific to a constraint (or an event qualifier). The constraint specific special modifiers appear after [/constraint=]. The modifiers can be in decimal or hexadecimal format. Only specific modifiers accept the value as a string. Each event specification is delimited by a comma (,). For a list of supported modifiers and constraints, refer to the documentation.
46 [139787148064640] INFO perfrun.launcher <> - the option was added --chipset-event-config: Perform data collection for the chipset events with <string> configured using the format "<event name1>"...,"<event name2>":... Specify the events(s) to monitor and embed the event names within double quotes(").
46 [139787148064640] INFO perfrun.launcher <> - the option was added --uncore-event-config: Perform uncore data collection in ebc count mode for the events with <string> configured using the format "<event name1>"...,"<event name2>":... Specify the events(s) to monitor and embed the event names within double quotes(").
46 [139787148064640] INFO perfrun.launcher <> - the option was added --count-emon: Enable counting mode and output the data in EMON format.
46 [139787148064640] INFO perfrun.launcher <> - the option was added --event-based-counts: Enable event-based counting mode. During sampling data collection, event counts data is collected for the list of events specified in -event-config option.
46 [139787148064640] INFO perfrun.launcher <> - the option was added --event-mux-tfactor: Specify the event multiplexing tfactor as <integer> to set the length of the interval between interrupts. The larger the tfactor value, the larger the period between interrupts. Currently this option is only available on Intel platforms codenamed Knights Corner.
46 [139787148064640] INFO perfrun.launcher <> - the option was added --full-pebs-capture: Capture full pebs information.
46 [139787148064640] INFO perfrun.launcher <> - the option was added --last-branch-records: Capture Last Branch Records information.
46 [139787148064640] INFO perfrun.launcher <> - the option was added --pmu-type: Specify the targeted PMU name as <string>.
46 [139787148064640] INFO perfrun.launcher <> - the option was added --platform-type: Specify the targeted platform number as <number>.
46 [139787148064640] INFO perfrun.launcher <> - the option was added --p-state-trigger: Specify the name of the trigger event for P-state data as <string>. The default trigger is CPU_CLK_UNHALTED.REF_TSC.
47 [139787148064640] INFO perfrun.launcher <> - the option was added --rdt-auto-rmid: Enable automatic Core pinning on RMIDs for RDT monitoring capabilities.
47 [139787148064640] INFO perfrun.launcher <> - the option was added --bts-count: Specify the <integer> number of BTS records collected after each sample or context switch (VTSS++ only).
47 [139787148064640] INFO perfrun.launcher <> - the option was added --cpu-mask: Specify which CPU(s) <string> to collect data on. For example, specify "2-8,10,12-14" to sample only CPUs 2 through 8, 10, and 12 through 14.
47 [139787148064640] INFO perfrun.launcher <> - the option was added --event-mux-alg: Specify the event multiplexing algorithm. Possible values: sequence, timer, trigger.
47 [139787148064640] INFO perfrun.launcher <> - the option was added --event-mux-timeslice: Specify the event multiplexing time slice value as <integer>. The time slice specifies the duration between cycles for each event multiplexing group. The default value is 50 milliseconds. This option is valid only for timer-based event multiplexing. Specify the event multiplexing time slice value as <integer>. The time slice specifies the duration between cycles for each event multiplexing group. The default value is 1 millisecond. This option is valid only for timer-based event multiplexing.
47 [139787148064640] INFO perfrun.launcher <> - the option was added --event-mux-factor: Specify the event multiplexing factor as <integer>. It controls the switching of event multiplexing groups. The default factor is 50. This option is valid only for trigger-based event multiplexing. Specify the event multiplexing factor as <integer>. It controls the switching of event multiplexing groups. The default factor is 1. This option is valid only for trigger-based event multiplexing.
47 [139787148064640] INFO perfrun.launcher <> - the option was added --event-mux-trigger: Specify the name of the trigger event for event multiplexing as <string>. This option is valid only for trigger-based event multiplexing. The default trigger is CPU_CLK_UNHALTED.CORE (or CPU_CLK_UNHALTED.THREAD). BADMSG: perfrun1.vtsspp::event-mux-trigger
47 [139787148064640] INFO perfrun.launcher <> - the option was added --pt-mode: BADMSG: perfrun1.vtsspp::pt-mode
47 [139787148064640] INFO perfrun.launcher <> - the option was added --sample-after-multiplier: Specify the sample after multiplier as <double>. This multiplier modifies the sample after value for all the events specified in -event-config option. The values can range from 0.1 to 100.0. SAV multiplier value
47 [139787148064640] INFO perfrun.launcher <> - the option was added --uncore-sampling-interval: Specify the uncore sampling interval as <integer>. This value set the uncore sampling interval for all the uncore events specified in -event-config option.
47 [139787148064640] INFO perfrun.launcher <> - the option was added --count: Enable counting mode. Enable counting mode
47 [139787148064640] INFO perfrun.launcher <> - the option was added --trace-mpi: Configure collector to trace MPI code.
47 [139787148064640] INFO perfrun.launcher <> - the option was added --aggregated-counting: Enable aggregated counting mode. Enable aggregated-counting mode
47 [139787148064640] INFO perfrun.launcher <> - the option was added --perf-per-cpu: System-wide collection from all CPUs
47 [139787148064640] INFO perfrun.launcher <> - the option was added --raw-perf-config: Specify a verified configuration for the Perf collector in the format: <describer>,<content>. For example: map-events-file,<path_to_map_events_file>.
47 [139787148064640] INFO perfrun.launcher <> - the option was added --sys-config: BADMSG: perfrun1.vtsspp::sys-config Specify types of system data to be collected. Supported value: cswitch - collect context switch information.
47 [139787148064640] INFO perfrun.launcher <> - the option was added --perf-event-config: Specify events for Perf collector in Perf format. For example: perf-event-config=cpu-clock.
47 [139787148064640] INFO perfrun.launcher <> - the option was added --perf-aio: Number of control blocks in asynchronous trace writing mode.
47 [139787148064640] INFO perfrun.launcher <> - the option was added --perf-compression: Specify compression of Perf collector output data. Possible levels: 0 - without compression, 1..3 - best speed, 4..22 - best compression that incurs big overhead.
47 [139787148064640] INFO perfrun.launcher <> - the option was added --perf-mmap-flush: Minimum data size read from the kernel mapped region.
47 [139787148064640] INFO perfrun.launcher <> - the option was added --perf-affinity: Adjust an affinity mask of the Perf thread to a node with an allocated memory trace buffer.
47 [139787148064640] INFO perfrun.launcher <> - the option was added --perf-threads: Setup threading mode for trace writing.
47 [139787148064640] INFO perfrun.launcher <> - the option was added --generate-platform-cmd: Get perf command line for an arbitrary target.
47 [139787148064640] INFO perfrun.launcher <> - the option was added --aocl-profile: Enable profiling and data collection through AOCL profiling tool.
47 [139787148064640] INFO perfrun.launcher <> - the option was added --aocl-source-file: Path to .source file. Find this in the compilation output directory of the FPGA application. Use this option to help attribute performance statistics to the source lines. If unspecified, AOCL profiler will attempt to locate the file in the current directory.
47 [139787148064640] INFO perfrun.launcher <> - the option was added --aocl-binary-aocx-file: Path to .aocx file (OpenCL flow) or host binary (DPC++ flow). If you do not provide this path: 1) For OpenCL flow, AOCL Profiler attempts to locate the file in the working directory. 2) For DPC++ flow, the collector assumes that host binary is used as an application to launch.
48 [139787148064640] INFO perfrun.launcher <> - the option was added --aocl-period: Specifies the number of cycles between readbacks from the device. The default value is 0 and indicates that the profiler should read back data as often as possible.
48 [139787148064640] INFO perfrun.launcher <> - the option was added --aocl-no-temporal: Disables readback during execution and only reads back non-autorun kernels once they finish executing.
48 [139787148064640] INFO perfrun.launcher <> - the option was added --aocl-no-mem-transfers: Disables the recording of memory transfer information.
48 [139787148064640] INFO perfrun.launcher <> - the option was added --stackwalk: Specify stack unwinding method. Possible values: online - unwind stacks during collection; offline - unwind stacks after collection is finished. Specify stack unwinding method. Possible value: lbr - unwind stacks during collection. Specify stack unwinding method. Possible values: online - unwind stacks during collection; offline - unwind stacks after collection is finished; lbr - enable LBR-based call stack collection. Specify stack unwinding method. Possible values: online - unwind stacks during collection; offline - unwind stacks after collection is finished. Specify stack unwinding method. Possible values: online - unwind stacks during collection; offline - unwind stacks after collection is finished.
48 [139787148064640] INFO perfrun.launcher <> - the option was added --filter-include: Filter data during collection. Possible values: contended=<on|off> - filter out uncontended events; contended_nostack=<time> - filter out stacks for contended events that take less than <time> microseconds; wait=<time> - ignore transitions and blocks with wait time less than <time> microseconds; wait_nostack=<time> - filter out stacks for waits that take less than <time> microseconds.
48 [139787148064640] INFO perfrun.launcher <> - the option was added --debug-pin: Debug PIN tool and runtime.
48 [139787148064640] INFO perfrun.launcher <> - the option was added --debug-exception: Disallow the application to set own abnormal termination handler.
48 [139787148064640] INFO perfrun.launcher <> - the option was added --trace-type: Specify the trace file granularity. Possible values: per-thread - per-thread trace file generation; per-process - per-process trace file generation.
48 [139787148064640] INFO perfrun.launcher <> - the option was added --instrumentation-type: Specify type of instrumentation.
48 [139787148064640] INFO perfrun.launcher <> - the option was added --altstack: Enable or disable usage of altstacks for profiling signal handlers.
48 [139787148064640] INFO perfrun.launcher <> - the option was added --profiling-signal: BADMSG: perfrun1.ptracecollector::profiling-signal Alternate profiling signal.
48 [139787148064640] INFO perfrun.launcher <> - the option was added --memory-strategy: Specify a minimal memory object size to be traced and a hash table size for faster objects search; for example: --memory-strategy obj-size-min=1024,hash-table-size=4096.
48 [139787148064640] INFO perfrun.launcher <> - the option was added --gpu-profiling-type: Specify a type of deep GPU profiling: none, bblatency, memlatency, instcount.
48 [139787148064640] INFO perfrun.launcher <> - the option was added --opencl-trace-mode: Specify OpenCL kernel tracing modes: 'default' to trace OpenCL kernels for Intel Graphics Driver only; 'epoch' for any non-Intel graphics, where OpenCL kernels will be traced and OpenCL profiling API timestamps will be interpreted as Unux Epoch time in nanoseconds; 'completion' to trace OpenCL kernels for any Graphics Driver and bind OpenCL profiling API timestamps to the timestamp of OpenCL completion callback.
48 [139787148064640] INFO perfrun.launcher <> - the option was added --gpu-kernels-to-profile: Specify a comma-separated list of GPU kernel names and invocations to be profiled in the following format: kernel_name[#start_idx#step#stop_idx], where kernel_name is the name of GPU kernel; start_idx is the number of the first invocation; and stop_idx is the number of the last invocation to be profiled.
48 [139787148064640] INFO perfrun.launcher <> - the option was added --exprof-com-list: List available COM ports.
48 [139787148064640] INFO perfrun.launcher <> - the option was added --exprof-dvc-list: List available DvC IDs.
48 [139787148064640] INFO perfrun.launcher <> - the option was added --exprof-trace-channel: BADMSG: perfrun1.exprof::exprof-trace-channel
48 [139787148064640] INFO perfrun.launcher <> - the option was added --exprof-event-config: Specify ExactProfiling Event Classes.
48 [139787148064640] INFO perfrun.launcher <> - the option was added --ice-pmons-list: BADMSG: perfrun1.ice::ice-pmons-list
48 [139787148064640] INFO perfrun.launcher <> - the option was added --ice-pmons-config: BADMSG: perfrun1.ice::ice-pmons-config
48 [139787148064640] INFO perfrun.launcher <> - the option was added --ice-sw-trace: Collect software traces of the Intel Neural Network Processor (NNP-I) and analyze software context of inference progress.
48 [139787148064640] INFO perfrun.launcher <> - the option was added --ice-sample-after-value: BADMSG: perfrun1.ice::ice-sample-after-value
48 [139787148064640] INFO perfrun.launcher <> - the option was added --ice-frequency: BADMSG: perfrun1.ice::ice-frequency
48 [139787148064640] INFO perfrun.launcher <> - the option was added --parallel-fs-config: Specify parallel fs counters to collect.
48 [139787148064640] INFO perfrun.launcher <> - the option was added --pwr-config: BADMSG: perfrun1.vtsspp::pwr-config Specify power metrics configuration.
49 [139787148064640] INFO perfrun.launcher <> - the option was added --pwr-sampling-interval: Specify Intel SoC Watch sampling interval.
49 [139787148064640] INFO perfrun.launcher <> - the option was added --collect-topology: Collect topology info with hwloc.
49 [139787148064640] INFO perfrun.launcher <> - the option was added --persistent-mem-metrics: Collect Persistent Memory performance counters.
49 [139787148064640] INFO perfrun.launcher <> - the option was added --os-counters: Collect OS counters
51 [139787148064640] INFO perfrun.launcher <> - create msngr2::ICliToolContext
51 [139787148064640] INFO perfrun.launcher <> - create file finder object
51 [139787148064640] INFO perfrun.launcher <> - create a result directory: pattern = /home/users/emlazuta/parallel-qlearning/results_batch_vtune_100x100/run_par_sguided_mhogwild_t20_obs25pct pid = 4294967295
55 [139787148064640] INFO perfrun.sdk <> - checked that the directory /home/users/emlazuta/parallel-qlearning/results_batch_vtune_100x100/run_par_sguided_mhogwild_t20_obs25pct is a local directory
55 [139787148064640] INFO perfrun.sdk <> - the directory /home/users/emlazuta/parallel-qlearning/results_batch_vtune_100x100/run_par_sguided_mhogwild_t20_obs25pct is located on a share or its FS ID is unknown 26985
55 [139787148064640] INFO perfrun.sdk <> - checked that the directory /tmp/amplxe-tmp-emlazuta is a local directory
55 [139787148064640] INFO perfrun.sdk <> - the directory /tmp/amplxe-tmp-emlazuta is a local directory with FS type ID 61267
56 [139787148064640] INFO perfrun.launcher <> - Create a local result directory /tmp/amplxe-tmp-emlazuta/amplxe-res-3470536-13069685640945859 due to the user result path /home/users/emlazuta/parallel-qlearning/results_batch_vtune_100x100/run_par_sguided_mhogwild_t20_obs25pct is located on a share
56 [139787148064640] INFO perfrun.launcher <> - create data directory = /tmp/amplxe-tmp-emlazuta/amplxe-res-3470536-13069685640945859/data.0
56 [139787148064640] INFO perfrun.launcher <> - create data directory = /home/users/emlazuta/parallel-qlearning/results_batch_vtune_100x100/run_par_sguided_mhogwild_t20_obs25pct/data.0
59 [139787148064640] INFO perfrun.launcher <> - Creating the master collection flag
63 [139787148064640] INFO perfrun.launcher <> - Done creating the master collection flag
67 [139786991953600] INFO perfrun.launcher <> - plugin [remoteplug] was disabled because it doesn't support the given collection type.
67 [139786991953600] INFO perfrun.system <> - online nodes : 0-1
67 [139786991953600] INFO perfrun.system <> - nodes with cpus : 0-1
67 [139786991953600] INFO perfrun.system <> - nodes with memory : 0-1
71 [139786991953600] INFO perfrun.sdk <> - Allocating TMU :/tmp/amplxe-tmp-emlazuta/amplxe-res-3470536-13069685640945859/data.0/systemcollector-3470536-hype5.sc
71 [139786991953600] INFO perfrun.launcher <> - plugin [itt] was disabled because it doesn't support the given collection type.
71 [139786991953600] INFO perfrun.launcher <> - plugin [ptracecollector] was disabled because it doesn't support the given collection type.
71 [139786991953600] INFO perfrun.launcher <> - plugin [gpu] was disabled because it doesn't support the given collection type.
71 [139786991953600] INFO perfrun.launcher <> - plugin [] was disabled because it doesn't support the given collection type.
71 [139786991953600] INFO perfrun.launcher <> - plugin [] was disabled because it doesn't support the given collection type.
71 [139786991953600] INFO perfrun.launcher <> - plugin [] was disabled because it doesn't support the given collection type.
71 [139786991953600] INFO perfrun.mrte <> - system-wide mode is 0
71 [139786991953600] INFO perfrun.mrte <> - Getting  mrte profiling environment ...
97 [139786991953600] INFO perfrun.mrte <> - INTEL_MRTE_DATA_DIR=/tmp/amplxe-tmp-emlazuta/amplxe-res-3470536-13069685640945859/data.0
97 [139786991953600] INFO perfrun.mrte <> - INTEL_MRTE_HOST_NAME=hype5
97 [139786991953600] INFO perfrun.mrte <> - JAVA_TOOL_OPTIONS=-agentlib:amplxe_samplingmrte_javaprof_1.0 -Dsun.boot.library.path=/home/intel/oneapi/vtune/2021.1.1/lib32/runtime:/home/intel/oneapi/vtune/2021.1.1/lib64/runtime
97 [139786991953600] INFO perfrun.mrte <> - CORECLR_ENABLE_PROFILING=1
97 [139786991953600] INFO perfrun.mrte <> - CORECLR_PROFILER={AA5E4821-E3B1-479c-B7FF-5AD047D22CED}
97 [139786991953600] INFO perfrun.mrte <> - CORECLR_PROFILER_PATH=/home/intel/oneapi/vtune/2021.1.1/lib64/libamplxe_samplingmrte_clrprof_1.0.so
97 [139786991953600] INFO perfrun.mrte <> - INTEL_MRTE_PROFILER_MODE=mixed
97 [139786991953600] INFO perfrun.mrte <> - Data directory: /tmp/amplxe-tmp-emlazuta/amplxe-res-3470536-13069685640945859/data.0
97 [139786991953600] INFO perfrun.mrte <> - Mrte plugin is initialized
97 [139786991953600] INFO perfrun.launcher <> - plugin [emon] was disabled because it doesn't support the given collection type.
97 [139786991953600] INFO perfrun.launcher <> - plugin [cuscol] was disabled because it doesn't support the given collection type.
97 [139786991953600] INFO perfrun.launcher <> - plugin [stdsrc] was disabled because it doesn't support the given collection type.
97 [139786991953600] INFO perfrun.launcher <> - plugin [sep] was disabled because it doesn't support the given collection type.
97 [139786991953600] INFO perfrun.launcher <> - plugin [vtsspp] was disabled because it doesn't support the given collection type.
97 [139786991953600] INFO perfrun.sdk <> - runCmd: "/home/intel/oneapi/vtune/2021.1.1/bin64/sep" -dry-run -sam 1 -ec "CPU_CLK_UNHALTED.THREAD:sa=2300000,CPU_CLK_UNHALTED.REF_TSC:sample:sa=2300000,INST_RETIRED.ANY:sample:sa=2300000,CPU_CLK_UNHALTED.REF_XCLK:sa=100003,CPU_CLK_UNHALTED.ONE_THREAD_ACTIVE:sa=100003,UOPS_RETIRED.RETIRE_SLOTS:sample:sa=2000003,CYCLE_ACTIVITY.CYCLES_NO_EXECUTE:sa=2000003,CYCLE_ACTIVITY.STALLS_L1D_PENDING:sa=2000003,CYCLE_ACTIVITY.STALLS_LDM_PENDING:sa=2000003,CYCLE_ACTIVITY.STALLS_L2_PENDING:sa=2000003,IDQ_UOPS_NOT_DELIVERED.CORE:sa=2000003,INT_MISC.RECOVERY_CYCLES:sa=2000003,MEM_LOAD_UOPS_RETIRED.L3_HIT_PS:sa=50003,MEM_LOAD_UOPS_RETIRED.L3_MISS_PS:sa=50003,OFFCORE_REQUESTS_OUTSTANDING.CYCLES_WITH_DATA_RD:sa=2000003,OFFCORE_REQUESTS_OUTSTANDING.ALL_DATA_RD:cmask=6:sa=2000003,RESOURCE_STALLS.SB:sa=2000003,RS_EVENTS.EMPTY_CYCLES:sa=2000003,UOPS_EXECUTED.CORE:cmask=1:sa=2000003,UOPS_EXECUTED.CORE:cmask=2:sa=2000003,UOPS_EXECUTED.CORE:cmask=3:sa=2000003,UOPS_ISSUED.ANY:sa=2000003,UOPS_RETIRED.RETIRE_SLOTS:sa=2000003,IDQ_UOPS_NOT_DELIVERED.CYCLES_0_UOPS_DELIV.CORE:sa=2000003,MEM_UOPS_RETIRED.ALL_LOADS_PS:sa=100003,MEM_UOPS_RETIRED.ALL_STORES_PS:sa=100003,MEM_LOAD_UOPS_L3_MISS_RETIRED.LOCAL_DRAM_PS:sa=100003,MEM_LOAD_UOPS_L3_MISS_RETIRED.REMOTE_DRAM_PS:sa=100003,MEM_LOAD_UOPS_L3_MISS_RETIRED.REMOTE_HITM_PS:sa=100003,MEM_LOAD_UOPS_L3_MISS_RETIRED.REMOTE_FWD_PS:sa=100003,UNC_M_CAS_COUNT.RD,UNC_M_CAS_COUNT.WR" -experimental
122 [139786991953600] INFO perfrun.perfcollector <> - SepDryRun RC = true
122 [139786991953600] INFO perfrun.perfcollector <> - DRY_RUN : "Duplicate Event Discarded: UOPS_RETIRED.RETIRE_SLOTS"
122 [139786991953600] INFO perfrun.perfcollector <> - DRY_RUN : "PMU type: Core (core)"
126 [139786991953600] INFO perfrun.perfcollector <> - pmu type : cpu
126 [139786991953600] INFO perfrun.perfcollector <> - DRY_RUN : "Group 0:"
126 [139786991953600] INFO perfrun.perfcollector <> - id : 0
126 [139786991953600] INFO perfrun.perfcollector <> - DRY_RUN : "INST_RETIRED.ANY: event id 2"
126 [139786991953600] INFO perfrun.perfcollector <> - eventName : INST_RETIRED.ANY , eventId : 2
126 [139786991953600] INFO perfrun.perfcollector <> - DRY_RUN : "CPU_CLK_UNHALTED.THREAD: event id 0"
126 [139786991953600] INFO perfrun.perfcollector <> - eventName : CPU_CLK_UNHALTED.THREAD , eventId : 0
126 [139786991953600] INFO perfrun.perfcollector <> - DRY_RUN : "CPU_CLK_UNHALTED.REF_TSC: event id 1"
126 [139786991953600] INFO perfrun.perfcollector <> - eventName : CPU_CLK_UNHALTED.REF_TSC , eventId : 1
126 [139786991953600] INFO perfrun.perfcollector <> - DRY_RUN : "CPU_CLK_UNHALTED.REF_XCLK: event id 4"
126 [139786991953600] INFO perfrun.perfcollector <> - eventName : CPU_CLK_UNHALTED.REF_XCLK , eventId : 4
126 [139786991953600] INFO perfrun.perfcollector <> - DRY_RUN : "CPU_CLK_UNHALTED.ONE_THREAD_ACTIVE: event id 5"
126 [139786991953600] INFO perfrun.perfcollector <> - eventName : CPU_CLK_UNHALTED.ONE_THREAD_ACTIVE , eventId : 5
126 [139786991953600] INFO perfrun.perfcollector <> - DRY_RUN : "CYCLE_ACTIVITY.STALLS_L1D_PENDING: event id 3"
126 [139786991953600] INFO perfrun.perfcollector <> - eventName : CYCLE_ACTIVITY.STALLS_L1D_PENDING , eventId : 3
126 [139786991953600] INFO perfrun.perfcollector <> - DRY_RUN : "UOPS_RETIRED.RETIRE_SLOTS: event id 6"
126 [139786991953600] INFO perfrun.perfcollector <> - eventName : UOPS_RETIRED.RETIRE_SLOTS , eventId : 6
126 [139786991953600] INFO perfrun.perfcollector <> - DRY_RUN : "CCCR"
126 [139786991953600] INFO perfrun.perfcollector <> - DRY_RUN : "reg_type       = 1	event_id       = g	reg_id         = 38f	reg_value      = 70000000f"
126 [139786991953600] INFO perfrun.perfcollector <> - eventId : g , ignored
126 [139786991953600] INFO perfrun.perfcollector <> - DRY_RUN : "reg_type       = 1	event_id       = g	reg_id         = 390	reg_value      = 70000000f"
126 [139786991953600] INFO perfrun.perfcollector <> - eventId : g , ignored
126 [139786991953600] INFO perfrun.perfcollector <> - DRY_RUN : "reg_type       = 1	event_id       = g	reg_id         = 3f1	reg_value      = 0"
126 [139786991953600] INFO perfrun.perfcollector <> - eventId : g , ignored
126 [139786991953600] INFO perfrun.perfcollector <> - DRY_RUN : "reg_type       = 1	event_id       = g	reg_id         = 1d9	reg_value      = 1800"
126 [139786991953600] INFO perfrun.perfcollector <> - eventId : g , ignored
126 [139786991953600] INFO perfrun.perfcollector <> - DRY_RUN : "reg_type       = 1	event_id       = g	reg_id         = 38d	reg_value      = bbb"
126 [139786991953600] INFO perfrun.perfcollector <> - eventId : g , ignored
126 [139786991953600] INFO perfrun.perfcollector <> - DRY_RUN : "reg_type       = 1	event_id       = 4	reg_id         = 186	reg_value      = 53013c"
126 [139786991953600] INFO perfrun.perfcollector <> - eventId : 4 , cccrAddr : 186 , cccrVal : 53013c
126 [139786991953600] INFO perfrun.perfcollector <> - DRY_RUN : "reg_type       = 1	event_id       = 5	reg_id         = 187	reg_value      = 53023c"
126 [139786991953600] INFO perfrun.perfcollector <> - eventId : 5 , cccrAddr : 187 , cccrVal : 53023c
126 [139786991953600] INFO perfrun.perfcollector <> - DRY_RUN : "reg_type       = 1	event_id       = 3	reg_id         = 188	reg_value      = c530ca3"
126 [139786991953600] INFO perfrun.perfcollector <> - eventId : 3 , cccrAddr : 188 , cccrVal : c530ca3
126 [139786991953600] INFO perfrun.perfcollector <> - DRY_RUN : "reg_type       = 1	event_id       = 6	reg_id         = 189	reg_value      = 5302c2"
126 [139786991953600] INFO perfrun.perfcollector <> - eventId : 6 , cccrAddr : 189 , cccrVal : 5302c2
126 [139786991953600] INFO perfrun.perfcollector <> - DRY_RUN : "ESCR"
126 [139786991953600] INFO perfrun.perfcollector <> - DRY_RUN : "reg_type       = 2	event_id       = g	reg_id         = 1c8	reg_value      = 0"
126 [139786991953600] INFO perfrun.perfcollector <> - eventId : g , ignored
126 [139786991953600] INFO perfrun.perfcollector <> - DRY_RUN : "DATA"
126 [139786991953600] INFO perfrun.perfcollector <> - DRY_RUN : "reg_type       = 4	event_id       = 2	reg_id         = 309	reg_value      = ffffffdce7a0"
126 [139786991953600] INFO perfrun.perfcollector <> - eventId : 2 , dataAddr : 309 , dataVal : ffffffdce7a0
126 [139786991953600] INFO perfrun.perfcollector <> - DRY_RUN : "reg_type       = 4	event_id       = 0	reg_id         = 30a	reg_value      = ffffffdce7a0"
126 [139786991953600] INFO perfrun.perfcollector <> - eventId : 0 , dataAddr : 30a , dataVal : ffffffdce7a0
126 [139786991953600] INFO perfrun.perfcollector <> - DRY_RUN : "reg_type       = 4	event_id       = 1	reg_id         = 30b	reg_value      = ffffffdce7a0"
126 [139786991953600] INFO perfrun.perfcollector <> - eventId : 1 , dataAddr : 30b , dataVal : ffffffdce7a0
126 [139786991953600] INFO perfrun.perfcollector <> - DRY_RUN : "reg_type       = 4	event_id       = 4	reg_id         = c1	reg_value      = fffffffe795d"
126 [139786991953600] INFO perfrun.perfcollector <> - eventId : 4 , dataAddr : c1 , dataVal : fffffffe795d
126 [139786991953600] INFO perfrun.perfcollector <> - DRY_RUN : "reg_type       = 4	event_id       = 5	reg_id         = c2	reg_value      = fffffffe795d"
126 [139786991953600] INFO perfrun.perfcollector <> - eventId : 5 , dataAddr : c2 , dataVal : fffffffe795d
126 [139786991953600] INFO perfrun.perfcollector <> - DRY_RUN : "reg_type       = 4	event_id       = 3	reg_id         = c3	reg_value      = ffffffe17b7d"
126 [139786991953600] INFO perfrun.perfcollector <> - eventId : 3 , dataAddr : c3 , dataVal : ffffffe17b7d
126 [139786991953600] INFO perfrun.perfcollector <> - DRY_RUN : "reg_type       = 4	event_id       = 6	reg_id         = c4	reg_value      = ffffffe17b7d"
126 [139786991953600] INFO perfrun.perfcollector <> - eventId : 6 , dataAddr : c4 , dataVal : ffffffe17b7d
126 [139786991953600] INFO perfrun.perfcollector <> - DRY_RUN : "Group 1:"
126 [139786991953600] INFO perfrun.perfcollector <> - id : 1
126 [139786991953600] INFO perfrun.perfcollector <> - DRY_RUN : "INST_RETIRED.ANY: event id 2"
126 [139786991953600] INFO perfrun.perfcollector <> - eventName : INST_RETIRED.ANY , eventId : 2
126 [139786991953600] INFO perfrun.perfcollector <> - DRY_RUN : "CPU_CLK_UNHALTED.THREAD: event id 0"
126 [139786991953600] INFO perfrun.perfcollector <> - eventName : CPU_CLK_UNHALTED.THREAD , eventId : 0
126 [139786991953600] INFO perfrun.perfcollector <> - DRY_RUN : "CPU_CLK_UNHALTED.REF_TSC: event id 1"
126 [139786991953600] INFO perfrun.perfcollector <> - eventName : CPU_CLK_UNHALTED.REF_TSC , eventId : 1
126 [139786991953600] INFO perfrun.perfcollector <> - DRY_RUN : "CYCLE_ACTIVITY.CYCLES_NO_EXECUTE: event id 7"
126 [139786991953600] INFO perfrun.perfcollector <> - eventName : CYCLE_ACTIVITY.CYCLES_NO_EXECUTE , eventId : 7
126 [139786991953600] INFO perfrun.perfcollector <> - DRY_RUN : "CYCLE_ACTIVITY.STALLS_LDM_PENDING: event id 8"
126 [139786991953600] INFO perfrun.perfcollector <> - eventName : CYCLE_ACTIVITY.STALLS_LDM_PENDING , eventId : 8
126 [139786991953600] INFO perfrun.perfcollector <> - DRY_RUN : "CYCLE_ACTIVITY.STALLS_L2_PENDING: event id 9"
126 [139786991953600] INFO perfrun.perfcollector <> - eventName : CYCLE_ACTIVITY.STALLS_L2_PENDING , eventId : 9
126 [139786991953600] INFO perfrun.perfcollector <> - DRY_RUN : "IDQ_UOPS_NOT_DELIVERED.CORE: event id 10"
126 [139786991953600] INFO perfrun.perfcollector <> - eventName : IDQ_UOPS_NOT_DELIVERED.CORE , eventId : 10
126 [139786991953600] INFO perfrun.perfcollector <> - DRY_RUN : "CCCR"
126 [139786991953600] INFO perfrun.perfcollector <> - DRY_RUN : "reg_type       = 1	event_id       = g	reg_id         = 38f	reg_value      = 70000000f"
126 [139786991953600] INFO perfrun.perfcollector <> - eventId : g , ignored
126 [139786991953600] INFO perfrun.perfcollector <> - DRY_RUN : "reg_type       = 1	event_id       = g	reg_id         = 390	reg_value      = 70000000f"
126 [139786991953600] INFO perfrun.perfcollector <> - eventId : g , ignored
126 [139786991953600] INFO perfrun.perfcollector <> - DRY_RUN : "reg_type       = 1	event_id       = g	reg_id         = 3f1	reg_value      = 0"
126 [139786991953600] INFO perfrun.perfcollector <> - eventId : g , ignored
126 [139786991953600] INFO perfrun.perfcollector <> - DRY_RUN : "reg_type       = 1	event_id       = g	reg_id         = 1d9	reg_value      = 1800"
126 [139786991953600] INFO perfrun.perfcollector <> - eventId : g , ignored
126 [139786991953600] INFO perfrun.perfcollector <> - DRY_RUN : "reg_type       = 1	event_id       = g	reg_id         = 38d	reg_value      = bbb"
126 [139786991953600] INFO perfrun.perfcollector <> - eventId : g , ignored
126 [139786991953600] INFO perfrun.perfcollector <> - DRY_RUN : "reg_type       = 1	event_id       = 7	reg_id         = 186	reg_value      = 45304a3"
126 [139786991953600] INFO perfrun.perfcollector <> - eventId : 7 , cccrAddr : 186 , cccrVal : 45304a3
126 [139786991953600] INFO perfrun.perfcollector <> - DRY_RUN : "reg_type       = 1	event_id       = 8	reg_id         = 187	reg_value      = 65306a3"
126 [139786991953600] INFO perfrun.perfcollector <> - eventId : 8 , cccrAddr : 187 , cccrVal : 65306a3
126 [139786991953600] INFO perfrun.perfcollector <> - DRY_RUN : "reg_type       = 1	event_id       = 9	reg_id         = 188	reg_value      = 55305a3"
126 [139786991953600] INFO perfrun.perfcollector <> - eventId : 9 , cccrAddr : 188 , cccrVal : 55305a3
126 [139786991953600] INFO perfrun.perfcollector <> - DRY_RUN : "reg_type       = 1	event_id       = 10	reg_id         = 189	reg_value      = 53019c"
126 [139786991953600] INFO perfrun.perfcollector <> - eventId : 10 , cccrAddr : 189 , cccrVal : 53019c
126 [139786991953600] INFO perfrun.perfcollector <> - DRY_RUN : "ESCR"
126 [139786991953600] INFO perfrun.perfcollector <> - DRY_RUN : "reg_type       = 2	event_id       = g	reg_id         = 1c8	reg_value      = 0"
126 [139786991953600] INFO perfrun.perfcollector <> - eventId : g , ignored
126 [139786991953600] INFO perfrun.perfcollector <> - DRY_RUN : "DATA"
126 [139786991953600] INFO perfrun.perfcollector <> - DRY_RUN : "reg_type       = 4	event_id       = 2	reg_id         = 309	reg_value      = ffffffdce7a0"
126 [139786991953600] INFO perfrun.perfcollector <> - eventId : 2 , dataAddr : 309 , dataVal : ffffffdce7a0
126 [139786991953600] INFO perfrun.perfcollector <> - DRY_RUN : "reg_type       = 4	event_id       = 0	reg_id         = 30a	reg_value      = ffffffdce7a0"
126 [139786991953600] INFO perfrun.perfcollector <> - eventId : 0 , dataAddr : 30a , dataVal : ffffffdce7a0
126 [139786991953600] INFO perfrun.perfcollector <> - DRY_RUN : "reg_type       = 4	event_id       = 1	reg_id         = 30b	reg_value      = ffffffdce7a0"
126 [139786991953600] INFO perfrun.perfcollector <> - eventId : 1 , dataAddr : 30b , dataVal : ffffffdce7a0
126 [139786991953600] INFO perfrun.perfcollector <> - DRY_RUN : "reg_type       = 4	event_id       = 7	reg_id         = c1	reg_value      = ffffffe17b7d"
126 [139786991953600] INFO perfrun.perfcollector <> - eventId : 7 , dataAddr : c1 , dataVal : ffffffe17b7d
126 [139786991953600] INFO perfrun.perfcollector <> - DRY_RUN : "reg_type       = 4	event_id       = 8	reg_id         = c2	reg_value      = ffffffe17b7d"
126 [139786991953600] INFO perfrun.perfcollector <> - eventId : 8 , dataAddr : c2 , dataVal : ffffffe17b7d
126 [139786991953600] INFO perfrun.perfcollector <> - DRY_RUN : "reg_type       = 4	event_id       = 9	reg_id         = c3	reg_value      = ffffffe17b7d"
126 [139786991953600] INFO perfrun.perfcollector <> - eventId : 9 , dataAddr : c3 , dataVal : ffffffe17b7d
126 [139786991953600] INFO perfrun.perfcollector <> - DRY_RUN : "reg_type       = 4	event_id       = 10	reg_id         = c4	reg_value      = ffffffe17b7d"
126 [139786991953600] INFO perfrun.perfcollector <> - eventId : 10 , dataAddr : c4 , dataVal : ffffffe17b7d
126 [139786991953600] INFO perfrun.perfcollector <> - DRY_RUN : "Group 2:"
126 [139786991953600] INFO perfrun.perfcollector <> - id : 2
126 [139786991953600] INFO perfrun.perfcollector <> - DRY_RUN : "INST_RETIRED.ANY: event id 2"
126 [139786991953600] INFO perfrun.perfcollector <> - eventName : INST_RETIRED.ANY , eventId : 2
126 [139786991953600] INFO perfrun.perfcollector <> - DRY_RUN : "CPU_CLK_UNHALTED.THREAD: event id 0"
126 [139786991953600] INFO perfrun.perfcollector <> - eventName : CPU_CLK_UNHALTED.THREAD , eventId : 0
126 [139786991953600] INFO perfrun.perfcollector <> - DRY_RUN : "CPU_CLK_UNHALTED.REF_TSC: event id 1"
126 [139786991953600] INFO perfrun.perfcollector <> - eventName : CPU_CLK_UNHALTED.REF_TSC , eventId : 1
126 [139786991953600] INFO perfrun.perfcollector <> - DRY_RUN : "INT_MISC.RECOVERY_CYCLES: event id 11"
126 [139786991953600] INFO perfrun.perfcollector <> - eventName : INT_MISC.RECOVERY_CYCLES , eventId : 11
126 [139786991953600] INFO perfrun.perfcollector <> - DRY_RUN : "MEM_LOAD_UOPS_RETIRED.L3_HIT_PS: event id 12"
126 [139786991953600] INFO perfrun.perfcollector <> - eventName : MEM_LOAD_UOPS_RETIRED.L3_HIT_PS , eventId : 12
126 [139786991953600] INFO perfrun.perfcollector <> - DRY_RUN : "MEM_LOAD_UOPS_RETIRED.L3_MISS_PS: event id 13"
126 [139786991953600] INFO perfrun.perfcollector <> - eventName : MEM_LOAD_UOPS_RETIRED.L3_MISS_PS , eventId : 13
126 [139786991953600] INFO perfrun.perfcollector <> - DRY_RUN : "OFFCORE_REQUESTS_OUTSTANDING.CYCLES_WITH_DATA_RD: event id 14"
126 [139786991953600] INFO perfrun.perfcollector <> - eventName : OFFCORE_REQUESTS_OUTSTANDING.CYCLES_WITH_DATA_RD , eventId : 14
126 [139786991953600] INFO perfrun.perfcollector <> - DRY_RUN : "CCCR"
126 [139786991953600] INFO perfrun.perfcollector <> - DRY_RUN : "reg_type       = 1	event_id       = g	reg_id         = 38f	reg_value      = 70000000f"
126 [139786991953600] INFO perfrun.perfcollector <> - eventId : g , ignored
126 [139786991953600] INFO perfrun.perfcollector <> - DRY_RUN : "reg_type       = 1	event_id       = g	reg_id         = 390	reg_value      = 70000000f"
126 [139786991953600] INFO perfrun.perfcollector <> - eventId : g , ignored
126 [139786991953600] INFO perfrun.perfcollector <> - DRY_RUN : "reg_type       = 1	event_id       = g	reg_id         = 3f1	reg_value      = 600000006"
126 [139786991953600] INFO perfrun.perfcollector <> - eventId : g , ignored
126 [139786991953600] INFO perfrun.perfcollector <> - DRY_RUN : "reg_type       = 1	event_id       = g	reg_id         = 1d9	reg_value      = 1800"
126 [139786991953600] INFO perfrun.perfcollector <> - eventId : g , ignored
126 [139786991953600] INFO perfrun.perfcollector <> - DRY_RUN : "reg_type       = 1	event_id       = g	reg_id         = 38d	reg_value      = bbb"
126 [139786991953600] INFO perfrun.perfcollector <> - eventId : g , ignored
126 [139786991953600] INFO perfrun.perfcollector <> - DRY_RUN : "reg_type       = 1	event_id       = 11	reg_id         = 186	reg_value      = 153030d"
126 [139786991953600] INFO perfrun.perfcollector <> - eventId : 11 , cccrAddr : 186 , cccrVal : 153030d
126 [139786991953600] INFO perfrun.perfcollector <> - DRY_RUN : "reg_type       = 1	event_id       = 12	reg_id         = 187	reg_value      = 4304d1"
126 [139786991953600] INFO perfrun.perfcollector <> - eventId : 12 , cccrAddr : 187 , cccrVal : 4304d1
126 [139786991953600] INFO perfrun.perfcollector <> - DRY_RUN : "reg_type       = 1	event_id       = 13	reg_id         = 188	reg_value      = 4320d1"
126 [139786991953600] INFO perfrun.perfcollector <> - eventId : 13 , cccrAddr : 188 , cccrVal : 4320d1
126 [139786991953600] INFO perfrun.perfcollector <> - DRY_RUN : "reg_type       = 1	event_id       = 14	reg_id         = 189	reg_value      = 1530860"
126 [139786991953600] INFO perfrun.perfcollector <> - eventId : 14 , cccrAddr : 189 , cccrVal : 1530860
126 [139786991953600] INFO perfrun.perfcollector <> - DRY_RUN : "ESCR"
126 [139786991953600] INFO perfrun.perfcollector <> - DRY_RUN : "reg_type       = 2	event_id       = g	reg_id         = 1c8	reg_value      = 0"
126 [139786991953600] INFO perfrun.perfcollector <> - eventId : g , ignored
126 [139786991953600] INFO perfrun.perfcollector <> - DRY_RUN : "DATA"
126 [139786991953600] INFO perfrun.perfcollector <> - DRY_RUN : "reg_type       = 4	event_id       = 2	reg_id         = 309	reg_value      = ffffffdce7a0"
126 [139786991953600] INFO perfrun.perfcollector <> - eventId : 2 , dataAddr : 309 , dataVal : ffffffdce7a0
126 [139786991953600] INFO perfrun.perfcollector <> - DRY_RUN : "reg_type       = 4	event_id       = 0	reg_id         = 30a	reg_value      = ffffffdce7a0"
126 [139786991953600] INFO perfrun.perfcollector <> - eventId : 0 , dataAddr : 30a , dataVal : ffffffdce7a0
126 [139786991953600] INFO perfrun.perfcollector <> - DRY_RUN : "reg_type       = 4	event_id       = 1	reg_id         = 30b	reg_value      = ffffffdce7a0"
127 [139786991953600] INFO perfrun.perfcollector <> - eventId : 1 , dataAddr : 30b , dataVal : ffffffdce7a0
127 [139786991953600] INFO perfrun.perfcollector <> - DRY_RUN : "reg_type       = 4	event_id       = 11	reg_id         = c1	reg_value      = ffffffe17b7d"
127 [139786991953600] INFO perfrun.perfcollector <> - eventId : 11 , dataAddr : c1 , dataVal : ffffffe17b7d
127 [139786991953600] INFO perfrun.perfcollector <> - DRY_RUN : "reg_type       = 4	event_id       = 12	reg_id         = c2	reg_value      = ffffffff3cad"
127 [139786991953600] INFO perfrun.perfcollector <> - eventId : 12 , dataAddr : c2 , dataVal : ffffffff3cad
127 [139786991953600] INFO perfrun.perfcollector <> - DRY_RUN : "reg_type       = 4	event_id       = 13	reg_id         = c3	reg_value      = ffffffff3cad"
127 [139786991953600] INFO perfrun.perfcollector <> - eventId : 13 , dataAddr : c3 , dataVal : ffffffff3cad
127 [139786991953600] INFO perfrun.perfcollector <> - DRY_RUN : "reg_type       = 4	event_id       = 14	reg_id         = c4	reg_value      = ffffffe17b7d"
127 [139786991953600] INFO perfrun.perfcollector <> - eventId : 14 , dataAddr : c4 , dataVal : ffffffe17b7d
127 [139786991953600] INFO perfrun.perfcollector <> - DRY_RUN : "Group 3:"
127 [139786991953600] INFO perfrun.perfcollector <> - id : 3
127 [139786991953600] INFO perfrun.perfcollector <> - DRY_RUN : "INST_RETIRED.ANY: event id 2"
127 [139786991953600] INFO perfrun.perfcollector <> - eventName : INST_RETIRED.ANY , eventId : 2
127 [139786991953600] INFO perfrun.perfcollector <> - DRY_RUN : "CPU_CLK_UNHALTED.THREAD: event id 0"
127 [139786991953600] INFO perfrun.perfcollector <> - eventName : CPU_CLK_UNHALTED.THREAD , eventId : 0
127 [139786991953600] INFO perfrun.perfcollector <> - DRY_RUN : "CPU_CLK_UNHALTED.REF_TSC: event id 1"
127 [139786991953600] INFO perfrun.perfcollector <> - eventName : CPU_CLK_UNHALTED.REF_TSC , eventId : 1
127 [139786991953600] INFO perfrun.perfcollector <> - DRY_RUN : "OFFCORE_REQUESTS_OUTSTANDING.ALL_DATA_RD:cmask=6: event id 15"
127 [139786991953600] INFO perfrun.perfcollector <> - eventName : OFFCORE_REQUESTS_OUTSTANDING.ALL_DATA_RD:cmask=6 , eventId : 15
127 [139786991953600] INFO perfrun.perfcollector <> - DRY_RUN : "RESOURCE_STALLS.SB: event id 16"
127 [139786991953600] INFO perfrun.perfcollector <> - eventName : RESOURCE_STALLS.SB , eventId : 16
127 [139786991953600] INFO perfrun.perfcollector <> - DRY_RUN : "RS_EVENTS.EMPTY_CYCLES: event id 17"
127 [139786991953600] INFO perfrun.perfcollector <> - eventName : RS_EVENTS.EMPTY_CYCLES , eventId : 17
127 [139786991953600] INFO perfrun.perfcollector <> - DRY_RUN : "UOPS_EXECUTED.CORE:cmask=1: event id 18"
127 [139786991953600] INFO perfrun.perfcollector <> - eventName : UOPS_EXECUTED.CORE:cmask=1 , eventId : 18
127 [139786991953600] INFO perfrun.perfcollector <> - DRY_RUN : "CCCR"
127 [139786991953600] INFO perfrun.perfcollector <> - DRY_RUN : "reg_type       = 1	event_id       = g	reg_id         = 38f	reg_value      = 70000000f"
127 [139786991953600] INFO perfrun.perfcollector <> - eventId : g , ignored
127 [139786991953600] INFO perfrun.perfcollector <> - DRY_RUN : "reg_type       = 1	event_id       = g	reg_id         = 390	reg_value      = 70000000f"
127 [139786991953600] INFO perfrun.perfcollector <> - eventId : g , ignored
127 [139786991953600] INFO perfrun.perfcollector <> - DRY_RUN : "reg_type       = 1	event_id       = g	reg_id         = 3f1	reg_value      = 0"
127 [139786991953600] INFO perfrun.perfcollector <> - eventId : g , ignored
127 [139786991953600] INFO perfrun.perfcollector <> - DRY_RUN : "reg_type       = 1	event_id       = g	reg_id         = 1d9	reg_value      = 1800"
127 [139786991953600] INFO perfrun.perfcollector <> - eventId : g , ignored
127 [139786991953600] INFO perfrun.perfcollector <> - DRY_RUN : "reg_type       = 1	event_id       = g	reg_id         = 38d	reg_value      = bbb"
127 [139786991953600] INFO perfrun.perfcollector <> - eventId : g , ignored
127 [139786991953600] INFO perfrun.perfcollector <> - DRY_RUN : "reg_type       = 1	event_id       = 15	reg_id         = 186	reg_value      = 6530860"
127 [139786991953600] INFO perfrun.perfcollector <> - eventId : 15 , cccrAddr : 186 , cccrVal : 6530860
127 [139786991953600] INFO perfrun.perfcollector <> - DRY_RUN : "reg_type       = 1	event_id       = 16	reg_id         = 187	reg_value      = 5308a2"
127 [139786991953600] INFO perfrun.perfcollector <> - eventId : 16 , cccrAddr : 187 , cccrVal : 5308a2
127 [139786991953600] INFO perfrun.perfcollector <> - DRY_RUN : "reg_type       = 1	event_id       = 17	reg_id         = 188	reg_value      = 53015e"
127 [139786991953600] INFO perfrun.perfcollector <> - eventId : 17 , cccrAddr : 188 , cccrVal : 53015e
127 [139786991953600] INFO perfrun.perfcollector <> - DRY_RUN : "reg_type       = 1	event_id       = 18	reg_id         = 189	reg_value      = 15302b1"
127 [139786991953600] INFO perfrun.perfcollector <> - eventId : 18 , cccrAddr : 189 , cccrVal : 15302b1
127 [139786991953600] INFO perfrun.perfcollector <> - DRY_RUN : "ESCR"
127 [139786991953600] INFO perfrun.perfcollector <> - DRY_RUN : "reg_type       = 2	event_id       = g	reg_id         = 1c8	reg_value      = 0"
127 [139786991953600] INFO perfrun.perfcollector <> - eventId : g , ignored
127 [139786991953600] INFO perfrun.perfcollector <> - DRY_RUN : "DATA"
127 [139786991953600] INFO perfrun.perfcollector <> - DRY_RUN : "reg_type       = 4	event_id       = 2	reg_id         = 309	reg_value      = ffffffdce7a0"
127 [139786991953600] INFO perfrun.perfcollector <> - eventId : 2 , dataAddr : 309 , dataVal : ffffffdce7a0
127 [139786991953600] INFO perfrun.perfcollector <> - DRY_RUN : "reg_type       = 4	event_id       = 0	reg_id         = 30a	reg_value      = ffffffdce7a0"
127 [139786991953600] INFO perfrun.perfcollector <> - eventId : 0 , dataAddr : 30a , dataVal : ffffffdce7a0
127 [139786991953600] INFO perfrun.perfcollector <> - DRY_RUN : "reg_type       = 4	event_id       = 1	reg_id         = 30b	reg_value      = ffffffdce7a0"
127 [139786991953600] INFO perfrun.perfcollector <> - eventId : 1 , dataAddr : 30b , dataVal : ffffffdce7a0
127 [139786991953600] INFO perfrun.perfcollector <> - DRY_RUN : "reg_type       = 4	event_id       = 15	reg_id         = c1	reg_value      = ffffffe17b7d"
127 [139786991953600] INFO perfrun.perfcollector <> - eventId : 15 , dataAddr : c1 , dataVal : ffffffe17b7d
127 [139786991953600] INFO perfrun.perfcollector <> - DRY_RUN : "reg_type       = 4	event_id       = 16	reg_id         = c2	reg_value      = ffffffe17b7d"
127 [139786991953600] INFO perfrun.perfcollector <> - eventId : 16 , dataAddr : c2 , dataVal : ffffffe17b7d
127 [139786991953600] INFO perfrun.perfcollector <> - DRY_RUN : "reg_type       = 4	event_id       = 17	reg_id         = c3	reg_value      = ffffffe17b7d"
127 [139786991953600] INFO perfrun.perfcollector <> - eventId : 17 , dataAddr : c3 , dataVal : ffffffe17b7d
127 [139786991953600] INFO perfrun.perfcollector <> - DRY_RUN : "reg_type       = 4	event_id       = 18	reg_id         = c4	reg_value      = ffffffe17b7d"
127 [139786991953600] INFO perfrun.perfcollector <> - eventId : 18 , dataAddr : c4 , dataVal : ffffffe17b7d
127 [139786991953600] INFO perfrun.perfcollector <> - DRY_RUN : "Group 4:"
127 [139786991953600] INFO perfrun.perfcollector <> - id : 4
127 [139786991953600] INFO perfrun.perfcollector <> - DRY_RUN : "INST_RETIRED.ANY: event id 2"
127 [139786991953600] INFO perfrun.perfcollector <> - eventName : INST_RETIRED.ANY , eventId : 2
127 [139786991953600] INFO perfrun.perfcollector <> - DRY_RUN : "CPU_CLK_UNHALTED.THREAD: event id 0"
127 [139786991953600] INFO perfrun.perfcollector <> - eventName : CPU_CLK_UNHALTED.THREAD , eventId : 0
127 [139786991953600] INFO perfrun.perfcollector <> - DRY_RUN : "CPU_CLK_UNHALTED.REF_TSC: event id 1"
127 [139786991953600] INFO perfrun.perfcollector <> - eventName : CPU_CLK_UNHALTED.REF_TSC , eventId : 1
127 [139786991953600] INFO perfrun.perfcollector <> - DRY_RUN : "UOPS_EXECUTED.CORE:cmask=2: event id 19"
127 [139786991953600] INFO perfrun.perfcollector <> - eventName : UOPS_EXECUTED.CORE:cmask=2 , eventId : 19
127 [139786991953600] INFO perfrun.perfcollector <> - DRY_RUN : "UOPS_EXECUTED.CORE:cmask=3: event id 20"
127 [139786991953600] INFO perfrun.perfcollector <> - eventName : UOPS_EXECUTED.CORE:cmask=3 , eventId : 20
127 [139786991953600] INFO perfrun.perfcollector <> - DRY_RUN : "UOPS_ISSUED.ANY: event id 21"
127 [139786991953600] INFO perfrun.perfcollector <> - eventName : UOPS_ISSUED.ANY , eventId : 21
127 [139786991953600] INFO perfrun.perfcollector <> - DRY_RUN : "IDQ_UOPS_NOT_DELIVERED.CYCLES_0_UOPS_DELIV.CORE: event id 22"
127 [139786991953600] INFO perfrun.perfcollector <> - eventName : IDQ_UOPS_NOT_DELIVERED.CYCLES_0_UOPS_DELIV.CORE , eventId : 22
127 [139786991953600] INFO perfrun.perfcollector <> - DRY_RUN : "CCCR"
127 [139786991953600] INFO perfrun.perfcollector <> - DRY_RUN : "reg_type       = 1	event_id       = g	reg_id         = 38f	reg_value      = 70000000f"
127 [139786991953600] INFO perfrun.perfcollector <> - eventId : g , ignored
127 [139786991953600] INFO perfrun.perfcollector <> - DRY_RUN : "reg_type       = 1	event_id       = g	reg_id         = 390	reg_value      = 70000000f"
127 [139786991953600] INFO perfrun.perfcollector <> - eventId : g , ignored
127 [139786991953600] INFO perfrun.perfcollector <> - DRY_RUN : "reg_type       = 1	event_id       = g	reg_id         = 3f1	reg_value      = 0"
127 [139786991953600] INFO perfrun.perfcollector <> - eventId : g , ignored
127 [139786991953600] INFO perfrun.perfcollector <> - DRY_RUN : "reg_type       = 1	event_id       = g	reg_id         = 1d9	reg_value      = 1800"
127 [139786991953600] INFO perfrun.perfcollector <> - eventId : g , ignored
127 [139786991953600] INFO perfrun.perfcollector <> - DRY_RUN : "reg_type       = 1	event_id       = g	reg_id         = 38d	reg_value      = bbb"
127 [139786991953600] INFO perfrun.perfcollector <> - eventId : g , ignored
127 [139786991953600] INFO perfrun.perfcollector <> - DRY_RUN : "reg_type       = 1	event_id       = 19	reg_id         = 186	reg_value      = 25302b1"
127 [139786991953600] INFO perfrun.perfcollector <> - eventId : 19 , cccrAddr : 186 , cccrVal : 25302b1
127 [139786991953600] INFO perfrun.perfcollector <> - DRY_RUN : "reg_type       = 1	event_id       = 20	reg_id         = 187	reg_value      = 35302b1"
127 [139786991953600] INFO perfrun.perfcollector <> - eventId : 20 , cccrAddr : 187 , cccrVal : 35302b1
127 [139786991953600] INFO perfrun.perfcollector <> - DRY_RUN : "reg_type       = 1	event_id       = 21	reg_id         = 188	reg_value      = 53010e"
127 [139786991953600] INFO perfrun.perfcollector <> - eventId : 21 , cccrAddr : 188 , cccrVal : 53010e
127 [139786991953600] INFO perfrun.perfcollector <> - DRY_RUN : "reg_type       = 1	event_id       = 22	reg_id         = 189	reg_value      = 453019c"
127 [139786991953600] INFO perfrun.perfcollector <> - eventId : 22 , cccrAddr : 189 , cccrVal : 453019c
127 [139786991953600] INFO perfrun.perfcollector <> - DRY_RUN : "ESCR"
127 [139786991953600] INFO perfrun.perfcollector <> - DRY_RUN : "reg_type       = 2	event_id       = g	reg_id         = 1c8	reg_value      = 0"
127 [139786991953600] INFO perfrun.perfcollector <> - eventId : g , ignored
127 [139786991953600] INFO perfrun.perfcollector <> - DRY_RUN : "DATA"
127 [139786991953600] INFO perfrun.perfcollector <> - DRY_RUN : "reg_type       = 4	event_id       = 2	reg_id         = 309	reg_value      = ffffffdce7a0"
127 [139786991953600] INFO perfrun.perfcollector <> - eventId : 2 , dataAddr : 309 , dataVal : ffffffdce7a0
127 [139786991953600] INFO perfrun.perfcollector <> - DRY_RUN : "reg_type       = 4	event_id       = 0	reg_id         = 30a	reg_value      = ffffffdce7a0"
127 [139786991953600] INFO perfrun.perfcollector <> - eventId : 0 , dataAddr : 30a , dataVal : ffffffdce7a0
127 [139786991953600] INFO perfrun.perfcollector <> - DRY_RUN : "reg_type       = 4	event_id       = 1	reg_id         = 30b	reg_value      = ffffffdce7a0"
127 [139786991953600] INFO perfrun.perfcollector <> - eventId : 1 , dataAddr : 30b , dataVal : ffffffdce7a0
127 [139786991953600] INFO perfrun.perfcollector <> - DRY_RUN : "reg_type       = 4	event_id       = 19	reg_id         = c1	reg_value      = ffffffe17b7d"
127 [139786991953600] INFO perfrun.perfcollector <> - eventId : 19 , dataAddr : c1 , dataVal : ffffffe17b7d
127 [139786991953600] INFO perfrun.perfcollector <> - DRY_RUN : "reg_type       = 4	event_id       = 20	reg_id         = c2	reg_value      = ffffffe17b7d"
127 [139786991953600] INFO perfrun.perfcollector <> - eventId : 20 , dataAddr : c2 , dataVal : ffffffe17b7d
127 [139786991953600] INFO perfrun.perfcollector <> - DRY_RUN : "reg_type       = 4	event_id       = 21	reg_id         = c3	reg_value      = ffffffe17b7d"
127 [139786991953600] INFO perfrun.perfcollector <> - eventId : 21 , dataAddr : c3 , dataVal : ffffffe17b7d
127 [139786991953600] INFO perfrun.perfcollector <> - DRY_RUN : "reg_type       = 4	event_id       = 22	reg_id         = c4	reg_value      = ffffffe17b7d"
127 [139786991953600] INFO perfrun.perfcollector <> - eventId : 22 , dataAddr : c4 , dataVal : ffffffe17b7d
127 [139786991953600] INFO perfrun.perfcollector <> - DRY_RUN : "Group 5:"
127 [139786991953600] INFO perfrun.perfcollector <> - id : 5
127 [139786991953600] INFO perfrun.perfcollector <> - DRY_RUN : "INST_RETIRED.ANY: event id 2"
127 [139786991953600] INFO perfrun.perfcollector <> - eventName : INST_RETIRED.ANY , eventId : 2
127 [139786991953600] INFO perfrun.perfcollector <> - DRY_RUN : "CPU_CLK_UNHALTED.THREAD: event id 0"
127 [139786991953600] INFO perfrun.perfcollector <> - eventName : CPU_CLK_UNHALTED.THREAD , eventId : 0
127 [139786991953600] INFO perfrun.perfcollector <> - DRY_RUN : "CPU_CLK_UNHALTED.REF_TSC: event id 1"
127 [139786991953600] INFO perfrun.perfcollector <> - eventName : CPU_CLK_UNHALTED.REF_TSC , eventId : 1
127 [139786991953600] INFO perfrun.perfcollector <> - DRY_RUN : "MEM_UOPS_RETIRED.ALL_LOADS_PS: event id 23"
127 [139786991953600] INFO perfrun.perfcollector <> - eventName : MEM_UOPS_RETIRED.ALL_LOADS_PS , eventId : 23
127 [139786991953600] INFO perfrun.perfcollector <> - DRY_RUN : "MEM_UOPS_RETIRED.ALL_STORES_PS: event id 24"
127 [139786991953600] INFO perfrun.perfcollector <> - eventName : MEM_UOPS_RETIRED.ALL_STORES_PS , eventId : 24
127 [139786991953600] INFO perfrun.perfcollector <> - DRY_RUN : "MEM_LOAD_UOPS_L3_MISS_RETIRED.LOCAL_DRAM_PS: event id 25"
127 [139786991953600] INFO perfrun.perfcollector <> - eventName : MEM_LOAD_UOPS_L3_MISS_RETIRED.LOCAL_DRAM_PS , eventId : 25
127 [139786991953600] INFO perfrun.perfcollector <> - DRY_RUN : "MEM_LOAD_UOPS_L3_MISS_RETIRED.REMOTE_DRAM_PS: event id 26"
127 [139786991953600] INFO perfrun.perfcollector <> - eventName : MEM_LOAD_UOPS_L3_MISS_RETIRED.REMOTE_DRAM_PS , eventId : 26
127 [139786991953600] INFO perfrun.perfcollector <> - DRY_RUN : "CCCR"
127 [139786991953600] INFO perfrun.perfcollector <> - DRY_RUN : "reg_type       = 1	event_id       = g	reg_id         = 38f	reg_value      = 70000000f"
127 [139786991953600] INFO perfrun.perfcollector <> - eventId : g , ignored
127 [139786991953600] INFO perfrun.perfcollector <> - DRY_RUN : "reg_type       = 1	event_id       = g	reg_id         = 390	reg_value      = 70000000f"
127 [139786991953600] INFO perfrun.perfcollector <> - eventId : g , ignored
127 [139786991953600] INFO perfrun.perfcollector <> - DRY_RUN : "reg_type       = 1	event_id       = g	reg_id         = 3f1	reg_value      = f0000000f"
127 [139786991953600] INFO perfrun.perfcollector <> - eventId : g , ignored
127 [139786991953600] INFO perfrun.perfcollector <> - DRY_RUN : "reg_type       = 1	event_id       = g	reg_id         = 1d9	reg_value      = 1800"
127 [139786991953600] INFO perfrun.perfcollector <> - eventId : g , ignored
127 [139786991953600] INFO perfrun.perfcollector <> - DRY_RUN : "reg_type       = 1	event_id       = g	reg_id         = 38d	reg_value      = bbb"
127 [139786991953600] INFO perfrun.perfcollector <> - eventId : g , ignored
127 [139786991953600] INFO perfrun.perfcollector <> - DRY_RUN : "reg_type       = 1	event_id       = 23	reg_id         = 186	reg_value      = 4381d0"
127 [139786991953600] INFO perfrun.perfcollector <> - eventId : 23 , cccrAddr : 186 , cccrVal : 4381d0
127 [139786991953600] INFO perfrun.perfcollector <> - DRY_RUN : "reg_type       = 1	event_id       = 24	reg_id         = 187	reg_value      = 4382d0"
127 [139786991953600] INFO perfrun.perfcollector <> - eventId : 24 , cccrAddr : 187 , cccrVal : 4382d0
127 [139786991953600] INFO perfrun.perfcollector <> - DRY_RUN : "reg_type       = 1	event_id       = 25	reg_id         = 188	reg_value      = 4301d3"
127 [139786991953600] INFO perfrun.perfcollector <> - eventId : 25 , cccrAddr : 188 , cccrVal : 4301d3
127 [139786991953600] INFO perfrun.perfcollector <> - DRY_RUN : "reg_type       = 1	event_id       = 26	reg_id         = 189	reg_value      = 4304d3"
127 [139786991953600] INFO perfrun.perfcollector <> - eventId : 26 , cccrAddr : 189 , cccrVal : 4304d3
127 [139786991953600] INFO perfrun.perfcollector <> - DRY_RUN : "ESCR"
127 [139786991953600] INFO perfrun.perfcollector <> - DRY_RUN : "reg_type       = 2	event_id       = g	reg_id         = 1c8	reg_value      = 0"
127 [139786991953600] INFO perfrun.perfcollector <> - eventId : g , ignored
127 [139786991953600] INFO perfrun.perfcollector <> - DRY_RUN : "DATA"
127 [139786991953600] INFO perfrun.perfcollector <> - DRY_RUN : "reg_type       = 4	event_id       = 2	reg_id         = 309	reg_value      = ffffffdce7a0"
127 [139786991953600] INFO perfrun.perfcollector <> - eventId : 2 , dataAddr : 309 , dataVal : ffffffdce7a0
127 [139786991953600] INFO perfrun.perfcollector <> - DRY_RUN : "reg_type       = 4	event_id       = 0	reg_id         = 30a	reg_value      = ffffffdce7a0"
127 [139786991953600] INFO perfrun.perfcollector <> - eventId : 0 , dataAddr : 30a , dataVal : ffffffdce7a0
127 [139786991953600] INFO perfrun.perfcollector <> - DRY_RUN : "reg_type       = 4	event_id       = 1	reg_id         = 30b	reg_value      = ffffffdce7a0"
127 [139786991953600] INFO perfrun.perfcollector <> - eventId : 1 , dataAddr : 30b , dataVal : ffffffdce7a0
127 [139786991953600] INFO perfrun.perfcollector <> - DRY_RUN : "reg_type       = 4	event_id       = 23	reg_id         = c1	reg_value      = fffffffe795d"
127 [139786991953600] INFO perfrun.perfcollector <> - eventId : 23 , dataAddr : c1 , dataVal : fffffffe795d
127 [139786991953600] INFO perfrun.perfcollector <> - DRY_RUN : "reg_type       = 4	event_id       = 24	reg_id         = c2	reg_value      = fffffffe795d"
127 [139786991953600] INFO perfrun.perfcollector <> - eventId : 24 , dataAddr : c2 , dataVal : fffffffe795d
127 [139786991953600] INFO perfrun.perfcollector <> - DRY_RUN : "reg_type       = 4	event_id       = 25	reg_id         = c3	reg_value      = fffffffe795d"
127 [139786991953600] INFO perfrun.perfcollector <> - eventId : 25 , dataAddr : c3 , dataVal : fffffffe795d
127 [139786991953600] INFO perfrun.perfcollector <> - DRY_RUN : "reg_type       = 4	event_id       = 26	reg_id         = c4	reg_value      = fffffffe795d"
127 [139786991953600] INFO perfrun.perfcollector <> - eventId : 26 , dataAddr : c4 , dataVal : fffffffe795d
127 [139786991953600] INFO perfrun.perfcollector <> - DRY_RUN : "Group 6:"
127 [139786991953600] INFO perfrun.perfcollector <> - id : 6
127 [139786991953600] INFO perfrun.perfcollector <> - DRY_RUN : "INST_RETIRED.ANY: event id 2"
127 [139786991953600] INFO perfrun.perfcollector <> - eventName : INST_RETIRED.ANY , eventId : 2
127 [139786991953600] INFO perfrun.perfcollector <> - DRY_RUN : "CPU_CLK_UNHALTED.THREAD: event id 0"
127 [139786991953600] INFO perfrun.perfcollector <> - eventName : CPU_CLK_UNHALTED.THREAD , eventId : 0
127 [139786991953600] INFO perfrun.perfcollector <> - DRY_RUN : "CPU_CLK_UNHALTED.REF_TSC: event id 1"
127 [139786991953600] INFO perfrun.perfcollector <> - eventName : CPU_CLK_UNHALTED.REF_TSC , eventId : 1
127 [139786991953600] INFO perfrun.perfcollector <> - DRY_RUN : "MEM_LOAD_UOPS_L3_MISS_RETIRED.REMOTE_HITM_PS: event id 27"
127 [139786991953600] INFO perfrun.perfcollector <> - eventName : MEM_LOAD_UOPS_L3_MISS_RETIRED.REMOTE_HITM_PS , eventId : 27
127 [139786991953600] INFO perfrun.perfcollector <> - DRY_RUN : "MEM_LOAD_UOPS_L3_MISS_RETIRED.REMOTE_FWD_PS: event id 28"
127 [139786991953600] INFO perfrun.perfcollector <> - eventName : MEM_LOAD_UOPS_L3_MISS_RETIRED.REMOTE_FWD_PS , eventId : 28
127 [139786991953600] INFO perfrun.perfcollector <> - DRY_RUN : "CCCR"
127 [139786991953600] INFO perfrun.perfcollector <> - DRY_RUN : "reg_type       = 1	event_id       = g	reg_id         = 38f	reg_value      = 700000003"
127 [139786991953600] INFO perfrun.perfcollector <> - eventId : g , ignored
127 [139786991953600] INFO perfrun.perfcollector <> - DRY_RUN : "reg_type       = 1	event_id       = g	reg_id         = 390	reg_value      = 700000003"
127 [139786991953600] INFO perfrun.perfcollector <> - eventId : g , ignored
127 [139786991953600] INFO perfrun.perfcollector <> - DRY_RUN : "reg_type       = 1	event_id       = g	reg_id         = 3f1	reg_value      = 300000003"
127 [139786991953600] INFO perfrun.perfcollector <> - eventId : g , ignored
127 [139786991953600] INFO perfrun.perfcollector <> - DRY_RUN : "reg_type       = 1	event_id       = g	reg_id         = 1d9	reg_value      = 1800"
127 [139786991953600] INFO perfrun.perfcollector <> - eventId : g , ignored
127 [139786991953600] INFO perfrun.perfcollector <> - DRY_RUN : "reg_type       = 1	event_id       = g	reg_id         = 38d	reg_value      = bbb"
127 [139786991953600] INFO perfrun.perfcollector <> - eventId : g , ignored
127 [139786991953600] INFO perfrun.perfcollector <> - DRY_RUN : "reg_type       = 1	event_id       = 27	reg_id         = 186	reg_value      = 4310d3"
127 [139786991953600] INFO perfrun.perfcollector <> - eventId : 27 , cccrAddr : 186 , cccrVal : 4310d3
127 [139786991953600] INFO perfrun.perfcollector <> - DRY_RUN : "reg_type       = 1	event_id       = 28	reg_id         = 187	reg_value      = 4320d3"
127 [139786991953600] INFO perfrun.perfcollector <> - eventId : 28 , cccrAddr : 187 , cccrVal : 4320d3
127 [139786991953600] INFO perfrun.perfcollector <> - DRY_RUN : "ESCR"
127 [139786991953600] INFO perfrun.perfcollector <> - DRY_RUN : "reg_type       = 2	event_id       = g	reg_id         = 1c8	reg_value      = 0"
127 [139786991953600] INFO perfrun.perfcollector <> - eventId : g , ignored
127 [139786991953600] INFO perfrun.perfcollector <> - DRY_RUN : "DATA"
127 [139786991953600] INFO perfrun.perfcollector <> - DRY_RUN : "reg_type       = 4	event_id       = 2	reg_id         = 309	reg_value      = ffffffdce7a0"
127 [139786991953600] INFO perfrun.perfcollector <> - eventId : 2 , dataAddr : 309 , dataVal : ffffffdce7a0
127 [139786991953600] INFO perfrun.perfcollector <> - DRY_RUN : "reg_type       = 4	event_id       = 0	reg_id         = 30a	reg_value      = ffffffdce7a0"
127 [139786991953600] INFO perfrun.perfcollector <> - eventId : 0 , dataAddr : 30a , dataVal : ffffffdce7a0
127 [139786991953600] INFO perfrun.perfcollector <> - DRY_RUN : "reg_type       = 4	event_id       = 1	reg_id         = 30b	reg_value      = ffffffdce7a0"
127 [139786991953600] INFO perfrun.perfcollector <> - eventId : 1 , dataAddr : 30b , dataVal : ffffffdce7a0
128 [139786991953600] INFO perfrun.perfcollector <> - DRY_RUN : "reg_type       = 4	event_id       = 27	reg_id         = c1	reg_value      = fffffffe795d"
128 [139786991953600] INFO perfrun.perfcollector <> - eventId : 27 , dataAddr : c1 , dataVal : fffffffe795d
128 [139786991953600] INFO perfrun.perfcollector <> - DRY_RUN : "reg_type       = 4	event_id       = 28	reg_id         = c2	reg_value      = fffffffe795d"
128 [139786991953600] INFO perfrun.perfcollector <> - eventId : 28 , dataAddr : c2 , dataVal : fffffffe795d
128 [139786991953600] INFO perfrun.perfcollector <> - DRY_RUN : "PMU type: Uncore (imc)"
135 [139786991953600] INFO perfrun.perfcollector <> - pmu type : uncore_imc
135 [139786991953600] INFO perfrun.perfcollector <> - DRY_RUN : "Number of units: 8"
135 [139786991953600] INFO perfrun.perfcollector <> - id : 8
135 [139786991953600] INFO perfrun.perfcollector <> - DRY_RUN : "Group 0:"
135 [139786991953600] INFO perfrun.perfcollector <> - id : 0
135 [139786991953600] INFO perfrun.perfcollector <> - DRY_RUN : "UNC_M_CAS_COUNT.RD: event id 29"
135 [139786991953600] INFO perfrun.perfcollector <> - eventName : UNC_M_CAS_COUNT.RD , eventId : 29
135 [139786991953600] INFO perfrun.perfcollector <> - DRY_RUN : "UNC_M_CAS_COUNT.WR: event id 30"
135 [139786991953600] INFO perfrun.perfcollector <> - eventName : UNC_M_CAS_COUNT.WR , eventId : 30
135 [139786991953600] INFO perfrun.perfcollector <> - DRY_RUN : "CCCR"
135 [139786991953600] INFO perfrun.perfcollector <> - DRY_RUN : "idx = 0	reg_type       = 1	event_id = 30	reg_id         = 700	reg_value      = 80000000	bar_index      = 0"
135 [139786991953600] INFO perfrun.perfcollector <> - eventId : 30 , cccrAddr : 700 , cccrVal : 80000000
135 [139786991953600] INFO perfrun.perfcollector <> - DRY_RUN : "idx = 2	reg_type       = 5	event_id = 29	reg_id         = d8	reg_value      = 400304	bar_index      = 0"
135 [139786991953600] INFO perfrun.perfcollector <> - eventId : 29 , cccrAddr : d8 , cccrVal : 400304
135 [139786991953600] INFO perfrun.perfcollector <> - DRY_RUN : "idx = 3	reg_type       = 5	event_id = 30	reg_id         = dc	reg_value      = 400c04	bar_index      = 0"
135 [139786991953600] INFO perfrun.perfcollector <> - eventId : 30 , cccrAddr : dc , cccrVal : 400c04
135 [139786991953600] INFO perfrun.perfcollector <> - DRY_RUN : "idx = 6	reg_type       = 2	event_id = g	reg_id         = f4	reg_value      = 0	bar_index      = 0"
135 [139786991953600] INFO perfrun.perfcollector <> - eventId : g , ignored
135 [139786991953600] INFO perfrun.perfcollector <> - DRY_RUN : "idx = 8	reg_type       = 5	event_id = 29	reg_id         = d8	reg_value      = 400304	bar_index      = 0"
135 [139786991953600] INFO perfrun.perfcollector <> - eventId : 29 , cccrAddr : d8 , cccrVal : 400304
135 [139786991953600] INFO perfrun.perfcollector <> - DRY_RUN : "idx = 9	reg_type       = 5	event_id = 30	reg_id         = dc	reg_value      = 400c04	bar_index      = 0"
135 [139786991953600] INFO perfrun.perfcollector <> - eventId : 30 , cccrAddr : dc , cccrVal : 400c04
135 [139786991953600] INFO perfrun.perfcollector <> - DRY_RUN : "idx = 12	reg_type       = 2	event_id = g	reg_id         = f4	reg_value      = 0	bar_index      = 0"
135 [139786991953600] INFO perfrun.perfcollector <> - eventId : g , ignored
135 [139786991953600] INFO perfrun.perfcollector <> - DRY_RUN : "idx = 14	reg_type       = 5	event_id = 29	reg_id         = d8	reg_value      = 400304	bar_index      = 0"
135 [139786991953600] INFO perfrun.perfcollector <> - eventId : 29 , cccrAddr : d8 , cccrVal : 400304
135 [139786991953600] INFO perfrun.perfcollector <> - DRY_RUN : "idx = 15	reg_type       = 5	event_id = 30	reg_id         = dc	reg_value      = 400c04	bar_index      = 0"
135 [139786991953600] INFO perfrun.perfcollector <> - eventId : 30 , cccrAddr : dc , cccrVal : 400c04
135 [139786991953600] INFO perfrun.perfcollector <> - DRY_RUN : "idx = 18	reg_type       = 2	event_id = g	reg_id         = f4	reg_value      = 0	bar_index      = 0"
135 [139786991953600] INFO perfrun.perfcollector <> - eventId : g , ignored
135 [139786991953600] INFO perfrun.perfcollector <> - DRY_RUN : "idx = 20	reg_type       = 5	event_id = 29	reg_id         = d8	reg_value      = 400304	bar_index      = 0"
135 [139786991953600] INFO perfrun.perfcollector <> - eventId : 29 , cccrAddr : d8 , cccrVal : 400304
135 [139786991953600] INFO perfrun.perfcollector <> - DRY_RUN : "idx = 21	reg_type       = 5	event_id = 30	reg_id         = dc	reg_value      = 400c04	bar_index      = 0"
135 [139786991953600] INFO perfrun.perfcollector <> - eventId : 30 , cccrAddr : dc , cccrVal : 400c04
135 [139786991953600] INFO perfrun.perfcollector <> - DRY_RUN : "idx = 24	reg_type       = 2	event_id = g	reg_id         = f4	reg_value      = 0	bar_index      = 0"
135 [139786991953600] INFO perfrun.perfcollector <> - eventId : g , ignored
135 [139786991953600] INFO perfrun.perfcollector <> - DRY_RUN : "idx = 26	reg_type       = 5	event_id = 29	reg_id         = d8	reg_value      = 400304	bar_index      = 0"
135 [139786991953600] INFO perfrun.perfcollector <> - eventId : 29 , cccrAddr : d8 , cccrVal : 400304
135 [139786991953600] INFO perfrun.perfcollector <> - DRY_RUN : "idx = 27	reg_type       = 5	event_id = 30	reg_id         = dc	reg_value      = 400c04	bar_index      = 0"
135 [139786991953600] INFO perfrun.perfcollector <> - eventId : 30 , cccrAddr : dc , cccrVal : 400c04
135 [139786991953600] INFO perfrun.perfcollector <> - DRY_RUN : "idx = 30	reg_type       = 2	event_id = g	reg_id         = f4	reg_value      = 0	bar_index      = 0"
135 [139786991953600] INFO perfrun.perfcollector <> - eventId : g , ignored
135 [139786991953600] INFO perfrun.perfcollector <> - DRY_RUN : "idx = 32	reg_type       = 5	event_id = 29	reg_id         = d8	reg_value      = 400304	bar_index      = 0"
135 [139786991953600] INFO perfrun.perfcollector <> - eventId : 29 , cccrAddr : d8 , cccrVal : 400304
135 [139786991953600] INFO perfrun.perfcollector <> - DRY_RUN : "idx = 33	reg_type       = 5	event_id = 30	reg_id         = dc	reg_value      = 400c04	bar_index      = 0"
135 [139786991953600] INFO perfrun.perfcollector <> - eventId : 30 , cccrAddr : dc , cccrVal : 400c04
135 [139786991953600] INFO perfrun.perfcollector <> - DRY_RUN : "idx = 36	reg_type       = 2	event_id = g	reg_id         = f4	reg_value      = 0	bar_index      = 0"
135 [139786991953600] INFO perfrun.perfcollector <> - eventId : g , ignored
135 [139786991953600] INFO perfrun.perfcollector <> - DRY_RUN : "idx = 38	reg_type       = 5	event_id = 29	reg_id         = d8	reg_value      = 400304	bar_index      = 0"
135 [139786991953600] INFO perfrun.perfcollector <> - eventId : 29 , cccrAddr : d8 , cccrVal : 400304
135 [139786991953600] INFO perfrun.perfcollector <> - DRY_RUN : "idx = 39	reg_type       = 5	event_id = 30	reg_id         = dc	reg_value      = 400c04	bar_index      = 0"
135 [139786991953600] INFO perfrun.perfcollector <> - eventId : 30 , cccrAddr : dc , cccrVal : 400c04
135 [139786991953600] INFO perfrun.perfcollector <> - DRY_RUN : "idx = 42	reg_type       = 2	event_id = g	reg_id         = f4	reg_value      = 0	bar_index      = 0"
135 [139786991953600] INFO perfrun.perfcollector <> - eventId : g , ignored
135 [139786991953600] INFO perfrun.perfcollector <> - DRY_RUN : "idx = 44	reg_type       = 5	event_id = 29	reg_id         = d8	reg_value      = 400304	bar_index      = 0"
135 [139786991953600] INFO perfrun.perfcollector <> - eventId : 29 , cccrAddr : d8 , cccrVal : 400304
135 [139786991953600] INFO perfrun.perfcollector <> - DRY_RUN : "idx = 45	reg_type       = 5	event_id = 30	reg_id         = dc	reg_value      = 400c04	bar_index      = 0"
135 [139786991953600] INFO perfrun.perfcollector <> - eventId : 30 , cccrAddr : dc , cccrVal : 400c04
135 [139786991953600] INFO perfrun.perfcollector <> - DRY_RUN : "idx = 48	reg_type       = 2	event_id = g	reg_id         = f4	reg_value      = 0	bar_index      = 0"
135 [139786991953600] INFO perfrun.perfcollector <> - eventId : g , ignored
135 [139786991953600] INFO perfrun.perfcollector <> - DRY_RUN : "ESCR"
135 [139786991953600] INFO perfrun.perfcollector <> - DRY_RUN : "DATA"
135 [139786991953600] INFO perfrun.perfcollector <> - DRY_RUN : "idx = 50	reg_type       = 4	event_id       = 29	reg_id         = a0	reg_value      = 0	pci reg_id  offset    = 0xa0	pci reg id  data_size = 0	bar_index      = 0"
135 [139786991953600] INFO perfrun.perfcollector <> - eventId : 29 , dataAddr : a0 , dataVal : 0
135 [139786991953600] INFO perfrun.perfcollector <> - DRY_RUN : "idx = 51	reg_type       = 4	event_id       = 30	reg_id         = a8	reg_value      = 0	pci reg_id  offset    = 0xa8	pci reg id  data_size = 0	bar_index      = 0"
135 [139786991953600] INFO perfrun.perfcollector <> - eventId : 30 , dataAddr : a8 , dataVal : 0
135 [139786991953600] INFO perfrun.perfcollector <> - DRY_RUN : "idx = 55	reg_type       = 4	event_id       = 29	reg_id         = a0	reg_value      = 0	pci reg_id  offset    = 0xa0	pci reg id  data_size = 0	bar_index      = 0"
135 [139786991953600] INFO perfrun.perfcollector <> - eventId : 29 , dataAddr : a0 , dataVal : 0
135 [139786991953600] INFO perfrun.perfcollector <> - DRY_RUN : "idx = 56	reg_type       = 4	event_id       = 30	reg_id         = a8	reg_value      = 0	pci reg_id  offset    = 0xa8	pci reg id  data_size = 0	bar_index      = 0"
135 [139786991953600] INFO perfrun.perfcollector <> - eventId : 30 , dataAddr : a8 , dataVal : 0
135 [139786991953600] INFO perfrun.perfcollector <> - DRY_RUN : "idx = 60	reg_type       = 4	event_id       = 29	reg_id         = a0	reg_value      = 0	pci reg_id  offset    = 0xa0	pci reg id  data_size = 0	bar_index      = 0"
135 [139786991953600] INFO perfrun.perfcollector <> - eventId : 29 , dataAddr : a0 , dataVal : 0
135 [139786991953600] INFO perfrun.perfcollector <> - DRY_RUN : "idx = 61	reg_type       = 4	event_id       = 30	reg_id         = a8	reg_value      = 0	pci reg_id  offset    = 0xa8	pci reg id  data_size = 0	bar_index      = 0"
135 [139786991953600] INFO perfrun.perfcollector <> - eventId : 30 , dataAddr : a8 , dataVal : 0
135 [139786991953600] INFO perfrun.perfcollector <> - DRY_RUN : "idx = 65	reg_type       = 4	event_id       = 29	reg_id         = a0	reg_value      = 0	pci reg_id  offset    = 0xa0	pci reg id  data_size = 0	bar_index      = 0"
135 [139786991953600] INFO perfrun.perfcollector <> - eventId : 29 , dataAddr : a0 , dataVal : 0
135 [139786991953600] INFO perfrun.perfcollector <> - DRY_RUN : "idx = 66	reg_type       = 4	event_id       = 30	reg_id         = a8	reg_value      = 0	pci reg_id  offset    = 0xa8	pci reg id  data_size = 0	bar_index      = 0"
135 [139786991953600] INFO perfrun.perfcollector <> - eventId : 30 , dataAddr : a8 , dataVal : 0
135 [139786991953600] INFO perfrun.perfcollector <> - DRY_RUN : "idx = 70	reg_type       = 4	event_id       = 29	reg_id         = a0	reg_value      = 0	pci reg_id  offset    = 0xa0	pci reg id  data_size = 0	bar_index      = 0"
135 [139786991953600] INFO perfrun.perfcollector <> - eventId : 29 , dataAddr : a0 , dataVal : 0
135 [139786991953600] INFO perfrun.perfcollector <> - DRY_RUN : "idx = 71	reg_type       = 4	event_id       = 30	reg_id         = a8	reg_value      = 0	pci reg_id  offset    = 0xa8	pci reg id  data_size = 0	bar_index      = 0"
135 [139786991953600] INFO perfrun.perfcollector <> - eventId : 30 , dataAddr : a8 , dataVal : 0
135 [139786991953600] INFO perfrun.perfcollector <> - DRY_RUN : "idx = 75	reg_type       = 4	event_id       = 29	reg_id         = a0	reg_value      = 0	pci reg_id  offset    = 0xa0	pci reg id  data_size = 0	bar_index      = 0"
135 [139786991953600] INFO perfrun.perfcollector <> - eventId : 29 , dataAddr : a0 , dataVal : 0
135 [139786991953600] INFO perfrun.perfcollector <> - DRY_RUN : "idx = 76	reg_type       = 4	event_id       = 30	reg_id         = a8	reg_value      = 0	pci reg_id  offset    = 0xa8	pci reg id  data_size = 0	bar_index      = 0"
135 [139786991953600] INFO perfrun.perfcollector <> - eventId : 30 , dataAddr : a8 , dataVal : 0
135 [139786991953600] INFO perfrun.perfcollector <> - DRY_RUN : "idx = 80	reg_type       = 4	event_id       = 29	reg_id         = a0	reg_value      = 0	pci reg_id  offset    = 0xa0	pci reg id  data_size = 0	bar_index      = 0"
135 [139786991953600] INFO perfrun.perfcollector <> - eventId : 29 , dataAddr : a0 , dataVal : 0
135 [139786991953600] INFO perfrun.perfcollector <> - DRY_RUN : "idx = 81	reg_type       = 4	event_id       = 30	reg_id         = a8	reg_value      = 0	pci reg_id  offset    = 0xa8	pci reg id  data_size = 0	bar_index      = 0"
135 [139786991953600] INFO perfrun.perfcollector <> - eventId : 30 , dataAddr : a8 , dataVal : 0
135 [139786991953600] INFO perfrun.perfcollector <> - DRY_RUN : "idx = 85	reg_type       = 4	event_id       = 29	reg_id         = a0	reg_value      = 0	pci reg_id  offset    = 0xa0	pci reg id  data_size = 0	bar_index      = 0"
135 [139786991953600] INFO perfrun.perfcollector <> - eventId : 29 , dataAddr : a0 , dataVal : 0
135 [139786991953600] INFO perfrun.perfcollector <> - DRY_RUN : "idx = 86	reg_type       = 4	event_id       = 30	reg_id         = a8	reg_value      = 0	pci reg_id  offset    = 0xa8	pci reg id  data_size = 0	bar_index      = 0"
135 [139786991953600] INFO perfrun.perfcollector <> - eventId : 30 , dataAddr : a8 , dataVal : 0
135 [139786991953600] INFO perfrun.perfcollector <> - pmu config : cpu , m_cccrAddr : ffffffff , m_cccrVal : 0 , m_escrAddr : ffffffff , m_escrVal : 0 , m_dataAddr : 30a , m_dataVal : ffffffffffdce7a0
135 [139786991953600] INFO perfrun.perfcollector <> - config : event : 3c
135 [139786991953600] INFO perfrun.perfcollector <> - config : pc : 0
135 [139786991953600] INFO perfrun.perfcollector <> - config : edge : 0
135 [139786991953600] INFO perfrun.perfcollector <> - config : any : 0
135 [139786991953600] INFO perfrun.perfcollector <> - config1 : offcore_rsp : 0
135 [139786991953600] INFO perfrun.perfcollector <> - config1 : ldlat : 0
135 [139786991953600] INFO perfrun.perfcollector <> - config : inv : 0
135 [139786991953600] INFO perfrun.perfcollector <> - config : umask : 0
135 [139786991953600] INFO perfrun.perfcollector <> - config : cmask : 0
135 [139786991953600] INFO perfrun.perfcollector <> - format : cpu/event=0x3c,name='CPU_CLK_UNHALTED.THREAD'/D
135 [139786991953600] INFO perfrun.perfcollector <> - pmu config : cpu , m_cccrAddr : ffffffff , m_cccrVal : 0 , m_escrAddr : ffffffff , m_escrVal : 0 , m_dataAddr : 30b , m_dataVal : ffffffffffdce7a0
135 [139786991953600] INFO perfrun.perfcollector <> - config : event : 0
135 [139786991953600] INFO perfrun.perfcollector <> - config : pc : 0
135 [139786991953600] INFO perfrun.perfcollector <> - config : edge : 0
135 [139786991953600] INFO perfrun.perfcollector <> - config : any : 0
135 [139786991953600] INFO perfrun.perfcollector <> - config1 : offcore_rsp : 0
135 [139786991953600] INFO perfrun.perfcollector <> - config1 : ldlat : 0
135 [139786991953600] INFO perfrun.perfcollector <> - config : inv : 0
135 [139786991953600] INFO perfrun.perfcollector <> - config : umask : 3
135 [139786991953600] INFO perfrun.perfcollector <> - config : cmask : 0
135 [139786991953600] INFO perfrun.perfcollector <> - format : cpu/umask=0x3,name='CPU_CLK_UNHALTED.REF_TSC'/D
135 [139786991953600] INFO perfrun.perfcollector <> - pmu config : cpu , m_cccrAddr : ffffffff , m_cccrVal : 0 , m_escrAddr : ffffffff , m_escrVal : 0 , m_dataAddr : 309 , m_dataVal : ffffffffffdce7a0
135 [139786991953600] INFO perfrun.perfcollector <> - config : event : c0
135 [139786991953600] INFO perfrun.perfcollector <> - config : pc : 0
135 [139786991953600] INFO perfrun.perfcollector <> - config : edge : 0
135 [139786991953600] INFO perfrun.perfcollector <> - config : any : 0
135 [139786991953600] INFO perfrun.perfcollector <> - config1 : offcore_rsp : 0
135 [139786991953600] INFO perfrun.perfcollector <> - config1 : ldlat : 0
135 [139786991953600] INFO perfrun.perfcollector <> - config : inv : 0
135 [139786991953600] INFO perfrun.perfcollector <> - config : umask : 0
135 [139786991953600] INFO perfrun.perfcollector <> - config : cmask : 0
135 [139786991953600] INFO perfrun.perfcollector <> - format : cpu/event=0xc0,name='INST_RETIRED.ANY'/D
135 [139786991953600] INFO perfrun.perfcollector <> - pmu config : cpu , m_cccrAddr : 188 , m_cccrVal : c530ca3 , m_escrAddr : ffffffff , m_escrVal : 0 , m_dataAddr : c3 , m_dataVal : ffffffffffe17b7d
135 [139786991953600] INFO perfrun.perfcollector <> - config : event : a3
135 [139786991953600] INFO perfrun.perfcollector <> - config : pc : 0
135 [139786991953600] INFO perfrun.perfcollector <> - config : edge : 0
135 [139786991953600] INFO perfrun.perfcollector <> - config : any : 0
135 [139786991953600] INFO perfrun.perfcollector <> - config1 : offcore_rsp : 0
135 [139786991953600] INFO perfrun.perfcollector <> - config1 : ldlat : 0
135 [139786991953600] INFO perfrun.perfcollector <> - config : inv : 0
135 [139786991953600] INFO perfrun.perfcollector <> - config : umask : c
135 [139786991953600] INFO perfrun.perfcollector <> - config : cmask : c
135 [139786991953600] INFO perfrun.perfcollector <> - format : cpu/event=0xa3,umask=0xc,cmask=0xc,name='CYCLE_ACTIVITY.STALLS_L1D_PENDING'/
135 [139786991953600] INFO perfrun.perfcollector <> - pmu config : cpu , m_cccrAddr : 186 , m_cccrVal : 53013c , m_escrAddr : ffffffff , m_escrVal : 0 , m_dataAddr : c1 , m_dataVal : fffffffffffe795d
135 [139786991953600] INFO perfrun.perfcollector <> - config : event : 3c
135 [139786991953600] INFO perfrun.perfcollector <> - config : pc : 0
135 [139786991953600] INFO perfrun.perfcollector <> - config : edge : 0
135 [139786991953600] INFO perfrun.perfcollector <> - config : any : 0
136 [139786991953600] INFO perfrun.perfcollector <> - config1 : offcore_rsp : 0
136 [139786991953600] INFO perfrun.perfcollector <> - config1 : ldlat : 0
136 [139786991953600] INFO perfrun.perfcollector <> - config : inv : 0
136 [139786991953600] INFO perfrun.perfcollector <> - config : umask : 1
136 [139786991953600] INFO perfrun.perfcollector <> - config : cmask : 0
136 [139786991953600] INFO perfrun.perfcollector <> - format : cpu/event=0x3c,umask=0x1,name='CPU_CLK_UNHALTED.REF_XCLK'/
136 [139786991953600] INFO perfrun.perfcollector <> - pmu config : cpu , m_cccrAddr : 187 , m_cccrVal : 53023c , m_escrAddr : ffffffff , m_escrVal : 0 , m_dataAddr : c2 , m_dataVal : fffffffffffe795d
136 [139786991953600] INFO perfrun.perfcollector <> - config : event : 3c
136 [139786991953600] INFO perfrun.perfcollector <> - config : pc : 0
136 [139786991953600] INFO perfrun.perfcollector <> - config : edge : 0
136 [139786991953600] INFO perfrun.perfcollector <> - config : any : 0
136 [139786991953600] INFO perfrun.perfcollector <> - config1 : offcore_rsp : 0
136 [139786991953600] INFO perfrun.perfcollector <> - config1 : ldlat : 0
136 [139786991953600] INFO perfrun.perfcollector <> - config : inv : 0
136 [139786991953600] INFO perfrun.perfcollector <> - config : umask : 2
136 [139786991953600] INFO perfrun.perfcollector <> - config : cmask : 0
136 [139786991953600] INFO perfrun.perfcollector <> - format : cpu/event=0x3c,umask=0x2,name='CPU_CLK_UNHALTED.ONE_THREAD_ACTIVE'/
136 [139786991953600] INFO perfrun.perfcollector <> - pmu config : cpu , m_cccrAddr : 189 , m_cccrVal : 5302c2 , m_escrAddr : ffffffff , m_escrVal : 0 , m_dataAddr : c4 , m_dataVal : ffffffffffe17b7d
136 [139786991953600] INFO perfrun.perfcollector <> - config : event : c2
136 [139786991953600] INFO perfrun.perfcollector <> - config : pc : 0
136 [139786991953600] INFO perfrun.perfcollector <> - config : edge : 0
136 [139786991953600] INFO perfrun.perfcollector <> - config : any : 0
136 [139786991953600] INFO perfrun.perfcollector <> - config1 : offcore_rsp : 0
136 [139786991953600] INFO perfrun.perfcollector <> - config1 : ldlat : 0
136 [139786991953600] INFO perfrun.perfcollector <> - config : inv : 0
136 [139786991953600] INFO perfrun.perfcollector <> - config : umask : 2
136 [139786991953600] INFO perfrun.perfcollector <> - config : cmask : 0
136 [139786991953600] INFO perfrun.perfcollector <> - format : cpu/event=0xc2,umask=0x2,name='UOPS_RETIRED.RETIRE_SLOTS'/
136 [139786991953600] INFO perfrun.perfcollector <> - pmu config : cpu , m_cccrAddr : 186 , m_cccrVal : 45304a3 , m_escrAddr : ffffffff , m_escrVal : 0 , m_dataAddr : c1 , m_dataVal : ffffffffffe17b7d
136 [139786991953600] INFO perfrun.perfcollector <> - config : event : a3
136 [139786991953600] INFO perfrun.perfcollector <> - config : pc : 0
136 [139786991953600] INFO perfrun.perfcollector <> - config : edge : 0
136 [139786991953600] INFO perfrun.perfcollector <> - config : any : 0
136 [139786991953600] INFO perfrun.perfcollector <> - config1 : offcore_rsp : 0
136 [139786991953600] INFO perfrun.perfcollector <> - config1 : ldlat : 0
136 [139786991953600] INFO perfrun.perfcollector <> - config : inv : 0
136 [139786991953600] INFO perfrun.perfcollector <> - config : umask : 4
136 [139786991953600] INFO perfrun.perfcollector <> - config : cmask : 4
136 [139786991953600] INFO perfrun.perfcollector <> - format : cpu/event=0xa3,umask=0x4,cmask=0x4,name='CYCLE_ACTIVITY.CYCLES_NO_EXECUTE'/
136 [139786991953600] INFO perfrun.perfcollector <> - pmu config : cpu , m_cccrAddr : 187 , m_cccrVal : 65306a3 , m_escrAddr : ffffffff , m_escrVal : 0 , m_dataAddr : c2 , m_dataVal : ffffffffffe17b7d
136 [139786991953600] INFO perfrun.perfcollector <> - config : event : a3
136 [139786991953600] INFO perfrun.perfcollector <> - config : pc : 0
136 [139786991953600] INFO perfrun.perfcollector <> - config : edge : 0
136 [139786991953600] INFO perfrun.perfcollector <> - config : any : 0
136 [139786991953600] INFO perfrun.perfcollector <> - config1 : offcore_rsp : 0
136 [139786991953600] INFO perfrun.perfcollector <> - config1 : ldlat : 0
136 [139786991953600] INFO perfrun.perfcollector <> - config : inv : 0
136 [139786991953600] INFO perfrun.perfcollector <> - config : umask : 6
136 [139786991953600] INFO perfrun.perfcollector <> - config : cmask : 6
136 [139786991953600] INFO perfrun.perfcollector <> - format : cpu/event=0xa3,umask=0x6,cmask=0x6,name='CYCLE_ACTIVITY.STALLS_LDM_PENDING'/
136 [139786991953600] INFO perfrun.perfcollector <> - pmu config : cpu , m_cccrAddr : 188 , m_cccrVal : 55305a3 , m_escrAddr : ffffffff , m_escrVal : 0 , m_dataAddr : c3 , m_dataVal : ffffffffffe17b7d
136 [139786991953600] INFO perfrun.perfcollector <> - config : event : a3
136 [139786991953600] INFO perfrun.perfcollector <> - config : pc : 0
136 [139786991953600] INFO perfrun.perfcollector <> - config : edge : 0
136 [139786991953600] INFO perfrun.perfcollector <> - config : any : 0
136 [139786991953600] INFO perfrun.perfcollector <> - config1 : offcore_rsp : 0
136 [139786991953600] INFO perfrun.perfcollector <> - config1 : ldlat : 0
136 [139786991953600] INFO perfrun.perfcollector <> - config : inv : 0
136 [139786991953600] INFO perfrun.perfcollector <> - config : umask : 5
136 [139786991953600] INFO perfrun.perfcollector <> - config : cmask : 5
136 [139786991953600] INFO perfrun.perfcollector <> - format : cpu/event=0xa3,umask=0x5,cmask=0x5,name='CYCLE_ACTIVITY.STALLS_L2_PENDING'/
136 [139786991953600] INFO perfrun.perfcollector <> - pmu config : cpu , m_cccrAddr : 189 , m_cccrVal : 53019c , m_escrAddr : ffffffff , m_escrVal : 0 , m_dataAddr : c4 , m_dataVal : ffffffffffe17b7d
136 [139786991953600] INFO perfrun.perfcollector <> - config : event : 9c
136 [139786991953600] INFO perfrun.perfcollector <> - config : pc : 0
136 [139786991953600] INFO perfrun.perfcollector <> - config : edge : 0
136 [139786991953600] INFO perfrun.perfcollector <> - config : any : 0
136 [139786991953600] INFO perfrun.perfcollector <> - config1 : offcore_rsp : 0
136 [139786991953600] INFO perfrun.perfcollector <> - config1 : ldlat : 0
136 [139786991953600] INFO perfrun.perfcollector <> - config : inv : 0
136 [139786991953600] INFO perfrun.perfcollector <> - config : umask : 1
136 [139786991953600] INFO perfrun.perfcollector <> - config : cmask : 0
136 [139786991953600] INFO perfrun.perfcollector <> - format : cpu/event=0x9c,umask=0x1,name='IDQ_UOPS_NOT_DELIVERED.CORE'/
136 [139786991953600] INFO perfrun.perfcollector <> - pmu config : cpu , m_cccrAddr : 186 , m_cccrVal : 153030d , m_escrAddr : ffffffff , m_escrVal : 0 , m_dataAddr : c1 , m_dataVal : ffffffffffe17b7d
136 [139786991953600] INFO perfrun.perfcollector <> - config : event : d
136 [139786991953600] INFO perfrun.perfcollector <> - config : pc : 0
136 [139786991953600] INFO perfrun.perfcollector <> - config : edge : 0
136 [139786991953600] INFO perfrun.perfcollector <> - config : any : 0
136 [139786991953600] INFO perfrun.perfcollector <> - config1 : offcore_rsp : 0
136 [139786991953600] INFO perfrun.perfcollector <> - config1 : ldlat : 0
136 [139786991953600] INFO perfrun.perfcollector <> - config : inv : 0
136 [139786991953600] INFO perfrun.perfcollector <> - config : umask : 3
136 [139786991953600] INFO perfrun.perfcollector <> - config : cmask : 1
136 [139786991953600] INFO perfrun.perfcollector <> - format : cpu/event=0xd,umask=0x3,cmask=0x1,name='INT_MISC.RECOVERY_CYCLES'/
136 [139786991953600] INFO perfrun.perfcollector <> - pmu config : cpu , m_cccrAddr : 187 , m_cccrVal : 4304d1 , m_escrAddr : ffffffff , m_escrVal : 0 , m_dataAddr : c2 , m_dataVal : ffffffffffff3cad
136 [139786991953600] INFO perfrun.perfcollector <> - config : event : d1
136 [139786991953600] INFO perfrun.perfcollector <> - config : pc : 0
136 [139786991953600] INFO perfrun.perfcollector <> - config : edge : 0
136 [139786991953600] INFO perfrun.perfcollector <> - config : any : 0
136 [139786991953600] INFO perfrun.perfcollector <> - config1 : offcore_rsp : 0
136 [139786991953600] INFO perfrun.perfcollector <> - config1 : ldlat : 0
136 [139786991953600] INFO perfrun.perfcollector <> - config : inv : 0
136 [139786991953600] INFO perfrun.perfcollector <> - config : umask : 4
136 [139786991953600] INFO perfrun.perfcollector <> - config : cmask : 0
136 [139786991953600] WARN perfrun.perfcollector <> - precise event : config : 4d1 , [m_cccrVal & impreciseMask(0x100000)] : 0, at file: vcs/perfrun1/plugins/perfcollector/src/event_manager.cpp:292
136 [139786991953600] INFO perfrun.perfcollector <> - format : cpu/event=0xd1,umask=0x4,name='MEM_LOAD_UOPS_RETIRED.L3_HIT_PS'/
136 [139786991953600] INFO perfrun.perfcollector <> - pmu config : cpu , m_cccrAddr : 188 , m_cccrVal : 4320d1 , m_escrAddr : ffffffff , m_escrVal : 0 , m_dataAddr : c3 , m_dataVal : ffffffffffff3cad
136 [139786991953600] INFO perfrun.perfcollector <> - config : event : d1
136 [139786991953600] INFO perfrun.perfcollector <> - config : pc : 0
136 [139786991953600] INFO perfrun.perfcollector <> - config : edge : 0
136 [139786991953600] INFO perfrun.perfcollector <> - config : any : 0
136 [139786991953600] INFO perfrun.perfcollector <> - config1 : offcore_rsp : 0
136 [139786991953600] INFO perfrun.perfcollector <> - config1 : ldlat : 0
136 [139786991953600] INFO perfrun.perfcollector <> - config : inv : 0
136 [139786991953600] INFO perfrun.perfcollector <> - config : umask : 20
136 [139786991953600] INFO perfrun.perfcollector <> - config : cmask : 0
136 [139786991953600] WARN perfrun.perfcollector <> - precise event : config : 20d1 , [m_cccrVal & impreciseMask(0x100000)] : 0, at file: vcs/perfrun1/plugins/perfcollector/src/event_manager.cpp:292
136 [139786991953600] INFO perfrun.perfcollector <> - format : cpu/event=0xd1,umask=0x20,name='MEM_LOAD_UOPS_RETIRED.L3_MISS_PS'/
136 [139786991953600] INFO perfrun.perfcollector <> - pmu config : cpu , m_cccrAddr : 189 , m_cccrVal : 1530860 , m_escrAddr : ffffffff , m_escrVal : 0 , m_dataAddr : c4 , m_dataVal : ffffffffffe17b7d
136 [139786991953600] INFO perfrun.perfcollector <> - config : event : 60
136 [139786991953600] INFO perfrun.perfcollector <> - config : pc : 0
136 [139786991953600] INFO perfrun.perfcollector <> - config : edge : 0
136 [139786991953600] INFO perfrun.perfcollector <> - config : any : 0
136 [139786991953600] INFO perfrun.perfcollector <> - config1 : offcore_rsp : 0
136 [139786991953600] INFO perfrun.perfcollector <> - config1 : ldlat : 0
136 [139786991953600] INFO perfrun.perfcollector <> - config : inv : 0
136 [139786991953600] INFO perfrun.perfcollector <> - config : umask : 8
136 [139786991953600] INFO perfrun.perfcollector <> - config : cmask : 1
136 [139786991953600] INFO perfrun.perfcollector <> - format : cpu/event=0x60,umask=0x8,cmask=0x1,name='OFFCORE_REQUESTS_OUTSTANDING.CYCLES_WITH_DATA_RD'/
136 [139786991953600] INFO perfrun.perfcollector <> - pmu config : cpu , m_cccrAddr : 186 , m_cccrVal : 6530860 , m_escrAddr : ffffffff , m_escrVal : 0 , m_dataAddr : c1 , m_dataVal : ffffffffffe17b7d
136 [139786991953600] INFO perfrun.perfcollector <> - config : event : 60
136 [139786991953600] INFO perfrun.perfcollector <> - config : pc : 0
136 [139786991953600] INFO perfrun.perfcollector <> - config : edge : 0
136 [139786991953600] INFO perfrun.perfcollector <> - config : any : 0
136 [139786991953600] INFO perfrun.perfcollector <> - config1 : offcore_rsp : 0
136 [139786991953600] INFO perfrun.perfcollector <> - config1 : ldlat : 0
136 [139786991953600] INFO perfrun.perfcollector <> - config : inv : 0
136 [139786991953600] INFO perfrun.perfcollector <> - config : umask : 8
136 [139786991953600] INFO perfrun.perfcollector <> - config : cmask : 6
136 [139786991953600] INFO perfrun.perfcollector <> - format : cpu/event=0x60,umask=0x8,cmask=0x6,name='OFFCORE_REQUESTS_OUTSTANDING.ALL_DATA_RD:cmask=6'/
136 [139786991953600] INFO perfrun.perfcollector <> - pmu config : cpu , m_cccrAddr : 187 , m_cccrVal : 5308a2 , m_escrAddr : ffffffff , m_escrVal : 0 , m_dataAddr : c2 , m_dataVal : ffffffffffe17b7d
136 [139786991953600] INFO perfrun.perfcollector <> - config : event : a2
136 [139786991953600] INFO perfrun.perfcollector <> - config : pc : 0
136 [139786991953600] INFO perfrun.perfcollector <> - config : edge : 0
136 [139786991953600] INFO perfrun.perfcollector <> - config : any : 0
136 [139786991953600] INFO perfrun.perfcollector <> - config1 : offcore_rsp : 0
136 [139786991953600] INFO perfrun.perfcollector <> - config1 : ldlat : 0
136 [139786991953600] INFO perfrun.perfcollector <> - config : inv : 0
136 [139786991953600] INFO perfrun.perfcollector <> - config : umask : 8
136 [139786991953600] INFO perfrun.perfcollector <> - config : cmask : 0
136 [139786991953600] INFO perfrun.perfcollector <> - format : cpu/event=0xa2,umask=0x8,name='RESOURCE_STALLS.SB'/
136 [139786991953600] INFO perfrun.perfcollector <> - pmu config : cpu , m_cccrAddr : 188 , m_cccrVal : 53015e , m_escrAddr : ffffffff , m_escrVal : 0 , m_dataAddr : c3 , m_dataVal : ffffffffffe17b7d
136 [139786991953600] INFO perfrun.perfcollector <> - config : event : 5e
136 [139786991953600] INFO perfrun.perfcollector <> - config : pc : 0
136 [139786991953600] INFO perfrun.perfcollector <> - config : edge : 0
136 [139786991953600] INFO perfrun.perfcollector <> - config : any : 0
136 [139786991953600] INFO perfrun.perfcollector <> - config1 : offcore_rsp : 0
136 [139786991953600] INFO perfrun.perfcollector <> - config1 : ldlat : 0
136 [139786991953600] INFO perfrun.perfcollector <> - config : inv : 0
136 [139786991953600] INFO perfrun.perfcollector <> - config : umask : 1
136 [139786991953600] INFO perfrun.perfcollector <> - config : cmask : 0
136 [139786991953600] INFO perfrun.perfcollector <> - format : cpu/event=0x5e,umask=0x1,name='RS_EVENTS.EMPTY_CYCLES'/
136 [139786991953600] INFO perfrun.perfcollector <> - pmu config : cpu , m_cccrAddr : 189 , m_cccrVal : 15302b1 , m_escrAddr : ffffffff , m_escrVal : 0 , m_dataAddr : c4 , m_dataVal : ffffffffffe17b7d
136 [139786991953600] INFO perfrun.perfcollector <> - config : event : b1
136 [139786991953600] INFO perfrun.perfcollector <> - config : pc : 0
136 [139786991953600] INFO perfrun.perfcollector <> - config : edge : 0
136 [139786991953600] INFO perfrun.perfcollector <> - config : any : 0
136 [139786991953600] INFO perfrun.perfcollector <> - config1 : offcore_rsp : 0
136 [139786991953600] INFO perfrun.perfcollector <> - config1 : ldlat : 0
136 [139786991953600] INFO perfrun.perfcollector <> - config : inv : 0
136 [139786991953600] INFO perfrun.perfcollector <> - config : umask : 2
136 [139786991953600] INFO perfrun.perfcollector <> - config : cmask : 1
136 [139786991953600] INFO perfrun.perfcollector <> - format : cpu/event=0xb1,umask=0x2,cmask=0x1,name='UOPS_EXECUTED.CORE:cmask=1'/
136 [139786991953600] INFO perfrun.perfcollector <> - pmu config : cpu , m_cccrAddr : 186 , m_cccrVal : 25302b1 , m_escrAddr : ffffffff , m_escrVal : 0 , m_dataAddr : c1 , m_dataVal : ffffffffffe17b7d
136 [139786991953600] INFO perfrun.perfcollector <> - config : event : b1
136 [139786991953600] INFO perfrun.perfcollector <> - config : pc : 0
136 [139786991953600] INFO perfrun.perfcollector <> - config : edge : 0
136 [139786991953600] INFO perfrun.perfcollector <> - config : any : 0
136 [139786991953600] INFO perfrun.perfcollector <> - config1 : offcore_rsp : 0
136 [139786991953600] INFO perfrun.perfcollector <> - config1 : ldlat : 0
136 [139786991953600] INFO perfrun.perfcollector <> - config : inv : 0
136 [139786991953600] INFO perfrun.perfcollector <> - config : umask : 2
136 [139786991953600] INFO perfrun.perfcollector <> - config : cmask : 2
136 [139786991953600] INFO perfrun.perfcollector <> - format : cpu/event=0xb1,umask=0x2,cmask=0x2,name='UOPS_EXECUTED.CORE:cmask=2'/
136 [139786991953600] INFO perfrun.perfcollector <> - pmu config : cpu , m_cccrAddr : 187 , m_cccrVal : 35302b1 , m_escrAddr : ffffffff , m_escrVal : 0 , m_dataAddr : c2 , m_dataVal : ffffffffffe17b7d
136 [139786991953600] INFO perfrun.perfcollector <> - config : event : b1
136 [139786991953600] INFO perfrun.perfcollector <> - config : pc : 0
136 [139786991953600] INFO perfrun.perfcollector <> - config : edge : 0
136 [139786991953600] INFO perfrun.perfcollector <> - config : any : 0
136 [139786991953600] INFO perfrun.perfcollector <> - config1 : offcore_rsp : 0
136 [139786991953600] INFO perfrun.perfcollector <> - config1 : ldlat : 0
136 [139786991953600] INFO perfrun.perfcollector <> - config : inv : 0
136 [139786991953600] INFO perfrun.perfcollector <> - config : umask : 2
136 [139786991953600] INFO perfrun.perfcollector <> - config : cmask : 3
136 [139786991953600] INFO perfrun.perfcollector <> - format : cpu/event=0xb1,umask=0x2,cmask=0x3,name='UOPS_EXECUTED.CORE:cmask=3'/
136 [139786991953600] INFO perfrun.perfcollector <> - pmu config : cpu , m_cccrAddr : 188 , m_cccrVal : 53010e , m_escrAddr : ffffffff , m_escrVal : 0 , m_dataAddr : c3 , m_dataVal : ffffffffffe17b7d
136 [139786991953600] INFO perfrun.perfcollector <> - config : event : e
136 [139786991953600] INFO perfrun.perfcollector <> - config : pc : 0
136 [139786991953600] INFO perfrun.perfcollector <> - config : edge : 0
136 [139786991953600] INFO perfrun.perfcollector <> - config : any : 0
136 [139786991953600] INFO perfrun.perfcollector <> - config1 : offcore_rsp : 0
136 [139786991953600] INFO perfrun.perfcollector <> - config1 : ldlat : 0
136 [139786991953600] INFO perfrun.perfcollector <> - config : inv : 0
136 [139786991953600] INFO perfrun.perfcollector <> - config : umask : 1
136 [139786991953600] INFO perfrun.perfcollector <> - config : cmask : 0
136 [139786991953600] INFO perfrun.perfcollector <> - format : cpu/event=0xe,umask=0x1,name='UOPS_ISSUED.ANY'/
136 [139786991953600] INFO perfrun.perfcollector <> - pmu config : cpu , m_cccrAddr : 189 , m_cccrVal : 453019c , m_escrAddr : ffffffff , m_escrVal : 0 , m_dataAddr : c4 , m_dataVal : ffffffffffe17b7d
136 [139786991953600] INFO perfrun.perfcollector <> - config : event : 9c
136 [139786991953600] INFO perfrun.perfcollector <> - config : pc : 0
136 [139786991953600] INFO perfrun.perfcollector <> - config : edge : 0
136 [139786991953600] INFO perfrun.perfcollector <> - config : any : 0
136 [139786991953600] INFO perfrun.perfcollector <> - config1 : offcore_rsp : 0
136 [139786991953600] INFO perfrun.perfcollector <> - config1 : ldlat : 0
136 [139786991953600] INFO perfrun.perfcollector <> - config : inv : 0
136 [139786991953600] INFO perfrun.perfcollector <> - config : umask : 1
136 [139786991953600] INFO perfrun.perfcollector <> - config : cmask : 4
136 [139786991953600] INFO perfrun.perfcollector <> - format : cpu/event=0x9c,umask=0x1,cmask=0x4,name='IDQ_UOPS_NOT_DELIVERED.CYCLES_0_UOPS_DELIV.CORE'/
136 [139786991953600] INFO perfrun.perfcollector <> - pmu config : cpu , m_cccrAddr : 186 , m_cccrVal : 4381d0 , m_escrAddr : ffffffff , m_escrVal : 0 , m_dataAddr : c1 , m_dataVal : fffffffffffe795d
136 [139786991953600] INFO perfrun.perfcollector <> - config : event : d0
136 [139786991953600] INFO perfrun.perfcollector <> - config : pc : 0
136 [139786991953600] INFO perfrun.perfcollector <> - config : edge : 0
136 [139786991953600] INFO perfrun.perfcollector <> - config : any : 0
136 [139786991953600] INFO perfrun.perfcollector <> - config1 : offcore_rsp : 0
136 [139786991953600] INFO perfrun.perfcollector <> - config1 : ldlat : 0
136 [139786991953600] INFO perfrun.perfcollector <> - config : inv : 0
136 [139786991953600] INFO perfrun.perfcollector <> - config : umask : 81
136 [139786991953600] INFO perfrun.perfcollector <> - config : cmask : 0
136 [139786991953600] WARN perfrun.perfcollector <> - precise event : config : 81d0 , [m_cccrVal & impreciseMask(0x100000)] : 0, at file: vcs/perfrun1/plugins/perfcollector/src/event_manager.cpp:292
136 [139786991953600] INFO perfrun.perfcollector <> - format : cpu/event=0xd0,umask=0x81,name='MEM_UOPS_RETIRED.ALL_LOADS_PS'/
136 [139786991953600] INFO perfrun.perfcollector <> - pmu config : cpu , m_cccrAddr : 187 , m_cccrVal : 4382d0 , m_escrAddr : ffffffff , m_escrVal : 0 , m_dataAddr : c2 , m_dataVal : fffffffffffe795d
136 [139786991953600] INFO perfrun.perfcollector <> - config : event : d0
136 [139786991953600] INFO perfrun.perfcollector <> - config : pc : 0
136 [139786991953600] INFO perfrun.perfcollector <> - config : edge : 0
136 [139786991953600] INFO perfrun.perfcollector <> - config : any : 0
136 [139786991953600] INFO perfrun.perfcollector <> - config1 : offcore_rsp : 0
136 [139786991953600] INFO perfrun.perfcollector <> - config1 : ldlat : 0
136 [139786991953600] INFO perfrun.perfcollector <> - config : inv : 0
136 [139786991953600] INFO perfrun.perfcollector <> - config : umask : 82
136 [139786991953600] INFO perfrun.perfcollector <> - config : cmask : 0
136 [139786991953600] WARN perfrun.perfcollector <> - precise event : config : 82d0 , [m_cccrVal & impreciseMask(0x100000)] : 0, at file: vcs/perfrun1/plugins/perfcollector/src/event_manager.cpp:292
136 [139786991953600] INFO perfrun.perfcollector <> - format : cpu/event=0xd0,umask=0x82,name='MEM_UOPS_RETIRED.ALL_STORES_PS'/
136 [139786991953600] INFO perfrun.perfcollector <> - pmu config : cpu , m_cccrAddr : 188 , m_cccrVal : 4301d3 , m_escrAddr : ffffffff , m_escrVal : 0 , m_dataAddr : c3 , m_dataVal : fffffffffffe795d
136 [139786991953600] INFO perfrun.perfcollector <> - config : event : d3
136 [139786991953600] INFO perfrun.perfcollector <> - config : pc : 0
136 [139786991953600] INFO perfrun.perfcollector <> - config : edge : 0
136 [139786991953600] INFO perfrun.perfcollector <> - config : any : 0
136 [139786991953600] INFO perfrun.perfcollector <> - config1 : offcore_rsp : 0
136 [139786991953600] INFO perfrun.perfcollector <> - config1 : ldlat : 0
136 [139786991953600] INFO perfrun.perfcollector <> - config : inv : 0
136 [139786991953600] INFO perfrun.perfcollector <> - config : umask : 1
136 [139786991953600] INFO perfrun.perfcollector <> - config : cmask : 0
136 [139786991953600] WARN perfrun.perfcollector <> - precise event : config : 1d3 , [m_cccrVal & impreciseMask(0x100000)] : 0, at file: vcs/perfrun1/plugins/perfcollector/src/event_manager.cpp:292
136 [139786991953600] INFO perfrun.perfcollector <> - format : cpu/event=0xd3,umask=0x1,name='MEM_LOAD_UOPS_L3_MISS_RETIRED.LOCAL_DRAM_PS'/
136 [139786991953600] INFO perfrun.perfcollector <> - pmu config : cpu , m_cccrAddr : 189 , m_cccrVal : 4304d3 , m_escrAddr : ffffffff , m_escrVal : 0 , m_dataAddr : c4 , m_dataVal : fffffffffffe795d
136 [139786991953600] INFO perfrun.perfcollector <> - config : event : d3
136 [139786991953600] INFO perfrun.perfcollector <> - config : pc : 0
136 [139786991953600] INFO perfrun.perfcollector <> - config : edge : 0
136 [139786991953600] INFO perfrun.perfcollector <> - config : any : 0
136 [139786991953600] INFO perfrun.perfcollector <> - config1 : offcore_rsp : 0
136 [139786991953600] INFO perfrun.perfcollector <> - config1 : ldlat : 0
136 [139786991953600] INFO perfrun.perfcollector <> - config : inv : 0
136 [139786991953600] INFO perfrun.perfcollector <> - config : umask : 4
136 [139786991953600] INFO perfrun.perfcollector <> - config : cmask : 0
136 [139786991953600] WARN perfrun.perfcollector <> - precise event : config : 4d3 , [m_cccrVal & impreciseMask(0x100000)] : 0, at file: vcs/perfrun1/plugins/perfcollector/src/event_manager.cpp:292
136 [139786991953600] INFO perfrun.perfcollector <> - format : cpu/event=0xd3,umask=0x4,name='MEM_LOAD_UOPS_L3_MISS_RETIRED.REMOTE_DRAM_PS'/
136 [139786991953600] INFO perfrun.perfcollector <> - pmu config : cpu , m_cccrAddr : 186 , m_cccrVal : 4310d3 , m_escrAddr : ffffffff , m_escrVal : 0 , m_dataAddr : c1 , m_dataVal : fffffffffffe795d
136 [139786991953600] INFO perfrun.perfcollector <> - config : event : d3
136 [139786991953600] INFO perfrun.perfcollector <> - config : pc : 0
136 [139786991953600] INFO perfrun.perfcollector <> - config : edge : 0
136 [139786991953600] INFO perfrun.perfcollector <> - config : any : 0
136 [139786991953600] INFO perfrun.perfcollector <> - config1 : offcore_rsp : 0
136 [139786991953600] INFO perfrun.perfcollector <> - config1 : ldlat : 0
136 [139786991953600] INFO perfrun.perfcollector <> - config : inv : 0
136 [139786991953600] INFO perfrun.perfcollector <> - config : umask : 10
136 [139786991953600] INFO perfrun.perfcollector <> - config : cmask : 0
136 [139786991953600] WARN perfrun.perfcollector <> - precise event : config : 10d3 , [m_cccrVal & impreciseMask(0x100000)] : 0, at file: vcs/perfrun1/plugins/perfcollector/src/event_manager.cpp:292
136 [139786991953600] INFO perfrun.perfcollector <> - format : cpu/event=0xd3,umask=0x10,name='MEM_LOAD_UOPS_L3_MISS_RETIRED.REMOTE_HITM_PS'/
136 [139786991953600] INFO perfrun.perfcollector <> - pmu config : cpu , m_cccrAddr : 187 , m_cccrVal : 4320d3 , m_escrAddr : ffffffff , m_escrVal : 0 , m_dataAddr : c2 , m_dataVal : fffffffffffe795d
136 [139786991953600] INFO perfrun.perfcollector <> - config : event : d3
136 [139786991953600] INFO perfrun.perfcollector <> - config : pc : 0
136 [139786991953600] INFO perfrun.perfcollector <> - config : edge : 0
136 [139786991953600] INFO perfrun.perfcollector <> - config : any : 0
137 [139786991953600] INFO perfrun.perfcollector <> - config1 : offcore_rsp : 0
137 [139786991953600] INFO perfrun.perfcollector <> - config1 : ldlat : 0
137 [139786991953600] INFO perfrun.perfcollector <> - config : inv : 0
137 [139786991953600] INFO perfrun.perfcollector <> - config : umask : 20
137 [139786991953600] INFO perfrun.perfcollector <> - config : cmask : 0
137 [139786991953600] WARN perfrun.perfcollector <> - precise event : config : 20d3 , [m_cccrVal & impreciseMask(0x100000)] : 0, at file: vcs/perfrun1/plugins/perfcollector/src/event_manager.cpp:292
137 [139786991953600] INFO perfrun.perfcollector <> - format : cpu/event=0xd3,umask=0x20,name='MEM_LOAD_UOPS_L3_MISS_RETIRED.REMOTE_FWD_PS'/
137 [139786991953600] INFO perfrun.perfcollector <> - pmu config : uncore_imc_0 , m_cccrAddr : d8 , m_cccrVal : 400304 , m_escrAddr : ffffffff , m_escrVal : 0 , m_dataAddr : a0 , m_dataVal : 0
137 [139786991953600] INFO perfrun.perfcollector <> - config : event : 4
137 [139786991953600] INFO perfrun.perfcollector <> - config : edge : 0
137 [139786991953600] INFO perfrun.perfcollector <> - config : inv : 0
137 [139786991953600] INFO perfrun.perfcollector <> - config : umask : 3
137 [139786991953600] INFO perfrun.perfcollector <> - config : thresh : 0
137 [139786991953600] INFO perfrun.perfcollector <> - format : uncore_imc_0/event=0x4,umask=0x3,name='UNC_M_CAS_COUNT.RD[UNIT0]'/
137 [139786991953600] INFO perfrun.perfcollector <> - pmu config : uncore_imc_1 , m_cccrAddr : d8 , m_cccrVal : 400304 , m_escrAddr : ffffffff , m_escrVal : 0 , m_dataAddr : a0 , m_dataVal : 0
137 [139786991953600] INFO perfrun.perfcollector <> - config : event : 4
137 [139786991953600] INFO perfrun.perfcollector <> - config : edge : 0
137 [139786991953600] INFO perfrun.perfcollector <> - config : inv : 0
137 [139786991953600] INFO perfrun.perfcollector <> - config : umask : 3
137 [139786991953600] INFO perfrun.perfcollector <> - config : thresh : 0
137 [139786991953600] INFO perfrun.perfcollector <> - format : uncore_imc_1/event=0x4,umask=0x3,name='UNC_M_CAS_COUNT.RD[UNIT1]'/
137 [139786991953600] INFO perfrun.perfcollector <> - pmu config : uncore_imc_4 , m_cccrAddr : d8 , m_cccrVal : 400304 , m_escrAddr : ffffffff , m_escrVal : 0 , m_dataAddr : a0 , m_dataVal : 0
137 [139786991953600] INFO perfrun.perfcollector <> - config : event : 4
137 [139786991953600] INFO perfrun.perfcollector <> - config : edge : 0
137 [139786991953600] INFO perfrun.perfcollector <> - config : inv : 0
137 [139786991953600] INFO perfrun.perfcollector <> - config : umask : 3
137 [139786991953600] INFO perfrun.perfcollector <> - config : thresh : 0
137 [139786991953600] INFO perfrun.perfcollector <> - format : uncore_imc_4/event=0x4,umask=0x3,name='UNC_M_CAS_COUNT.RD[UNIT4]'/
137 [139786991953600] INFO perfrun.perfcollector <> - pmu config : uncore_imc_5 , m_cccrAddr : d8 , m_cccrVal : 400304 , m_escrAddr : ffffffff , m_escrVal : 0 , m_dataAddr : a0 , m_dataVal : 0
137 [139786991953600] INFO perfrun.perfcollector <> - config : event : 4
137 [139786991953600] INFO perfrun.perfcollector <> - config : edge : 0
137 [139786991953600] INFO perfrun.perfcollector <> - config : inv : 0
137 [139786991953600] INFO perfrun.perfcollector <> - config : umask : 3
137 [139786991953600] INFO perfrun.perfcollector <> - config : thresh : 0
137 [139786991953600] INFO perfrun.perfcollector <> - format : uncore_imc_5/event=0x4,umask=0x3,name='UNC_M_CAS_COUNT.RD[UNIT5]'/
137 [139786991953600] INFO perfrun.perfcollector <> - pmu config : uncore_imc_0 , m_cccrAddr : dc , m_cccrVal : 400c04 , m_escrAddr : ffffffff , m_escrVal : 0 , m_dataAddr : a8 , m_dataVal : 0
137 [139786991953600] INFO perfrun.perfcollector <> - config : event : 4
137 [139786991953600] INFO perfrun.perfcollector <> - config : edge : 0
137 [139786991953600] INFO perfrun.perfcollector <> - config : inv : 0
137 [139786991953600] INFO perfrun.perfcollector <> - config : umask : c
137 [139786991953600] INFO perfrun.perfcollector <> - config : thresh : 0
137 [139786991953600] INFO perfrun.perfcollector <> - format : uncore_imc_0/event=0x4,umask=0xc,name='UNC_M_CAS_COUNT.WR[UNIT0]'/
137 [139786991953600] INFO perfrun.perfcollector <> - pmu config : uncore_imc_1 , m_cccrAddr : dc , m_cccrVal : 400c04 , m_escrAddr : ffffffff , m_escrVal : 0 , m_dataAddr : a8 , m_dataVal : 0
137 [139786991953600] INFO perfrun.perfcollector <> - config : event : 4
137 [139786991953600] INFO perfrun.perfcollector <> - config : edge : 0
137 [139786991953600] INFO perfrun.perfcollector <> - config : inv : 0
137 [139786991953600] INFO perfrun.perfcollector <> - config : umask : c
137 [139786991953600] INFO perfrun.perfcollector <> - config : thresh : 0
137 [139786991953600] INFO perfrun.perfcollector <> - format : uncore_imc_1/event=0x4,umask=0xc,name='UNC_M_CAS_COUNT.WR[UNIT1]'/
137 [139786991953600] INFO perfrun.perfcollector <> - pmu config : uncore_imc_4 , m_cccrAddr : dc , m_cccrVal : 400c04 , m_escrAddr : ffffffff , m_escrVal : 0 , m_dataAddr : a8 , m_dataVal : 0
137 [139786991953600] INFO perfrun.perfcollector <> - config : event : 4
137 [139786991953600] INFO perfrun.perfcollector <> - config : edge : 0
137 [139786991953600] INFO perfrun.perfcollector <> - config : inv : 0
137 [139786991953600] INFO perfrun.perfcollector <> - config : umask : c
137 [139786991953600] INFO perfrun.perfcollector <> - config : thresh : 0
137 [139786991953600] INFO perfrun.perfcollector <> - format : uncore_imc_4/event=0x4,umask=0xc,name='UNC_M_CAS_COUNT.WR[UNIT4]'/
137 [139786991953600] INFO perfrun.perfcollector <> - pmu config : uncore_imc_5 , m_cccrAddr : dc , m_cccrVal : 400c04 , m_escrAddr : ffffffff , m_escrVal : 0 , m_dataAddr : a8 , m_dataVal : 0
137 [139786991953600] INFO perfrun.perfcollector <> - config : event : 4
137 [139786991953600] INFO perfrun.perfcollector <> - config : edge : 0
137 [139786991953600] INFO perfrun.perfcollector <> - config : inv : 0
137 [139786991953600] INFO perfrun.perfcollector <> - config : umask : c
137 [139786991953600] INFO perfrun.perfcollector <> - config : thresh : 0
137 [139786991953600] INFO perfrun.perfcollector <> - format : uncore_imc_5/event=0x4,umask=0xc,name='UNC_M_CAS_COUNT.WR[UNIT5]'/
137 [139786991953600] INFO perfrun.perfcollector <> - event: cpu/event=0x3c,name='CPU_CLK_UNHALTED.THREAD'/Duk , added for counting
137 [139786991953600] INFO perfrun.perfcollector <> - event: cpu/umask=0x3,name='CPU_CLK_UNHALTED.REF_TSC'/Duk , added for counting
137 [139786991953600] INFO perfrun.perfcollector <> - event: cpu/event=0xc0,name='INST_RETIRED.ANY'/Duk , added for counting
137 [139786991953600] INFO perfrun.perfcollector <> - event: cpu/event=0xa3,umask=0xc,cmask=0xc,name='CYCLE_ACTIVITY.STALLS_L1D_PENDING'/uk , added for counting
137 [139786991953600] INFO perfrun.perfcollector <> - event: cpu/event=0x3c,umask=0x1,name='CPU_CLK_UNHALTED.REF_XCLK'/uk , added for counting
137 [139786991953600] INFO perfrun.perfcollector <> - event: cpu/event=0x3c,umask=0x2,name='CPU_CLK_UNHALTED.ONE_THREAD_ACTIVE'/uk , added for counting
137 [139786991953600] INFO perfrun.perfcollector <> - event: cpu/event=0xc2,umask=0x2,name='UOPS_RETIRED.RETIRE_SLOTS'/uk , added for counting
137 [139786991953600] INFO perfrun.perfcollector <> - event: cpu/event=0xa3,umask=0x4,cmask=0x4,name='CYCLE_ACTIVITY.CYCLES_NO_EXECUTE'/uk , added for counting
137 [139786991953600] INFO perfrun.perfcollector <> - event: cpu/event=0xa3,umask=0x6,cmask=0x6,name='CYCLE_ACTIVITY.STALLS_LDM_PENDING'/uk , added for counting
137 [139786991953600] INFO perfrun.perfcollector <> - event: cpu/event=0xa3,umask=0x5,cmask=0x5,name='CYCLE_ACTIVITY.STALLS_L2_PENDING'/uk , added for counting
137 [139786991953600] INFO perfrun.perfcollector <> - event: cpu/event=0x9c,umask=0x1,name='IDQ_UOPS_NOT_DELIVERED.CORE'/uk , added for counting
137 [139786991953600] INFO perfrun.perfcollector <> - event: cpu/event=0xd,umask=0x3,cmask=0x1,name='INT_MISC.RECOVERY_CYCLES'/uk , added for counting
137 [139786991953600] INFO perfrun.perfcollector <> - event: cpu/event=0xd1,umask=0x4,name='MEM_LOAD_UOPS_RETIRED.L3_HIT_PS'/uk , added for counting
137 [139786991953600] INFO perfrun.perfcollector <> - event: cpu/event=0xd1,umask=0x20,name='MEM_LOAD_UOPS_RETIRED.L3_MISS_PS'/uk , added for counting
137 [139786991953600] INFO perfrun.perfcollector <> - event: cpu/event=0x60,umask=0x8,cmask=0x1,name='OFFCORE_REQUESTS_OUTSTANDING.CYCLES_WITH_DATA_RD'/uk , added for counting
137 [139786991953600] INFO perfrun.perfcollector <> - event: cpu/event=0x60,umask=0x8,cmask=0x6,name='OFFCORE_REQUESTS_OUTSTANDING.ALL_DATA_RD:cmask=6'/uk , added for counting
137 [139786991953600] INFO perfrun.perfcollector <> - event: cpu/event=0xa2,umask=0x8,name='RESOURCE_STALLS.SB'/uk , added for counting
137 [139786991953600] INFO perfrun.perfcollector <> - event: cpu/event=0x5e,umask=0x1,name='RS_EVENTS.EMPTY_CYCLES'/uk , added for counting
137 [139786991953600] INFO perfrun.perfcollector <> - event: cpu/event=0xb1,umask=0x2,cmask=0x1,name='UOPS_EXECUTED.CORE:cmask=1'/uk , added for counting
137 [139786991953600] INFO perfrun.perfcollector <> - event: cpu/event=0xb1,umask=0x2,cmask=0x2,name='UOPS_EXECUTED.CORE:cmask=2'/uk , added for counting
137 [139786991953600] INFO perfrun.perfcollector <> - event: cpu/event=0xb1,umask=0x2,cmask=0x3,name='UOPS_EXECUTED.CORE:cmask=3'/uk , added for counting
137 [139786991953600] INFO perfrun.perfcollector <> - event: cpu/event=0xe,umask=0x1,name='UOPS_ISSUED.ANY'/uk , added for counting
137 [139786991953600] INFO perfrun.perfcollector <> - event: cpu/event=0x9c,umask=0x1,cmask=0x4,name='IDQ_UOPS_NOT_DELIVERED.CYCLES_0_UOPS_DELIV.CORE'/uk , added for counting
137 [139786991953600] INFO perfrun.perfcollector <> - event: cpu/event=0xd0,umask=0x81,name='MEM_UOPS_RETIRED.ALL_LOADS_PS'/uk , added for counting
137 [139786991953600] INFO perfrun.perfcollector <> - event: cpu/event=0xd0,umask=0x82,name='MEM_UOPS_RETIRED.ALL_STORES_PS'/uk , added for counting
137 [139786991953600] INFO perfrun.perfcollector <> - event: cpu/event=0xd3,umask=0x1,name='MEM_LOAD_UOPS_L3_MISS_RETIRED.LOCAL_DRAM_PS'/uk , added for counting
137 [139786991953600] INFO perfrun.perfcollector <> - event: cpu/event=0xd3,umask=0x4,name='MEM_LOAD_UOPS_L3_MISS_RETIRED.REMOTE_DRAM_PS'/uk , added for counting
137 [139786991953600] INFO perfrun.perfcollector <> - event: cpu/event=0xd3,umask=0x10,name='MEM_LOAD_UOPS_L3_MISS_RETIRED.REMOTE_HITM_PS'/uk , added for counting
137 [139786991953600] INFO perfrun.perfcollector <> - event: cpu/event=0xd3,umask=0x20,name='MEM_LOAD_UOPS_L3_MISS_RETIRED.REMOTE_FWD_PS'/uk , added for counting
137 [139786991953600] INFO perfrun.perfcollector <> - event: uncore_imc_0/event=0x4,umask=0x3,name='UNC_M_CAS_COUNT.RD[UNIT0]'/ , added for counting
137 [139786991953600] INFO perfrun.perfcollector <> - event: uncore_imc_1/event=0x4,umask=0x3,name='UNC_M_CAS_COUNT.RD[UNIT1]'/ , added for counting
137 [139786991953600] INFO perfrun.perfcollector <> - event: uncore_imc_4/event=0x4,umask=0x3,name='UNC_M_CAS_COUNT.RD[UNIT4]'/ , added for counting
137 [139786991953600] INFO perfrun.perfcollector <> - event: uncore_imc_5/event=0x4,umask=0x3,name='UNC_M_CAS_COUNT.RD[UNIT5]'/ , added for counting
137 [139786991953600] INFO perfrun.perfcollector <> - event: uncore_imc_0/event=0x4,umask=0xc,name='UNC_M_CAS_COUNT.WR[UNIT0]'/ , added for counting
137 [139786991953600] INFO perfrun.perfcollector <> - event: uncore_imc_1/event=0x4,umask=0xc,name='UNC_M_CAS_COUNT.WR[UNIT1]'/ , added for counting
137 [139786991953600] INFO perfrun.perfcollector <> - event: uncore_imc_4/event=0x4,umask=0xc,name='UNC_M_CAS_COUNT.WR[UNIT4]'/ , added for counting
137 [139786991953600] INFO perfrun.perfcollector <> - event: uncore_imc_5/event=0x4,umask=0xc,name='UNC_M_CAS_COUNT.WR[UNIT5]'/ , added for counting
138 [139786891294400] WARN perfrun.perfcollector <> - Perf stat trace pipe capacity: read = 1048576, write = 1048576, at file: vcs/perfrun1/plugins/perfcollector/src/profiler.cpp:763
138 [139786891294400] INFO perfrun.perfcollector <> - Path to Perf control pipe: /tmp/amplxe-tmp-emlazuta/perf-pipe-3470536-13069685829925451
139 [139786891294400] INFO perfrun.sdk <> - runCmd: "/home/intel/oneapi/vtune/2021.1.1/bin64/amplxe-perf" stat -v --log-fd 11 --pipe "/tmp/amplxe-tmp-emlazuta/perf-pipe-3470536-13069685829925451" --pipe-sync --scale -x ; -e cpu/event=0x3c,name='CPU_CLK_UNHALTED.THREAD'/Duk,cpu/umask=0x3,name='CPU_CLK_UNHALTED.REF_TSC'/Duk,cpu/event=0xc0,name='INST_RETIRED.ANY'/Duk,cpu/event=0xa3,umask=0xc,cmask=0xc,name='CYCLE_ACTIVITY.STALLS_L1D_PENDING'/uk,cpu/event=0x3c,umask=0x1,name='CPU_CLK_UNHALTED.REF_XCLK'/uk,cpu/event=0x3c,umask=0x2,name='CPU_CLK_UNHALTED.ONE_THREAD_ACTIVE'/uk,cpu/event=0xc2,umask=0x2,name='UOPS_RETIRED.RETIRE_SLOTS'/uk,cpu/event=0xa3,umask=0x4,cmask=0x4,name='CYCLE_ACTIVITY.CYCLES_NO_EXECUTE'/uk,cpu/event=0xa3,umask=0x6,cmask=0x6,name='CYCLE_ACTIVITY.STALLS_LDM_PENDING'/uk,cpu/event=0xa3,umask=0x5,cmask=0x5,name='CYCLE_ACTIVITY.STALLS_L2_PENDING'/uk,cpu/event=0x9c,umask=0x1,name='IDQ_UOPS_NOT_DELIVERED.CORE'/uk,cpu/event=0xd,umask=0x3,cmask=0x1,name='INT_MISC.RECOVERY_CYCLES'/uk,cpu/event=0xd1,umask=0x4,name='MEM_LOAD_UOPS_RETIRED.L3_HIT_PS'/uk,cpu/event=0xd1,umask=0x20,name='MEM_LOAD_UOPS_RETIRED.L3_MISS_PS'/uk,cpu/event=0x60,umask=0x8,cmask=0x1,name='OFFCORE_REQUESTS_OUTSTANDING.CYCLES_WITH_DATA_RD'/uk,cpu/event=0x60,umask=0x8,cmask=0x6,name='OFFCORE_REQUESTS_OUTSTANDING.ALL_DATA_RD:cmask=6'/uk,cpu/event=0xa2,umask=0x8,name='RESOURCE_STALLS.SB'/uk,cpu/event=0x5e,umask=0x1,name='RS_EVENTS.EMPTY_CYCLES'/uk,cpu/event=0xb1,umask=0x2,cmask=0x1,name='UOPS_EXECUTED.CORE:cmask=1'/uk,cpu/event=0xb1,umask=0x2,cmask=0x2,name='UOPS_EXECUTED.CORE:cmask=2'/uk,cpu/event=0xb1,umask=0x2,cmask=0x3,name='UOPS_EXECUTED.CORE:cmask=3'/uk,cpu/event=0xe,umask=0x1,name='UOPS_ISSUED.ANY'/uk,cpu/event=0x9c,umask=0x1,cmask=0x4,name='IDQ_UOPS_NOT_DELIVERED.CYCLES_0_UOPS_DELIV.CORE'/uk,cpu/event=0xd0,umask=0x81,name='MEM_UOPS_RETIRED.ALL_LOADS_PS'/uk,cpu/event=0xd0,umask=0x82,name='MEM_UOPS_RETIRED.ALL_STORES_PS'/uk,cpu/event=0xd3,umask=0x1,name='MEM_LOAD_UOPS_L3_MISS_RETIRED.LOCAL_DRAM_PS'/uk,cpu/event=0xd3,umask=0x4,name='MEM_LOAD_UOPS_L3_MISS_RETIRED.REMOTE_DRAM_PS'/uk,cpu/event=0xd3,umask=0x10,name='MEM_LOAD_UOPS_L3_MISS_RETIRED.REMOTE_HITM_PS'/uk,cpu/event=0xd3,umask=0x20,name='MEM_LOAD_UOPS_L3_MISS_RETIRED.REMOTE_FWD_PS'/uk,uncore_imc_0/event=0x4,umask=0x3,name='UNC_M_CAS_COUNT.RD[UNIT0]'/,uncore_imc_1/event=0x4,umask=0x3,name='UNC_M_CAS_COUNT.RD[UNIT1]'/,uncore_imc_4/event=0x4,umask=0x3,name='UNC_M_CAS_COUNT.RD[UNIT4]'/,uncore_imc_5/event=0x4,umask=0x3,name='UNC_M_CAS_COUNT.RD[UNIT5]'/,uncore_imc_0/event=0x4,umask=0xc,name='UNC_M_CAS_COUNT.WR[UNIT0]'/,uncore_imc_1/event=0x4,umask=0xc,name='UNC_M_CAS_COUNT.WR[UNIT1]'/,uncore_imc_4/event=0x4,umask=0xc,name='UNC_M_CAS_COUNT.WR[UNIT4]'/,uncore_imc_5/event=0x4,umask=0xc,name='UNC_M_CAS_COUNT.WR[UNIT5]'/ "/home/intel/oneapi/vtune/2021.1.1/bin64/amplxe-perf-sync" dryrun sys
203 [139786882901696] INFO perfrun.perfcollector <> - PERF_STAT : "CPU_CLK_UNHALTED.THREAD: 13198289 5154176 5154176"
203 [139786882901696] WARN perfrun.perfcollector <> - Unexpected PERF_STAT format, ignored, at file: vcs/perfrun1/plugins/perfcollector/src/profiler.cpp:490
203 [139786882901696] INFO perfrun.perfcollector <> - PERF_STAT : "CPU_CLK_UNHALTED.REF_TSC: 11675375 5154176 5154176"
203 [139786882901696] WARN perfrun.perfcollector <> - Unexpected PERF_STAT format, ignored, at file: vcs/perfrun1/plugins/perfcollector/src/profiler.cpp:490
203 [139786882901696] INFO perfrun.perfcollector <> - PERF_STAT : "INST_RETIRED.ANY: 15809673 5154176 5154176"
203 [139786882901696] WARN perfrun.perfcollector <> - Unexpected PERF_STAT format, ignored, at file: vcs/perfrun1/plugins/perfcollector/src/profiler.cpp:490
203 [139786882901696] INFO perfrun.perfcollector <> - PERF_STAT : "CYCLE_ACTIVITY.STALLS_L1D_PENDING: 652749 5154176 3084627"
203 [139786882901696] WARN perfrun.perfcollector <> - Unexpected PERF_STAT format, ignored, at file: vcs/perfrun1/plugins/perfcollector/src/profiler.cpp:490
203 [139786882901696] INFO perfrun.perfcollector <> - PERF_STAT : "CPU_CLK_UNHALTED.REF_XCLK: 507629 5154176 5154176"
203 [139786882901696] WARN perfrun.perfcollector <> - Unexpected PERF_STAT format, ignored, at file: vcs/perfrun1/plugins/perfcollector/src/profiler.cpp:490
203 [139786882901696] INFO perfrun.perfcollector <> - PERF_STAT : "CPU_CLK_UNHALTED.ONE_THREAD_ACTIVE: 506785 5154176 5154176"
203 [139786882901696] WARN perfrun.perfcollector <> - Unexpected PERF_STAT format, ignored, at file: vcs/perfrun1/plugins/perfcollector/src/profiler.cpp:490
203 [139786882901696] INFO perfrun.perfcollector <> - PERF_STAT : "UOPS_RETIRED.RETIRE_SLOTS: 17236181 5154176 5154176"
203 [139786882901696] WARN perfrun.perfcollector <> - Unexpected PERF_STAT format, ignored, at file: vcs/perfrun1/plugins/perfcollector/src/profiler.cpp:490
203 [139786882901696] INFO perfrun.perfcollector <> - PERF_STAT : "CYCLE_ACTIVITY.CYCLES_NO_EXECUTE: 4191455 5154176 2069549"
203 [139786882901696] WARN perfrun.perfcollector <> - Unexpected PERF_STAT format, ignored, at file: vcs/perfrun1/plugins/perfcollector/src/profiler.cpp:490
203 [139786882901696] INFO perfrun.perfcollector <> - PERF_STAT : "CYCLE_ACTIVITY.STALLS_LDM_PENDING: 0 5154176 0"
203 [139786882901696] WARN perfrun.perfcollector <> - Unexpected PERF_STAT format, ignored, at file: vcs/perfrun1/plugins/perfcollector/src/profiler.cpp:490
203 [139786882901696] INFO perfrun.perfcollector <> - PERF_STAT : "CYCLE_ACTIVITY.STALLS_L2_PENDING: 0 5154176 0"
203 [139786882901696] WARN perfrun.perfcollector <> - Unexpected PERF_STAT format, ignored, at file: vcs/perfrun1/plugins/perfcollector/src/profiler.cpp:490
203 [139786882901696] INFO perfrun.perfcollector <> - PERF_STAT : "IDQ_UOPS_NOT_DELIVERED.CORE: 0 5154176 0"
203 [139786882901696] WARN perfrun.perfcollector <> - Unexpected PERF_STAT format, ignored, at file: vcs/perfrun1/plugins/perfcollector/src/profiler.cpp:490
203 [139786882901696] INFO perfrun.perfcollector <> - PERF_STAT : "INT_MISC.RECOVERY_CYCLES: 0 5154176 0"
203 [139786882901696] WARN perfrun.perfcollector <> - Unexpected PERF_STAT format, ignored, at file: vcs/perfrun1/plugins/perfcollector/src/profiler.cpp:490
203 [139786882901696] INFO perfrun.perfcollector <> - PERF_STAT : "MEM_LOAD_UOPS_RETIRED.L3_HIT_PS: 0 5154176 0"
203 [139786882901696] WARN perfrun.perfcollector <> - Unexpected PERF_STAT format, ignored, at file: vcs/perfrun1/plugins/perfcollector/src/profiler.cpp:490
203 [139786882901696] INFO perfrun.perfcollector <> - PERF_STAT : "MEM_LOAD_UOPS_RETIRED.L3_MISS_PS: 0 5154176 0"
203 [139786882901696] WARN perfrun.perfcollector <> - Unexpected PERF_STAT format, ignored, at file: vcs/perfrun1/plugins/perfcollector/src/profiler.cpp:490
203 [139786882901696] INFO perfrun.perfcollector <> - PERF_STAT : "OFFCORE_REQUESTS_OUTSTANDING.CYCLES_WITH_DATA_RD: 0 5154176 0"
203 [139786882901696] WARN perfrun.perfcollector <> - Unexpected PERF_STAT format, ignored, at file: vcs/perfrun1/plugins/perfcollector/src/profiler.cpp:490
203 [139786882901696] INFO perfrun.perfcollector <> - PERF_STAT : "OFFCORE_REQUESTS_OUTSTANDING.ALL_DATA_RD:cmask=6: 0 5154176 0"
203 [139786882901696] WARN perfrun.perfcollector <> - Unexpected PERF_STAT format, ignored, at file: vcs/perfrun1/plugins/perfcollector/src/profiler.cpp:490
203 [139786882901696] INFO perfrun.perfcollector <> - PERF_STAT : "RESOURCE_STALLS.SB: 0 5154176 0"
203 [139786882901696] WARN perfrun.perfcollector <> - Unexpected PERF_STAT format, ignored, at file: vcs/perfrun1/plugins/perfcollector/src/profiler.cpp:490
203 [139786882901696] INFO perfrun.perfcollector <> - PERF_STAT : "RS_EVENTS.EMPTY_CYCLES: 0 5154176 0"
203 [139786882901696] WARN perfrun.perfcollector <> - Unexpected PERF_STAT format, ignored, at file: vcs/perfrun1/plugins/perfcollector/src/profiler.cpp:490
203 [139786882901696] INFO perfrun.perfcollector <> - PERF_STAT : "UOPS_EXECUTED.CORE:cmask=1: 0 5154176 0"
203 [139786882901696] WARN perfrun.perfcollector <> - Unexpected PERF_STAT format, ignored, at file: vcs/perfrun1/plugins/perfcollector/src/profiler.cpp:490
203 [139786882901696] INFO perfrun.perfcollector <> - PERF_STAT : "UOPS_EXECUTED.CORE:cmask=2: 0 5154176 0"
203 [139786882901696] WARN perfrun.perfcollector <> - Unexpected PERF_STAT format, ignored, at file: vcs/perfrun1/plugins/perfcollector/src/profiler.cpp:490
203 [139786882901696] INFO perfrun.perfcollector <> - PERF_STAT : "UOPS_EXECUTED.CORE:cmask=3: 0 5154176 0"
203 [139786882901696] WARN perfrun.perfcollector <> - Unexpected PERF_STAT format, ignored, at file: vcs/perfrun1/plugins/perfcollector/src/profiler.cpp:490
203 [139786882901696] INFO perfrun.perfcollector <> - PERF_STAT : "UOPS_ISSUED.ANY: 0 5154176 0"
203 [139786882901696] WARN perfrun.perfcollector <> - Unexpected PERF_STAT format, ignored, at file: vcs/perfrun1/plugins/perfcollector/src/profiler.cpp:490
203 [139786882901696] INFO perfrun.perfcollector <> - PERF_STAT : "IDQ_UOPS_NOT_DELIVERED.CYCLES_0_UOPS_DELIV.CORE: 0 5154176 0"
203 [139786882901696] WARN perfrun.perfcollector <> - Unexpected PERF_STAT format, ignored, at file: vcs/perfrun1/plugins/perfcollector/src/profiler.cpp:490
203 [139786882901696] INFO perfrun.perfcollector <> - PERF_STAT : "MEM_UOPS_RETIRED.ALL_LOADS_PS: 0 5154176 0"
203 [139786882901696] WARN perfrun.perfcollector <> - Unexpected PERF_STAT format, ignored, at file: vcs/perfrun1/plugins/perfcollector/src/profiler.cpp:490
203 [139786882901696] INFO perfrun.perfcollector <> - PERF_STAT : "MEM_UOPS_RETIRED.ALL_STORES_PS: 0 5154176 0"
203 [139786882901696] WARN perfrun.perfcollector <> - Unexpected PERF_STAT format, ignored, at file: vcs/perfrun1/plugins/perfcollector/src/profiler.cpp:490
203 [139786882901696] INFO perfrun.perfcollector <> - PERF_STAT : "MEM_LOAD_UOPS_L3_MISS_RETIRED.LOCAL_DRAM_PS: 0 5154176 0"
203 [139786882901696] WARN perfrun.perfcollector <> - Unexpected PERF_STAT format, ignored, at file: vcs/perfrun1/plugins/perfcollector/src/profiler.cpp:490
203 [139786882901696] INFO perfrun.perfcollector <> - PERF_STAT : "MEM_LOAD_UOPS_L3_MISS_RETIRED.REMOTE_DRAM_PS: 0 5154176 0"
203 [139786882901696] WARN perfrun.perfcollector <> - Unexpected PERF_STAT format, ignored, at file: vcs/perfrun1/plugins/perfcollector/src/profiler.cpp:490
203 [139786882901696] INFO perfrun.perfcollector <> - PERF_STAT : "MEM_LOAD_UOPS_L3_MISS_RETIRED.REMOTE_HITM_PS: 0 5154176 0"
203 [139786882901696] WARN perfrun.perfcollector <> - Unexpected PERF_STAT format, ignored, at file: vcs/perfrun1/plugins/perfcollector/src/profiler.cpp:490
203 [139786882901696] INFO perfrun.perfcollector <> - PERF_STAT : "MEM_LOAD_UOPS_L3_MISS_RETIRED.REMOTE_FWD_PS: 0 5154176 0"
203 [139786882901696] WARN perfrun.perfcollector <> - Unexpected PERF_STAT format, ignored, at file: vcs/perfrun1/plugins/perfcollector/src/profiler.cpp:490
203 [139786882901696] INFO perfrun.perfcollector <> - PERF_STAT : "13198289;;CPU_CLK_UNHALTED.THREAD;5154176;100.00;;"
203 [139786882901696] INFO perfrun.perfcollector <> - PERF_STAT : "11675375;;CPU_CLK_UNHALTED.REF_TSC;5154176;100.00;;"
205 [139786882901696] INFO perfrun.perfcollector <> - PERF_STAT : "15809673;;INST_RETIRED.ANY;5154176;100.00;;"
205 [139786882901696] INFO perfrun.perfcollector <> - PERF_STAT : "652749;;CYCLE_ACTIVITY.STALLS_L1D_PENDING;3084627;59.85;;"
205 [139786882901696] INFO perfrun.perfcollector <> - PERF_STAT : "507629;;CPU_CLK_UNHALTED.REF_XCLK;5154176;100.00;;"
205 [139786882901696] INFO perfrun.perfcollector <> - PERF_STAT : "506785;;CPU_CLK_UNHALTED.ONE_THREAD_ACTIVE;5154176;100.00;;"
206 [139786882901696] INFO perfrun.perfcollector <> - PERF_STAT : "17236181;;UOPS_RETIRED.RETIRE_SLOTS;5154176;100.00;;"
206 [139786882901696] INFO perfrun.perfcollector <> - PERF_STAT : "4191455;;CYCLE_ACTIVITY.CYCLES_NO_EXECUTE;2069549;40.15;;"
206 [139786882901696] INFO perfrun.perfcollector <> - PERF_STAT : "<not counted>;;CYCLE_ACTIVITY.STALLS_LDM_PENDING;0;0.00;;"
206 [139786882901696] INFO perfrun.perfcollector <> - PERF_STAT : "<not counted>;;CYCLE_ACTIVITY.STALLS_L2_PENDING;0;0.00;;"
206 [139786882901696] INFO perfrun.perfcollector <> - PERF_STAT : "<not counted>;;IDQ_UOPS_NOT_DELIVERED.CORE;0;0.00;;"
206 [139786882901696] INFO perfrun.perfcollector <> - PERF_STAT : "<not counted>;;INT_MISC.RECOVERY_CYCLES;0;0.00;;"
206 [139786891294400] INFO perfrun.perfcollector <> - Monitor: runCmd RC = true
206 [139786882901696] INFO perfrun.perfcollector <> - PERF_STAT : "<not counted>;;MEM_LOAD_UOPS_RETIRED.L3_HIT_PS;0;0.00;;"
206 [139786882901696] INFO perfrun.perfcollector <> - PERF_STAT : "<not counted>;;MEM_LOAD_UOPS_RETIRED.L3_MISS_PS;0;0.00;;"
206 [139786882901696] INFO perfrun.perfcollector <> - PERF_STAT : "<not counted>;;OFFCORE_REQUESTS_OUTSTANDING.CYCLES_WITH_DATA_RD;0;0.00;;"
206 [139786882901696] INFO perfrun.perfcollector <> - PERF_STAT : "<not counted>;;OFFCORE_REQUESTS_OUTSTANDING.ALL_DATA_RD:cmask=6;0;0.00;;"
206 [139786882901696] INFO perfrun.perfcollector <> - PERF_STAT : "<not counted>;;RESOURCE_STALLS.SB;0;0.00;;"
206 [139786882901696] INFO perfrun.perfcollector <> - PERF_STAT : "<not counted>;;RS_EVENTS.EMPTY_CYCLES;0;0.00;;"
206 [139786882901696] INFO perfrun.perfcollector <> - PERF_STAT : "<not counted>;;UOPS_EXECUTED.CORE:cmask=1;0;0.00;;"
206 [139786882901696] INFO perfrun.perfcollector <> - PERF_STAT : "<not counted>;;UOPS_EXECUTED.CORE:cmask=2;0;0.00;;"
206 [139786882901696] INFO perfrun.perfcollector <> - PERF_STAT : "<not counted>;;UOPS_EXECUTED.CORE:cmask=3;0;0.00;;"
206 [139786882901696] INFO perfrun.perfcollector <> - PERF_STAT : "<not counted>;;UOPS_ISSUED.ANY;0;0.00;;"
206 [139786882901696] INFO perfrun.perfcollector <> - PERF_STAT : "<not counted>;;IDQ_UOPS_NOT_DELIVERED.CYCLES_0_UOPS_DELIV.CORE;0;0.00;;"
206 [139786882901696] INFO perfrun.perfcollector <> - PERF_STAT : "<not counted>;;MEM_UOPS_RETIRED.ALL_LOADS_PS;0;0.00;;"
206 [139786882901696] INFO perfrun.perfcollector <> - PERF_STAT : "<not counted>;;MEM_UOPS_RETIRED.ALL_STORES_PS;0;0.00;;"
206 [139786882901696] INFO perfrun.perfcollector <> - PERF_STAT : "<not counted>;;MEM_LOAD_UOPS_L3_MISS_RETIRED.LOCAL_DRAM_PS;0;0.00;;"
206 [139786882901696] INFO perfrun.perfcollector <> - PERF_STAT : "<not counted>;;MEM_LOAD_UOPS_L3_MISS_RETIRED.REMOTE_DRAM_PS;0;0.00;;"
206 [139786882901696] INFO perfrun.perfcollector <> - PERF_STAT : "<not counted>;;MEM_LOAD_UOPS_L3_MISS_RETIRED.REMOTE_HITM_PS;0;0.00;;"
206 [139786882901696] INFO perfrun.perfcollector <> - PERF_STAT : "<not counted>;;MEM_LOAD_UOPS_L3_MISS_RETIRED.REMOTE_FWD_PS;0;0.00;;"
206 [139786882901696] INFO perfrun.perfcollector <> - PERF_STAT : "<not supported>;;UNC_M_CAS_COUNT.RD[UNIT0];0;100.00;;"
206 [139786882901696] INFO perfrun.perfcollector <> - PERF_STAT : "<not supported>;;UNC_M_CAS_COUNT.RD[UNIT1];0;100.00;;"
206 [139786882901696] INFO perfrun.perfcollector <> - PERF_STAT : "<not supported>;;UNC_M_CAS_COUNT.RD[UNIT4];0;100.00;;"
206 [139786882901696] INFO perfrun.perfcollector <> - PERF_STAT : "<not supported>;;UNC_M_CAS_COUNT.RD[UNIT5];0;100.00;;"
206 [139786882901696] INFO perfrun.perfcollector <> - PERF_STAT : "<not supported>;;UNC_M_CAS_COUNT.WR[UNIT0];0;100.00;;"
206 [139786882901696] INFO perfrun.perfcollector <> - PERF_STAT : "<not supported>;;UNC_M_CAS_COUNT.WR[UNIT1];0;100.00;;"
206 [139786882901696] INFO perfrun.perfcollector <> - PERF_STAT : "<not supported>;;UNC_M_CAS_COUNT.WR[UNIT4];0;100.00;;"
206 [139786882901696] INFO perfrun.perfcollector <> - PERF_STAT : "<not supported>;;UNC_M_CAS_COUNT.WR[UNIT5];0;100.00;;"
206 [139786991953600] INFO perfrun.launcher <> - plugin [aoclprofile] was disabled because it doesn't support the given collection type.
206 [139786991953600] INFO perfrun.tpss <> - initialize tpss controller
206 [139786991953600] INFO perfrun.launcher <> - plugin [tpss] was disabled because it doesn't support the given collection type.
206 [139786991953600] INFO perfrun.launcher <> - plugin [exprof] was disabled because it doesn't support the given collection type.
206 [139786991953600] INFO perfrun.launcher <> - plugin [ice] was disabled because it doesn't support the given collection type.
206 [139786991953600] INFO perfrun.launcher <> - plugin [] was disabled because it doesn't support the given collection type.
206 [139786991953600] INFO perfrun.launcher <> - plugin [] was disabled because it doesn't support the given collection type.
206 [139786991953600] INFO perfrun.launcher <> - plugin [parallelfs] was disabled because it doesn't support the given collection type.
206 [139786991953600] INFO perfrun.launcher <> - plugin [power] was disabled because it doesn't support the given collection type.
206 [139786991953600] INFO perfrun.launcher <> - plugin [hwloc] was disabled because it doesn't support the given collection type.
206 [139786991953600] INFO perfrun.launcher <> - plugin [ipmwatch] was disabled because it doesn't support the given collection type.
206 [139786991953600] INFO perfrun.launcher <> - plugin [os_counters] was disabled because it doesn't support the given collection type.
207 [139787148064640] INFO perfrun.launcher <> - set environment variable: INTEL_MRTE_DATA_DIR = /tmp/amplxe-tmp-emlazuta/amplxe-res-3470536-13069685640945859/data.0
207 [139787148064640] INFO perfrun.launcher <> - set environment variable: INTEL_MRTE_HOST_NAME = hype5
207 [139787148064640] INFO perfrun.launcher <> - set environment variable: JAVA_TOOL_OPTIONS = -agentlib:amplxe_samplingmrte_javaprof_1.0 -Dsun.boot.library.path=/home/intel/oneapi/vtune/2021.1.1/lib32/runtime:/home/intel/oneapi/vtune/2021.1.1/lib64/runtime
207 [139787148064640] INFO perfrun.launcher <> - set environment variable: CORECLR_ENABLE_PROFILING = 1
207 [139787148064640] INFO perfrun.launcher <> - set environment variable: CORECLR_PROFILER = {AA5E4821-E3B1-479c-B7FF-5AD047D22CED}
207 [139787148064640] INFO perfrun.launcher <> - set environment variable: CORECLR_PROFILER_PATH = /home/intel/oneapi/vtune/2021.1.1/lib64/libamplxe_samplingmrte_clrprof_1.0.so
207 [139787148064640] INFO perfrun.launcher <> - set environment variable: INTEL_MRTE_PROFILER_MODE = mixed
207 [139787148064640] INFO perfrun.launcher <> - RpcServer: run RPC server to handle requests
209 [139787148064640] INFO perfrun.launcher <> - Launcher: command line to start before modification = ./bin/qlearning_parallel --gridx 100 --gridy 100 --obstacles 2500 --episodes 100000 --maxsteps 1000 --epsilon 0.3 --sync-mode hogwild --seed 42
209 [139787148064640] INFO perfrun.launcher <> - Launcher: command line to start after modification = ./bin/qlearning_parallel --gridx 100 --gridy 100 --obstacles 2500 --episodes 100000 --maxsteps 1000 --epsilon 0.3 --sync-mode hogwild --seed 42
209 [139787148064640] INFO perfrun.launcher <> - ProcessCreator object was created
210 [139787148064640] INFO perfrun.launcher <> - Launcher: the process was started in suspend mode
210 [139786991953600] INFO perfrun.launcher <> - Messenger::say: Peak bandwidth measurement started.
5669 [139786991953600] INFO perfrun.launcher <> - Messenger::say: Peak bandwidth measurement finished.
5673 [139786991953600] WARN perfrun.system <> - Could not do anything with /sys/kernel/debug/kvm: boost::filesystem::status: Permission denied: "/sys/kernel/debug/kvm", at file: vcs/perfrun1/plugins/system/src/trace_writer.cpp:796
5673 [139786991953600] WARN perfrun.system <> - Folder "/var/run/libvirt/qemu/"doesn't exist, at file: vcs/perfrun1/plugins/system/src/trace_writer.cpp:809
5709 [139786991953600] WARN perfrun.sdk <> - Failed to find xl binary on any of the system paths: /bin, /sbin, /usr/bin, /usr/sbin., at file: vcs/perfrun1/sdk/src/utils.cpp:197
5709 [139786991953600] WARN perfrun.system <> - Could not start ContainerMapping collector, at file: vcs/perfrun1/plugins/system/src/controller.cpp:468
5732 [139786991953600] INFO perfrun.vdso <> - Helper runtool '/home/intel/oneapi/vtune/2021.1.1/bin32/amplxe-runss -dump-vdso -r /tmp/amplxe-tmp-emlazuta/amplxe-res-3470536-13069685640945859 --tmp-dir /tmp/amplxe-tmp-emlazuta' returned 1
5826 [139786991953600] INFO perfrun.vdso <> - Helper runtool '/home/intel/oneapi/vtune/2021.1.1/bin64/amplxe-runss -dump-vdso -r /tmp/amplxe-tmp-emlazuta/amplxe-res-3470536-13069685640945859 --tmp-dir /tmp/amplxe-tmp-emlazuta' returned 0
5826 [139786757076672] WARN perfrun.perfcollector <> - Perf stat trace pipe capacity: read = 1048576, write = 1048576, at file: vcs/perfrun1/plugins/perfcollector/src/profiler.cpp:763
5826 [139786757076672] INFO perfrun.perfcollector <> - Path to Perf control pipe: /tmp/amplxe-tmp-emlazuta/perf-pipe-3470536-13069698882432531
5828 [139786757076672] INFO perfrun.sdk <> - runCmd: "/home/intel/oneapi/vtune/2021.1.1/bin64/amplxe-perf" stat -v --log-fd 20 --pipe "/tmp/amplxe-tmp-emlazuta/perf-pipe-3470536-13069698882432531" --pipe-sync --scale -x ; -p 3470546 -e cpu/event=0x3c,name='CPU_CLK_UNHALTED.THREAD'/Duk,cpu/umask=0x3,name='CPU_CLK_UNHALTED.REF_TSC'/Duk,cpu/event=0xc0,name='INST_RETIRED.ANY'/Duk,cpu/event=0xa3,umask=0xc,cmask=0xc,name='CYCLE_ACTIVITY.STALLS_L1D_PENDING'/uk,cpu/event=0x3c,umask=0x1,name='CPU_CLK_UNHALTED.REF_XCLK'/uk,cpu/event=0x3c,umask=0x2,name='CPU_CLK_UNHALTED.ONE_THREAD_ACTIVE'/uk,cpu/event=0xc2,umask=0x2,name='UOPS_RETIRED.RETIRE_SLOTS'/uk,cpu/event=0xa3,umask=0x4,cmask=0x4,name='CYCLE_ACTIVITY.CYCLES_NO_EXECUTE'/uk,cpu/event=0xa3,umask=0x6,cmask=0x6,name='CYCLE_ACTIVITY.STALLS_LDM_PENDING'/uk,cpu/event=0xa3,umask=0x5,cmask=0x5,name='CYCLE_ACTIVITY.STALLS_L2_PENDING'/uk,cpu/event=0x9c,umask=0x1,name='IDQ_UOPS_NOT_DELIVERED.CORE'/uk,cpu/event=0xd,umask=0x3,cmask=0x1,name='INT_MISC.RECOVERY_CYCLES'/uk,cpu/event=0xd1,umask=0x4,name='MEM_LOAD_UOPS_RETIRED.L3_HIT_PS'/uk,cpu/event=0xd1,umask=0x20,name='MEM_LOAD_UOPS_RETIRED.L3_MISS_PS'/uk,cpu/event=0x60,umask=0x8,cmask=0x1,name='OFFCORE_REQUESTS_OUTSTANDING.CYCLES_WITH_DATA_RD'/uk,cpu/event=0x60,umask=0x8,cmask=0x6,name='OFFCORE_REQUESTS_OUTSTANDING.ALL_DATA_RD:cmask=6'/uk,cpu/event=0xa2,umask=0x8,name='RESOURCE_STALLS.SB'/uk,cpu/event=0x5e,umask=0x1,name='RS_EVENTS.EMPTY_CYCLES'/uk,cpu/event=0xb1,umask=0x2,cmask=0x1,name='UOPS_EXECUTED.CORE:cmask=1'/uk,cpu/event=0xb1,umask=0x2,cmask=0x2,name='UOPS_EXECUTED.CORE:cmask=2'/uk,cpu/event=0xb1,umask=0x2,cmask=0x3,name='UOPS_EXECUTED.CORE:cmask=3'/uk,cpu/event=0xe,umask=0x1,name='UOPS_ISSUED.ANY'/uk,cpu/event=0x9c,umask=0x1,cmask=0x4,name='IDQ_UOPS_NOT_DELIVERED.CYCLES_0_UOPS_DELIV.CORE'/uk,cpu/event=0xd0,umask=0x81,name='MEM_UOPS_RETIRED.ALL_LOADS_PS'/uk,cpu/event=0xd0,umask=0x82,name='MEM_UOPS_RETIRED.ALL_STORES_PS'/uk,cpu/event=0xd3,umask=0x1,name='MEM_LOAD_UOPS_L3_MISS_RETIRED.LOCAL_DRAM_PS'/uk,cpu/event=0xd3,umask=0x4,name='MEM_LOAD_UOPS_L3_MISS_RETIRED.REMOTE_DRAM_PS'/uk,cpu/event=0xd3,umask=0x10,name='MEM_LOAD_UOPS_L3_MISS_RETIRED.REMOTE_HITM_PS'/uk,cpu/event=0xd3,umask=0x20,name='MEM_LOAD_UOPS_L3_MISS_RETIRED.REMOTE_FWD_PS'/uk,uncore_imc_0/event=0x4,umask=0x3,name='UNC_M_CAS_COUNT.RD[UNIT0]'/,uncore_imc_1/event=0x4,umask=0x3,name='UNC_M_CAS_COUNT.RD[UNIT1]'/,uncore_imc_4/event=0x4,umask=0x3,name='UNC_M_CAS_COUNT.RD[UNIT4]'/,uncore_imc_5/event=0x4,umask=0x3,name='UNC_M_CAS_COUNT.RD[UNIT5]'/,uncore_imc_0/event=0x4,umask=0xc,name='UNC_M_CAS_COUNT.WR[UNIT0]'/,uncore_imc_1/event=0x4,umask=0xc,name='UNC_M_CAS_COUNT.WR[UNIT1]'/,uncore_imc_4/event=0x4,umask=0xc,name='UNC_M_CAS_COUNT.WR[UNIT4]'/,uncore_imc_5/event=0x4,umask=0xc,name='UNC_M_CAS_COUNT.WR[UNIT5]'/ "/home/intel/oneapi/vtune/2021.1.1/bin64/amplxe-perf-sync" sync sys
5902 [139787148064640] INFO perfrun.launcher <> - Launcher: all plugins were started
5902 [139787148064640] INFO perfrun.launcher <> - DirectoryMonitor object was created
5902 [139787148064640] INFO perfrun.launcher <> - DirectoryMonitor: a callback was added
5902 [139787148064640] INFO perfrun.launcher <> - DirectoryMonitor was started with pingTime = 1000
5902 [139787148064640] INFO perfrun.launcher <> - DeadlineTimer is going to be constructed
5902 [139787148064640] INFO perfrun.launcher <> - DeadlineTimer: a callback was added
5908 [139787148064640] INFO perfrun.launcher <> - Launcher: resume the profiled application and  wait its termination or stop command
8342 [139787148064640] INFO perfrun.launcher <> - Launcher: the profiled application was terminated  with exit code = 0
8349 [139786891294400] INFO perfrun.perfcollector <> - PERF_STAT : "CPU_CLK_UNHALTED.THREAD: 123201692730 47595502721 47595502721"
8349 [139786891294400] WARN perfrun.perfcollector <> - Unexpected PERF_STAT format, ignored, at file: vcs/perfrun1/plugins/perfcollector/src/profiler.cpp:490
8349 [139786891294400] INFO perfrun.perfcollector <> - PERF_STAT : "CPU_CLK_UNHALTED.REF_TSC: 108972682376 47595502721 47595502721"
8349 [139786891294400] WARN perfrun.perfcollector <> - Unexpected PERF_STAT format, ignored, at file: vcs/perfrun1/plugins/perfcollector/src/profiler.cpp:490
8349 [139786891294400] INFO perfrun.perfcollector <> - PERF_STAT : "INST_RETIRED.ANY: 510789152240 47595502721 47595502721"
8349 [139786891294400] WARN perfrun.perfcollector <> - Unexpected PERF_STAT format, ignored, at file: vcs/perfrun1/plugins/perfcollector/src/profiler.cpp:490
8349 [139786891294400] INFO perfrun.perfcollector <> - PERF_STAT : "CYCLE_ACTIVITY.STALLS_L1D_PENDING: 2072059041 47595502721 5469117088"
8349 [139786891294400] WARN perfrun.perfcollector <> - Unexpected PERF_STAT format, ignored, at file: vcs/perfrun1/plugins/perfcollector/src/profiler.cpp:490
8349 [139786891294400] INFO perfrun.perfcollector <> - PERF_STAT : "CPU_CLK_UNHALTED.REF_XCLK: 4739036169 47594965290 3793932766"
8349 [139786891294400] WARN perfrun.perfcollector <> - Unexpected PERF_STAT format, ignored, at file: vcs/perfrun1/plugins/perfcollector/src/profiler.cpp:490
8349 [139786891294400] INFO perfrun.perfcollector <> - PERF_STAT : "CPU_CLK_UNHALTED.ONE_THREAD_ACTIVE: 4501591810 45904260392 5416198655"
8349 [139786891294400] WARN perfrun.perfcollector <> - Unexpected PERF_STAT format, ignored, at file: vcs/perfrun1/plugins/perfcollector/src/profiler.cpp:490
8349 [139786891294400] INFO perfrun.perfcollector <> - PERF_STAT : "UOPS_RETIRED.RETIRE_SLOTS: 299047099857 45980246959 7171946023"
8349 [139786891294400] WARN perfrun.perfcollector <> - Unexpected PERF_STAT format, ignored, at file: vcs/perfrun1/plugins/perfcollector/src/profiler.cpp:490
8349 [139786891294400] INFO perfrun.perfcollector <> - PERF_STAT : "CYCLE_ACTIVITY.CYCLES_NO_EXECUTE: 5466964702 46056279867 7245799758"
8349 [139786891294400] WARN perfrun.perfcollector <> - Unexpected PERF_STAT format, ignored, at file: vcs/perfrun1/plugins/perfcollector/src/profiler.cpp:490
8349 [139786891294400] INFO perfrun.perfcollector <> - PERF_STAT : "CYCLE_ACTIVITY.STALLS_LDM_PENDING: 4348342332 46132270243 7317913203"
8349 [139786891294400] WARN perfrun.perfcollector <> - Unexpected PERF_STAT format, ignored, at file: vcs/perfrun1/plugins/perfcollector/src/profiler.cpp:490
8349 [139786891294400] INFO perfrun.perfcollector <> - PERF_STAT : "CYCLE_ACTIVITY.STALLS_L2_PENDING: 2431888899 46208261127 7367507457"
8349 [139786891294400] WARN perfrun.perfcollector <> - Unexpected PERF_STAT format, ignored, at file: vcs/perfrun1/plugins/perfcollector/src/profiler.cpp:490
8349 [139786891294400] INFO perfrun.perfcollector <> - PERF_STAT : "IDQ_UOPS_NOT_DELIVERED.CORE: 109146096114 46284251133 7363499081"
8349 [139786891294400] WARN perfrun.perfcollector <> - Unexpected PERF_STAT format, ignored, at file: vcs/perfrun1/plugins/perfcollector/src/profiler.cpp:490
8349 [139786891294400] INFO perfrun.perfcollector <> - PERF_STAT : "INT_MISC.RECOVERY_CYCLES: 547621170 46360234952 7359462638"
8349 [139786891294400] WARN perfrun.perfcollector <> - Unexpected PERF_STAT format, ignored, at file: vcs/perfrun1/plugins/perfcollector/src/profiler.cpp:490
8349 [139786891294400] INFO perfrun.perfcollector <> - PERF_STAT : "MEM_LOAD_UOPS_RETIRED.L3_HIT_PS: 5123332 46436220468 7107480355"
8349 [139786891294400] WARN perfrun.perfcollector <> - Unexpected PERF_STAT format, ignored, at file: vcs/perfrun1/plugins/perfcollector/src/profiler.cpp:490
8349 [139786891294400] INFO perfrun.perfcollector <> - PERF_STAT : "MEM_LOAD_UOPS_RETIRED.L3_MISS_PS: 10457813 46512212400 6959383636"
8349 [139786891294400] WARN perfrun.perfcollector <> - Unexpected PERF_STAT format, ignored, at file: vcs/perfrun1/plugins/perfcollector/src/profiler.cpp:490
8349 [139786891294400] INFO perfrun.perfcollector <> - PERF_STAT : "OFFCORE_REQUESTS_OUTSTANDING.CYCLES_WITH_DATA_RD: 7380562712 46588201010 3679604206"
8349 [139786891294400] WARN perfrun.perfcollector <> - Unexpected PERF_STAT format, ignored, at file: vcs/perfrun1/plugins/perfcollector/src/profiler.cpp:490
8349 [139786891294400] INFO perfrun.perfcollector <> - PERF_STAT : "OFFCORE_REQUESTS_OUTSTANDING.ALL_DATA_RD:cmask=6: 343511674 46664194959 3763785801"
8349 [139786891294400] WARN perfrun.perfcollector <> - Unexpected PERF_STAT format, ignored, at file: vcs/perfrun1/plugins/perfcollector/src/profiler.cpp:490
8349 [139786891294400] INFO perfrun.perfcollector <> - PERF_STAT : "RESOURCE_STALLS.SB: 56412365 46740194508 5519753164"
8349 [139786891294400] WARN perfrun.perfcollector <> - Unexpected PERF_STAT format, ignored, at file: vcs/perfrun1/plugins/perfcollector/src/profiler.cpp:490
8349 [139786891294400] INFO perfrun.perfcollector <> - PERF_STAT : "RS_EVENTS.EMPTY_CYCLES: 747552820 46816189258 7359432780"
8349 [139786891294400] WARN perfrun.perfcollector <> - Unexpected PERF_STAT format, ignored, at file: vcs/perfrun1/plugins/perfcollector/src/profiler.cpp:490
8349 [139786891294400] INFO perfrun.perfcollector <> - PERF_STAT : "UOPS_EXECUTED.CORE:cmask=1: 115880045107 46892187638 7359387934"
8349 [139786891294400] WARN perfrun.perfcollector <> - Unexpected PERF_STAT format, ignored, at file: vcs/perfrun1/plugins/perfcollector/src/profiler.cpp:490
8349 [139786891294400] INFO perfrun.perfcollector <> - PERF_STAT : "UOPS_EXECUTED.CORE:cmask=2: 108476740221 46968183122 7359342835"
8350 [139786891294400] WARN perfrun.perfcollector <> - Unexpected PERF_STAT format, ignored, at file: vcs/perfrun1/plugins/perfcollector/src/profiler.cpp:490
8350 [139786891294400] INFO perfrun.perfcollector <> - PERF_STAT : "UOPS_EXECUTED.CORE:cmask=3: 102200786570 47044177824 7359249503"
8350 [139786891294400] WARN perfrun.perfcollector <> - Unexpected PERF_STAT format, ignored, at file: vcs/perfrun1/plugins/perfcollector/src/profiler.cpp:490
8350 [139786891294400] INFO perfrun.perfcollector <> - PERF_STAT : "UOPS_ISSUED.ANY: 311599331956 47120151463 7359257445"
8350 [139786891294400] WARN perfrun.perfcollector <> - Unexpected PERF_STAT format, ignored, at file: vcs/perfrun1/plugins/perfcollector/src/profiler.cpp:490
8350 [139786891294400] INFO perfrun.perfcollector <> - PERF_STAT : "IDQ_UOPS_NOT_DELIVERED.CYCLES_0_UOPS_DELIV.CORE: 2647623673 47196145130 7359276596"
8350 [139786891294400] WARN perfrun.perfcollector <> - Unexpected PERF_STAT format, ignored, at file: vcs/perfrun1/plugins/perfcollector/src/profiler.cpp:490
8350 [139786891294400] INFO perfrun.perfcollector <> - PERF_STAT : "MEM_UOPS_RETIRED.ALL_LOADS_PS: 102069565186 47272125525 7043159155"
8350 [139786891294400] WARN perfrun.perfcollector <> - Unexpected PERF_STAT format, ignored, at file: vcs/perfrun1/plugins/perfcollector/src/profiler.cpp:490
8350 [139786891294400] INFO perfrun.perfcollector <> - PERF_STAT : "MEM_UOPS_RETIRED.ALL_STORES_PS: 713221819 47348121251 3683315687"
8350 [139786891294400] WARN perfrun.perfcollector <> - Unexpected PERF_STAT format, ignored, at file: vcs/perfrun1/plugins/perfcollector/src/profiler.cpp:490
8350 [139786891294400] INFO perfrun.perfcollector <> - PERF_STAT : "MEM_LOAD_UOPS_L3_MISS_RETIRED.LOCAL_DRAM_PS: 40417 47424119136 3671425153"
8350 [139786891294400] WARN perfrun.perfcollector <> - Unexpected PERF_STAT format, ignored, at file: vcs/perfrun1/plugins/perfcollector/src/profiler.cpp:490
8350 [139786891294400] INFO perfrun.perfcollector <> - PERF_STAT : "MEM_LOAD_UOPS_L3_MISS_RETIRED.REMOTE_DRAM_PS: 13142 47500112577 3675662552"
8350 [139786891294400] WARN perfrun.perfcollector <> - Unexpected PERF_STAT format, ignored, at file: vcs/perfrun1/plugins/perfcollector/src/profiler.cpp:490
8350 [139786891294400] INFO perfrun.perfcollector <> - PERF_STAT : "MEM_LOAD_UOPS_L3_MISS_RETIRED.REMOTE_HITM_PS: 9971386 47571012436 3670482870"
8350 [139786891294400] WARN perfrun.perfcollector <> - Unexpected PERF_STAT format, ignored, at file: vcs/perfrun1/plugins/perfcollector/src/profiler.cpp:490
8350 [139786891294400] INFO perfrun.perfcollector <> - PERF_STAT : "MEM_LOAD_UOPS_L3_MISS_RETIRED.REMOTE_FWD_PS: 522583 47595502721 3782987711"
8350 [139786891294400] WARN perfrun.perfcollector <> - Unexpected PERF_STAT format, ignored, at file: vcs/perfrun1/plugins/perfcollector/src/profiler.cpp:490
8350 [139786891294400] INFO perfrun.perfcollector <> - PERF_STAT : "123201692730;;CPU_CLK_UNHALTED.THREAD;47595502721;100.00;;"
8353 [139786891294400] INFO perfrun.perfcollector <> - PERF_STAT : "108972682376;;CPU_CLK_UNHALTED.REF_TSC;47595502721;100.00;;"
8353 [139786891294400] INFO perfrun.perfcollector <> - PERF_STAT : "510789152240;;INST_RETIRED.ANY;47595502721;100.00;;"
8353 [139786891294400] INFO perfrun.perfcollector <> - PERF_STAT : "2072059041;;CYCLE_ACTIVITY.STALLS_L1D_PENDING;5469117088;11.49;;"
8353 [139786891294400] INFO perfrun.perfcollector <> - PERF_STAT : "4739036169;;CPU_CLK_UNHALTED.REF_XCLK;3793932766;7.97;;"
8353 [139786891294400] INFO perfrun.perfcollector <> - PERF_STAT : "4501591810;;CPU_CLK_UNHALTED.ONE_THREAD_ACTIVE;5416198655;11.80;;"
8353 [139786891294400] INFO perfrun.perfcollector <> - PERF_STAT : "299047099857;;UOPS_RETIRED.RETIRE_SLOTS;7171946023;15.60;;"
8353 [139786891294400] INFO perfrun.perfcollector <> - PERF_STAT : "5466964702;;CYCLE_ACTIVITY.CYCLES_NO_EXECUTE;7245799758;15.73;;"
8353 [139786891294400] INFO perfrun.perfcollector <> - PERF_STAT : "4348342332;;CYCLE_ACTIVITY.STALLS_LDM_PENDING;7317913203;15.86;;"
8353 [139786757076672] INFO perfrun.perfcollector <> - Monitor: runCmd RC = true
8353 [139786891294400] INFO perfrun.perfcollector <> - PERF_STAT : "2431888899;;CYCLE_ACTIVITY.STALLS_L2_PENDING;7367507457;15.94;;"
8353 [139786891294400] INFO perfrun.perfcollector <> - PERF_STAT : "109146096114;;IDQ_UOPS_NOT_DELIVERED.CORE;7363499081;15.91;;"
8353 [139786891294400] INFO perfrun.perfcollector <> - PERF_STAT : "547621170;;INT_MISC.RECOVERY_CYCLES;7359462638;15.87;;"
8353 [139786891294400] INFO perfrun.perfcollector <> - PERF_STAT : "5123332;;MEM_LOAD_UOPS_RETIRED.L3_HIT_PS;7107480355;15.31;;"
8353 [139786891294400] INFO perfrun.perfcollector <> - PERF_STAT : "10457813;;MEM_LOAD_UOPS_RETIRED.L3_MISS_PS;6959383636;14.96;;"
8353 [139786891294400] INFO perfrun.perfcollector <> - PERF_STAT : "7380562712;;OFFCORE_REQUESTS_OUTSTANDING.CYCLES_WITH_DATA_RD;3679604206;7.90;;"
8353 [139786891294400] INFO perfrun.perfcollector <> - PERF_STAT : "343511674;;OFFCORE_REQUESTS_OUTSTANDING.ALL_DATA_RD:cmask=6;3763785801;8.07;;"
8353 [139786891294400] INFO perfrun.perfcollector <> - PERF_STAT : "56412365;;RESOURCE_STALLS.SB;5519753164;11.81;;"
8353 [139786891294400] INFO perfrun.perfcollector <> - PERF_STAT : "747552820;;RS_EVENTS.EMPTY_CYCLES;7359432780;15.72;;"
8353 [139786891294400] INFO perfrun.perfcollector <> - PERF_STAT : "115880045107;;UOPS_EXECUTED.CORE:cmask=1;7359387934;15.69;;"
8353 [139786891294400] INFO perfrun.perfcollector <> - PERF_STAT : "108476740221;;UOPS_EXECUTED.CORE:cmask=2;7359342835;15.67;;"
8353 [139786891294400] INFO perfrun.perfcollector <> - PERF_STAT : "102200786570;;UOPS_EXECUTED.CORE:cmask=3;7359249503;15.64;;"
8353 [139786891294400] INFO perfrun.perfcollector <> - PERF_STAT : "311599331956;;UOPS_ISSUED.ANY;7359257445;15.62;;"
8353 [139786891294400] INFO perfrun.perfcollector <> - PERF_STAT : "2647623673;;IDQ_UOPS_NOT_DELIVERED.CYCLES_0_UOPS_DELIV.CORE;7359276596;15.59;;"
8353 [139786891294400] INFO perfrun.perfcollector <> - PERF_STAT : "102069565186;;MEM_UOPS_RETIRED.ALL_LOADS_PS;7043159155;14.90;;"
8353 [139786891294400] INFO perfrun.perfcollector <> - PERF_STAT : "713221819;;MEM_UOPS_RETIRED.ALL_STORES_PS;3683315687;7.78;;"
8353 [139786891294400] INFO perfrun.perfcollector <> - PERF_STAT : "40417;;MEM_LOAD_UOPS_L3_MISS_RETIRED.LOCAL_DRAM_PS;3671425153;7.74;;"
8353 [139786891294400] INFO perfrun.perfcollector <> - PERF_STAT : "13142;;MEM_LOAD_UOPS_L3_MISS_RETIRED.REMOTE_DRAM_PS;3675662552;7.74;;"
8353 [139786891294400] INFO perfrun.perfcollector <> - PERF_STAT : "9971386;;MEM_LOAD_UOPS_L3_MISS_RETIRED.REMOTE_HITM_PS;3670482870;7.72;;"
8353 [139786891294400] INFO perfrun.perfcollector <> - PERF_STAT : "522583;;MEM_LOAD_UOPS_L3_MISS_RETIRED.REMOTE_FWD_PS;3782987711;7.95;;"
8354 [139786891294400] INFO perfrun.perfcollector <> - PERF_STAT : "<not supported>;;UNC_M_CAS_COUNT.RD[UNIT0];0;100.00;;"
8354 [139786891294400] INFO perfrun.perfcollector <> - PERF_STAT : "<not supported>;;UNC_M_CAS_COUNT.RD[UNIT1];0;100.00;;"
8354 [139786891294400] INFO perfrun.perfcollector <> - PERF_STAT : "<not supported>;;UNC_M_CAS_COUNT.RD[UNIT4];0;100.00;;"
8354 [139786891294400] INFO perfrun.perfcollector <> - PERF_STAT : "<not supported>;;UNC_M_CAS_COUNT.RD[UNIT5];0;100.00;;"
8354 [139786891294400] INFO perfrun.perfcollector <> - PERF_STAT : "<not supported>;;UNC_M_CAS_COUNT.WR[UNIT0];0;100.00;;"
8354 [139786891294400] INFO perfrun.perfcollector <> - PERF_STAT : "<not supported>;;UNC_M_CAS_COUNT.WR[UNIT1];0;100.00;;"
8354 [139786891294400] INFO perfrun.perfcollector <> - PERF_STAT : "<not supported>;;UNC_M_CAS_COUNT.WR[UNIT4];0;100.00;;"
8354 [139786891294400] INFO perfrun.perfcollector <> - PERF_STAT : "<not supported>;;UNC_M_CAS_COUNT.WR[UNIT5];0;100.00;;"
8354 [139786991953600] INFO perfrun.perfcollector <> - Monitor: state = 3, error = 1
8354 [139786991953600] INFO perfrun.sdk <> - De-allocating TMU: /tmp/amplxe-tmp-emlazuta/amplxe-res-3470536-13069685640945859/data.0/systemcollector-3470536-hype5.sc
8354 [139786991953600] INFO perfrun.system <> - closed the system trace file: /tmp/amplxe-tmp-emlazuta/amplxe-res-3470536-13069685640945859/data.0/systemcollector-3470536-hype5.sc
8354 [139787148064640] INFO perfrun.launcher <> - Launcher: all plugins were stopped.
8354 [139787148064640] INFO perfrun.launcher <> - DeadlineTimer is going to be destroyed
8354 [139787148064640] INFO perfrun.launcher <> - DeadlineTimer was destroyed
8354 [139787148064640] INFO perfrun.launcher <> - DirectoryMonitor object was destroyed
8354 [139787148064640] WARN perfrun.launcher <> - Stop command is ignored because it is received when collection is already stopped, at file: vcs/perfrun1/launcher/src/command_handler.cpp:212
8384 [139787148064640] INFO perfrun.launcher <> - Application exit code: 0
8384 [139787148064640] INFO perfrun.launcher <> - Exit code: 0
