13 [140069246207872] INFO perfrun.launcher <> - Launcher main begin
15 [140069246207872] INFO perfrun.launcher <> - MessageCatalogInit finished
15 [140069246207872] INFO perfrun.launcher <> - Launcher instance created
15 [140069246207872] INFO perfrun.launcher <> - argc = 7; cmdline = /home/intel/oneapi/vtune/2021.1.1/bin64/amplxe-runss --ui-output-format xml --ui-output-fd 5 --option-file /home/users/emlazuta/parallel-qlearning/results_batch_vtune_100x100/run_seq_obs25pct/config/runsa.options 
26 [140069246207872] INFO perfrun.launcher <> - plugin remoteplug has been added successfully
26 [140069246207872] INFO perfrun.launcher <> - plugin system has been added successfully
26 [140069246207872] INFO perfrun.launcher <> - plugin vdso has been added successfully
26 [140069246207872] INFO perfrun.launcher <> - plugin itt has been added successfully
26 [140069246207872] INFO perfrun.launcher <> - plugin ptracecollector has been added successfully
26 [140069246207872] INFO perfrun.launcher <> - plugin gpu has been added successfully
26 [140069246207872] INFO perfrun.launcher <> - plugin  has been added successfully
26 [140069246207872] INFO perfrun.launcher <> - plugin  has been added successfully
26 [140069246207872] INFO perfrun.launcher <> - plugin  has been added successfully
26 [140069246207872] INFO perfrun.launcher <> - plugin mrte has been added successfully
26 [140069246207872] INFO perfrun.launcher <> - plugin emon has been added successfully
26 [140069246207872] INFO perfrun.launcher <> - plugin cuscol has been added successfully
27 [140069246207872] INFO perfrun.launcher <> - plugin stdsrc has been added successfully
27 [140069246207872] INFO perfrun.launcher <> - plugin sep has been added successfully
27 [140069246207872] INFO perfrun.launcher <> - plugin vtsspp has been added successfully
27 [140069246207872] INFO perfrun.sdk <> - Reading value (-1) from file: /proc/sys/kernel/perf_event_paranoid
27 [140069246207872] INFO perfrun.perfcollector <> - checking access to: /home/intel/oneapi/vtune/2021.1.1/bin64/amplxe-perf-priv
31 [140069246207872] INFO perfrun.perfcollector <> - cpu: family = 6 model = 63
31 [140069246207872] INFO perfrun.perfcollector <> - dir found : /sys/bus/event_source/devices/software
31 [140069246207872] WARN perfrun.perfcollector <> - format subdir doesn't exist, at file: vcs/perfrun1/plugins/perfcollector/src/controller.cpp:725
31 [140069246207872] WARN perfrun.perfcollector <> - pmu hwInfo is not set, at file: vcs/perfrun1/plugins/perfcollector/src/controller.cpp:819
31 [140069246207872] INFO perfrun.perfcollector <> - pmu added : family : software , id : 0
31 [140069246207872] INFO perfrun.perfcollector <> - dir found : /sys/bus/event_source/devices/uncore_imc_5
31 [140069246207872] INFO perfrun.perfcollector <> - format: event config:0-7 mask:0-7
31 [140069246207872] INFO perfrun.perfcollector <> - format: edge config:18 mask:18
31 [140069246207872] INFO perfrun.perfcollector <> - format: inv config:23 mask:23
31 [140069246207872] INFO perfrun.perfcollector <> - format: umask config:8-15 mask:8-15
31 [140069246207872] INFO perfrun.perfcollector <> - format: thresh config:24-31 mask:24-31
31 [140069246207872] INFO perfrun.perfcollector <> - hwInfo : PERF_IMC_PMU_DETAILS
31 [140069246207872] INFO perfrun.perfcollector <> - pmu added : family : uncore_imc , id : 5
31 [140069246207872] INFO perfrun.perfcollector <> - dir found : /sys/bus/event_source/devices/uncore_sbox_2
31 [140069246207872] INFO perfrun.perfcollector <> - format: event config:0-7 mask:0-7
31 [140069246207872] INFO perfrun.perfcollector <> - format: edge config:18 mask:18
31 [140069246207872] INFO perfrun.perfcollector <> - format: inv config:23 mask:23
31 [140069246207872] INFO perfrun.perfcollector <> - format: umask config:8-15 mask:8-15
31 [140069246207872] INFO perfrun.perfcollector <> - format: tid_en config:19 mask:19
31 [140069246207872] INFO perfrun.perfcollector <> - format: thresh config:24-31 mask:24-31
31 [140069246207872] WARN perfrun.perfcollector <> - pmu hwInfo is not set, at file: vcs/perfrun1/plugins/perfcollector/src/controller.cpp:819
31 [140069246207872] INFO perfrun.perfcollector <> - pmu added : family : uncore_sbox , id : 2
31 [140069246207872] INFO perfrun.perfcollector <> - dir found : /sys/bus/event_source/devices/uncore_cbox_8
31 [140069246207872] INFO perfrun.perfcollector <> - format: event config:0-7 mask:0-7
31 [140069246207872] INFO perfrun.perfcollector <> - format: filter_link config1:6-8 mask:6-8
31 [140069246207872] INFO perfrun.perfcollector <> - format: filter_c6 config1:61 mask:61
31 [140069246207872] INFO perfrun.perfcollector <> - format: edge config:18 mask:18
31 [140069246207872] INFO perfrun.perfcollector <> - format: filter_isoc config1:63 mask:63
31 [140069246207872] INFO perfrun.perfcollector <> - format: filter_tid config1:0-5 mask:0-5
31 [140069246207872] INFO perfrun.perfcollector <> - format: filter_nid config1:32-47 mask:32-47
31 [140069246207872] INFO perfrun.perfcollector <> - format: filter_nc config1:62 mask:62
31 [140069246207872] INFO perfrun.perfcollector <> - format: umask config:8-15 mask:8-15
31 [140069246207872] INFO perfrun.perfcollector <> - format: tid_en config:19 mask:19
31 [140069246207872] INFO perfrun.perfcollector <> - format: thresh config:24-31 mask:24-31
31 [140069246207872] INFO perfrun.perfcollector <> - format: filter_state config1:17-23 mask:17-23
31 [140069246207872] INFO perfrun.perfcollector <> - format: filter_opc config1:52-60 mask:52-60
31 [140069246207872] WARN perfrun.perfcollector <> - pmu hwInfo is not set, at file: vcs/perfrun1/plugins/perfcollector/src/controller.cpp:819
32 [140069246207872] INFO perfrun.perfcollector <> - pmu added : family : uncore_cbox , id : 8
32 [140069246207872] INFO perfrun.perfcollector <> - dir found : /sys/bus/event_source/devices/uncore_r2pcie
32 [140069246207872] INFO perfrun.perfcollector <> - format: event config:0-7 mask:0-7
32 [140069246207872] INFO perfrun.perfcollector <> - format: edge config:18 mask:18
32 [140069246207872] INFO perfrun.perfcollector <> - format: inv config:23 mask:23
32 [140069246207872] INFO perfrun.perfcollector <> - format: umask config:8-15 mask:8-15
32 [140069246207872] INFO perfrun.perfcollector <> - format: thresh config:24-31 mask:24-31
32 [140069246207872] WARN perfrun.perfcollector <> - pmu hwInfo is not set, at file: vcs/perfrun1/plugins/perfcollector/src/controller.cpp:819
32 [140069246207872] INFO perfrun.perfcollector <> - pmu added : family : uncore_r2pcie , id : 0
32 [140069246207872] INFO perfrun.perfcollector <> - dir found : /sys/bus/event_source/devices/uncore_sbox_0
32 [140069246207872] INFO perfrun.perfcollector <> - format: event config:0-7 mask:0-7
32 [140069246207872] INFO perfrun.perfcollector <> - format: edge config:18 mask:18
32 [140069246207872] INFO perfrun.perfcollector <> - format: inv config:23 mask:23
32 [140069246207872] INFO perfrun.perfcollector <> - format: umask config:8-15 mask:8-15
32 [140069246207872] INFO perfrun.perfcollector <> - format: tid_en config:19 mask:19
32 [140069246207872] INFO perfrun.perfcollector <> - format: thresh config:24-31 mask:24-31
32 [140069246207872] WARN perfrun.perfcollector <> - pmu hwInfo is not set, at file: vcs/perfrun1/plugins/perfcollector/src/controller.cpp:819
32 [140069246207872] INFO perfrun.perfcollector <> - pmu added : family : uncore_sbox , id : 0
32 [140069246207872] INFO perfrun.perfcollector <> - dir found : /sys/bus/event_source/devices/uncore_cbox_6
32 [140069246207872] INFO perfrun.perfcollector <> - format: event config:0-7 mask:0-7
32 [140069246207872] INFO perfrun.perfcollector <> - format: filter_link config1:6-8 mask:6-8
32 [140069246207872] INFO perfrun.perfcollector <> - format: filter_c6 config1:61 mask:61
32 [140069246207872] INFO perfrun.perfcollector <> - format: edge config:18 mask:18
32 [140069246207872] INFO perfrun.perfcollector <> - format: filter_isoc config1:63 mask:63
32 [140069246207872] INFO perfrun.perfcollector <> - format: filter_tid config1:0-5 mask:0-5
32 [140069246207872] INFO perfrun.perfcollector <> - format: filter_nid config1:32-47 mask:32-47
32 [140069246207872] INFO perfrun.perfcollector <> - format: filter_nc config1:62 mask:62
32 [140069246207872] INFO perfrun.perfcollector <> - format: umask config:8-15 mask:8-15
32 [140069246207872] INFO perfrun.perfcollector <> - format: tid_en config:19 mask:19
32 [140069246207872] INFO perfrun.perfcollector <> - format: thresh config:24-31 mask:24-31
32 [140069246207872] INFO perfrun.perfcollector <> - format: filter_state config1:17-23 mask:17-23
32 [140069246207872] INFO perfrun.perfcollector <> - format: filter_opc config1:52-60 mask:52-60
32 [140069246207872] WARN perfrun.perfcollector <> - pmu hwInfo is not set, at file: vcs/perfrun1/plugins/perfcollector/src/controller.cpp:819
32 [140069246207872] INFO perfrun.perfcollector <> - pmu added : family : uncore_cbox , id : 6
32 [140069246207872] INFO perfrun.perfcollector <> - dir found : /sys/bus/event_source/devices/uncore_imc_1
32 [140069246207872] INFO perfrun.perfcollector <> - format: event config:0-7 mask:0-7
33 [140069246207872] INFO perfrun.perfcollector <> - format: edge config:18 mask:18
33 [140069246207872] INFO perfrun.perfcollector <> - format: inv config:23 mask:23
33 [140069246207872] INFO perfrun.perfcollector <> - format: umask config:8-15 mask:8-15
33 [140069246207872] INFO perfrun.perfcollector <> - format: thresh config:24-31 mask:24-31
33 [140069246207872] INFO perfrun.perfcollector <> - hwInfo : PERF_IMC_PMU_DETAILS
33 [140069246207872] INFO perfrun.perfcollector <> - pmu added : family : uncore_imc , id : 1
33 [140069246207872] INFO perfrun.perfcollector <> - dir found : /sys/bus/event_source/devices/power
33 [140069246207872] INFO perfrun.perfcollector <> - format: event config:0-7 mask:0-7
33 [140069246207872] WARN perfrun.perfcollector <> - pmu hwInfo is not set, at file: vcs/perfrun1/plugins/perfcollector/src/controller.cpp:819
33 [140069246207872] INFO perfrun.perfcollector <> - pmu added : family : power , id : 0
33 [140069246207872] INFO perfrun.perfcollector <> - dir found : /sys/bus/event_source/devices/uncore_cbox_4
33 [140069246207872] INFO perfrun.perfcollector <> - format: event config:0-7 mask:0-7
33 [140069246207872] INFO perfrun.perfcollector <> - format: filter_link config1:6-8 mask:6-8
33 [140069246207872] INFO perfrun.perfcollector <> - format: filter_c6 config1:61 mask:61
33 [140069246207872] INFO perfrun.perfcollector <> - format: edge config:18 mask:18
33 [140069246207872] INFO perfrun.perfcollector <> - format: filter_isoc config1:63 mask:63
33 [140069246207872] INFO perfrun.perfcollector <> - format: filter_tid config1:0-5 mask:0-5
33 [140069246207872] INFO perfrun.perfcollector <> - format: filter_nid config1:32-47 mask:32-47
33 [140069246207872] INFO perfrun.perfcollector <> - format: filter_nc config1:62 mask:62
33 [140069246207872] INFO perfrun.perfcollector <> - format: umask config:8-15 mask:8-15
33 [140069246207872] INFO perfrun.perfcollector <> - format: tid_en config:19 mask:19
33 [140069246207872] INFO perfrun.perfcollector <> - format: thresh config:24-31 mask:24-31
33 [140069246207872] INFO perfrun.perfcollector <> - format: filter_state config1:17-23 mask:17-23
33 [140069246207872] INFO perfrun.perfcollector <> - format: filter_opc config1:52-60 mask:52-60
33 [140069246207872] WARN perfrun.perfcollector <> - pmu hwInfo is not set, at file: vcs/perfrun1/plugins/perfcollector/src/controller.cpp:819
33 [140069246207872] INFO perfrun.perfcollector <> - pmu added : family : uncore_cbox , id : 4
33 [140069246207872] INFO perfrun.perfcollector <> - dir found : /sys/bus/event_source/devices/uprobe
33 [140069246207872] INFO perfrun.perfcollector <> - format: ref_ctr_offset config:32-63 mask:32-63
33 [140069246207872] INFO perfrun.perfcollector <> - format: retprobe config:0 mask:0
33 [140069246207872] WARN perfrun.perfcollector <> - pmu hwInfo is not set, at file: vcs/perfrun1/plugins/perfcollector/src/controller.cpp:819
33 [140069246207872] INFO perfrun.perfcollector <> - pmu added : family : uprobe , id : 0
33 [140069246207872] INFO perfrun.perfcollector <> - dir found : /sys/bus/event_source/devices/cpu
33 [140069246207872] INFO perfrun.perfcollector <> - format: event config:0-7 mask:0-7
33 [140069246207872] INFO perfrun.perfcollector <> - format: pc config:19 mask:19
33 [140069246207872] INFO perfrun.perfcollector <> - format: edge config:18 mask:18
33 [140069246207872] INFO perfrun.perfcollector <> - format: any config:21 mask:21
33 [140069246207872] INFO perfrun.perfcollector <> - format: offcore_rsp config1:0-63 mask:0-63
33 [140069246207872] INFO perfrun.perfcollector <> - format: ldlat config1:0-15 mask:0-15
33 [140069246207872] INFO perfrun.perfcollector <> - format: inv config:23 mask:23
33 [140069246207872] INFO perfrun.perfcollector <> - format: umask config:8-15 mask:8-15
33 [140069246207872] INFO perfrun.perfcollector <> - format: cmask config:24-31 mask:24-31
33 [140069246207872] INFO perfrun.perfcollector <> - hwInfo : PERF_CPU_PMU_DETAILS
33 [140069246207872] INFO perfrun.perfcollector <> - pmu added : family : cpu , id : 0
33 [140069246207872] INFO perfrun.perfcollector <> - dir found : /sys/bus/event_source/devices/uncore_r3qpi_0
34 [140069246207872] INFO perfrun.perfcollector <> - format: event config:0-7 mask:0-7
34 [140069246207872] INFO perfrun.perfcollector <> - format: edge config:18 mask:18
34 [140069246207872] INFO perfrun.perfcollector <> - format: inv config:23 mask:23
34 [140069246207872] INFO perfrun.perfcollector <> - format: umask config:8-15 mask:8-15
34 [140069246207872] INFO perfrun.perfcollector <> - format: thresh config:24-31 mask:24-31
34 [140069246207872] WARN perfrun.perfcollector <> - pmu hwInfo is not set, at file: vcs/perfrun1/plugins/perfcollector/src/controller.cpp:819
34 [140069246207872] INFO perfrun.perfcollector <> - pmu added : family : uncore_r3qpi , id : 0
34 [140069246207872] INFO perfrun.perfcollector <> - dir found : /sys/bus/event_source/devices/cstate_core
34 [140069246207872] INFO perfrun.perfcollector <> - format: event config:0-63 mask:0-63
34 [140069246207872] WARN perfrun.perfcollector <> - pmu hwInfo is not set, at file: vcs/perfrun1/plugins/perfcollector/src/controller.cpp:819
34 [140069246207872] INFO perfrun.perfcollector <> - pmu added : family : cstate_core , id : 0
34 [140069246207872] INFO perfrun.perfcollector <> - dir found : /sys/bus/event_source/devices/uncore_cbox_2
34 [140069246207872] INFO perfrun.perfcollector <> - format: event config:0-7 mask:0-7
34 [140069246207872] INFO perfrun.perfcollector <> - format: filter_link config1:6-8 mask:6-8
34 [140069246207872] INFO perfrun.perfcollector <> - format: filter_c6 config1:61 mask:61
34 [140069246207872] INFO perfrun.perfcollector <> - format: edge config:18 mask:18
34 [140069246207872] INFO perfrun.perfcollector <> - format: filter_isoc config1:63 mask:63
34 [140069246207872] INFO perfrun.perfcollector <> - format: filter_tid config1:0-5 mask:0-5
34 [140069246207872] INFO perfrun.perfcollector <> - format: filter_nid config1:32-47 mask:32-47
34 [140069246207872] INFO perfrun.perfcollector <> - format: filter_nc config1:62 mask:62
34 [140069246207872] INFO perfrun.perfcollector <> - format: umask config:8-15 mask:8-15
34 [140069246207872] INFO perfrun.perfcollector <> - format: tid_en config:19 mask:19
34 [140069246207872] INFO perfrun.perfcollector <> - format: thresh config:24-31 mask:24-31
34 [140069246207872] INFO perfrun.perfcollector <> - format: filter_state config1:17-23 mask:17-23
34 [140069246207872] INFO perfrun.perfcollector <> - format: filter_opc config1:52-60 mask:52-60
34 [140069246207872] WARN perfrun.perfcollector <> - pmu hwInfo is not set, at file: vcs/perfrun1/plugins/perfcollector/src/controller.cpp:819
34 [140069246207872] INFO perfrun.perfcollector <> - pmu added : family : uncore_cbox , id : 2
34 [140069246207872] INFO perfrun.perfcollector <> - dir found : /sys/bus/event_source/devices/breakpoint
34 [140069246207872] WARN perfrun.perfcollector <> - format subdir doesn't exist, at file: vcs/perfrun1/plugins/perfcollector/src/controller.cpp:725
34 [140069246207872] WARN perfrun.perfcollector <> - pmu hwInfo is not set, at file: vcs/perfrun1/plugins/perfcollector/src/controller.cpp:819
34 [140069246207872] INFO perfrun.perfcollector <> - pmu added : family : breakpoint , id : 0
34 [140069246207872] INFO perfrun.perfcollector <> - dir found : /sys/bus/event_source/devices/uncore_ha_0
34 [140069246207872] INFO perfrun.perfcollector <> - format: event config:0-7 mask:0-7
34 [140069246207872] INFO perfrun.perfcollector <> - format: edge config:18 mask:18
34 [140069246207872] INFO perfrun.perfcollector <> - format: inv config:23 mask:23
34 [140069246207872] INFO perfrun.perfcollector <> - format: umask config:8-15 mask:8-15
34 [140069246207872] INFO perfrun.perfcollector <> - format: thresh config:24-31 mask:24-31
34 [140069246207872] WARN perfrun.perfcollector <> - pmu hwInfo is not set, at file: vcs/perfrun1/plugins/perfcollector/src/controller.cpp:819
34 [140069246207872] INFO perfrun.perfcollector <> - pmu added : family : uncore_ha , id : 0
34 [140069246207872] INFO perfrun.perfcollector <> - dir found : /sys/bus/event_source/devices/uncore_cbox_0
34 [140069246207872] INFO perfrun.perfcollector <> - format: event config:0-7 mask:0-7
34 [140069246207872] INFO perfrun.perfcollector <> - format: filter_link config1:6-8 mask:6-8
34 [140069246207872] INFO perfrun.perfcollector <> - format: filter_c6 config1:61 mask:61
34 [140069246207872] INFO perfrun.perfcollector <> - format: edge config:18 mask:18
34 [140069246207872] INFO perfrun.perfcollector <> - format: filter_isoc config1:63 mask:63
34 [140069246207872] INFO perfrun.perfcollector <> - format: filter_tid config1:0-5 mask:0-5
35 [140069246207872] INFO perfrun.perfcollector <> - format: filter_nid config1:32-47 mask:32-47
35 [140069246207872] INFO perfrun.perfcollector <> - format: filter_nc config1:62 mask:62
35 [140069246207872] INFO perfrun.perfcollector <> - format: umask config:8-15 mask:8-15
35 [140069246207872] INFO perfrun.perfcollector <> - format: tid_en config:19 mask:19
35 [140069246207872] INFO perfrun.perfcollector <> - format: thresh config:24-31 mask:24-31
35 [140069246207872] INFO perfrun.perfcollector <> - format: filter_state config1:17-23 mask:17-23
35 [140069246207872] INFO perfrun.perfcollector <> - format: filter_opc config1:52-60 mask:52-60
35 [140069246207872] WARN perfrun.perfcollector <> - pmu hwInfo is not set, at file: vcs/perfrun1/plugins/perfcollector/src/controller.cpp:819
35 [140069246207872] INFO perfrun.perfcollector <> - pmu added : family : uncore_cbox , id : 0
35 [140069246207872] INFO perfrun.perfcollector <> - dir found : /sys/bus/event_source/devices/tracepoint
35 [140069246207872] WARN perfrun.perfcollector <> - format subdir doesn't exist, at file: vcs/perfrun1/plugins/perfcollector/src/controller.cpp:725
35 [140069246207872] WARN perfrun.perfcollector <> - pmu hwInfo is not set, at file: vcs/perfrun1/plugins/perfcollector/src/controller.cpp:819
35 [140069246207872] INFO perfrun.perfcollector <> - pmu added : family : tracepoint , id : 0
35 [140069246207872] INFO perfrun.perfcollector <> - dir found : /sys/bus/event_source/devices/uncore_sbox_3
35 [140069246207872] INFO perfrun.perfcollector <> - format: event config:0-7 mask:0-7
35 [140069246207872] INFO perfrun.perfcollector <> - format: edge config:18 mask:18
35 [140069246207872] INFO perfrun.perfcollector <> - format: inv config:23 mask:23
35 [140069246207872] INFO perfrun.perfcollector <> - format: umask config:8-15 mask:8-15
35 [140069246207872] INFO perfrun.perfcollector <> - format: tid_en config:19 mask:19
35 [140069246207872] INFO perfrun.perfcollector <> - format: thresh config:24-31 mask:24-31
35 [140069246207872] WARN perfrun.perfcollector <> - pmu hwInfo is not set, at file: vcs/perfrun1/plugins/perfcollector/src/controller.cpp:819
35 [140069246207872] INFO perfrun.perfcollector <> - pmu added : family : uncore_sbox , id : 3
35 [140069246207872] INFO perfrun.perfcollector <> - dir found : /sys/bus/event_source/devices/uncore_cbox_9
35 [140069246207872] INFO perfrun.perfcollector <> - format: event config:0-7 mask:0-7
35 [140069246207872] INFO perfrun.perfcollector <> - format: filter_link config1:6-8 mask:6-8
35 [140069246207872] INFO perfrun.perfcollector <> - format: filter_c6 config1:61 mask:61
35 [140069246207872] INFO perfrun.perfcollector <> - format: edge config:18 mask:18
35 [140069246207872] INFO perfrun.perfcollector <> - format: filter_isoc config1:63 mask:63
35 [140069246207872] INFO perfrun.perfcollector <> - format: filter_tid config1:0-5 mask:0-5
35 [140069246207872] INFO perfrun.perfcollector <> - format: filter_nid config1:32-47 mask:32-47
35 [140069246207872] INFO perfrun.perfcollector <> - format: filter_nc config1:62 mask:62
35 [140069246207872] INFO perfrun.perfcollector <> - format: umask config:8-15 mask:8-15
35 [140069246207872] INFO perfrun.perfcollector <> - format: tid_en config:19 mask:19
35 [140069246207872] INFO perfrun.perfcollector <> - format: thresh config:24-31 mask:24-31
35 [140069246207872] INFO perfrun.perfcollector <> - format: filter_state config1:17-23 mask:17-23
35 [140069246207872] INFO perfrun.perfcollector <> - format: filter_opc config1:52-60 mask:52-60
35 [140069246207872] WARN perfrun.perfcollector <> - pmu hwInfo is not set, at file: vcs/perfrun1/plugins/perfcollector/src/controller.cpp:819
35 [140069246207872] INFO perfrun.perfcollector <> - pmu added : family : uncore_cbox , id : 9
35 [140069246207872] INFO perfrun.perfcollector <> - dir found : /sys/bus/event_source/devices/cstate_pkg
35 [140069246207872] INFO perfrun.perfcollector <> - format: event config:0-63 mask:0-63
35 [140069246207872] WARN perfrun.perfcollector <> - pmu hwInfo is not set, at file: vcs/perfrun1/plugins/perfcollector/src/controller.cpp:819
35 [140069246207872] INFO perfrun.perfcollector <> - pmu added : family : cstate_pkg , id : 0
35 [140069246207872] INFO perfrun.perfcollector <> - dir found : /sys/bus/event_source/devices/uncore_imc_4
35 [140069246207872] INFO perfrun.perfcollector <> - format: event config:0-7 mask:0-7
35 [140069246207872] INFO perfrun.perfcollector <> - format: edge config:18 mask:18
35 [140069246207872] INFO perfrun.perfcollector <> - format: inv config:23 mask:23
36 [140069246207872] INFO perfrun.perfcollector <> - format: umask config:8-15 mask:8-15
36 [140069246207872] INFO perfrun.perfcollector <> - format: thresh config:24-31 mask:24-31
36 [140069246207872] INFO perfrun.perfcollector <> - hwInfo : PERF_IMC_PMU_DETAILS
36 [140069246207872] INFO perfrun.perfcollector <> - pmu added : family : uncore_imc , id : 4
36 [140069246207872] INFO perfrun.perfcollector <> - dir found : /sys/bus/event_source/devices/uncore_ubox
36 [140069246207872] INFO perfrun.perfcollector <> - format: event config:0-7 mask:0-7
36 [140069246207872] INFO perfrun.perfcollector <> - format: edge config:18 mask:18
36 [140069246207872] INFO perfrun.perfcollector <> - format: filter_tid config1:0 mask:0
36 [140069246207872] INFO perfrun.perfcollector <> - format: inv config:23 mask:23
36 [140069246207872] INFO perfrun.perfcollector <> - format: umask config:8-15 mask:8-15
36 [140069246207872] INFO perfrun.perfcollector <> - format: thresh config:24-28 mask:24-28
36 [140069246207872] INFO perfrun.perfcollector <> - format: filter_cid config1:5 mask:5
36 [140069246207872] WARN perfrun.perfcollector <> - pmu hwInfo is not set, at file: vcs/perfrun1/plugins/perfcollector/src/controller.cpp:819
36 [140069246207872] INFO perfrun.perfcollector <> - pmu added : family : uncore_ubox , id : 0
36 [140069246207872] INFO perfrun.perfcollector <> - dir found : /sys/bus/event_source/devices/uncore_sbox_1
36 [140069246207872] INFO perfrun.perfcollector <> - format: event config:0-7 mask:0-7
36 [140069246207872] INFO perfrun.perfcollector <> - format: edge config:18 mask:18
36 [140069246207872] INFO perfrun.perfcollector <> - format: inv config:23 mask:23
36 [140069246207872] INFO perfrun.perfcollector <> - format: umask config:8-15 mask:8-15
36 [140069246207872] INFO perfrun.perfcollector <> - format: tid_en config:19 mask:19
36 [140069246207872] INFO perfrun.perfcollector <> - format: thresh config:24-31 mask:24-31
36 [140069246207872] WARN perfrun.perfcollector <> - pmu hwInfo is not set, at file: vcs/perfrun1/plugins/perfcollector/src/controller.cpp:819
36 [140069246207872] INFO perfrun.perfcollector <> - pmu added : family : uncore_sbox , id : 1
36 [140069246207872] INFO perfrun.perfcollector <> - dir found : /sys/bus/event_source/devices/uncore_cbox_7
36 [140069246207872] INFO perfrun.perfcollector <> - format: event config:0-7 mask:0-7
36 [140069246207872] INFO perfrun.perfcollector <> - format: filter_link config1:6-8 mask:6-8
36 [140069246207872] INFO perfrun.perfcollector <> - format: filter_c6 config1:61 mask:61
36 [140069246207872] INFO perfrun.perfcollector <> - format: edge config:18 mask:18
36 [140069246207872] INFO perfrun.perfcollector <> - format: filter_isoc config1:63 mask:63
36 [140069246207872] INFO perfrun.perfcollector <> - format: filter_tid config1:0-5 mask:0-5
36 [140069246207872] INFO perfrun.perfcollector <> - format: filter_nid config1:32-47 mask:32-47
36 [140069246207872] INFO perfrun.perfcollector <> - format: filter_nc config1:62 mask:62
36 [140069246207872] INFO perfrun.perfcollector <> - format: umask config:8-15 mask:8-15
36 [140069246207872] INFO perfrun.perfcollector <> - format: tid_en config:19 mask:19
36 [140069246207872] INFO perfrun.perfcollector <> - format: thresh config:24-31 mask:24-31
36 [140069246207872] INFO perfrun.perfcollector <> - format: filter_state config1:17-23 mask:17-23
36 [140069246207872] INFO perfrun.perfcollector <> - format: filter_opc config1:52-60 mask:52-60
36 [140069246207872] WARN perfrun.perfcollector <> - pmu hwInfo is not set, at file: vcs/perfrun1/plugins/perfcollector/src/controller.cpp:819
36 [140069246207872] INFO perfrun.perfcollector <> - pmu added : family : uncore_cbox , id : 7
36 [140069246207872] INFO perfrun.perfcollector <> - dir found : /sys/bus/event_source/devices/kprobe
36 [140069246207872] INFO perfrun.perfcollector <> - format: retprobe config:0 mask:0
36 [140069246207872] WARN perfrun.perfcollector <> - pmu hwInfo is not set, at file: vcs/perfrun1/plugins/perfcollector/src/controller.cpp:819
36 [140069246207872] INFO perfrun.perfcollector <> - pmu added : family : kprobe , id : 0
36 [140069246207872] INFO perfrun.perfcollector <> - dir found : /sys/bus/event_source/devices/uncore_cbox_5
37 [140069246207872] INFO perfrun.perfcollector <> - format: event config:0-7 mask:0-7
37 [140069246207872] INFO perfrun.perfcollector <> - format: filter_link config1:6-8 mask:6-8
37 [140069246207872] INFO perfrun.perfcollector <> - format: filter_c6 config1:61 mask:61
37 [140069246207872] INFO perfrun.perfcollector <> - format: edge config:18 mask:18
37 [140069246207872] INFO perfrun.perfcollector <> - format: filter_isoc config1:63 mask:63
37 [140069246207872] INFO perfrun.perfcollector <> - format: filter_tid config1:0-5 mask:0-5
37 [140069246207872] INFO perfrun.perfcollector <> - format: filter_nid config1:32-47 mask:32-47
37 [140069246207872] INFO perfrun.perfcollector <> - format: filter_nc config1:62 mask:62
37 [140069246207872] INFO perfrun.perfcollector <> - format: umask config:8-15 mask:8-15
37 [140069246207872] INFO perfrun.perfcollector <> - format: tid_en config:19 mask:19
37 [140069246207872] INFO perfrun.perfcollector <> - format: thresh config:24-31 mask:24-31
37 [140069246207872] INFO perfrun.perfcollector <> - format: filter_state config1:17-23 mask:17-23
37 [140069246207872] INFO perfrun.perfcollector <> - format: filter_opc config1:52-60 mask:52-60
37 [140069246207872] WARN perfrun.perfcollector <> - pmu hwInfo is not set, at file: vcs/perfrun1/plugins/perfcollector/src/controller.cpp:819
37 [140069246207872] INFO perfrun.perfcollector <> - pmu added : family : uncore_cbox , id : 5
37 [140069246207872] INFO perfrun.perfcollector <> - dir found : /sys/bus/event_source/devices/uncore_imc_0
37 [140069246207872] INFO perfrun.perfcollector <> - format: event config:0-7 mask:0-7
37 [140069246207872] INFO perfrun.perfcollector <> - format: edge config:18 mask:18
37 [140069246207872] INFO perfrun.perfcollector <> - format: inv config:23 mask:23
37 [140069246207872] INFO perfrun.perfcollector <> - format: umask config:8-15 mask:8-15
37 [140069246207872] INFO perfrun.perfcollector <> - format: thresh config:24-31 mask:24-31
37 [140069246207872] INFO perfrun.perfcollector <> - hwInfo : PERF_IMC_PMU_DETAILS
37 [140069246207872] INFO perfrun.perfcollector <> - pmu added : family : uncore_imc , id : 0
37 [140069246207872] INFO perfrun.perfcollector <> - dir found : /sys/bus/event_source/devices/uncore_pcu
37 [140069246207872] INFO perfrun.perfcollector <> - format: filter_band2 config1:16-23 mask:16-23
37 [140069246207872] INFO perfrun.perfcollector <> - format: event config:0-7 mask:0-7
37 [140069246207872] INFO perfrun.perfcollector <> - format: filter_band0 config1:0-7 mask:0-7
37 [140069246207872] INFO perfrun.perfcollector <> - format: edge config:18 mask:18
37 [140069246207872] INFO perfrun.perfcollector <> - format: occ_invert config:30 mask:30
37 [140069246207872] INFO perfrun.perfcollector <> - format: occ_edge config:14-51 mask:14-51
37 [140069246207872] INFO perfrun.perfcollector <> - format: filter_band3 config1:24-31 mask:24-31
37 [140069246207872] INFO perfrun.perfcollector <> - format: filter_band1 config1:8-15 mask:8-15
37 [140069246207872] INFO perfrun.perfcollector <> - format: inv config:23 mask:23
37 [140069246207872] INFO perfrun.perfcollector <> - format: thresh config:24-28 mask:24-28
37 [140069246207872] INFO perfrun.perfcollector <> - format: occ_sel config:14-15 mask:14-15
37 [140069246207872] WARN perfrun.perfcollector <> - pmu hwInfo is not set, at file: vcs/perfrun1/plugins/perfcollector/src/controller.cpp:819
37 [140069246207872] INFO perfrun.perfcollector <> - pmu added : family : uncore_pcu , id : 0
37 [140069246207872] INFO perfrun.perfcollector <> - dir found : /sys/bus/event_source/devices/uncore_r3qpi_1
37 [140069246207872] INFO perfrun.perfcollector <> - format: event config:0-7 mask:0-7
37 [140069246207872] INFO perfrun.perfcollector <> - format: edge config:18 mask:18
37 [140069246207872] INFO perfrun.perfcollector <> - format: inv config:23 mask:23
37 [140069246207872] INFO perfrun.perfcollector <> - format: umask config:8-15 mask:8-15
37 [140069246207872] INFO perfrun.perfcollector <> - format: thresh config:24-31 mask:24-31
37 [140069246207872] WARN perfrun.perfcollector <> - pmu hwInfo is not set, at file: vcs/perfrun1/plugins/perfcollector/src/controller.cpp:819
38 [140069246207872] INFO perfrun.perfcollector <> - pmu added : family : uncore_r3qpi , id : 1
38 [140069246207872] INFO perfrun.perfcollector <> - dir found : /sys/bus/event_source/devices/msr
38 [140069246207872] INFO perfrun.perfcollector <> - format: event config:0-63 mask:0-63
38 [140069246207872] WARN perfrun.perfcollector <> - pmu hwInfo is not set, at file: vcs/perfrun1/plugins/perfcollector/src/controller.cpp:819
38 [140069246207872] INFO perfrun.perfcollector <> - pmu added : family : msr , id : 0
38 [140069246207872] INFO perfrun.perfcollector <> - dir found : /sys/bus/event_source/devices/uncore_cbox_3
38 [140069246207872] INFO perfrun.perfcollector <> - format: event config:0-7 mask:0-7
38 [140069246207872] INFO perfrun.perfcollector <> - format: filter_link config1:6-8 mask:6-8
38 [140069246207872] INFO perfrun.perfcollector <> - format: filter_c6 config1:61 mask:61
38 [140069246207872] INFO perfrun.perfcollector <> - format: edge config:18 mask:18
38 [140069246207872] INFO perfrun.perfcollector <> - format: filter_isoc config1:63 mask:63
38 [140069246207872] INFO perfrun.perfcollector <> - format: filter_tid config1:0-5 mask:0-5
38 [140069246207872] INFO perfrun.perfcollector <> - format: filter_nid config1:32-47 mask:32-47
38 [140069246207872] INFO perfrun.perfcollector <> - format: filter_nc config1:62 mask:62
38 [140069246207872] INFO perfrun.perfcollector <> - format: umask config:8-15 mask:8-15
38 [140069246207872] INFO perfrun.perfcollector <> - format: tid_en config:19 mask:19
38 [140069246207872] INFO perfrun.perfcollector <> - format: thresh config:24-31 mask:24-31
38 [140069246207872] INFO perfrun.perfcollector <> - format: filter_state config1:17-23 mask:17-23
38 [140069246207872] INFO perfrun.perfcollector <> - format: filter_opc config1:52-60 mask:52-60
38 [140069246207872] WARN perfrun.perfcollector <> - pmu hwInfo is not set, at file: vcs/perfrun1/plugins/perfcollector/src/controller.cpp:819
38 [140069246207872] INFO perfrun.perfcollector <> - pmu added : family : uncore_cbox , id : 3
38 [140069246207872] INFO perfrun.perfcollector <> - dir found : /sys/bus/event_source/devices/uncore_ha_1
38 [140069246207872] INFO perfrun.perfcollector <> - format: event config:0-7 mask:0-7
38 [140069246207872] INFO perfrun.perfcollector <> - format: edge config:18 mask:18
38 [140069246207872] INFO perfrun.perfcollector <> - format: inv config:23 mask:23
38 [140069246207872] INFO perfrun.perfcollector <> - format: umask config:8-15 mask:8-15
38 [140069246207872] INFO perfrun.perfcollector <> - format: thresh config:24-31 mask:24-31
38 [140069246207872] WARN perfrun.perfcollector <> - pmu hwInfo is not set, at file: vcs/perfrun1/plugins/perfcollector/src/controller.cpp:819
38 [140069246207872] INFO perfrun.perfcollector <> - pmu added : family : uncore_ha , id : 1
38 [140069246207872] INFO perfrun.perfcollector <> - dir found : /sys/bus/event_source/devices/uncore_cbox_1
38 [140069246207872] INFO perfrun.perfcollector <> - format: event config:0-7 mask:0-7
38 [140069246207872] INFO perfrun.perfcollector <> - format: filter_link config1:6-8 mask:6-8
38 [140069246207872] INFO perfrun.perfcollector <> - format: filter_c6 config1:61 mask:61
38 [140069246207872] INFO perfrun.perfcollector <> - format: edge config:18 mask:18
38 [140069246207872] INFO perfrun.perfcollector <> - format: filter_isoc config1:63 mask:63
38 [140069246207872] INFO perfrun.perfcollector <> - format: filter_tid config1:0-5 mask:0-5
38 [140069246207872] INFO perfrun.perfcollector <> - format: filter_nid config1:32-47 mask:32-47
38 [140069246207872] INFO perfrun.perfcollector <> - format: filter_nc config1:62 mask:62
38 [140069246207872] INFO perfrun.perfcollector <> - format: umask config:8-15 mask:8-15
38 [140069246207872] INFO perfrun.perfcollector <> - format: tid_en config:19 mask:19
38 [140069246207872] INFO perfrun.perfcollector <> - format: thresh config:24-31 mask:24-31
38 [140069246207872] INFO perfrun.perfcollector <> - format: filter_state config1:17-23 mask:17-23
38 [140069246207872] INFO perfrun.perfcollector <> - format: filter_opc config1:52-60 mask:52-60
38 [140069246207872] WARN perfrun.perfcollector <> - pmu hwInfo is not set, at file: vcs/perfrun1/plugins/perfcollector/src/controller.cpp:819
39 [140069246207872] INFO perfrun.perfcollector <> - pmu added : family : uncore_cbox , id : 1
39 [140069246207872] INFO perfrun.launcher <> - plugin perf has been added successfully
39 [140069246207872] INFO perfrun.launcher <> - plugin aoclprofile has been added successfully
39 [140069246207872] INFO perfrun.launcher <> - plugin tpss has been added successfully
39 [140069246207872] INFO perfrun.launcher <> - plugin exprof has been added successfully
39 [140069246207872] INFO perfrun.launcher <> - plugin media has been added successfully
39 [140069246207872] INFO perfrun.launcher <> - plugin ice has been added successfully
39 [140069246207872] INFO perfrun.launcher <> - plugin  has been added successfully
39 [140069246207872] INFO perfrun.launcher <> - plugin  has been added successfully
39 [140069246207872] INFO perfrun.launcher <> - plugin parallelfs has been added successfully
39 [140069246207872] INFO perfrun.launcher <> - plugin power has been added successfully
39 [140069246207872] INFO perfrun.launcher <> - plugin hwloc has been added successfully
39 [140069246207872] INFO perfrun.launcher <> - plugin ipmwatch has been added successfully
39 [140069246207872] INFO perfrun.launcher <> - plugin os_counters has been added successfully
39 [140069246207872] INFO perfrun.launcher <> - the option was added --interval: Specify an interval of data collection (for example, sampling) in milliseconds.
39 [140069246207872] INFO perfrun.launcher <> - the option was added --follow-child: Profile process with or without children.
39 [140069246207872] INFO perfrun.launcher <> - the option was added --gelding: BADMSG: perfrun1.launcher.plugin_manager::gelding
39 [140069246207872] INFO perfrun.launcher <> - the option was added --time-source: Specify time source for measurement. Possible values: sys - wall clock time; tsc - time stamp counter; ext - time from an external source; auto - auto select accurate time source.
39 [140069246207872] INFO perfrun.launcher <> - the option was added --stack: Enable or disable collection of stacks.
39 [140069246207872] INFO perfrun.launcher <> - the option was added --stack-stitching: Enable or disable the stack stitching algorithm for Intel TBB-based applications.
39 [140069246207872] INFO perfrun.launcher <> - the option was added --type: Specify type of data to be collected. For example, --type cpu:counters,waiting:nostack,io.
39 [140069246207872] INFO perfrun.launcher <> - the option was added --mrte-mode: Specify Java/.NET/other managed runtime collection mode. Possible values: native - collect information only for native code; managed - collect information only for managed code; mixed - collect information for both managed and native code; auto - choose the mode based on binary type.
40 [140069246207872] INFO perfrun.launcher <> - the option was added --mrte-mode-list: List supported Java/.NET/other managed runtime collection modes.
40 [140069246207872] INFO perfrun.launcher <> - the option was added --mrte-type: Specify which managed runtimes to collect. Possible values: java - collect information for Java; dotnet - collect information for .NET; python - collect information for CPython. You can specify several values separated by comma.
40 [140069246207872] INFO perfrun.launcher <> - the option was added --mrte-type-list: List supported Java/.NET/other managed runtime types.
40 [140069246207872] INFO perfrun.launcher <> - the option was added --trace-strategy: Specify how to profile a process tree. <string> can be "<process>:trace:notrace" - profile the process but do not profile its children. Shorthand parameters: t - trace, nt - notrace. For example, "vtunedemo.exe:t:t".
40 [140069246207872] INFO perfrun.launcher <> - the option was added --collector: BADMSG: perfrun1.launcher.plugin_manager::collector
40 [140069246207872] INFO perfrun.launcher <> - the option was added --system-wide: Enable system-wide profiling. This mode may require additional permissions.
40 [140069246207872] INFO perfrun.launcher <> - the option was added --kvm-guest: Enable KVM guest OS profiling.
40 [140069246207872] INFO perfrun.launcher <> - the option was added --kvm-guest-kallsyms: Specify a local path to the /proc/kallsyms file copied from the guest OS for proper symbol resolution.
40 [140069246207872] INFO perfrun.launcher <> - the option was added --kvm-guest-modules: Specify a local path to the /proc/modules file copied from the guest OS for proper symbol resolution.
40 [140069246207872] INFO perfrun.launcher <> - the option was added --bandwidth-limits: Measure bandwidth limits
40 [140069246207872] INFO perfrun.launcher <> - the option was added --acrn-map-info: Collect map info for ACRN
40 [140069246207872] INFO perfrun.launcher <> - the option was added --bandwidth-strategy: Bandwidth limits determination specific properties (example: --bandwidth-strategy array-size=0,duration=500).
40 [140069246207872] INFO perfrun.launcher <> - the option was added --bandwidth-config: List of benchmarks to run.
40 [140069246207872] INFO perfrun.launcher <> - the option was added --target-gpu: target-gpu
40 [140069246207872] INFO perfrun.launcher <> - the option was added --dump-vdso: Dump [vdso] to result directory
40 [140069246207872] INFO perfrun.launcher <> - the option was added --system-collector-config: Specify subcollectors. Possible values: all, container, device-info, none. Specify subcollectors. Possible values: all, vdso.
40 [140069246207872] INFO perfrun.launcher <> - the option was added --itt-config: Specify a sub-set of ITT API to collect.
40 [140069246207872] INFO perfrun.launcher <> - the option was added --itt-debug: Set pseudo-breakpoint at ITT API collector's start to enable the debugger to attach early.
40 [140069246207872] INFO perfrun.launcher <> - the option was added --ptrace: Ptrace collector.
40 [140069246207872] INFO perfrun.launcher <> - the option was added --target-pid: BADMSG: perfrun1.ptracecollector::target-pid
40 [140069246207872] INFO perfrun.launcher <> - the option was added --ptrace-server-pid: BADMSG: perfrun1.ptracecollector::ptrace-server-pid
40 [140069246207872] INFO perfrun.launcher <> - the option was added --ptrace-trace: BADMSG: perfrun1.ptracecollector::ptrace-trace
40 [140069246207872] INFO perfrun.launcher <> - the option was added --ptrace-time-source: BADMSG: perfrun1.ptracecollector::ptrace-time-source
40 [140069246207872] INFO perfrun.launcher <> - the option was added --ptrace-start-type: BADMSG: perfrun1.ptracecollector::ptrace-start-type
40 [140069246207872] INFO perfrun.launcher <> - the option was added --gpu-config: Specify types of GPU data to be collected. Possible values: preset1, preset2.
40 [140069246207872] INFO perfrun.launcher <> - the option was added --gpu-debug: Enable self-testing of the GPGPU profiling collector.
40 [140069246207872] INFO perfrun.launcher <> - the option was added --gpu-counting: Collect GPU data in the counting mode.
40 [140069246207872] INFO perfrun.launcher <> - the option was added --emon-preset: Specify a preset for EMON collector. For available presets, run: emon -preset-list.
40 [140069246207872] INFO perfrun.launcher <> - the option was added --emon-csv-trace-format: Use CSV format for EMON trace file.
40 [140069246207872] INFO perfrun.launcher <> - the option was added --emon-machine-readable-ver: Write machine readable EMON version file.
40 [140069246207872] INFO perfrun.launcher <> - the option was added --custom-collector: Allows to provide arbitrary command line to be run on collection steps.
40 [140069246207872] INFO perfrun.launcher <> - the option was added --stdsrc-config: Specify Standard Sources category tag(s).
40 [140069246207872] INFO perfrun.launcher <> - the option was added --ftrace-config-list: List Linux Ftrace category tag(s).
41 [140069246207872] INFO perfrun.launcher <> - the option was added --ftrace-config: Specify Linux Ftrace category tag(s).
41 [140069246207872] INFO perfrun.launcher <> - the option was added --ftrace-function-groups: Enable tracing of specific groups of functions.
41 [140069246207872] INFO perfrun.launcher <> - the option was added --event-info: BADMSG: perfrun1.stdsrc::event-info
41 [140069246207872] INFO perfrun.launcher <> - the option was added --cpu-list: List supported CPUs.
41 [140069246207872] INFO perfrun.launcher <> - the option was added --target-list: List available targets for performing sampling collection.
41 [140069246207872] INFO perfrun.launcher <> - the option was added --event-value-list: Display event information.
41 [140069246207872] INFO perfrun.launcher <> - the option was added --platform-value-list: Display details of supported platforms.
41 [140069246207872] INFO perfrun.launcher <> - the option was added --uncore-event-list: List uncore events for which a sampling data collection can be performed on this platform.
41 [140069246207872] INFO perfrun.launcher <> - the option was added --modifier-list: Specify the event name <string> for which the modifiers list is requested.
41 [140069246207872] INFO perfrun.launcher <> - the option was added --pmu-list: List supported PMUs.
41 [140069246207872] INFO perfrun.launcher <> - the option was added --os-mode-only: Enable sampling data collection for OS-mode processes only.
41 [140069246207872] INFO perfrun.launcher <> - the option was added --user-mode-only: Enable sampling data collection for user-mode processes only.
41 [140069246207872] INFO perfrun.launcher <> - the option was added --event-config: Perform data collection for the events with <string> configured using the format <event name1>":modifier1=val:modifier2=val/constraint1={:modifier3=val:modifier4=val}...,"<event name2>":... Specify the events(s) to monitor and embed the event names within double quotes("). [:modifier=val] specifies individual event modifiers along with the respective values for a given platform. Note that the modifiers can be generic to an event as well as specific to a constraint (or an event qualifier). The constraint specific special modifiers appear after [/constraint=]. The modifiers can be in decimal or hexadecimal format. Only specific modifiers accept the value as a string. Each event specification is delimited by a comma (,). For a list of supported modifiers and constraints, refer to the documentation.
41 [140069246207872] INFO perfrun.launcher <> - the option was added --chipset-event-config: Perform data collection for the chipset events with <string> configured using the format "<event name1>"...,"<event name2>":... Specify the events(s) to monitor and embed the event names within double quotes(").
41 [140069246207872] INFO perfrun.launcher <> - the option was added --uncore-event-config: Perform uncore data collection in ebc count mode for the events with <string> configured using the format "<event name1>"...,"<event name2>":... Specify the events(s) to monitor and embed the event names within double quotes(").
41 [140069246207872] INFO perfrun.launcher <> - the option was added --count-emon: Enable counting mode and output the data in EMON format.
41 [140069246207872] INFO perfrun.launcher <> - the option was added --event-based-counts: Enable event-based counting mode. During sampling data collection, event counts data is collected for the list of events specified in -event-config option.
41 [140069246207872] INFO perfrun.launcher <> - the option was added --event-mux-tfactor: Specify the event multiplexing tfactor as <integer> to set the length of the interval between interrupts. The larger the tfactor value, the larger the period between interrupts. Currently this option is only available on Intel platforms codenamed Knights Corner.
41 [140069246207872] INFO perfrun.launcher <> - the option was added --full-pebs-capture: Capture full pebs information.
41 [140069246207872] INFO perfrun.launcher <> - the option was added --last-branch-records: Capture Last Branch Records information.
41 [140069246207872] INFO perfrun.launcher <> - the option was added --pmu-type: Specify the targeted PMU name as <string>.
41 [140069246207872] INFO perfrun.launcher <> - the option was added --platform-type: Specify the targeted platform number as <number>.
41 [140069246207872] INFO perfrun.launcher <> - the option was added --p-state-trigger: Specify the name of the trigger event for P-state data as <string>. The default trigger is CPU_CLK_UNHALTED.REF_TSC.
41 [140069246207872] INFO perfrun.launcher <> - the option was added --rdt-auto-rmid: Enable automatic Core pinning on RMIDs for RDT monitoring capabilities.
41 [140069246207872] INFO perfrun.launcher <> - the option was added --bts-count: Specify the <integer> number of BTS records collected after each sample or context switch (VTSS++ only).
41 [140069246207872] INFO perfrun.launcher <> - the option was added --cpu-mask: Specify which CPU(s) <string> to collect data on. For example, specify "2-8,10,12-14" to sample only CPUs 2 through 8, 10, and 12 through 14.
41 [140069246207872] INFO perfrun.launcher <> - the option was added --event-mux-alg: Specify the event multiplexing algorithm. Possible values: sequence, timer, trigger.
41 [140069246207872] INFO perfrun.launcher <> - the option was added --event-mux-timeslice: Specify the event multiplexing time slice value as <integer>. The time slice specifies the duration between cycles for each event multiplexing group. The default value is 50 milliseconds. This option is valid only for timer-based event multiplexing. Specify the event multiplexing time slice value as <integer>. The time slice specifies the duration between cycles for each event multiplexing group. The default value is 1 millisecond. This option is valid only for timer-based event multiplexing.
41 [140069246207872] INFO perfrun.launcher <> - the option was added --event-mux-factor: Specify the event multiplexing factor as <integer>. It controls the switching of event multiplexing groups. The default factor is 50. This option is valid only for trigger-based event multiplexing. Specify the event multiplexing factor as <integer>. It controls the switching of event multiplexing groups. The default factor is 1. This option is valid only for trigger-based event multiplexing.
41 [140069246207872] INFO perfrun.launcher <> - the option was added --event-mux-trigger: Specify the name of the trigger event for event multiplexing as <string>. This option is valid only for trigger-based event multiplexing. The default trigger is CPU_CLK_UNHALTED.CORE (or CPU_CLK_UNHALTED.THREAD). BADMSG: perfrun1.vtsspp::event-mux-trigger
41 [140069246207872] INFO perfrun.launcher <> - the option was added --pt-mode: BADMSG: perfrun1.vtsspp::pt-mode
41 [140069246207872] INFO perfrun.launcher <> - the option was added --sample-after-multiplier: Specify the sample after multiplier as <double>. This multiplier modifies the sample after value for all the events specified in -event-config option. The values can range from 0.1 to 100.0. SAV multiplier value
41 [140069246207872] INFO perfrun.launcher <> - the option was added --uncore-sampling-interval: Specify the uncore sampling interval as <integer>. This value set the uncore sampling interval for all the uncore events specified in -event-config option.
41 [140069246207872] INFO perfrun.launcher <> - the option was added --count: Enable counting mode. Enable counting mode
42 [140069246207872] INFO perfrun.launcher <> - the option was added --trace-mpi: Configure collector to trace MPI code.
42 [140069246207872] INFO perfrun.launcher <> - the option was added --aggregated-counting: Enable aggregated counting mode. Enable aggregated-counting mode
42 [140069246207872] INFO perfrun.launcher <> - the option was added --perf-per-cpu: System-wide collection from all CPUs
42 [140069246207872] INFO perfrun.launcher <> - the option was added --raw-perf-config: Specify a verified configuration for the Perf collector in the format: <describer>,<content>. For example: map-events-file,<path_to_map_events_file>.
42 [140069246207872] INFO perfrun.launcher <> - the option was added --sys-config: BADMSG: perfrun1.vtsspp::sys-config Specify types of system data to be collected. Supported value: cswitch - collect context switch information.
42 [140069246207872] INFO perfrun.launcher <> - the option was added --perf-event-config: Specify events for Perf collector in Perf format. For example: perf-event-config=cpu-clock.
42 [140069246207872] INFO perfrun.launcher <> - the option was added --perf-aio: Number of control blocks in asynchronous trace writing mode.
42 [140069246207872] INFO perfrun.launcher <> - the option was added --perf-compression: Specify compression of Perf collector output data. Possible levels: 0 - without compression, 1..3 - best speed, 4..22 - best compression that incurs big overhead.
42 [140069246207872] INFO perfrun.launcher <> - the option was added --perf-mmap-flush: Minimum data size read from the kernel mapped region.
42 [140069246207872] INFO perfrun.launcher <> - the option was added --perf-affinity: Adjust an affinity mask of the Perf thread to a node with an allocated memory trace buffer.
42 [140069246207872] INFO perfrun.launcher <> - the option was added --perf-threads: Setup threading mode for trace writing.
42 [140069246207872] INFO perfrun.launcher <> - the option was added --generate-platform-cmd: Get perf command line for an arbitrary target.
42 [140069246207872] INFO perfrun.launcher <> - the option was added --aocl-profile: Enable profiling and data collection through AOCL profiling tool.
42 [140069246207872] INFO perfrun.launcher <> - the option was added --aocl-source-file: Path to .source file. Find this in the compilation output directory of the FPGA application. Use this option to help attribute performance statistics to the source lines. If unspecified, AOCL profiler will attempt to locate the file in the current directory.
42 [140069246207872] INFO perfrun.launcher <> - the option was added --aocl-binary-aocx-file: Path to .aocx file (OpenCL flow) or host binary (DPC++ flow). If you do not provide this path: 1) For OpenCL flow, AOCL Profiler attempts to locate the file in the working directory. 2) For DPC++ flow, the collector assumes that host binary is used as an application to launch.
42 [140069246207872] INFO perfrun.launcher <> - the option was added --aocl-period: Specifies the number of cycles between readbacks from the device. The default value is 0 and indicates that the profiler should read back data as often as possible.
42 [140069246207872] INFO perfrun.launcher <> - the option was added --aocl-no-temporal: Disables readback during execution and only reads back non-autorun kernels once they finish executing.
42 [140069246207872] INFO perfrun.launcher <> - the option was added --aocl-no-mem-transfers: Disables the recording of memory transfer information.
42 [140069246207872] INFO perfrun.launcher <> - the option was added --stackwalk: Specify stack unwinding method. Possible values: online - unwind stacks during collection; offline - unwind stacks after collection is finished. Specify stack unwinding method. Possible value: lbr - unwind stacks during collection. Specify stack unwinding method. Possible values: online - unwind stacks during collection; offline - unwind stacks after collection is finished; lbr - enable LBR-based call stack collection. Specify stack unwinding method. Possible values: online - unwind stacks during collection; offline - unwind stacks after collection is finished. Specify stack unwinding method. Possible values: online - unwind stacks during collection; offline - unwind stacks after collection is finished.
42 [140069246207872] INFO perfrun.launcher <> - the option was added --filter-include: Filter data during collection. Possible values: contended=<on|off> - filter out uncontended events; contended_nostack=<time> - filter out stacks for contended events that take less than <time> microseconds; wait=<time> - ignore transitions and blocks with wait time less than <time> microseconds; wait_nostack=<time> - filter out stacks for waits that take less than <time> microseconds.
42 [140069246207872] INFO perfrun.launcher <> - the option was added --debug-pin: Debug PIN tool and runtime.
42 [140069246207872] INFO perfrun.launcher <> - the option was added --debug-exception: Disallow the application to set own abnormal termination handler.
42 [140069246207872] INFO perfrun.launcher <> - the option was added --trace-type: Specify the trace file granularity. Possible values: per-thread - per-thread trace file generation; per-process - per-process trace file generation.
42 [140069246207872] INFO perfrun.launcher <> - the option was added --instrumentation-type: Specify type of instrumentation.
42 [140069246207872] INFO perfrun.launcher <> - the option was added --altstack: Enable or disable usage of altstacks for profiling signal handlers.
42 [140069246207872] INFO perfrun.launcher <> - the option was added --profiling-signal: BADMSG: perfrun1.ptracecollector::profiling-signal Alternate profiling signal.
42 [140069246207872] INFO perfrun.launcher <> - the option was added --memory-strategy: Specify a minimal memory object size to be traced and a hash table size for faster objects search; for example: --memory-strategy obj-size-min=1024,hash-table-size=4096.
42 [140069246207872] INFO perfrun.launcher <> - the option was added --gpu-profiling-type: Specify a type of deep GPU profiling: none, bblatency, memlatency, instcount.
42 [140069246207872] INFO perfrun.launcher <> - the option was added --opencl-trace-mode: Specify OpenCL kernel tracing modes: 'default' to trace OpenCL kernels for Intel Graphics Driver only; 'epoch' for any non-Intel graphics, where OpenCL kernels will be traced and OpenCL profiling API timestamps will be interpreted as Unux Epoch time in nanoseconds; 'completion' to trace OpenCL kernels for any Graphics Driver and bind OpenCL profiling API timestamps to the timestamp of OpenCL completion callback.
42 [140069246207872] INFO perfrun.launcher <> - the option was added --gpu-kernels-to-profile: Specify a comma-separated list of GPU kernel names and invocations to be profiled in the following format: kernel_name[#start_idx#step#stop_idx], where kernel_name is the name of GPU kernel; start_idx is the number of the first invocation; and stop_idx is the number of the last invocation to be profiled.
42 [140069246207872] INFO perfrun.launcher <> - the option was added --exprof-com-list: List available COM ports.
43 [140069246207872] INFO perfrun.launcher <> - the option was added --exprof-dvc-list: List available DvC IDs.
43 [140069246207872] INFO perfrun.launcher <> - the option was added --exprof-trace-channel: BADMSG: perfrun1.exprof::exprof-trace-channel
43 [140069246207872] INFO perfrun.launcher <> - the option was added --exprof-event-config: Specify ExactProfiling Event Classes.
43 [140069246207872] INFO perfrun.launcher <> - the option was added --ice-pmons-list: BADMSG: perfrun1.ice::ice-pmons-list
43 [140069246207872] INFO perfrun.launcher <> - the option was added --ice-pmons-config: BADMSG: perfrun1.ice::ice-pmons-config
43 [140069246207872] INFO perfrun.launcher <> - the option was added --ice-sw-trace: Collect software traces of the Intel Neural Network Processor (NNP-I) and analyze software context of inference progress.
43 [140069246207872] INFO perfrun.launcher <> - the option was added --ice-sample-after-value: BADMSG: perfrun1.ice::ice-sample-after-value
43 [140069246207872] INFO perfrun.launcher <> - the option was added --ice-frequency: BADMSG: perfrun1.ice::ice-frequency
43 [140069246207872] INFO perfrun.launcher <> - the option was added --parallel-fs-config: Specify parallel fs counters to collect.
43 [140069246207872] INFO perfrun.launcher <> - the option was added --pwr-config: BADMSG: perfrun1.vtsspp::pwr-config Specify power metrics configuration.
43 [140069246207872] INFO perfrun.launcher <> - the option was added --pwr-sampling-interval: Specify Intel SoC Watch sampling interval.
43 [140069246207872] INFO perfrun.launcher <> - the option was added --collect-topology: Collect topology info with hwloc.
43 [140069246207872] INFO perfrun.launcher <> - the option was added --persistent-mem-metrics: Collect Persistent Memory performance counters.
43 [140069246207872] INFO perfrun.launcher <> - the option was added --os-counters: Collect OS counters
45 [140069246207872] INFO perfrun.launcher <> - create msngr2::ICliToolContext
45 [140069246207872] INFO perfrun.launcher <> - create file finder object
45 [140069246207872] INFO perfrun.launcher <> - create a result directory: pattern = /home/users/emlazuta/parallel-qlearning/results_batch_vtune_100x100/run_seq_obs25pct pid = 4294967295
48 [140069246207872] INFO perfrun.sdk <> - checked that the directory /home/users/emlazuta/parallel-qlearning/results_batch_vtune_100x100/run_seq_obs25pct is a local directory
49 [140069246207872] INFO perfrun.sdk <> - the directory /home/users/emlazuta/parallel-qlearning/results_batch_vtune_100x100/run_seq_obs25pct is located on a share or its FS ID is unknown 26985
49 [140069246207872] INFO perfrun.sdk <> - checked that the directory /tmp/amplxe-tmp-emlazuta is a local directory
49 [140069246207872] INFO perfrun.sdk <> - the directory /tmp/amplxe-tmp-emlazuta is a local directory with FS type ID 61267
49 [140069246207872] INFO perfrun.launcher <> - Create a local result directory /tmp/amplxe-tmp-emlazuta/amplxe-res-3464624-13067705351352764 due to the user result path /home/users/emlazuta/parallel-qlearning/results_batch_vtune_100x100/run_seq_obs25pct is located on a share
49 [140069246207872] INFO perfrun.launcher <> - create data directory = /tmp/amplxe-tmp-emlazuta/amplxe-res-3464624-13067705351352764/data.0
50 [140069246207872] INFO perfrun.launcher <> - create data directory = /home/users/emlazuta/parallel-qlearning/results_batch_vtune_100x100/run_seq_obs25pct/data.0
52 [140069246207872] INFO perfrun.launcher <> - Creating the master collection flag
54 [140069246207872] INFO perfrun.launcher <> - Done creating the master collection flag
58 [140069090354880] INFO perfrun.launcher <> - plugin [remoteplug] was disabled because it doesn't support the given collection type.
58 [140069090354880] INFO perfrun.system <> - online nodes : 0-1
58 [140069090354880] INFO perfrun.system <> - nodes with cpus : 0-1
58 [140069090354880] INFO perfrun.system <> - nodes with memory : 0-1
63 [140069090354880] INFO perfrun.sdk <> - Allocating TMU :/tmp/amplxe-tmp-emlazuta/amplxe-res-3464624-13067705351352764/data.0/systemcollector-3464624-hype5.sc
63 [140069090354880] INFO perfrun.launcher <> - plugin [itt] was disabled because it doesn't support the given collection type.
63 [140069090354880] INFO perfrun.launcher <> - plugin [ptracecollector] was disabled because it doesn't support the given collection type.
63 [140069090354880] INFO perfrun.launcher <> - plugin [gpu] was disabled because it doesn't support the given collection type.
63 [140069090354880] INFO perfrun.launcher <> - plugin [] was disabled because it doesn't support the given collection type.
63 [140069090354880] INFO perfrun.launcher <> - plugin [] was disabled because it doesn't support the given collection type.
63 [140069090354880] INFO perfrun.launcher <> - plugin [] was disabled because it doesn't support the given collection type.
63 [140069090354880] INFO perfrun.mrte <> - system-wide mode is 0
63 [140069090354880] INFO perfrun.mrte <> - Getting  mrte profiling environment ...
121 [140069090354880] INFO perfrun.mrte <> - INTEL_MRTE_DATA_DIR=/tmp/amplxe-tmp-emlazuta/amplxe-res-3464624-13067705351352764/data.0
121 [140069090354880] INFO perfrun.mrte <> - INTEL_MRTE_HOST_NAME=hype5
121 [140069090354880] INFO perfrun.mrte <> - JAVA_TOOL_OPTIONS=-agentlib:amplxe_samplingmrte_javaprof_1.0 -Dsun.boot.library.path=/home/intel/oneapi/vtune/2021.1.1/lib32/runtime:/home/intel/oneapi/vtune/2021.1.1/lib64/runtime
121 [140069090354880] INFO perfrun.mrte <> - CORECLR_ENABLE_PROFILING=1
121 [140069090354880] INFO perfrun.mrte <> - CORECLR_PROFILER={AA5E4821-E3B1-479c-B7FF-5AD047D22CED}
121 [140069090354880] INFO perfrun.mrte <> - CORECLR_PROFILER_PATH=/home/intel/oneapi/vtune/2021.1.1/lib64/libamplxe_samplingmrte_clrprof_1.0.so
121 [140069090354880] INFO perfrun.mrte <> - INTEL_MRTE_PROFILER_MODE=mixed
121 [140069090354880] INFO perfrun.mrte <> - Data directory: /tmp/amplxe-tmp-emlazuta/amplxe-res-3464624-13067705351352764/data.0
121 [140069090354880] INFO perfrun.mrte <> - Mrte plugin is initialized
121 [140069090354880] INFO perfrun.launcher <> - plugin [emon] was disabled because it doesn't support the given collection type.
121 [140069090354880] INFO perfrun.launcher <> - plugin [cuscol] was disabled because it doesn't support the given collection type.
121 [140069090354880] INFO perfrun.launcher <> - plugin [stdsrc] was disabled because it doesn't support the given collection type.
121 [140069090354880] INFO perfrun.launcher <> - plugin [sep] was disabled because it doesn't support the given collection type.
121 [140069090354880] INFO perfrun.launcher <> - plugin [vtsspp] was disabled because it doesn't support the given collection type.
122 [140069090354880] INFO perfrun.sdk <> - runCmd: "/home/intel/oneapi/vtune/2021.1.1/bin64/sep" -dry-run -sam 1 -ec "CPU_CLK_UNHALTED.THREAD:sa=2300000,CPU_CLK_UNHALTED.REF_TSC:sample:sa=2300000,INST_RETIRED.ANY:sample:sa=2300000,CPU_CLK_UNHALTED.REF_XCLK:sa=100003,CPU_CLK_UNHALTED.ONE_THREAD_ACTIVE:sa=100003,UOPS_RETIRED.RETIRE_SLOTS:sample:sa=2000003,CYCLE_ACTIVITY.CYCLES_NO_EXECUTE:sa=2000003,CYCLE_ACTIVITY.STALLS_L1D_PENDING:sa=2000003,CYCLE_ACTIVITY.STALLS_LDM_PENDING:sa=2000003,CYCLE_ACTIVITY.STALLS_L2_PENDING:sa=2000003,IDQ_UOPS_NOT_DELIVERED.CORE:sa=2000003,INT_MISC.RECOVERY_CYCLES:sa=2000003,MEM_LOAD_UOPS_RETIRED.L3_HIT_PS:sa=50003,MEM_LOAD_UOPS_RETIRED.L3_MISS_PS:sa=50003,OFFCORE_REQUESTS_OUTSTANDING.CYCLES_WITH_DATA_RD:sa=2000003,OFFCORE_REQUESTS_OUTSTANDING.ALL_DATA_RD:cmask=6:sa=2000003,RESOURCE_STALLS.SB:sa=2000003,RS_EVENTS.EMPTY_CYCLES:sa=2000003,UOPS_EXECUTED.CORE:cmask=1:sa=2000003,UOPS_EXECUTED.CORE:cmask=2:sa=2000003,UOPS_EXECUTED.CORE:cmask=3:sa=2000003,UOPS_ISSUED.ANY:sa=2000003,UOPS_RETIRED.RETIRE_SLOTS:sa=2000003,IDQ_UOPS_NOT_DELIVERED.CYCLES_0_UOPS_DELIV.CORE:sa=2000003,MEM_UOPS_RETIRED.ALL_LOADS_PS:sa=100003,MEM_UOPS_RETIRED.ALL_STORES_PS:sa=100003,MEM_LOAD_UOPS_L3_MISS_RETIRED.LOCAL_DRAM_PS:sa=100003,MEM_LOAD_UOPS_L3_MISS_RETIRED.REMOTE_DRAM_PS:sa=100003,MEM_LOAD_UOPS_L3_MISS_RETIRED.REMOTE_HITM_PS:sa=100003,MEM_LOAD_UOPS_L3_MISS_RETIRED.REMOTE_FWD_PS:sa=100003,UNC_M_CAS_COUNT.RD,UNC_M_CAS_COUNT.WR" -experimental
146 [140069090354880] INFO perfrun.perfcollector <> - SepDryRun RC = true
146 [140069090354880] INFO perfrun.perfcollector <> - DRY_RUN : "Duplicate Event Discarded: UOPS_RETIRED.RETIRE_SLOTS"
146 [140069090354880] INFO perfrun.perfcollector <> - DRY_RUN : "PMU type: Core (core)"
149 [140069090354880] INFO perfrun.perfcollector <> - pmu type : cpu
149 [140069090354880] INFO perfrun.perfcollector <> - DRY_RUN : "Group 0:"
149 [140069090354880] INFO perfrun.perfcollector <> - id : 0
149 [140069090354880] INFO perfrun.perfcollector <> - DRY_RUN : "INST_RETIRED.ANY: event id 2"
149 [140069090354880] INFO perfrun.perfcollector <> - eventName : INST_RETIRED.ANY , eventId : 2
149 [140069090354880] INFO perfrun.perfcollector <> - DRY_RUN : "CPU_CLK_UNHALTED.THREAD: event id 0"
149 [140069090354880] INFO perfrun.perfcollector <> - eventName : CPU_CLK_UNHALTED.THREAD , eventId : 0
149 [140069090354880] INFO perfrun.perfcollector <> - DRY_RUN : "CPU_CLK_UNHALTED.REF_TSC: event id 1"
149 [140069090354880] INFO perfrun.perfcollector <> - eventName : CPU_CLK_UNHALTED.REF_TSC , eventId : 1
149 [140069090354880] INFO perfrun.perfcollector <> - DRY_RUN : "CPU_CLK_UNHALTED.REF_XCLK: event id 4"
149 [140069090354880] INFO perfrun.perfcollector <> - eventName : CPU_CLK_UNHALTED.REF_XCLK , eventId : 4
149 [140069090354880] INFO perfrun.perfcollector <> - DRY_RUN : "CPU_CLK_UNHALTED.ONE_THREAD_ACTIVE: event id 5"
149 [140069090354880] INFO perfrun.perfcollector <> - eventName : CPU_CLK_UNHALTED.ONE_THREAD_ACTIVE , eventId : 5
149 [140069090354880] INFO perfrun.perfcollector <> - DRY_RUN : "CYCLE_ACTIVITY.STALLS_L1D_PENDING: event id 3"
149 [140069090354880] INFO perfrun.perfcollector <> - eventName : CYCLE_ACTIVITY.STALLS_L1D_PENDING , eventId : 3
149 [140069090354880] INFO perfrun.perfcollector <> - DRY_RUN : "UOPS_RETIRED.RETIRE_SLOTS: event id 6"
149 [140069090354880] INFO perfrun.perfcollector <> - eventName : UOPS_RETIRED.RETIRE_SLOTS , eventId : 6
149 [140069090354880] INFO perfrun.perfcollector <> - DRY_RUN : "CCCR"
149 [140069090354880] INFO perfrun.perfcollector <> - DRY_RUN : "reg_type       = 1	event_id       = g	reg_id         = 38f	reg_value      = 70000000f"
150 [140069090354880] INFO perfrun.perfcollector <> - eventId : g , ignored
150 [140069090354880] INFO perfrun.perfcollector <> - DRY_RUN : "reg_type       = 1	event_id       = g	reg_id         = 390	reg_value      = 70000000f"
150 [140069090354880] INFO perfrun.perfcollector <> - eventId : g , ignored
150 [140069090354880] INFO perfrun.perfcollector <> - DRY_RUN : "reg_type       = 1	event_id       = g	reg_id         = 3f1	reg_value      = 0"
150 [140069090354880] INFO perfrun.perfcollector <> - eventId : g , ignored
150 [140069090354880] INFO perfrun.perfcollector <> - DRY_RUN : "reg_type       = 1	event_id       = g	reg_id         = 1d9	reg_value      = 1800"
150 [140069090354880] INFO perfrun.perfcollector <> - eventId : g , ignored
150 [140069090354880] INFO perfrun.perfcollector <> - DRY_RUN : "reg_type       = 1	event_id       = g	reg_id         = 38d	reg_value      = bbb"
150 [140069090354880] INFO perfrun.perfcollector <> - eventId : g , ignored
150 [140069090354880] INFO perfrun.perfcollector <> - DRY_RUN : "reg_type       = 1	event_id       = 4	reg_id         = 186	reg_value      = 53013c"
150 [140069090354880] INFO perfrun.perfcollector <> - eventId : 4 , cccrAddr : 186 , cccrVal : 53013c
150 [140069090354880] INFO perfrun.perfcollector <> - DRY_RUN : "reg_type       = 1	event_id       = 5	reg_id         = 187	reg_value      = 53023c"
150 [140069090354880] INFO perfrun.perfcollector <> - eventId : 5 , cccrAddr : 187 , cccrVal : 53023c
150 [140069090354880] INFO perfrun.perfcollector <> - DRY_RUN : "reg_type       = 1	event_id       = 3	reg_id         = 188	reg_value      = c530ca3"
150 [140069090354880] INFO perfrun.perfcollector <> - eventId : 3 , cccrAddr : 188 , cccrVal : c530ca3
150 [140069090354880] INFO perfrun.perfcollector <> - DRY_RUN : "reg_type       = 1	event_id       = 6	reg_id         = 189	reg_value      = 5302c2"
150 [140069090354880] INFO perfrun.perfcollector <> - eventId : 6 , cccrAddr : 189 , cccrVal : 5302c2
150 [140069090354880] INFO perfrun.perfcollector <> - DRY_RUN : "ESCR"
150 [140069090354880] INFO perfrun.perfcollector <> - DRY_RUN : "reg_type       = 2	event_id       = g	reg_id         = 1c8	reg_value      = 0"
150 [140069090354880] INFO perfrun.perfcollector <> - eventId : g , ignored
150 [140069090354880] INFO perfrun.perfcollector <> - DRY_RUN : "DATA"
150 [140069090354880] INFO perfrun.perfcollector <> - DRY_RUN : "reg_type       = 4	event_id       = 2	reg_id         = 309	reg_value      = ffffffdce7a0"
150 [140069090354880] INFO perfrun.perfcollector <> - eventId : 2 , dataAddr : 309 , dataVal : ffffffdce7a0
150 [140069090354880] INFO perfrun.perfcollector <> - DRY_RUN : "reg_type       = 4	event_id       = 0	reg_id         = 30a	reg_value      = ffffffdce7a0"
150 [140069090354880] INFO perfrun.perfcollector <> - eventId : 0 , dataAddr : 30a , dataVal : ffffffdce7a0
150 [140069090354880] INFO perfrun.perfcollector <> - DRY_RUN : "reg_type       = 4	event_id       = 1	reg_id         = 30b	reg_value      = ffffffdce7a0"
150 [140069090354880] INFO perfrun.perfcollector <> - eventId : 1 , dataAddr : 30b , dataVal : ffffffdce7a0
150 [140069090354880] INFO perfrun.perfcollector <> - DRY_RUN : "reg_type       = 4	event_id       = 4	reg_id         = c1	reg_value      = fffffffe795d"
150 [140069090354880] INFO perfrun.perfcollector <> - eventId : 4 , dataAddr : c1 , dataVal : fffffffe795d
150 [140069090354880] INFO perfrun.perfcollector <> - DRY_RUN : "reg_type       = 4	event_id       = 5	reg_id         = c2	reg_value      = fffffffe795d"
150 [140069090354880] INFO perfrun.perfcollector <> - eventId : 5 , dataAddr : c2 , dataVal : fffffffe795d
150 [140069090354880] INFO perfrun.perfcollector <> - DRY_RUN : "reg_type       = 4	event_id       = 3	reg_id         = c3	reg_value      = ffffffe17b7d"
150 [140069090354880] INFO perfrun.perfcollector <> - eventId : 3 , dataAddr : c3 , dataVal : ffffffe17b7d
150 [140069090354880] INFO perfrun.perfcollector <> - DRY_RUN : "reg_type       = 4	event_id       = 6	reg_id         = c4	reg_value      = ffffffe17b7d"
150 [140069090354880] INFO perfrun.perfcollector <> - eventId : 6 , dataAddr : c4 , dataVal : ffffffe17b7d
150 [140069090354880] INFO perfrun.perfcollector <> - DRY_RUN : "Group 1:"
150 [140069090354880] INFO perfrun.perfcollector <> - id : 1
150 [140069090354880] INFO perfrun.perfcollector <> - DRY_RUN : "INST_RETIRED.ANY: event id 2"
150 [140069090354880] INFO perfrun.perfcollector <> - eventName : INST_RETIRED.ANY , eventId : 2
150 [140069090354880] INFO perfrun.perfcollector <> - DRY_RUN : "CPU_CLK_UNHALTED.THREAD: event id 0"
150 [140069090354880] INFO perfrun.perfcollector <> - eventName : CPU_CLK_UNHALTED.THREAD , eventId : 0
150 [140069090354880] INFO perfrun.perfcollector <> - DRY_RUN : "CPU_CLK_UNHALTED.REF_TSC: event id 1"
150 [140069090354880] INFO perfrun.perfcollector <> - eventName : CPU_CLK_UNHALTED.REF_TSC , eventId : 1
150 [140069090354880] INFO perfrun.perfcollector <> - DRY_RUN : "CYCLE_ACTIVITY.CYCLES_NO_EXECUTE: event id 7"
150 [140069090354880] INFO perfrun.perfcollector <> - eventName : CYCLE_ACTIVITY.CYCLES_NO_EXECUTE , eventId : 7
150 [140069090354880] INFO perfrun.perfcollector <> - DRY_RUN : "CYCLE_ACTIVITY.STALLS_LDM_PENDING: event id 8"
150 [140069090354880] INFO perfrun.perfcollector <> - eventName : CYCLE_ACTIVITY.STALLS_LDM_PENDING , eventId : 8
150 [140069090354880] INFO perfrun.perfcollector <> - DRY_RUN : "CYCLE_ACTIVITY.STALLS_L2_PENDING: event id 9"
150 [140069090354880] INFO perfrun.perfcollector <> - eventName : CYCLE_ACTIVITY.STALLS_L2_PENDING , eventId : 9
150 [140069090354880] INFO perfrun.perfcollector <> - DRY_RUN : "IDQ_UOPS_NOT_DELIVERED.CORE: event id 10"
150 [140069090354880] INFO perfrun.perfcollector <> - eventName : IDQ_UOPS_NOT_DELIVERED.CORE , eventId : 10
150 [140069090354880] INFO perfrun.perfcollector <> - DRY_RUN : "CCCR"
150 [140069090354880] INFO perfrun.perfcollector <> - DRY_RUN : "reg_type       = 1	event_id       = g	reg_id         = 38f	reg_value      = 70000000f"
150 [140069090354880] INFO perfrun.perfcollector <> - eventId : g , ignored
150 [140069090354880] INFO perfrun.perfcollector <> - DRY_RUN : "reg_type       = 1	event_id       = g	reg_id         = 390	reg_value      = 70000000f"
150 [140069090354880] INFO perfrun.perfcollector <> - eventId : g , ignored
150 [140069090354880] INFO perfrun.perfcollector <> - DRY_RUN : "reg_type       = 1	event_id       = g	reg_id         = 3f1	reg_value      = 0"
150 [140069090354880] INFO perfrun.perfcollector <> - eventId : g , ignored
150 [140069090354880] INFO perfrun.perfcollector <> - DRY_RUN : "reg_type       = 1	event_id       = g	reg_id         = 1d9	reg_value      = 1800"
150 [140069090354880] INFO perfrun.perfcollector <> - eventId : g , ignored
150 [140069090354880] INFO perfrun.perfcollector <> - DRY_RUN : "reg_type       = 1	event_id       = g	reg_id         = 38d	reg_value      = bbb"
150 [140069090354880] INFO perfrun.perfcollector <> - eventId : g , ignored
150 [140069090354880] INFO perfrun.perfcollector <> - DRY_RUN : "reg_type       = 1	event_id       = 7	reg_id         = 186	reg_value      = 45304a3"
150 [140069090354880] INFO perfrun.perfcollector <> - eventId : 7 , cccrAddr : 186 , cccrVal : 45304a3
150 [140069090354880] INFO perfrun.perfcollector <> - DRY_RUN : "reg_type       = 1	event_id       = 8	reg_id         = 187	reg_value      = 65306a3"
150 [140069090354880] INFO perfrun.perfcollector <> - eventId : 8 , cccrAddr : 187 , cccrVal : 65306a3
150 [140069090354880] INFO perfrun.perfcollector <> - DRY_RUN : "reg_type       = 1	event_id       = 9	reg_id         = 188	reg_value      = 55305a3"
150 [140069090354880] INFO perfrun.perfcollector <> - eventId : 9 , cccrAddr : 188 , cccrVal : 55305a3
150 [140069090354880] INFO perfrun.perfcollector <> - DRY_RUN : "reg_type       = 1	event_id       = 10	reg_id         = 189	reg_value      = 53019c"
150 [140069090354880] INFO perfrun.perfcollector <> - eventId : 10 , cccrAddr : 189 , cccrVal : 53019c
150 [140069090354880] INFO perfrun.perfcollector <> - DRY_RUN : "ESCR"
150 [140069090354880] INFO perfrun.perfcollector <> - DRY_RUN : "reg_type       = 2	event_id       = g	reg_id         = 1c8	reg_value      = 0"
150 [140069090354880] INFO perfrun.perfcollector <> - eventId : g , ignored
150 [140069090354880] INFO perfrun.perfcollector <> - DRY_RUN : "DATA"
150 [140069090354880] INFO perfrun.perfcollector <> - DRY_RUN : "reg_type       = 4	event_id       = 2	reg_id         = 309	reg_value      = ffffffdce7a0"
150 [140069090354880] INFO perfrun.perfcollector <> - eventId : 2 , dataAddr : 309 , dataVal : ffffffdce7a0
150 [140069090354880] INFO perfrun.perfcollector <> - DRY_RUN : "reg_type       = 4	event_id       = 0	reg_id         = 30a	reg_value      = ffffffdce7a0"
150 [140069090354880] INFO perfrun.perfcollector <> - eventId : 0 , dataAddr : 30a , dataVal : ffffffdce7a0
150 [140069090354880] INFO perfrun.perfcollector <> - DRY_RUN : "reg_type       = 4	event_id       = 1	reg_id         = 30b	reg_value      = ffffffdce7a0"
150 [140069090354880] INFO perfrun.perfcollector <> - eventId : 1 , dataAddr : 30b , dataVal : ffffffdce7a0
150 [140069090354880] INFO perfrun.perfcollector <> - DRY_RUN : "reg_type       = 4	event_id       = 7	reg_id         = c1	reg_value      = ffffffe17b7d"
150 [140069090354880] INFO perfrun.perfcollector <> - eventId : 7 , dataAddr : c1 , dataVal : ffffffe17b7d
150 [140069090354880] INFO perfrun.perfcollector <> - DRY_RUN : "reg_type       = 4	event_id       = 8	reg_id         = c2	reg_value      = ffffffe17b7d"
150 [140069090354880] INFO perfrun.perfcollector <> - eventId : 8 , dataAddr : c2 , dataVal : ffffffe17b7d
150 [140069090354880] INFO perfrun.perfcollector <> - DRY_RUN : "reg_type       = 4	event_id       = 9	reg_id         = c3	reg_value      = ffffffe17b7d"
150 [140069090354880] INFO perfrun.perfcollector <> - eventId : 9 , dataAddr : c3 , dataVal : ffffffe17b7d
150 [140069090354880] INFO perfrun.perfcollector <> - DRY_RUN : "reg_type       = 4	event_id       = 10	reg_id         = c4	reg_value      = ffffffe17b7d"
150 [140069090354880] INFO perfrun.perfcollector <> - eventId : 10 , dataAddr : c4 , dataVal : ffffffe17b7d
150 [140069090354880] INFO perfrun.perfcollector <> - DRY_RUN : "Group 2:"
150 [140069090354880] INFO perfrun.perfcollector <> - id : 2
150 [140069090354880] INFO perfrun.perfcollector <> - DRY_RUN : "INST_RETIRED.ANY: event id 2"
150 [140069090354880] INFO perfrun.perfcollector <> - eventName : INST_RETIRED.ANY , eventId : 2
150 [140069090354880] INFO perfrun.perfcollector <> - DRY_RUN : "CPU_CLK_UNHALTED.THREAD: event id 0"
150 [140069090354880] INFO perfrun.perfcollector <> - eventName : CPU_CLK_UNHALTED.THREAD , eventId : 0
150 [140069090354880] INFO perfrun.perfcollector <> - DRY_RUN : "CPU_CLK_UNHALTED.REF_TSC: event id 1"
150 [140069090354880] INFO perfrun.perfcollector <> - eventName : CPU_CLK_UNHALTED.REF_TSC , eventId : 1
150 [140069090354880] INFO perfrun.perfcollector <> - DRY_RUN : "INT_MISC.RECOVERY_CYCLES: event id 11"
150 [140069090354880] INFO perfrun.perfcollector <> - eventName : INT_MISC.RECOVERY_CYCLES , eventId : 11
150 [140069090354880] INFO perfrun.perfcollector <> - DRY_RUN : "MEM_LOAD_UOPS_RETIRED.L3_HIT_PS: event id 12"
150 [140069090354880] INFO perfrun.perfcollector <> - eventName : MEM_LOAD_UOPS_RETIRED.L3_HIT_PS , eventId : 12
150 [140069090354880] INFO perfrun.perfcollector <> - DRY_RUN : "MEM_LOAD_UOPS_RETIRED.L3_MISS_PS: event id 13"
150 [140069090354880] INFO perfrun.perfcollector <> - eventName : MEM_LOAD_UOPS_RETIRED.L3_MISS_PS , eventId : 13
150 [140069090354880] INFO perfrun.perfcollector <> - DRY_RUN : "OFFCORE_REQUESTS_OUTSTANDING.CYCLES_WITH_DATA_RD: event id 14"
150 [140069090354880] INFO perfrun.perfcollector <> - eventName : OFFCORE_REQUESTS_OUTSTANDING.CYCLES_WITH_DATA_RD , eventId : 14
150 [140069090354880] INFO perfrun.perfcollector <> - DRY_RUN : "CCCR"
150 [140069090354880] INFO perfrun.perfcollector <> - DRY_RUN : "reg_type       = 1	event_id       = g	reg_id         = 38f	reg_value      = 70000000f"
150 [140069090354880] INFO perfrun.perfcollector <> - eventId : g , ignored
150 [140069090354880] INFO perfrun.perfcollector <> - DRY_RUN : "reg_type       = 1	event_id       = g	reg_id         = 390	reg_value      = 70000000f"
150 [140069090354880] INFO perfrun.perfcollector <> - eventId : g , ignored
150 [140069090354880] INFO perfrun.perfcollector <> - DRY_RUN : "reg_type       = 1	event_id       = g	reg_id         = 3f1	reg_value      = 600000006"
150 [140069090354880] INFO perfrun.perfcollector <> - eventId : g , ignored
150 [140069090354880] INFO perfrun.perfcollector <> - DRY_RUN : "reg_type       = 1	event_id       = g	reg_id         = 1d9	reg_value      = 1800"
150 [140069090354880] INFO perfrun.perfcollector <> - eventId : g , ignored
150 [140069090354880] INFO perfrun.perfcollector <> - DRY_RUN : "reg_type       = 1	event_id       = g	reg_id         = 38d	reg_value      = bbb"
150 [140069090354880] INFO perfrun.perfcollector <> - eventId : g , ignored
150 [140069090354880] INFO perfrun.perfcollector <> - DRY_RUN : "reg_type       = 1	event_id       = 11	reg_id         = 186	reg_value      = 153030d"
150 [140069090354880] INFO perfrun.perfcollector <> - eventId : 11 , cccrAddr : 186 , cccrVal : 153030d
150 [140069090354880] INFO perfrun.perfcollector <> - DRY_RUN : "reg_type       = 1	event_id       = 12	reg_id         = 187	reg_value      = 4304d1"
150 [140069090354880] INFO perfrun.perfcollector <> - eventId : 12 , cccrAddr : 187 , cccrVal : 4304d1
150 [140069090354880] INFO perfrun.perfcollector <> - DRY_RUN : "reg_type       = 1	event_id       = 13	reg_id         = 188	reg_value      = 4320d1"
150 [140069090354880] INFO perfrun.perfcollector <> - eventId : 13 , cccrAddr : 188 , cccrVal : 4320d1
150 [140069090354880] INFO perfrun.perfcollector <> - DRY_RUN : "reg_type       = 1	event_id       = 14	reg_id         = 189	reg_value      = 1530860"
150 [140069090354880] INFO perfrun.perfcollector <> - eventId : 14 , cccrAddr : 189 , cccrVal : 1530860
150 [140069090354880] INFO perfrun.perfcollector <> - DRY_RUN : "ESCR"
150 [140069090354880] INFO perfrun.perfcollector <> - DRY_RUN : "reg_type       = 2	event_id       = g	reg_id         = 1c8	reg_value      = 0"
150 [140069090354880] INFO perfrun.perfcollector <> - eventId : g , ignored
150 [140069090354880] INFO perfrun.perfcollector <> - DRY_RUN : "DATA"
150 [140069090354880] INFO perfrun.perfcollector <> - DRY_RUN : "reg_type       = 4	event_id       = 2	reg_id         = 309	reg_value      = ffffffdce7a0"
150 [140069090354880] INFO perfrun.perfcollector <> - eventId : 2 , dataAddr : 309 , dataVal : ffffffdce7a0
150 [140069090354880] INFO perfrun.perfcollector <> - DRY_RUN : "reg_type       = 4	event_id       = 0	reg_id         = 30a	reg_value      = ffffffdce7a0"
150 [140069090354880] INFO perfrun.perfcollector <> - eventId : 0 , dataAddr : 30a , dataVal : ffffffdce7a0
150 [140069090354880] INFO perfrun.perfcollector <> - DRY_RUN : "reg_type       = 4	event_id       = 1	reg_id         = 30b	reg_value      = ffffffdce7a0"
150 [140069090354880] INFO perfrun.perfcollector <> - eventId : 1 , dataAddr : 30b , dataVal : ffffffdce7a0
150 [140069090354880] INFO perfrun.perfcollector <> - DRY_RUN : "reg_type       = 4	event_id       = 11	reg_id         = c1	reg_value      = ffffffe17b7d"
150 [140069090354880] INFO perfrun.perfcollector <> - eventId : 11 , dataAddr : c1 , dataVal : ffffffe17b7d
150 [140069090354880] INFO perfrun.perfcollector <> - DRY_RUN : "reg_type       = 4	event_id       = 12	reg_id         = c2	reg_value      = ffffffff3cad"
150 [140069090354880] INFO perfrun.perfcollector <> - eventId : 12 , dataAddr : c2 , dataVal : ffffffff3cad
150 [140069090354880] INFO perfrun.perfcollector <> - DRY_RUN : "reg_type       = 4	event_id       = 13	reg_id         = c3	reg_value      = ffffffff3cad"
150 [140069090354880] INFO perfrun.perfcollector <> - eventId : 13 , dataAddr : c3 , dataVal : ffffffff3cad
150 [140069090354880] INFO perfrun.perfcollector <> - DRY_RUN : "reg_type       = 4	event_id       = 14	reg_id         = c4	reg_value      = ffffffe17b7d"
150 [140069090354880] INFO perfrun.perfcollector <> - eventId : 14 , dataAddr : c4 , dataVal : ffffffe17b7d
150 [140069090354880] INFO perfrun.perfcollector <> - DRY_RUN : "Group 3:"
150 [140069090354880] INFO perfrun.perfcollector <> - id : 3
150 [140069090354880] INFO perfrun.perfcollector <> - DRY_RUN : "INST_RETIRED.ANY: event id 2"
150 [140069090354880] INFO perfrun.perfcollector <> - eventName : INST_RETIRED.ANY , eventId : 2
150 [140069090354880] INFO perfrun.perfcollector <> - DRY_RUN : "CPU_CLK_UNHALTED.THREAD: event id 0"
150 [140069090354880] INFO perfrun.perfcollector <> - eventName : CPU_CLK_UNHALTED.THREAD , eventId : 0
150 [140069090354880] INFO perfrun.perfcollector <> - DRY_RUN : "CPU_CLK_UNHALTED.REF_TSC: event id 1"
150 [140069090354880] INFO perfrun.perfcollector <> - eventName : CPU_CLK_UNHALTED.REF_TSC , eventId : 1
150 [140069090354880] INFO perfrun.perfcollector <> - DRY_RUN : "OFFCORE_REQUESTS_OUTSTANDING.ALL_DATA_RD:cmask=6: event id 15"
150 [140069090354880] INFO perfrun.perfcollector <> - eventName : OFFCORE_REQUESTS_OUTSTANDING.ALL_DATA_RD:cmask=6 , eventId : 15
150 [140069090354880] INFO perfrun.perfcollector <> - DRY_RUN : "RESOURCE_STALLS.SB: event id 16"
150 [140069090354880] INFO perfrun.perfcollector <> - eventName : RESOURCE_STALLS.SB , eventId : 16
150 [140069090354880] INFO perfrun.perfcollector <> - DRY_RUN : "RS_EVENTS.EMPTY_CYCLES: event id 17"
150 [140069090354880] INFO perfrun.perfcollector <> - eventName : RS_EVENTS.EMPTY_CYCLES , eventId : 17
150 [140069090354880] INFO perfrun.perfcollector <> - DRY_RUN : "UOPS_EXECUTED.CORE:cmask=1: event id 18"
150 [140069090354880] INFO perfrun.perfcollector <> - eventName : UOPS_EXECUTED.CORE:cmask=1 , eventId : 18
150 [140069090354880] INFO perfrun.perfcollector <> - DRY_RUN : "CCCR"
150 [140069090354880] INFO perfrun.perfcollector <> - DRY_RUN : "reg_type       = 1	event_id       = g	reg_id         = 38f	reg_value      = 70000000f"
150 [140069090354880] INFO perfrun.perfcollector <> - eventId : g , ignored
150 [140069090354880] INFO perfrun.perfcollector <> - DRY_RUN : "reg_type       = 1	event_id       = g	reg_id         = 390	reg_value      = 70000000f"
150 [140069090354880] INFO perfrun.perfcollector <> - eventId : g , ignored
150 [140069090354880] INFO perfrun.perfcollector <> - DRY_RUN : "reg_type       = 1	event_id       = g	reg_id         = 3f1	reg_value      = 0"
150 [140069090354880] INFO perfrun.perfcollector <> - eventId : g , ignored
150 [140069090354880] INFO perfrun.perfcollector <> - DRY_RUN : "reg_type       = 1	event_id       = g	reg_id         = 1d9	reg_value      = 1800"
150 [140069090354880] INFO perfrun.perfcollector <> - eventId : g , ignored
150 [140069090354880] INFO perfrun.perfcollector <> - DRY_RUN : "reg_type       = 1	event_id       = g	reg_id         = 38d	reg_value      = bbb"
150 [140069090354880] INFO perfrun.perfcollector <> - eventId : g , ignored
150 [140069090354880] INFO perfrun.perfcollector <> - DRY_RUN : "reg_type       = 1	event_id       = 15	reg_id         = 186	reg_value      = 6530860"
150 [140069090354880] INFO perfrun.perfcollector <> - eventId : 15 , cccrAddr : 186 , cccrVal : 6530860
150 [140069090354880] INFO perfrun.perfcollector <> - DRY_RUN : "reg_type       = 1	event_id       = 16	reg_id         = 187	reg_value      = 5308a2"
150 [140069090354880] INFO perfrun.perfcollector <> - eventId : 16 , cccrAddr : 187 , cccrVal : 5308a2
150 [140069090354880] INFO perfrun.perfcollector <> - DRY_RUN : "reg_type       = 1	event_id       = 17	reg_id         = 188	reg_value      = 53015e"
150 [140069090354880] INFO perfrun.perfcollector <> - eventId : 17 , cccrAddr : 188 , cccrVal : 53015e
150 [140069090354880] INFO perfrun.perfcollector <> - DRY_RUN : "reg_type       = 1	event_id       = 18	reg_id         = 189	reg_value      = 15302b1"
150 [140069090354880] INFO perfrun.perfcollector <> - eventId : 18 , cccrAddr : 189 , cccrVal : 15302b1
150 [140069090354880] INFO perfrun.perfcollector <> - DRY_RUN : "ESCR"
150 [140069090354880] INFO perfrun.perfcollector <> - DRY_RUN : "reg_type       = 2	event_id       = g	reg_id         = 1c8	reg_value      = 0"
150 [140069090354880] INFO perfrun.perfcollector <> - eventId : g , ignored
150 [140069090354880] INFO perfrun.perfcollector <> - DRY_RUN : "DATA"
150 [140069090354880] INFO perfrun.perfcollector <> - DRY_RUN : "reg_type       = 4	event_id       = 2	reg_id         = 309	reg_value      = ffffffdce7a0"
150 [140069090354880] INFO perfrun.perfcollector <> - eventId : 2 , dataAddr : 309 , dataVal : ffffffdce7a0
150 [140069090354880] INFO perfrun.perfcollector <> - DRY_RUN : "reg_type       = 4	event_id       = 0	reg_id         = 30a	reg_value      = ffffffdce7a0"
150 [140069090354880] INFO perfrun.perfcollector <> - eventId : 0 , dataAddr : 30a , dataVal : ffffffdce7a0
150 [140069090354880] INFO perfrun.perfcollector <> - DRY_RUN : "reg_type       = 4	event_id       = 1	reg_id         = 30b	reg_value      = ffffffdce7a0"
150 [140069090354880] INFO perfrun.perfcollector <> - eventId : 1 , dataAddr : 30b , dataVal : ffffffdce7a0
150 [140069090354880] INFO perfrun.perfcollector <> - DRY_RUN : "reg_type       = 4	event_id       = 15	reg_id         = c1	reg_value      = ffffffe17b7d"
150 [140069090354880] INFO perfrun.perfcollector <> - eventId : 15 , dataAddr : c1 , dataVal : ffffffe17b7d
150 [140069090354880] INFO perfrun.perfcollector <> - DRY_RUN : "reg_type       = 4	event_id       = 16	reg_id         = c2	reg_value      = ffffffe17b7d"
150 [140069090354880] INFO perfrun.perfcollector <> - eventId : 16 , dataAddr : c2 , dataVal : ffffffe17b7d
150 [140069090354880] INFO perfrun.perfcollector <> - DRY_RUN : "reg_type       = 4	event_id       = 17	reg_id         = c3	reg_value      = ffffffe17b7d"
150 [140069090354880] INFO perfrun.perfcollector <> - eventId : 17 , dataAddr : c3 , dataVal : ffffffe17b7d
150 [140069090354880] INFO perfrun.perfcollector <> - DRY_RUN : "reg_type       = 4	event_id       = 18	reg_id         = c4	reg_value      = ffffffe17b7d"
150 [140069090354880] INFO perfrun.perfcollector <> - eventId : 18 , dataAddr : c4 , dataVal : ffffffe17b7d
150 [140069090354880] INFO perfrun.perfcollector <> - DRY_RUN : "Group 4:"
150 [140069090354880] INFO perfrun.perfcollector <> - id : 4
150 [140069090354880] INFO perfrun.perfcollector <> - DRY_RUN : "INST_RETIRED.ANY: event id 2"
150 [140069090354880] INFO perfrun.perfcollector <> - eventName : INST_RETIRED.ANY , eventId : 2
150 [140069090354880] INFO perfrun.perfcollector <> - DRY_RUN : "CPU_CLK_UNHALTED.THREAD: event id 0"
150 [140069090354880] INFO perfrun.perfcollector <> - eventName : CPU_CLK_UNHALTED.THREAD , eventId : 0
150 [140069090354880] INFO perfrun.perfcollector <> - DRY_RUN : "CPU_CLK_UNHALTED.REF_TSC: event id 1"
150 [140069090354880] INFO perfrun.perfcollector <> - eventName : CPU_CLK_UNHALTED.REF_TSC , eventId : 1
150 [140069090354880] INFO perfrun.perfcollector <> - DRY_RUN : "UOPS_EXECUTED.CORE:cmask=2: event id 19"
150 [140069090354880] INFO perfrun.perfcollector <> - eventName : UOPS_EXECUTED.CORE:cmask=2 , eventId : 19
150 [140069090354880] INFO perfrun.perfcollector <> - DRY_RUN : "UOPS_EXECUTED.CORE:cmask=3: event id 20"
150 [140069090354880] INFO perfrun.perfcollector <> - eventName : UOPS_EXECUTED.CORE:cmask=3 , eventId : 20
150 [140069090354880] INFO perfrun.perfcollector <> - DRY_RUN : "UOPS_ISSUED.ANY: event id 21"
150 [140069090354880] INFO perfrun.perfcollector <> - eventName : UOPS_ISSUED.ANY , eventId : 21
150 [140069090354880] INFO perfrun.perfcollector <> - DRY_RUN : "IDQ_UOPS_NOT_DELIVERED.CYCLES_0_UOPS_DELIV.CORE: event id 22"
150 [140069090354880] INFO perfrun.perfcollector <> - eventName : IDQ_UOPS_NOT_DELIVERED.CYCLES_0_UOPS_DELIV.CORE , eventId : 22
150 [140069090354880] INFO perfrun.perfcollector <> - DRY_RUN : "CCCR"
150 [140069090354880] INFO perfrun.perfcollector <> - DRY_RUN : "reg_type       = 1	event_id       = g	reg_id         = 38f	reg_value      = 70000000f"
150 [140069090354880] INFO perfrun.perfcollector <> - eventId : g , ignored
150 [140069090354880] INFO perfrun.perfcollector <> - DRY_RUN : "reg_type       = 1	event_id       = g	reg_id         = 390	reg_value      = 70000000f"
151 [140069090354880] INFO perfrun.perfcollector <> - eventId : g , ignored
151 [140069090354880] INFO perfrun.perfcollector <> - DRY_RUN : "reg_type       = 1	event_id       = g	reg_id         = 3f1	reg_value      = 0"
151 [140069090354880] INFO perfrun.perfcollector <> - eventId : g , ignored
151 [140069090354880] INFO perfrun.perfcollector <> - DRY_RUN : "reg_type       = 1	event_id       = g	reg_id         = 1d9	reg_value      = 1800"
151 [140069090354880] INFO perfrun.perfcollector <> - eventId : g , ignored
151 [140069090354880] INFO perfrun.perfcollector <> - DRY_RUN : "reg_type       = 1	event_id       = g	reg_id         = 38d	reg_value      = bbb"
151 [140069090354880] INFO perfrun.perfcollector <> - eventId : g , ignored
151 [140069090354880] INFO perfrun.perfcollector <> - DRY_RUN : "reg_type       = 1	event_id       = 19	reg_id         = 186	reg_value      = 25302b1"
151 [140069090354880] INFO perfrun.perfcollector <> - eventId : 19 , cccrAddr : 186 , cccrVal : 25302b1
151 [140069090354880] INFO perfrun.perfcollector <> - DRY_RUN : "reg_type       = 1	event_id       = 20	reg_id         = 187	reg_value      = 35302b1"
151 [140069090354880] INFO perfrun.perfcollector <> - eventId : 20 , cccrAddr : 187 , cccrVal : 35302b1
151 [140069090354880] INFO perfrun.perfcollector <> - DRY_RUN : "reg_type       = 1	event_id       = 21	reg_id         = 188	reg_value      = 53010e"
151 [140069090354880] INFO perfrun.perfcollector <> - eventId : 21 , cccrAddr : 188 , cccrVal : 53010e
151 [140069090354880] INFO perfrun.perfcollector <> - DRY_RUN : "reg_type       = 1	event_id       = 22	reg_id         = 189	reg_value      = 453019c"
151 [140069090354880] INFO perfrun.perfcollector <> - eventId : 22 , cccrAddr : 189 , cccrVal : 453019c
151 [140069090354880] INFO perfrun.perfcollector <> - DRY_RUN : "ESCR"
151 [140069090354880] INFO perfrun.perfcollector <> - DRY_RUN : "reg_type       = 2	event_id       = g	reg_id         = 1c8	reg_value      = 0"
151 [140069090354880] INFO perfrun.perfcollector <> - eventId : g , ignored
151 [140069090354880] INFO perfrun.perfcollector <> - DRY_RUN : "DATA"
151 [140069090354880] INFO perfrun.perfcollector <> - DRY_RUN : "reg_type       = 4	event_id       = 2	reg_id         = 309	reg_value      = ffffffdce7a0"
151 [140069090354880] INFO perfrun.perfcollector <> - eventId : 2 , dataAddr : 309 , dataVal : ffffffdce7a0
151 [140069090354880] INFO perfrun.perfcollector <> - DRY_RUN : "reg_type       = 4	event_id       = 0	reg_id         = 30a	reg_value      = ffffffdce7a0"
151 [140069090354880] INFO perfrun.perfcollector <> - eventId : 0 , dataAddr : 30a , dataVal : ffffffdce7a0
151 [140069090354880] INFO perfrun.perfcollector <> - DRY_RUN : "reg_type       = 4	event_id       = 1	reg_id         = 30b	reg_value      = ffffffdce7a0"
151 [140069090354880] INFO perfrun.perfcollector <> - eventId : 1 , dataAddr : 30b , dataVal : ffffffdce7a0
151 [140069090354880] INFO perfrun.perfcollector <> - DRY_RUN : "reg_type       = 4	event_id       = 19	reg_id         = c1	reg_value      = ffffffe17b7d"
151 [140069090354880] INFO perfrun.perfcollector <> - eventId : 19 , dataAddr : c1 , dataVal : ffffffe17b7d
151 [140069090354880] INFO perfrun.perfcollector <> - DRY_RUN : "reg_type       = 4	event_id       = 20	reg_id         = c2	reg_value      = ffffffe17b7d"
151 [140069090354880] INFO perfrun.perfcollector <> - eventId : 20 , dataAddr : c2 , dataVal : ffffffe17b7d
151 [140069090354880] INFO perfrun.perfcollector <> - DRY_RUN : "reg_type       = 4	event_id       = 21	reg_id         = c3	reg_value      = ffffffe17b7d"
151 [140069090354880] INFO perfrun.perfcollector <> - eventId : 21 , dataAddr : c3 , dataVal : ffffffe17b7d
151 [140069090354880] INFO perfrun.perfcollector <> - DRY_RUN : "reg_type       = 4	event_id       = 22	reg_id         = c4	reg_value      = ffffffe17b7d"
151 [140069090354880] INFO perfrun.perfcollector <> - eventId : 22 , dataAddr : c4 , dataVal : ffffffe17b7d
151 [140069090354880] INFO perfrun.perfcollector <> - DRY_RUN : "Group 5:"
151 [140069090354880] INFO perfrun.perfcollector <> - id : 5
151 [140069090354880] INFO perfrun.perfcollector <> - DRY_RUN : "INST_RETIRED.ANY: event id 2"
151 [140069090354880] INFO perfrun.perfcollector <> - eventName : INST_RETIRED.ANY , eventId : 2
151 [140069090354880] INFO perfrun.perfcollector <> - DRY_RUN : "CPU_CLK_UNHALTED.THREAD: event id 0"
151 [140069090354880] INFO perfrun.perfcollector <> - eventName : CPU_CLK_UNHALTED.THREAD , eventId : 0
151 [140069090354880] INFO perfrun.perfcollector <> - DRY_RUN : "CPU_CLK_UNHALTED.REF_TSC: event id 1"
151 [140069090354880] INFO perfrun.perfcollector <> - eventName : CPU_CLK_UNHALTED.REF_TSC , eventId : 1
151 [140069090354880] INFO perfrun.perfcollector <> - DRY_RUN : "MEM_UOPS_RETIRED.ALL_LOADS_PS: event id 23"
151 [140069090354880] INFO perfrun.perfcollector <> - eventName : MEM_UOPS_RETIRED.ALL_LOADS_PS , eventId : 23
151 [140069090354880] INFO perfrun.perfcollector <> - DRY_RUN : "MEM_UOPS_RETIRED.ALL_STORES_PS: event id 24"
151 [140069090354880] INFO perfrun.perfcollector <> - eventName : MEM_UOPS_RETIRED.ALL_STORES_PS , eventId : 24
151 [140069090354880] INFO perfrun.perfcollector <> - DRY_RUN : "MEM_LOAD_UOPS_L3_MISS_RETIRED.LOCAL_DRAM_PS: event id 25"
151 [140069090354880] INFO perfrun.perfcollector <> - eventName : MEM_LOAD_UOPS_L3_MISS_RETIRED.LOCAL_DRAM_PS , eventId : 25
151 [140069090354880] INFO perfrun.perfcollector <> - DRY_RUN : "MEM_LOAD_UOPS_L3_MISS_RETIRED.REMOTE_DRAM_PS: event id 26"
151 [140069090354880] INFO perfrun.perfcollector <> - eventName : MEM_LOAD_UOPS_L3_MISS_RETIRED.REMOTE_DRAM_PS , eventId : 26
151 [140069090354880] INFO perfrun.perfcollector <> - DRY_RUN : "CCCR"
151 [140069090354880] INFO perfrun.perfcollector <> - DRY_RUN : "reg_type       = 1	event_id       = g	reg_id         = 38f	reg_value      = 70000000f"
151 [140069090354880] INFO perfrun.perfcollector <> - eventId : g , ignored
151 [140069090354880] INFO perfrun.perfcollector <> - DRY_RUN : "reg_type       = 1	event_id       = g	reg_id         = 390	reg_value      = 70000000f"
151 [140069090354880] INFO perfrun.perfcollector <> - eventId : g , ignored
151 [140069090354880] INFO perfrun.perfcollector <> - DRY_RUN : "reg_type       = 1	event_id       = g	reg_id         = 3f1	reg_value      = f0000000f"
151 [140069090354880] INFO perfrun.perfcollector <> - eventId : g , ignored
151 [140069090354880] INFO perfrun.perfcollector <> - DRY_RUN : "reg_type       = 1	event_id       = g	reg_id         = 1d9	reg_value      = 1800"
151 [140069090354880] INFO perfrun.perfcollector <> - eventId : g , ignored
151 [140069090354880] INFO perfrun.perfcollector <> - DRY_RUN : "reg_type       = 1	event_id       = g	reg_id         = 38d	reg_value      = bbb"
151 [140069090354880] INFO perfrun.perfcollector <> - eventId : g , ignored
151 [140069090354880] INFO perfrun.perfcollector <> - DRY_RUN : "reg_type       = 1	event_id       = 23	reg_id         = 186	reg_value      = 4381d0"
151 [140069090354880] INFO perfrun.perfcollector <> - eventId : 23 , cccrAddr : 186 , cccrVal : 4381d0
151 [140069090354880] INFO perfrun.perfcollector <> - DRY_RUN : "reg_type       = 1	event_id       = 24	reg_id         = 187	reg_value      = 4382d0"
151 [140069090354880] INFO perfrun.perfcollector <> - eventId : 24 , cccrAddr : 187 , cccrVal : 4382d0
151 [140069090354880] INFO perfrun.perfcollector <> - DRY_RUN : "reg_type       = 1	event_id       = 25	reg_id         = 188	reg_value      = 4301d3"
151 [140069090354880] INFO perfrun.perfcollector <> - eventId : 25 , cccrAddr : 188 , cccrVal : 4301d3
151 [140069090354880] INFO perfrun.perfcollector <> - DRY_RUN : "reg_type       = 1	event_id       = 26	reg_id         = 189	reg_value      = 4304d3"
151 [140069090354880] INFO perfrun.perfcollector <> - eventId : 26 , cccrAddr : 189 , cccrVal : 4304d3
151 [140069090354880] INFO perfrun.perfcollector <> - DRY_RUN : "ESCR"
151 [140069090354880] INFO perfrun.perfcollector <> - DRY_RUN : "reg_type       = 2	event_id       = g	reg_id         = 1c8	reg_value      = 0"
151 [140069090354880] INFO perfrun.perfcollector <> - eventId : g , ignored
151 [140069090354880] INFO perfrun.perfcollector <> - DRY_RUN : "DATA"
151 [140069090354880] INFO perfrun.perfcollector <> - DRY_RUN : "reg_type       = 4	event_id       = 2	reg_id         = 309	reg_value      = ffffffdce7a0"
151 [140069090354880] INFO perfrun.perfcollector <> - eventId : 2 , dataAddr : 309 , dataVal : ffffffdce7a0
151 [140069090354880] INFO perfrun.perfcollector <> - DRY_RUN : "reg_type       = 4	event_id       = 0	reg_id         = 30a	reg_value      = ffffffdce7a0"
151 [140069090354880] INFO perfrun.perfcollector <> - eventId : 0 , dataAddr : 30a , dataVal : ffffffdce7a0
151 [140069090354880] INFO perfrun.perfcollector <> - DRY_RUN : "reg_type       = 4	event_id       = 1	reg_id         = 30b	reg_value      = ffffffdce7a0"
151 [140069090354880] INFO perfrun.perfcollector <> - eventId : 1 , dataAddr : 30b , dataVal : ffffffdce7a0
151 [140069090354880] INFO perfrun.perfcollector <> - DRY_RUN : "reg_type       = 4	event_id       = 23	reg_id         = c1	reg_value      = fffffffe795d"
151 [140069090354880] INFO perfrun.perfcollector <> - eventId : 23 , dataAddr : c1 , dataVal : fffffffe795d
151 [140069090354880] INFO perfrun.perfcollector <> - DRY_RUN : "reg_type       = 4	event_id       = 24	reg_id         = c2	reg_value      = fffffffe795d"
151 [140069090354880] INFO perfrun.perfcollector <> - eventId : 24 , dataAddr : c2 , dataVal : fffffffe795d
151 [140069090354880] INFO perfrun.perfcollector <> - DRY_RUN : "reg_type       = 4	event_id       = 25	reg_id         = c3	reg_value      = fffffffe795d"
151 [140069090354880] INFO perfrun.perfcollector <> - eventId : 25 , dataAddr : c3 , dataVal : fffffffe795d
151 [140069090354880] INFO perfrun.perfcollector <> - DRY_RUN : "reg_type       = 4	event_id       = 26	reg_id         = c4	reg_value      = fffffffe795d"
151 [140069090354880] INFO perfrun.perfcollector <> - eventId : 26 , dataAddr : c4 , dataVal : fffffffe795d
151 [140069090354880] INFO perfrun.perfcollector <> - DRY_RUN : "Group 6:"
151 [140069090354880] INFO perfrun.perfcollector <> - id : 6
151 [140069090354880] INFO perfrun.perfcollector <> - DRY_RUN : "INST_RETIRED.ANY: event id 2"
151 [140069090354880] INFO perfrun.perfcollector <> - eventName : INST_RETIRED.ANY , eventId : 2
151 [140069090354880] INFO perfrun.perfcollector <> - DRY_RUN : "CPU_CLK_UNHALTED.THREAD: event id 0"
151 [140069090354880] INFO perfrun.perfcollector <> - eventName : CPU_CLK_UNHALTED.THREAD , eventId : 0
151 [140069090354880] INFO perfrun.perfcollector <> - DRY_RUN : "CPU_CLK_UNHALTED.REF_TSC: event id 1"
151 [140069090354880] INFO perfrun.perfcollector <> - eventName : CPU_CLK_UNHALTED.REF_TSC , eventId : 1
151 [140069090354880] INFO perfrun.perfcollector <> - DRY_RUN : "MEM_LOAD_UOPS_L3_MISS_RETIRED.REMOTE_HITM_PS: event id 27"
151 [140069090354880] INFO perfrun.perfcollector <> - eventName : MEM_LOAD_UOPS_L3_MISS_RETIRED.REMOTE_HITM_PS , eventId : 27
151 [140069090354880] INFO perfrun.perfcollector <> - DRY_RUN : "MEM_LOAD_UOPS_L3_MISS_RETIRED.REMOTE_FWD_PS: event id 28"
151 [140069090354880] INFO perfrun.perfcollector <> - eventName : MEM_LOAD_UOPS_L3_MISS_RETIRED.REMOTE_FWD_PS , eventId : 28
151 [140069090354880] INFO perfrun.perfcollector <> - DRY_RUN : "CCCR"
151 [140069090354880] INFO perfrun.perfcollector <> - DRY_RUN : "reg_type       = 1	event_id       = g	reg_id         = 38f	reg_value      = 700000003"
151 [140069090354880] INFO perfrun.perfcollector <> - eventId : g , ignored
151 [140069090354880] INFO perfrun.perfcollector <> - DRY_RUN : "reg_type       = 1	event_id       = g	reg_id         = 390	reg_value      = 700000003"
151 [140069090354880] INFO perfrun.perfcollector <> - eventId : g , ignored
151 [140069090354880] INFO perfrun.perfcollector <> - DRY_RUN : "reg_type       = 1	event_id       = g	reg_id         = 3f1	reg_value      = 300000003"
151 [140069090354880] INFO perfrun.perfcollector <> - eventId : g , ignored
151 [140069090354880] INFO perfrun.perfcollector <> - DRY_RUN : "reg_type       = 1	event_id       = g	reg_id         = 1d9	reg_value      = 1800"
151 [140069090354880] INFO perfrun.perfcollector <> - eventId : g , ignored
151 [140069090354880] INFO perfrun.perfcollector <> - DRY_RUN : "reg_type       = 1	event_id       = g	reg_id         = 38d	reg_value      = bbb"
151 [140069090354880] INFO perfrun.perfcollector <> - eventId : g , ignored
151 [140069090354880] INFO perfrun.perfcollector <> - DRY_RUN : "reg_type       = 1	event_id       = 27	reg_id         = 186	reg_value      = 4310d3"
151 [140069090354880] INFO perfrun.perfcollector <> - eventId : 27 , cccrAddr : 186 , cccrVal : 4310d3
151 [140069090354880] INFO perfrun.perfcollector <> - DRY_RUN : "reg_type       = 1	event_id       = 28	reg_id         = 187	reg_value      = 4320d3"
151 [140069090354880] INFO perfrun.perfcollector <> - eventId : 28 , cccrAddr : 187 , cccrVal : 4320d3
151 [140069090354880] INFO perfrun.perfcollector <> - DRY_RUN : "ESCR"
151 [140069090354880] INFO perfrun.perfcollector <> - DRY_RUN : "reg_type       = 2	event_id       = g	reg_id         = 1c8	reg_value      = 0"
151 [140069090354880] INFO perfrun.perfcollector <> - eventId : g , ignored
151 [140069090354880] INFO perfrun.perfcollector <> - DRY_RUN : "DATA"
151 [140069090354880] INFO perfrun.perfcollector <> - DRY_RUN : "reg_type       = 4	event_id       = 2	reg_id         = 309	reg_value      = ffffffdce7a0"
151 [140069090354880] INFO perfrun.perfcollector <> - eventId : 2 , dataAddr : 309 , dataVal : ffffffdce7a0
151 [140069090354880] INFO perfrun.perfcollector <> - DRY_RUN : "reg_type       = 4	event_id       = 0	reg_id         = 30a	reg_value      = ffffffdce7a0"
151 [140069090354880] INFO perfrun.perfcollector <> - eventId : 0 , dataAddr : 30a , dataVal : ffffffdce7a0
151 [140069090354880] INFO perfrun.perfcollector <> - DRY_RUN : "reg_type       = 4	event_id       = 1	reg_id         = 30b	reg_value      = ffffffdce7a0"
151 [140069090354880] INFO perfrun.perfcollector <> - eventId : 1 , dataAddr : 30b , dataVal : ffffffdce7a0
151 [140069090354880] INFO perfrun.perfcollector <> - DRY_RUN : "reg_type       = 4	event_id       = 27	reg_id         = c1	reg_value      = fffffffe795d"
151 [140069090354880] INFO perfrun.perfcollector <> - eventId : 27 , dataAddr : c1 , dataVal : fffffffe795d
151 [140069090354880] INFO perfrun.perfcollector <> - DRY_RUN : "reg_type       = 4	event_id       = 28	reg_id         = c2	reg_value      = fffffffe795d"
151 [140069090354880] INFO perfrun.perfcollector <> - eventId : 28 , dataAddr : c2 , dataVal : fffffffe795d
151 [140069090354880] INFO perfrun.perfcollector <> - DRY_RUN : "PMU type: Uncore (imc)"
158 [140069090354880] INFO perfrun.perfcollector <> - pmu type : uncore_imc
158 [140069090354880] INFO perfrun.perfcollector <> - DRY_RUN : "Number of units: 8"
158 [140069090354880] INFO perfrun.perfcollector <> - id : 8
158 [140069090354880] INFO perfrun.perfcollector <> - DRY_RUN : "Group 0:"
158 [140069090354880] INFO perfrun.perfcollector <> - id : 0
158 [140069090354880] INFO perfrun.perfcollector <> - DRY_RUN : "UNC_M_CAS_COUNT.RD: event id 29"
158 [140069090354880] INFO perfrun.perfcollector <> - eventName : UNC_M_CAS_COUNT.RD , eventId : 29
158 [140069090354880] INFO perfrun.perfcollector <> - DRY_RUN : "UNC_M_CAS_COUNT.WR: event id 30"
158 [140069090354880] INFO perfrun.perfcollector <> - eventName : UNC_M_CAS_COUNT.WR , eventId : 30
158 [140069090354880] INFO perfrun.perfcollector <> - DRY_RUN : "CCCR"
158 [140069090354880] INFO perfrun.perfcollector <> - DRY_RUN : "idx = 0	reg_type       = 1	event_id = 30	reg_id         = 700	reg_value      = 80000000	bar_index      = 0"
158 [140069090354880] INFO perfrun.perfcollector <> - eventId : 30 , cccrAddr : 700 , cccrVal : 80000000
159 [140069090354880] INFO perfrun.perfcollector <> - DRY_RUN : "idx = 2	reg_type       = 5	event_id = 29	reg_id         = d8	reg_value      = 400304	bar_index      = 0"
159 [140069090354880] INFO perfrun.perfcollector <> - eventId : 29 , cccrAddr : d8 , cccrVal : 400304
159 [140069090354880] INFO perfrun.perfcollector <> - DRY_RUN : "idx = 3	reg_type       = 5	event_id = 30	reg_id         = dc	reg_value      = 400c04	bar_index      = 0"
159 [140069090354880] INFO perfrun.perfcollector <> - eventId : 30 , cccrAddr : dc , cccrVal : 400c04
159 [140069090354880] INFO perfrun.perfcollector <> - DRY_RUN : "idx = 6	reg_type       = 2	event_id = g	reg_id         = f4	reg_value      = 0	bar_index      = 0"
159 [140069090354880] INFO perfrun.perfcollector <> - eventId : g , ignored
159 [140069090354880] INFO perfrun.perfcollector <> - DRY_RUN : "idx = 8	reg_type       = 5	event_id = 29	reg_id         = d8	reg_value      = 400304	bar_index      = 0"
159 [140069090354880] INFO perfrun.perfcollector <> - eventId : 29 , cccrAddr : d8 , cccrVal : 400304
159 [140069090354880] INFO perfrun.perfcollector <> - DRY_RUN : "idx = 9	reg_type       = 5	event_id = 30	reg_id         = dc	reg_value      = 400c04	bar_index      = 0"
159 [140069090354880] INFO perfrun.perfcollector <> - eventId : 30 , cccrAddr : dc , cccrVal : 400c04
159 [140069090354880] INFO perfrun.perfcollector <> - DRY_RUN : "idx = 12	reg_type       = 2	event_id = g	reg_id         = f4	reg_value      = 0	bar_index      = 0"
159 [140069090354880] INFO perfrun.perfcollector <> - eventId : g , ignored
159 [140069090354880] INFO perfrun.perfcollector <> - DRY_RUN : "idx = 14	reg_type       = 5	event_id = 29	reg_id         = d8	reg_value      = 400304	bar_index      = 0"
159 [140069090354880] INFO perfrun.perfcollector <> - eventId : 29 , cccrAddr : d8 , cccrVal : 400304
159 [140069090354880] INFO perfrun.perfcollector <> - DRY_RUN : "idx = 15	reg_type       = 5	event_id = 30	reg_id         = dc	reg_value      = 400c04	bar_index      = 0"
159 [140069090354880] INFO perfrun.perfcollector <> - eventId : 30 , cccrAddr : dc , cccrVal : 400c04
159 [140069090354880] INFO perfrun.perfcollector <> - DRY_RUN : "idx = 18	reg_type       = 2	event_id = g	reg_id         = f4	reg_value      = 0	bar_index      = 0"
159 [140069090354880] INFO perfrun.perfcollector <> - eventId : g , ignored
159 [140069090354880] INFO perfrun.perfcollector <> - DRY_RUN : "idx = 20	reg_type       = 5	event_id = 29	reg_id         = d8	reg_value      = 400304	bar_index      = 0"
159 [140069090354880] INFO perfrun.perfcollector <> - eventId : 29 , cccrAddr : d8 , cccrVal : 400304
159 [140069090354880] INFO perfrun.perfcollector <> - DRY_RUN : "idx = 21	reg_type       = 5	event_id = 30	reg_id         = dc	reg_value      = 400c04	bar_index      = 0"
159 [140069090354880] INFO perfrun.perfcollector <> - eventId : 30 , cccrAddr : dc , cccrVal : 400c04
159 [140069090354880] INFO perfrun.perfcollector <> - DRY_RUN : "idx = 24	reg_type       = 2	event_id = g	reg_id         = f4	reg_value      = 0	bar_index      = 0"
159 [140069090354880] INFO perfrun.perfcollector <> - eventId : g , ignored
159 [140069090354880] INFO perfrun.perfcollector <> - DRY_RUN : "idx = 26	reg_type       = 5	event_id = 29	reg_id         = d8	reg_value      = 400304	bar_index      = 0"
159 [140069090354880] INFO perfrun.perfcollector <> - eventId : 29 , cccrAddr : d8 , cccrVal : 400304
159 [140069090354880] INFO perfrun.perfcollector <> - DRY_RUN : "idx = 27	reg_type       = 5	event_id = 30	reg_id         = dc	reg_value      = 400c04	bar_index      = 0"
159 [140069090354880] INFO perfrun.perfcollector <> - eventId : 30 , cccrAddr : dc , cccrVal : 400c04
159 [140069090354880] INFO perfrun.perfcollector <> - DRY_RUN : "idx = 30	reg_type       = 2	event_id = g	reg_id         = f4	reg_value      = 0	bar_index      = 0"
159 [140069090354880] INFO perfrun.perfcollector <> - eventId : g , ignored
159 [140069090354880] INFO perfrun.perfcollector <> - DRY_RUN : "idx = 32	reg_type       = 5	event_id = 29	reg_id         = d8	reg_value      = 400304	bar_index      = 0"
159 [140069090354880] INFO perfrun.perfcollector <> - eventId : 29 , cccrAddr : d8 , cccrVal : 400304
159 [140069090354880] INFO perfrun.perfcollector <> - DRY_RUN : "idx = 33	reg_type       = 5	event_id = 30	reg_id         = dc	reg_value      = 400c04	bar_index      = 0"
159 [140069090354880] INFO perfrun.perfcollector <> - eventId : 30 , cccrAddr : dc , cccrVal : 400c04
159 [140069090354880] INFO perfrun.perfcollector <> - DRY_RUN : "idx = 36	reg_type       = 2	event_id = g	reg_id         = f4	reg_value      = 0	bar_index      = 0"
159 [140069090354880] INFO perfrun.perfcollector <> - eventId : g , ignored
159 [140069090354880] INFO perfrun.perfcollector <> - DRY_RUN : "idx = 38	reg_type       = 5	event_id = 29	reg_id         = d8	reg_value      = 400304	bar_index      = 0"
159 [140069090354880] INFO perfrun.perfcollector <> - eventId : 29 , cccrAddr : d8 , cccrVal : 400304
159 [140069090354880] INFO perfrun.perfcollector <> - DRY_RUN : "idx = 39	reg_type       = 5	event_id = 30	reg_id         = dc	reg_value      = 400c04	bar_index      = 0"
159 [140069090354880] INFO perfrun.perfcollector <> - eventId : 30 , cccrAddr : dc , cccrVal : 400c04
159 [140069090354880] INFO perfrun.perfcollector <> - DRY_RUN : "idx = 42	reg_type       = 2	event_id = g	reg_id         = f4	reg_value      = 0	bar_index      = 0"
159 [140069090354880] INFO perfrun.perfcollector <> - eventId : g , ignored
159 [140069090354880] INFO perfrun.perfcollector <> - DRY_RUN : "idx = 44	reg_type       = 5	event_id = 29	reg_id         = d8	reg_value      = 400304	bar_index      = 0"
159 [140069090354880] INFO perfrun.perfcollector <> - eventId : 29 , cccrAddr : d8 , cccrVal : 400304
159 [140069090354880] INFO perfrun.perfcollector <> - DRY_RUN : "idx = 45	reg_type       = 5	event_id = 30	reg_id         = dc	reg_value      = 400c04	bar_index      = 0"
159 [140069090354880] INFO perfrun.perfcollector <> - eventId : 30 , cccrAddr : dc , cccrVal : 400c04
159 [140069090354880] INFO perfrun.perfcollector <> - DRY_RUN : "idx = 48	reg_type       = 2	event_id = g	reg_id         = f4	reg_value      = 0	bar_index      = 0"
159 [140069090354880] INFO perfrun.perfcollector <> - eventId : g , ignored
159 [140069090354880] INFO perfrun.perfcollector <> - DRY_RUN : "ESCR"
159 [140069090354880] INFO perfrun.perfcollector <> - DRY_RUN : "DATA"
159 [140069090354880] INFO perfrun.perfcollector <> - DRY_RUN : "idx = 50	reg_type       = 4	event_id       = 29	reg_id         = a0	reg_value      = 0	pci reg_id  offset    = 0xa0	pci reg id  data_size = 0	bar_index      = 0"
159 [140069090354880] INFO perfrun.perfcollector <> - eventId : 29 , dataAddr : a0 , dataVal : 0
159 [140069090354880] INFO perfrun.perfcollector <> - DRY_RUN : "idx = 51	reg_type       = 4	event_id       = 30	reg_id         = a8	reg_value      = 0	pci reg_id  offset    = 0xa8	pci reg id  data_size = 0	bar_index      = 0"
159 [140069090354880] INFO perfrun.perfcollector <> - eventId : 30 , dataAddr : a8 , dataVal : 0
159 [140069090354880] INFO perfrun.perfcollector <> - DRY_RUN : "idx = 55	reg_type       = 4	event_id       = 29	reg_id         = a0	reg_value      = 0	pci reg_id  offset    = 0xa0	pci reg id  data_size = 0	bar_index      = 0"
159 [140069090354880] INFO perfrun.perfcollector <> - eventId : 29 , dataAddr : a0 , dataVal : 0
159 [140069090354880] INFO perfrun.perfcollector <> - DRY_RUN : "idx = 56	reg_type       = 4	event_id       = 30	reg_id         = a8	reg_value      = 0	pci reg_id  offset    = 0xa8	pci reg id  data_size = 0	bar_index      = 0"
159 [140069090354880] INFO perfrun.perfcollector <> - eventId : 30 , dataAddr : a8 , dataVal : 0
159 [140069090354880] INFO perfrun.perfcollector <> - DRY_RUN : "idx = 60	reg_type       = 4	event_id       = 29	reg_id         = a0	reg_value      = 0	pci reg_id  offset    = 0xa0	pci reg id  data_size = 0	bar_index      = 0"
159 [140069090354880] INFO perfrun.perfcollector <> - eventId : 29 , dataAddr : a0 , dataVal : 0
159 [140069090354880] INFO perfrun.perfcollector <> - DRY_RUN : "idx = 61	reg_type       = 4	event_id       = 30	reg_id         = a8	reg_value      = 0	pci reg_id  offset    = 0xa8	pci reg id  data_size = 0	bar_index      = 0"
159 [140069090354880] INFO perfrun.perfcollector <> - eventId : 30 , dataAddr : a8 , dataVal : 0
159 [140069090354880] INFO perfrun.perfcollector <> - DRY_RUN : "idx = 65	reg_type       = 4	event_id       = 29	reg_id         = a0	reg_value      = 0	pci reg_id  offset    = 0xa0	pci reg id  data_size = 0	bar_index      = 0"
159 [140069090354880] INFO perfrun.perfcollector <> - eventId : 29 , dataAddr : a0 , dataVal : 0
159 [140069090354880] INFO perfrun.perfcollector <> - DRY_RUN : "idx = 66	reg_type       = 4	event_id       = 30	reg_id         = a8	reg_value      = 0	pci reg_id  offset    = 0xa8	pci reg id  data_size = 0	bar_index      = 0"
159 [140069090354880] INFO perfrun.perfcollector <> - eventId : 30 , dataAddr : a8 , dataVal : 0
159 [140069090354880] INFO perfrun.perfcollector <> - DRY_RUN : "idx = 70	reg_type       = 4	event_id       = 29	reg_id         = a0	reg_value      = 0	pci reg_id  offset    = 0xa0	pci reg id  data_size = 0	bar_index      = 0"
159 [140069090354880] INFO perfrun.perfcollector <> - eventId : 29 , dataAddr : a0 , dataVal : 0
159 [140069090354880] INFO perfrun.perfcollector <> - DRY_RUN : "idx = 71	reg_type       = 4	event_id       = 30	reg_id         = a8	reg_value      = 0	pci reg_id  offset    = 0xa8	pci reg id  data_size = 0	bar_index      = 0"
159 [140069090354880] INFO perfrun.perfcollector <> - eventId : 30 , dataAddr : a8 , dataVal : 0
159 [140069090354880] INFO perfrun.perfcollector <> - DRY_RUN : "idx = 75	reg_type       = 4	event_id       = 29	reg_id         = a0	reg_value      = 0	pci reg_id  offset    = 0xa0	pci reg id  data_size = 0	bar_index      = 0"
159 [140069090354880] INFO perfrun.perfcollector <> - eventId : 29 , dataAddr : a0 , dataVal : 0
159 [140069090354880] INFO perfrun.perfcollector <> - DRY_RUN : "idx = 76	reg_type       = 4	event_id       = 30	reg_id         = a8	reg_value      = 0	pci reg_id  offset    = 0xa8	pci reg id  data_size = 0	bar_index      = 0"
159 [140069090354880] INFO perfrun.perfcollector <> - eventId : 30 , dataAddr : a8 , dataVal : 0
159 [140069090354880] INFO perfrun.perfcollector <> - DRY_RUN : "idx = 80	reg_type       = 4	event_id       = 29	reg_id         = a0	reg_value      = 0	pci reg_id  offset    = 0xa0	pci reg id  data_size = 0	bar_index      = 0"
159 [140069090354880] INFO perfrun.perfcollector <> - eventId : 29 , dataAddr : a0 , dataVal : 0
159 [140069090354880] INFO perfrun.perfcollector <> - DRY_RUN : "idx = 81	reg_type       = 4	event_id       = 30	reg_id         = a8	reg_value      = 0	pci reg_id  offset    = 0xa8	pci reg id  data_size = 0	bar_index      = 0"
159 [140069090354880] INFO perfrun.perfcollector <> - eventId : 30 , dataAddr : a8 , dataVal : 0
159 [140069090354880] INFO perfrun.perfcollector <> - DRY_RUN : "idx = 85	reg_type       = 4	event_id       = 29	reg_id         = a0	reg_value      = 0	pci reg_id  offset    = 0xa0	pci reg id  data_size = 0	bar_index      = 0"
159 [140069090354880] INFO perfrun.perfcollector <> - eventId : 29 , dataAddr : a0 , dataVal : 0
159 [140069090354880] INFO perfrun.perfcollector <> - DRY_RUN : "idx = 86	reg_type       = 4	event_id       = 30	reg_id         = a8	reg_value      = 0	pci reg_id  offset    = 0xa8	pci reg id  data_size = 0	bar_index      = 0"
159 [140069090354880] INFO perfrun.perfcollector <> - eventId : 30 , dataAddr : a8 , dataVal : 0
159 [140069090354880] INFO perfrun.perfcollector <> - pmu config : cpu , m_cccrAddr : ffffffff , m_cccrVal : 0 , m_escrAddr : ffffffff , m_escrVal : 0 , m_dataAddr : 30a , m_dataVal : ffffffffffdce7a0
159 [140069090354880] INFO perfrun.perfcollector <> - config : event : 3c
159 [140069090354880] INFO perfrun.perfcollector <> - config : pc : 0
159 [140069090354880] INFO perfrun.perfcollector <> - config : edge : 0
159 [140069090354880] INFO perfrun.perfcollector <> - config : any : 0
159 [140069090354880] INFO perfrun.perfcollector <> - config1 : offcore_rsp : 0
159 [140069090354880] INFO perfrun.perfcollector <> - config1 : ldlat : 0
159 [140069090354880] INFO perfrun.perfcollector <> - config : inv : 0
159 [140069090354880] INFO perfrun.perfcollector <> - config : umask : 0
159 [140069090354880] INFO perfrun.perfcollector <> - config : cmask : 0
159 [140069090354880] INFO perfrun.perfcollector <> - format : cpu/event=0x3c,name='CPU_CLK_UNHALTED.THREAD'/D
159 [140069090354880] INFO perfrun.perfcollector <> - pmu config : cpu , m_cccrAddr : ffffffff , m_cccrVal : 0 , m_escrAddr : ffffffff , m_escrVal : 0 , m_dataAddr : 30b , m_dataVal : ffffffffffdce7a0
159 [140069090354880] INFO perfrun.perfcollector <> - config : event : 0
159 [140069090354880] INFO perfrun.perfcollector <> - config : pc : 0
159 [140069090354880] INFO perfrun.perfcollector <> - config : edge : 0
159 [140069090354880] INFO perfrun.perfcollector <> - config : any : 0
159 [140069090354880] INFO perfrun.perfcollector <> - config1 : offcore_rsp : 0
159 [140069090354880] INFO perfrun.perfcollector <> - config1 : ldlat : 0
159 [140069090354880] INFO perfrun.perfcollector <> - config : inv : 0
159 [140069090354880] INFO perfrun.perfcollector <> - config : umask : 3
159 [140069090354880] INFO perfrun.perfcollector <> - config : cmask : 0
159 [140069090354880] INFO perfrun.perfcollector <> - format : cpu/umask=0x3,name='CPU_CLK_UNHALTED.REF_TSC'/D
159 [140069090354880] INFO perfrun.perfcollector <> - pmu config : cpu , m_cccrAddr : ffffffff , m_cccrVal : 0 , m_escrAddr : ffffffff , m_escrVal : 0 , m_dataAddr : 309 , m_dataVal : ffffffffffdce7a0
159 [140069090354880] INFO perfrun.perfcollector <> - config : event : c0
159 [140069090354880] INFO perfrun.perfcollector <> - config : pc : 0
159 [140069090354880] INFO perfrun.perfcollector <> - config : edge : 0
159 [140069090354880] INFO perfrun.perfcollector <> - config : any : 0
159 [140069090354880] INFO perfrun.perfcollector <> - config1 : offcore_rsp : 0
159 [140069090354880] INFO perfrun.perfcollector <> - config1 : ldlat : 0
159 [140069090354880] INFO perfrun.perfcollector <> - config : inv : 0
159 [140069090354880] INFO perfrun.perfcollector <> - config : umask : 0
159 [140069090354880] INFO perfrun.perfcollector <> - config : cmask : 0
159 [140069090354880] INFO perfrun.perfcollector <> - format : cpu/event=0xc0,name='INST_RETIRED.ANY'/D
159 [140069090354880] INFO perfrun.perfcollector <> - pmu config : cpu , m_cccrAddr : 188 , m_cccrVal : c530ca3 , m_escrAddr : ffffffff , m_escrVal : 0 , m_dataAddr : c3 , m_dataVal : ffffffffffe17b7d
159 [140069090354880] INFO perfrun.perfcollector <> - config : event : a3
159 [140069090354880] INFO perfrun.perfcollector <> - config : pc : 0
159 [140069090354880] INFO perfrun.perfcollector <> - config : edge : 0
159 [140069090354880] INFO perfrun.perfcollector <> - config : any : 0
159 [140069090354880] INFO perfrun.perfcollector <> - config1 : offcore_rsp : 0
159 [140069090354880] INFO perfrun.perfcollector <> - config1 : ldlat : 0
159 [140069090354880] INFO perfrun.perfcollector <> - config : inv : 0
159 [140069090354880] INFO perfrun.perfcollector <> - config : umask : c
159 [140069090354880] INFO perfrun.perfcollector <> - config : cmask : c
159 [140069090354880] INFO perfrun.perfcollector <> - format : cpu/event=0xa3,umask=0xc,cmask=0xc,name='CYCLE_ACTIVITY.STALLS_L1D_PENDING'/
159 [140069090354880] INFO perfrun.perfcollector <> - pmu config : cpu , m_cccrAddr : 186 , m_cccrVal : 53013c , m_escrAddr : ffffffff , m_escrVal : 0 , m_dataAddr : c1 , m_dataVal : fffffffffffe795d
159 [140069090354880] INFO perfrun.perfcollector <> - config : event : 3c
159 [140069090354880] INFO perfrun.perfcollector <> - config : pc : 0
159 [140069090354880] INFO perfrun.perfcollector <> - config : edge : 0
159 [140069090354880] INFO perfrun.perfcollector <> - config : any : 0
159 [140069090354880] INFO perfrun.perfcollector <> - config1 : offcore_rsp : 0
159 [140069090354880] INFO perfrun.perfcollector <> - config1 : ldlat : 0
159 [140069090354880] INFO perfrun.perfcollector <> - config : inv : 0
159 [140069090354880] INFO perfrun.perfcollector <> - config : umask : 1
159 [140069090354880] INFO perfrun.perfcollector <> - config : cmask : 0
159 [140069090354880] INFO perfrun.perfcollector <> - format : cpu/event=0x3c,umask=0x1,name='CPU_CLK_UNHALTED.REF_XCLK'/
159 [140069090354880] INFO perfrun.perfcollector <> - pmu config : cpu , m_cccrAddr : 187 , m_cccrVal : 53023c , m_escrAddr : ffffffff , m_escrVal : 0 , m_dataAddr : c2 , m_dataVal : fffffffffffe795d
159 [140069090354880] INFO perfrun.perfcollector <> - config : event : 3c
159 [140069090354880] INFO perfrun.perfcollector <> - config : pc : 0
159 [140069090354880] INFO perfrun.perfcollector <> - config : edge : 0
159 [140069090354880] INFO perfrun.perfcollector <> - config : any : 0
159 [140069090354880] INFO perfrun.perfcollector <> - config1 : offcore_rsp : 0
159 [140069090354880] INFO perfrun.perfcollector <> - config1 : ldlat : 0
159 [140069090354880] INFO perfrun.perfcollector <> - config : inv : 0
159 [140069090354880] INFO perfrun.perfcollector <> - config : umask : 2
159 [140069090354880] INFO perfrun.perfcollector <> - config : cmask : 0
159 [140069090354880] INFO perfrun.perfcollector <> - format : cpu/event=0x3c,umask=0x2,name='CPU_CLK_UNHALTED.ONE_THREAD_ACTIVE'/
159 [140069090354880] INFO perfrun.perfcollector <> - pmu config : cpu , m_cccrAddr : 189 , m_cccrVal : 5302c2 , m_escrAddr : ffffffff , m_escrVal : 0 , m_dataAddr : c4 , m_dataVal : ffffffffffe17b7d
159 [140069090354880] INFO perfrun.perfcollector <> - config : event : c2
159 [140069090354880] INFO perfrun.perfcollector <> - config : pc : 0
159 [140069090354880] INFO perfrun.perfcollector <> - config : edge : 0
159 [140069090354880] INFO perfrun.perfcollector <> - config : any : 0
159 [140069090354880] INFO perfrun.perfcollector <> - config1 : offcore_rsp : 0
159 [140069090354880] INFO perfrun.perfcollector <> - config1 : ldlat : 0
159 [140069090354880] INFO perfrun.perfcollector <> - config : inv : 0
159 [140069090354880] INFO perfrun.perfcollector <> - config : umask : 2
159 [140069090354880] INFO perfrun.perfcollector <> - config : cmask : 0
159 [140069090354880] INFO perfrun.perfcollector <> - format : cpu/event=0xc2,umask=0x2,name='UOPS_RETIRED.RETIRE_SLOTS'/
159 [140069090354880] INFO perfrun.perfcollector <> - pmu config : cpu , m_cccrAddr : 186 , m_cccrVal : 45304a3 , m_escrAddr : ffffffff , m_escrVal : 0 , m_dataAddr : c1 , m_dataVal : ffffffffffe17b7d
159 [140069090354880] INFO perfrun.perfcollector <> - config : event : a3
159 [140069090354880] INFO perfrun.perfcollector <> - config : pc : 0
159 [140069090354880] INFO perfrun.perfcollector <> - config : edge : 0
159 [140069090354880] INFO perfrun.perfcollector <> - config : any : 0
159 [140069090354880] INFO perfrun.perfcollector <> - config1 : offcore_rsp : 0
159 [140069090354880] INFO perfrun.perfcollector <> - config1 : ldlat : 0
159 [140069090354880] INFO perfrun.perfcollector <> - config : inv : 0
159 [140069090354880] INFO perfrun.perfcollector <> - config : umask : 4
159 [140069090354880] INFO perfrun.perfcollector <> - config : cmask : 4
159 [140069090354880] INFO perfrun.perfcollector <> - format : cpu/event=0xa3,umask=0x4,cmask=0x4,name='CYCLE_ACTIVITY.CYCLES_NO_EXECUTE'/
159 [140069090354880] INFO perfrun.perfcollector <> - pmu config : cpu , m_cccrAddr : 187 , m_cccrVal : 65306a3 , m_escrAddr : ffffffff , m_escrVal : 0 , m_dataAddr : c2 , m_dataVal : ffffffffffe17b7d
159 [140069090354880] INFO perfrun.perfcollector <> - config : event : a3
159 [140069090354880] INFO perfrun.perfcollector <> - config : pc : 0
159 [140069090354880] INFO perfrun.perfcollector <> - config : edge : 0
159 [140069090354880] INFO perfrun.perfcollector <> - config : any : 0
159 [140069090354880] INFO perfrun.perfcollector <> - config1 : offcore_rsp : 0
159 [140069090354880] INFO perfrun.perfcollector <> - config1 : ldlat : 0
159 [140069090354880] INFO perfrun.perfcollector <> - config : inv : 0
159 [140069090354880] INFO perfrun.perfcollector <> - config : umask : 6
159 [140069090354880] INFO perfrun.perfcollector <> - config : cmask : 6
159 [140069090354880] INFO perfrun.perfcollector <> - format : cpu/event=0xa3,umask=0x6,cmask=0x6,name='CYCLE_ACTIVITY.STALLS_LDM_PENDING'/
159 [140069090354880] INFO perfrun.perfcollector <> - pmu config : cpu , m_cccrAddr : 188 , m_cccrVal : 55305a3 , m_escrAddr : ffffffff , m_escrVal : 0 , m_dataAddr : c3 , m_dataVal : ffffffffffe17b7d
159 [140069090354880] INFO perfrun.perfcollector <> - config : event : a3
159 [140069090354880] INFO perfrun.perfcollector <> - config : pc : 0
159 [140069090354880] INFO perfrun.perfcollector <> - config : edge : 0
159 [140069090354880] INFO perfrun.perfcollector <> - config : any : 0
159 [140069090354880] INFO perfrun.perfcollector <> - config1 : offcore_rsp : 0
159 [140069090354880] INFO perfrun.perfcollector <> - config1 : ldlat : 0
159 [140069090354880] INFO perfrun.perfcollector <> - config : inv : 0
159 [140069090354880] INFO perfrun.perfcollector <> - config : umask : 5
159 [140069090354880] INFO perfrun.perfcollector <> - config : cmask : 5
159 [140069090354880] INFO perfrun.perfcollector <> - format : cpu/event=0xa3,umask=0x5,cmask=0x5,name='CYCLE_ACTIVITY.STALLS_L2_PENDING'/
159 [140069090354880] INFO perfrun.perfcollector <> - pmu config : cpu , m_cccrAddr : 189 , m_cccrVal : 53019c , m_escrAddr : ffffffff , m_escrVal : 0 , m_dataAddr : c4 , m_dataVal : ffffffffffe17b7d
159 [140069090354880] INFO perfrun.perfcollector <> - config : event : 9c
159 [140069090354880] INFO perfrun.perfcollector <> - config : pc : 0
159 [140069090354880] INFO perfrun.perfcollector <> - config : edge : 0
159 [140069090354880] INFO perfrun.perfcollector <> - config : any : 0
159 [140069090354880] INFO perfrun.perfcollector <> - config1 : offcore_rsp : 0
159 [140069090354880] INFO perfrun.perfcollector <> - config1 : ldlat : 0
159 [140069090354880] INFO perfrun.perfcollector <> - config : inv : 0
159 [140069090354880] INFO perfrun.perfcollector <> - config : umask : 1
159 [140069090354880] INFO perfrun.perfcollector <> - config : cmask : 0
159 [140069090354880] INFO perfrun.perfcollector <> - format : cpu/event=0x9c,umask=0x1,name='IDQ_UOPS_NOT_DELIVERED.CORE'/
159 [140069090354880] INFO perfrun.perfcollector <> - pmu config : cpu , m_cccrAddr : 186 , m_cccrVal : 153030d , m_escrAddr : ffffffff , m_escrVal : 0 , m_dataAddr : c1 , m_dataVal : ffffffffffe17b7d
159 [140069090354880] INFO perfrun.perfcollector <> - config : event : d
159 [140069090354880] INFO perfrun.perfcollector <> - config : pc : 0
159 [140069090354880] INFO perfrun.perfcollector <> - config : edge : 0
159 [140069090354880] INFO perfrun.perfcollector <> - config : any : 0
159 [140069090354880] INFO perfrun.perfcollector <> - config1 : offcore_rsp : 0
159 [140069090354880] INFO perfrun.perfcollector <> - config1 : ldlat : 0
159 [140069090354880] INFO perfrun.perfcollector <> - config : inv : 0
159 [140069090354880] INFO perfrun.perfcollector <> - config : umask : 3
159 [140069090354880] INFO perfrun.perfcollector <> - config : cmask : 1
159 [140069090354880] INFO perfrun.perfcollector <> - format : cpu/event=0xd,umask=0x3,cmask=0x1,name='INT_MISC.RECOVERY_CYCLES'/
159 [140069090354880] INFO perfrun.perfcollector <> - pmu config : cpu , m_cccrAddr : 187 , m_cccrVal : 4304d1 , m_escrAddr : ffffffff , m_escrVal : 0 , m_dataAddr : c2 , m_dataVal : ffffffffffff3cad
159 [140069090354880] INFO perfrun.perfcollector <> - config : event : d1
159 [140069090354880] INFO perfrun.perfcollector <> - config : pc : 0
159 [140069090354880] INFO perfrun.perfcollector <> - config : edge : 0
159 [140069090354880] INFO perfrun.perfcollector <> - config : any : 0
159 [140069090354880] INFO perfrun.perfcollector <> - config1 : offcore_rsp : 0
159 [140069090354880] INFO perfrun.perfcollector <> - config1 : ldlat : 0
159 [140069090354880] INFO perfrun.perfcollector <> - config : inv : 0
159 [140069090354880] INFO perfrun.perfcollector <> - config : umask : 4
159 [140069090354880] INFO perfrun.perfcollector <> - config : cmask : 0
159 [140069090354880] WARN perfrun.perfcollector <> - precise event : config : 4d1 , [m_cccrVal & impreciseMask(0x100000)] : 0, at file: vcs/perfrun1/plugins/perfcollector/src/event_manager.cpp:292
159 [140069090354880] INFO perfrun.perfcollector <> - format : cpu/event=0xd1,umask=0x4,name='MEM_LOAD_UOPS_RETIRED.L3_HIT_PS'/
159 [140069090354880] INFO perfrun.perfcollector <> - pmu config : cpu , m_cccrAddr : 188 , m_cccrVal : 4320d1 , m_escrAddr : ffffffff , m_escrVal : 0 , m_dataAddr : c3 , m_dataVal : ffffffffffff3cad
159 [140069090354880] INFO perfrun.perfcollector <> - config : event : d1
159 [140069090354880] INFO perfrun.perfcollector <> - config : pc : 0
159 [140069090354880] INFO perfrun.perfcollector <> - config : edge : 0
159 [140069090354880] INFO perfrun.perfcollector <> - config : any : 0
159 [140069090354880] INFO perfrun.perfcollector <> - config1 : offcore_rsp : 0
159 [140069090354880] INFO perfrun.perfcollector <> - config1 : ldlat : 0
159 [140069090354880] INFO perfrun.perfcollector <> - config : inv : 0
159 [140069090354880] INFO perfrun.perfcollector <> - config : umask : 20
159 [140069090354880] INFO perfrun.perfcollector <> - config : cmask : 0
159 [140069090354880] WARN perfrun.perfcollector <> - precise event : config : 20d1 , [m_cccrVal & impreciseMask(0x100000)] : 0, at file: vcs/perfrun1/plugins/perfcollector/src/event_manager.cpp:292
159 [140069090354880] INFO perfrun.perfcollector <> - format : cpu/event=0xd1,umask=0x20,name='MEM_LOAD_UOPS_RETIRED.L3_MISS_PS'/
159 [140069090354880] INFO perfrun.perfcollector <> - pmu config : cpu , m_cccrAddr : 189 , m_cccrVal : 1530860 , m_escrAddr : ffffffff , m_escrVal : 0 , m_dataAddr : c4 , m_dataVal : ffffffffffe17b7d
159 [140069090354880] INFO perfrun.perfcollector <> - config : event : 60
159 [140069090354880] INFO perfrun.perfcollector <> - config : pc : 0
159 [140069090354880] INFO perfrun.perfcollector <> - config : edge : 0
159 [140069090354880] INFO perfrun.perfcollector <> - config : any : 0
160 [140069090354880] INFO perfrun.perfcollector <> - config1 : offcore_rsp : 0
160 [140069090354880] INFO perfrun.perfcollector <> - config1 : ldlat : 0
160 [140069090354880] INFO perfrun.perfcollector <> - config : inv : 0
160 [140069090354880] INFO perfrun.perfcollector <> - config : umask : 8
160 [140069090354880] INFO perfrun.perfcollector <> - config : cmask : 1
160 [140069090354880] INFO perfrun.perfcollector <> - format : cpu/event=0x60,umask=0x8,cmask=0x1,name='OFFCORE_REQUESTS_OUTSTANDING.CYCLES_WITH_DATA_RD'/
160 [140069090354880] INFO perfrun.perfcollector <> - pmu config : cpu , m_cccrAddr : 186 , m_cccrVal : 6530860 , m_escrAddr : ffffffff , m_escrVal : 0 , m_dataAddr : c1 , m_dataVal : ffffffffffe17b7d
160 [140069090354880] INFO perfrun.perfcollector <> - config : event : 60
160 [140069090354880] INFO perfrun.perfcollector <> - config : pc : 0
160 [140069090354880] INFO perfrun.perfcollector <> - config : edge : 0
160 [140069090354880] INFO perfrun.perfcollector <> - config : any : 0
160 [140069090354880] INFO perfrun.perfcollector <> - config1 : offcore_rsp : 0
160 [140069090354880] INFO perfrun.perfcollector <> - config1 : ldlat : 0
160 [140069090354880] INFO perfrun.perfcollector <> - config : inv : 0
160 [140069090354880] INFO perfrun.perfcollector <> - config : umask : 8
160 [140069090354880] INFO perfrun.perfcollector <> - config : cmask : 6
160 [140069090354880] INFO perfrun.perfcollector <> - format : cpu/event=0x60,umask=0x8,cmask=0x6,name='OFFCORE_REQUESTS_OUTSTANDING.ALL_DATA_RD:cmask=6'/
160 [140069090354880] INFO perfrun.perfcollector <> - pmu config : cpu , m_cccrAddr : 187 , m_cccrVal : 5308a2 , m_escrAddr : ffffffff , m_escrVal : 0 , m_dataAddr : c2 , m_dataVal : ffffffffffe17b7d
160 [140069090354880] INFO perfrun.perfcollector <> - config : event : a2
160 [140069090354880] INFO perfrun.perfcollector <> - config : pc : 0
160 [140069090354880] INFO perfrun.perfcollector <> - config : edge : 0
160 [140069090354880] INFO perfrun.perfcollector <> - config : any : 0
160 [140069090354880] INFO perfrun.perfcollector <> - config1 : offcore_rsp : 0
160 [140069090354880] INFO perfrun.perfcollector <> - config1 : ldlat : 0
160 [140069090354880] INFO perfrun.perfcollector <> - config : inv : 0
160 [140069090354880] INFO perfrun.perfcollector <> - config : umask : 8
160 [140069090354880] INFO perfrun.perfcollector <> - config : cmask : 0
160 [140069090354880] INFO perfrun.perfcollector <> - format : cpu/event=0xa2,umask=0x8,name='RESOURCE_STALLS.SB'/
160 [140069090354880] INFO perfrun.perfcollector <> - pmu config : cpu , m_cccrAddr : 188 , m_cccrVal : 53015e , m_escrAddr : ffffffff , m_escrVal : 0 , m_dataAddr : c3 , m_dataVal : ffffffffffe17b7d
160 [140069090354880] INFO perfrun.perfcollector <> - config : event : 5e
160 [140069090354880] INFO perfrun.perfcollector <> - config : pc : 0
160 [140069090354880] INFO perfrun.perfcollector <> - config : edge : 0
160 [140069090354880] INFO perfrun.perfcollector <> - config : any : 0
160 [140069090354880] INFO perfrun.perfcollector <> - config1 : offcore_rsp : 0
160 [140069090354880] INFO perfrun.perfcollector <> - config1 : ldlat : 0
160 [140069090354880] INFO perfrun.perfcollector <> - config : inv : 0
160 [140069090354880] INFO perfrun.perfcollector <> - config : umask : 1
160 [140069090354880] INFO perfrun.perfcollector <> - config : cmask : 0
160 [140069090354880] INFO perfrun.perfcollector <> - format : cpu/event=0x5e,umask=0x1,name='RS_EVENTS.EMPTY_CYCLES'/
160 [140069090354880] INFO perfrun.perfcollector <> - pmu config : cpu , m_cccrAddr : 189 , m_cccrVal : 15302b1 , m_escrAddr : ffffffff , m_escrVal : 0 , m_dataAddr : c4 , m_dataVal : ffffffffffe17b7d
160 [140069090354880] INFO perfrun.perfcollector <> - config : event : b1
160 [140069090354880] INFO perfrun.perfcollector <> - config : pc : 0
160 [140069090354880] INFO perfrun.perfcollector <> - config : edge : 0
160 [140069090354880] INFO perfrun.perfcollector <> - config : any : 0
160 [140069090354880] INFO perfrun.perfcollector <> - config1 : offcore_rsp : 0
160 [140069090354880] INFO perfrun.perfcollector <> - config1 : ldlat : 0
160 [140069090354880] INFO perfrun.perfcollector <> - config : inv : 0
160 [140069090354880] INFO perfrun.perfcollector <> - config : umask : 2
160 [140069090354880] INFO perfrun.perfcollector <> - config : cmask : 1
160 [140069090354880] INFO perfrun.perfcollector <> - format : cpu/event=0xb1,umask=0x2,cmask=0x1,name='UOPS_EXECUTED.CORE:cmask=1'/
160 [140069090354880] INFO perfrun.perfcollector <> - pmu config : cpu , m_cccrAddr : 186 , m_cccrVal : 25302b1 , m_escrAddr : ffffffff , m_escrVal : 0 , m_dataAddr : c1 , m_dataVal : ffffffffffe17b7d
160 [140069090354880] INFO perfrun.perfcollector <> - config : event : b1
160 [140069090354880] INFO perfrun.perfcollector <> - config : pc : 0
160 [140069090354880] INFO perfrun.perfcollector <> - config : edge : 0
160 [140069090354880] INFO perfrun.perfcollector <> - config : any : 0
160 [140069090354880] INFO perfrun.perfcollector <> - config1 : offcore_rsp : 0
160 [140069090354880] INFO perfrun.perfcollector <> - config1 : ldlat : 0
160 [140069090354880] INFO perfrun.perfcollector <> - config : inv : 0
160 [140069090354880] INFO perfrun.perfcollector <> - config : umask : 2
160 [140069090354880] INFO perfrun.perfcollector <> - config : cmask : 2
160 [140069090354880] INFO perfrun.perfcollector <> - format : cpu/event=0xb1,umask=0x2,cmask=0x2,name='UOPS_EXECUTED.CORE:cmask=2'/
160 [140069090354880] INFO perfrun.perfcollector <> - pmu config : cpu , m_cccrAddr : 187 , m_cccrVal : 35302b1 , m_escrAddr : ffffffff , m_escrVal : 0 , m_dataAddr : c2 , m_dataVal : ffffffffffe17b7d
160 [140069090354880] INFO perfrun.perfcollector <> - config : event : b1
160 [140069090354880] INFO perfrun.perfcollector <> - config : pc : 0
160 [140069090354880] INFO perfrun.perfcollector <> - config : edge : 0
160 [140069090354880] INFO perfrun.perfcollector <> - config : any : 0
160 [140069090354880] INFO perfrun.perfcollector <> - config1 : offcore_rsp : 0
160 [140069090354880] INFO perfrun.perfcollector <> - config1 : ldlat : 0
160 [140069090354880] INFO perfrun.perfcollector <> - config : inv : 0
160 [140069090354880] INFO perfrun.perfcollector <> - config : umask : 2
160 [140069090354880] INFO perfrun.perfcollector <> - config : cmask : 3
160 [140069090354880] INFO perfrun.perfcollector <> - format : cpu/event=0xb1,umask=0x2,cmask=0x3,name='UOPS_EXECUTED.CORE:cmask=3'/
160 [140069090354880] INFO perfrun.perfcollector <> - pmu config : cpu , m_cccrAddr : 188 , m_cccrVal : 53010e , m_escrAddr : ffffffff , m_escrVal : 0 , m_dataAddr : c3 , m_dataVal : ffffffffffe17b7d
160 [140069090354880] INFO perfrun.perfcollector <> - config : event : e
160 [140069090354880] INFO perfrun.perfcollector <> - config : pc : 0
160 [140069090354880] INFO perfrun.perfcollector <> - config : edge : 0
160 [140069090354880] INFO perfrun.perfcollector <> - config : any : 0
160 [140069090354880] INFO perfrun.perfcollector <> - config1 : offcore_rsp : 0
160 [140069090354880] INFO perfrun.perfcollector <> - config1 : ldlat : 0
160 [140069090354880] INFO perfrun.perfcollector <> - config : inv : 0
160 [140069090354880] INFO perfrun.perfcollector <> - config : umask : 1
160 [140069090354880] INFO perfrun.perfcollector <> - config : cmask : 0
160 [140069090354880] INFO perfrun.perfcollector <> - format : cpu/event=0xe,umask=0x1,name='UOPS_ISSUED.ANY'/
160 [140069090354880] INFO perfrun.perfcollector <> - pmu config : cpu , m_cccrAddr : 189 , m_cccrVal : 453019c , m_escrAddr : ffffffff , m_escrVal : 0 , m_dataAddr : c4 , m_dataVal : ffffffffffe17b7d
160 [140069090354880] INFO perfrun.perfcollector <> - config : event : 9c
160 [140069090354880] INFO perfrun.perfcollector <> - config : pc : 0
160 [140069090354880] INFO perfrun.perfcollector <> - config : edge : 0
160 [140069090354880] INFO perfrun.perfcollector <> - config : any : 0
160 [140069090354880] INFO perfrun.perfcollector <> - config1 : offcore_rsp : 0
160 [140069090354880] INFO perfrun.perfcollector <> - config1 : ldlat : 0
160 [140069090354880] INFO perfrun.perfcollector <> - config : inv : 0
160 [140069090354880] INFO perfrun.perfcollector <> - config : umask : 1
160 [140069090354880] INFO perfrun.perfcollector <> - config : cmask : 4
160 [140069090354880] INFO perfrun.perfcollector <> - format : cpu/event=0x9c,umask=0x1,cmask=0x4,name='IDQ_UOPS_NOT_DELIVERED.CYCLES_0_UOPS_DELIV.CORE'/
160 [140069090354880] INFO perfrun.perfcollector <> - pmu config : cpu , m_cccrAddr : 186 , m_cccrVal : 4381d0 , m_escrAddr : ffffffff , m_escrVal : 0 , m_dataAddr : c1 , m_dataVal : fffffffffffe795d
160 [140069090354880] INFO perfrun.perfcollector <> - config : event : d0
160 [140069090354880] INFO perfrun.perfcollector <> - config : pc : 0
160 [140069090354880] INFO perfrun.perfcollector <> - config : edge : 0
160 [140069090354880] INFO perfrun.perfcollector <> - config : any : 0
160 [140069090354880] INFO perfrun.perfcollector <> - config1 : offcore_rsp : 0
160 [140069090354880] INFO perfrun.perfcollector <> - config1 : ldlat : 0
160 [140069090354880] INFO perfrun.perfcollector <> - config : inv : 0
160 [140069090354880] INFO perfrun.perfcollector <> - config : umask : 81
160 [140069090354880] INFO perfrun.perfcollector <> - config : cmask : 0
160 [140069090354880] WARN perfrun.perfcollector <> - precise event : config : 81d0 , [m_cccrVal & impreciseMask(0x100000)] : 0, at file: vcs/perfrun1/plugins/perfcollector/src/event_manager.cpp:292
160 [140069090354880] INFO perfrun.perfcollector <> - format : cpu/event=0xd0,umask=0x81,name='MEM_UOPS_RETIRED.ALL_LOADS_PS'/
160 [140069090354880] INFO perfrun.perfcollector <> - pmu config : cpu , m_cccrAddr : 187 , m_cccrVal : 4382d0 , m_escrAddr : ffffffff , m_escrVal : 0 , m_dataAddr : c2 , m_dataVal : fffffffffffe795d
160 [140069090354880] INFO perfrun.perfcollector <> - config : event : d0
160 [140069090354880] INFO perfrun.perfcollector <> - config : pc : 0
160 [140069090354880] INFO perfrun.perfcollector <> - config : edge : 0
160 [140069090354880] INFO perfrun.perfcollector <> - config : any : 0
160 [140069090354880] INFO perfrun.perfcollector <> - config1 : offcore_rsp : 0
160 [140069090354880] INFO perfrun.perfcollector <> - config1 : ldlat : 0
160 [140069090354880] INFO perfrun.perfcollector <> - config : inv : 0
160 [140069090354880] INFO perfrun.perfcollector <> - config : umask : 82
160 [140069090354880] INFO perfrun.perfcollector <> - config : cmask : 0
160 [140069090354880] WARN perfrun.perfcollector <> - precise event : config : 82d0 , [m_cccrVal & impreciseMask(0x100000)] : 0, at file: vcs/perfrun1/plugins/perfcollector/src/event_manager.cpp:292
160 [140069090354880] INFO perfrun.perfcollector <> - format : cpu/event=0xd0,umask=0x82,name='MEM_UOPS_RETIRED.ALL_STORES_PS'/
160 [140069090354880] INFO perfrun.perfcollector <> - pmu config : cpu , m_cccrAddr : 188 , m_cccrVal : 4301d3 , m_escrAddr : ffffffff , m_escrVal : 0 , m_dataAddr : c3 , m_dataVal : fffffffffffe795d
160 [140069090354880] INFO perfrun.perfcollector <> - config : event : d3
160 [140069090354880] INFO perfrun.perfcollector <> - config : pc : 0
160 [140069090354880] INFO perfrun.perfcollector <> - config : edge : 0
160 [140069090354880] INFO perfrun.perfcollector <> - config : any : 0
160 [140069090354880] INFO perfrun.perfcollector <> - config1 : offcore_rsp : 0
160 [140069090354880] INFO perfrun.perfcollector <> - config1 : ldlat : 0
160 [140069090354880] INFO perfrun.perfcollector <> - config : inv : 0
160 [140069090354880] INFO perfrun.perfcollector <> - config : umask : 1
160 [140069090354880] INFO perfrun.perfcollector <> - config : cmask : 0
160 [140069090354880] WARN perfrun.perfcollector <> - precise event : config : 1d3 , [m_cccrVal & impreciseMask(0x100000)] : 0, at file: vcs/perfrun1/plugins/perfcollector/src/event_manager.cpp:292
160 [140069090354880] INFO perfrun.perfcollector <> - format : cpu/event=0xd3,umask=0x1,name='MEM_LOAD_UOPS_L3_MISS_RETIRED.LOCAL_DRAM_PS'/
160 [140069090354880] INFO perfrun.perfcollector <> - pmu config : cpu , m_cccrAddr : 189 , m_cccrVal : 4304d3 , m_escrAddr : ffffffff , m_escrVal : 0 , m_dataAddr : c4 , m_dataVal : fffffffffffe795d
160 [140069090354880] INFO perfrun.perfcollector <> - config : event : d3
160 [140069090354880] INFO perfrun.perfcollector <> - config : pc : 0
160 [140069090354880] INFO perfrun.perfcollector <> - config : edge : 0
160 [140069090354880] INFO perfrun.perfcollector <> - config : any : 0
160 [140069090354880] INFO perfrun.perfcollector <> - config1 : offcore_rsp : 0
160 [140069090354880] INFO perfrun.perfcollector <> - config1 : ldlat : 0
160 [140069090354880] INFO perfrun.perfcollector <> - config : inv : 0
160 [140069090354880] INFO perfrun.perfcollector <> - config : umask : 4
160 [140069090354880] INFO perfrun.perfcollector <> - config : cmask : 0
160 [140069090354880] WARN perfrun.perfcollector <> - precise event : config : 4d3 , [m_cccrVal & impreciseMask(0x100000)] : 0, at file: vcs/perfrun1/plugins/perfcollector/src/event_manager.cpp:292
160 [140069090354880] INFO perfrun.perfcollector <> - format : cpu/event=0xd3,umask=0x4,name='MEM_LOAD_UOPS_L3_MISS_RETIRED.REMOTE_DRAM_PS'/
160 [140069090354880] INFO perfrun.perfcollector <> - pmu config : cpu , m_cccrAddr : 186 , m_cccrVal : 4310d3 , m_escrAddr : ffffffff , m_escrVal : 0 , m_dataAddr : c1 , m_dataVal : fffffffffffe795d
160 [140069090354880] INFO perfrun.perfcollector <> - config : event : d3
160 [140069090354880] INFO perfrun.perfcollector <> - config : pc : 0
160 [140069090354880] INFO perfrun.perfcollector <> - config : edge : 0
160 [140069090354880] INFO perfrun.perfcollector <> - config : any : 0
160 [140069090354880] INFO perfrun.perfcollector <> - config1 : offcore_rsp : 0
160 [140069090354880] INFO perfrun.perfcollector <> - config1 : ldlat : 0
160 [140069090354880] INFO perfrun.perfcollector <> - config : inv : 0
160 [140069090354880] INFO perfrun.perfcollector <> - config : umask : 10
160 [140069090354880] INFO perfrun.perfcollector <> - config : cmask : 0
160 [140069090354880] WARN perfrun.perfcollector <> - precise event : config : 10d3 , [m_cccrVal & impreciseMask(0x100000)] : 0, at file: vcs/perfrun1/plugins/perfcollector/src/event_manager.cpp:292
160 [140069090354880] INFO perfrun.perfcollector <> - format : cpu/event=0xd3,umask=0x10,name='MEM_LOAD_UOPS_L3_MISS_RETIRED.REMOTE_HITM_PS'/
160 [140069090354880] INFO perfrun.perfcollector <> - pmu config : cpu , m_cccrAddr : 187 , m_cccrVal : 4320d3 , m_escrAddr : ffffffff , m_escrVal : 0 , m_dataAddr : c2 , m_dataVal : fffffffffffe795d
160 [140069090354880] INFO perfrun.perfcollector <> - config : event : d3
160 [140069090354880] INFO perfrun.perfcollector <> - config : pc : 0
160 [140069090354880] INFO perfrun.perfcollector <> - config : edge : 0
160 [140069090354880] INFO perfrun.perfcollector <> - config : any : 0
160 [140069090354880] INFO perfrun.perfcollector <> - config1 : offcore_rsp : 0
160 [140069090354880] INFO perfrun.perfcollector <> - config1 : ldlat : 0
160 [140069090354880] INFO perfrun.perfcollector <> - config : inv : 0
160 [140069090354880] INFO perfrun.perfcollector <> - config : umask : 20
160 [140069090354880] INFO perfrun.perfcollector <> - config : cmask : 0
160 [140069090354880] WARN perfrun.perfcollector <> - precise event : config : 20d3 , [m_cccrVal & impreciseMask(0x100000)] : 0, at file: vcs/perfrun1/plugins/perfcollector/src/event_manager.cpp:292
160 [140069090354880] INFO perfrun.perfcollector <> - format : cpu/event=0xd3,umask=0x20,name='MEM_LOAD_UOPS_L3_MISS_RETIRED.REMOTE_FWD_PS'/
160 [140069090354880] INFO perfrun.perfcollector <> - pmu config : uncore_imc_0 , m_cccrAddr : d8 , m_cccrVal : 400304 , m_escrAddr : ffffffff , m_escrVal : 0 , m_dataAddr : a0 , m_dataVal : 0
160 [140069090354880] INFO perfrun.perfcollector <> - config : event : 4
160 [140069090354880] INFO perfrun.perfcollector <> - config : edge : 0
160 [140069090354880] INFO perfrun.perfcollector <> - config : inv : 0
160 [140069090354880] INFO perfrun.perfcollector <> - config : umask : 3
160 [140069090354880] INFO perfrun.perfcollector <> - config : thresh : 0
160 [140069090354880] INFO perfrun.perfcollector <> - format : uncore_imc_0/event=0x4,umask=0x3,name='UNC_M_CAS_COUNT.RD[UNIT0]'/
160 [140069090354880] INFO perfrun.perfcollector <> - pmu config : uncore_imc_1 , m_cccrAddr : d8 , m_cccrVal : 400304 , m_escrAddr : ffffffff , m_escrVal : 0 , m_dataAddr : a0 , m_dataVal : 0
160 [140069090354880] INFO perfrun.perfcollector <> - config : event : 4
160 [140069090354880] INFO perfrun.perfcollector <> - config : edge : 0
160 [140069090354880] INFO perfrun.perfcollector <> - config : inv : 0
160 [140069090354880] INFO perfrun.perfcollector <> - config : umask : 3
160 [140069090354880] INFO perfrun.perfcollector <> - config : thresh : 0
160 [140069090354880] INFO perfrun.perfcollector <> - format : uncore_imc_1/event=0x4,umask=0x3,name='UNC_M_CAS_COUNT.RD[UNIT1]'/
160 [140069090354880] INFO perfrun.perfcollector <> - pmu config : uncore_imc_4 , m_cccrAddr : d8 , m_cccrVal : 400304 , m_escrAddr : ffffffff , m_escrVal : 0 , m_dataAddr : a0 , m_dataVal : 0
160 [140069090354880] INFO perfrun.perfcollector <> - config : event : 4
160 [140069090354880] INFO perfrun.perfcollector <> - config : edge : 0
160 [140069090354880] INFO perfrun.perfcollector <> - config : inv : 0
160 [140069090354880] INFO perfrun.perfcollector <> - config : umask : 3
160 [140069090354880] INFO perfrun.perfcollector <> - config : thresh : 0
160 [140069090354880] INFO perfrun.perfcollector <> - format : uncore_imc_4/event=0x4,umask=0x3,name='UNC_M_CAS_COUNT.RD[UNIT4]'/
160 [140069090354880] INFO perfrun.perfcollector <> - pmu config : uncore_imc_5 , m_cccrAddr : d8 , m_cccrVal : 400304 , m_escrAddr : ffffffff , m_escrVal : 0 , m_dataAddr : a0 , m_dataVal : 0
160 [140069090354880] INFO perfrun.perfcollector <> - config : event : 4
160 [140069090354880] INFO perfrun.perfcollector <> - config : edge : 0
160 [140069090354880] INFO perfrun.perfcollector <> - config : inv : 0
160 [140069090354880] INFO perfrun.perfcollector <> - config : umask : 3
160 [140069090354880] INFO perfrun.perfcollector <> - config : thresh : 0
160 [140069090354880] INFO perfrun.perfcollector <> - format : uncore_imc_5/event=0x4,umask=0x3,name='UNC_M_CAS_COUNT.RD[UNIT5]'/
160 [140069090354880] INFO perfrun.perfcollector <> - pmu config : uncore_imc_0 , m_cccrAddr : dc , m_cccrVal : 400c04 , m_escrAddr : ffffffff , m_escrVal : 0 , m_dataAddr : a8 , m_dataVal : 0
160 [140069090354880] INFO perfrun.perfcollector <> - config : event : 4
160 [140069090354880] INFO perfrun.perfcollector <> - config : edge : 0
160 [140069090354880] INFO perfrun.perfcollector <> - config : inv : 0
160 [140069090354880] INFO perfrun.perfcollector <> - config : umask : c
160 [140069090354880] INFO perfrun.perfcollector <> - config : thresh : 0
160 [140069090354880] INFO perfrun.perfcollector <> - format : uncore_imc_0/event=0x4,umask=0xc,name='UNC_M_CAS_COUNT.WR[UNIT0]'/
160 [140069090354880] INFO perfrun.perfcollector <> - pmu config : uncore_imc_1 , m_cccrAddr : dc , m_cccrVal : 400c04 , m_escrAddr : ffffffff , m_escrVal : 0 , m_dataAddr : a8 , m_dataVal : 0
160 [140069090354880] INFO perfrun.perfcollector <> - config : event : 4
160 [140069090354880] INFO perfrun.perfcollector <> - config : edge : 0
160 [140069090354880] INFO perfrun.perfcollector <> - config : inv : 0
160 [140069090354880] INFO perfrun.perfcollector <> - config : umask : c
160 [140069090354880] INFO perfrun.perfcollector <> - config : thresh : 0
160 [140069090354880] INFO perfrun.perfcollector <> - format : uncore_imc_1/event=0x4,umask=0xc,name='UNC_M_CAS_COUNT.WR[UNIT1]'/
160 [140069090354880] INFO perfrun.perfcollector <> - pmu config : uncore_imc_4 , m_cccrAddr : dc , m_cccrVal : 400c04 , m_escrAddr : ffffffff , m_escrVal : 0 , m_dataAddr : a8 , m_dataVal : 0
160 [140069090354880] INFO perfrun.perfcollector <> - config : event : 4
160 [140069090354880] INFO perfrun.perfcollector <> - config : edge : 0
160 [140069090354880] INFO perfrun.perfcollector <> - config : inv : 0
160 [140069090354880] INFO perfrun.perfcollector <> - config : umask : c
160 [140069090354880] INFO perfrun.perfcollector <> - config : thresh : 0
160 [140069090354880] INFO perfrun.perfcollector <> - format : uncore_imc_4/event=0x4,umask=0xc,name='UNC_M_CAS_COUNT.WR[UNIT4]'/
160 [140069090354880] INFO perfrun.perfcollector <> - pmu config : uncore_imc_5 , m_cccrAddr : dc , m_cccrVal : 400c04 , m_escrAddr : ffffffff , m_escrVal : 0 , m_dataAddr : a8 , m_dataVal : 0
160 [140069090354880] INFO perfrun.perfcollector <> - config : event : 4
160 [140069090354880] INFO perfrun.perfcollector <> - config : edge : 0
160 [140069090354880] INFO perfrun.perfcollector <> - config : inv : 0
160 [140069090354880] INFO perfrun.perfcollector <> - config : umask : c
160 [140069090354880] INFO perfrun.perfcollector <> - config : thresh : 0
160 [140069090354880] INFO perfrun.perfcollector <> - format : uncore_imc_5/event=0x4,umask=0xc,name='UNC_M_CAS_COUNT.WR[UNIT5]'/
160 [140069090354880] INFO perfrun.perfcollector <> - event: cpu/event=0x3c,name='CPU_CLK_UNHALTED.THREAD'/Duk , added for counting
160 [140069090354880] INFO perfrun.perfcollector <> - event: cpu/umask=0x3,name='CPU_CLK_UNHALTED.REF_TSC'/Duk , added for counting
160 [140069090354880] INFO perfrun.perfcollector <> - event: cpu/event=0xc0,name='INST_RETIRED.ANY'/Duk , added for counting
160 [140069090354880] INFO perfrun.perfcollector <> - event: cpu/event=0xa3,umask=0xc,cmask=0xc,name='CYCLE_ACTIVITY.STALLS_L1D_PENDING'/uk , added for counting
160 [140069090354880] INFO perfrun.perfcollector <> - event: cpu/event=0x3c,umask=0x1,name='CPU_CLK_UNHALTED.REF_XCLK'/uk , added for counting
160 [140069090354880] INFO perfrun.perfcollector <> - event: cpu/event=0x3c,umask=0x2,name='CPU_CLK_UNHALTED.ONE_THREAD_ACTIVE'/uk , added for counting
160 [140069090354880] INFO perfrun.perfcollector <> - event: cpu/event=0xc2,umask=0x2,name='UOPS_RETIRED.RETIRE_SLOTS'/uk , added for counting
160 [140069090354880] INFO perfrun.perfcollector <> - event: cpu/event=0xa3,umask=0x4,cmask=0x4,name='CYCLE_ACTIVITY.CYCLES_NO_EXECUTE'/uk , added for counting
160 [140069090354880] INFO perfrun.perfcollector <> - event: cpu/event=0xa3,umask=0x6,cmask=0x6,name='CYCLE_ACTIVITY.STALLS_LDM_PENDING'/uk , added for counting
160 [140069090354880] INFO perfrun.perfcollector <> - event: cpu/event=0xa3,umask=0x5,cmask=0x5,name='CYCLE_ACTIVITY.STALLS_L2_PENDING'/uk , added for counting
160 [140069090354880] INFO perfrun.perfcollector <> - event: cpu/event=0x9c,umask=0x1,name='IDQ_UOPS_NOT_DELIVERED.CORE'/uk , added for counting
160 [140069090354880] INFO perfrun.perfcollector <> - event: cpu/event=0xd,umask=0x3,cmask=0x1,name='INT_MISC.RECOVERY_CYCLES'/uk , added for counting
160 [140069090354880] INFO perfrun.perfcollector <> - event: cpu/event=0xd1,umask=0x4,name='MEM_LOAD_UOPS_RETIRED.L3_HIT_PS'/uk , added for counting
160 [140069090354880] INFO perfrun.perfcollector <> - event: cpu/event=0xd1,umask=0x20,name='MEM_LOAD_UOPS_RETIRED.L3_MISS_PS'/uk , added for counting
160 [140069090354880] INFO perfrun.perfcollector <> - event: cpu/event=0x60,umask=0x8,cmask=0x1,name='OFFCORE_REQUESTS_OUTSTANDING.CYCLES_WITH_DATA_RD'/uk , added for counting
160 [140069090354880] INFO perfrun.perfcollector <> - event: cpu/event=0x60,umask=0x8,cmask=0x6,name='OFFCORE_REQUESTS_OUTSTANDING.ALL_DATA_RD:cmask=6'/uk , added for counting
160 [140069090354880] INFO perfrun.perfcollector <> - event: cpu/event=0xa2,umask=0x8,name='RESOURCE_STALLS.SB'/uk , added for counting
160 [140069090354880] INFO perfrun.perfcollector <> - event: cpu/event=0x5e,umask=0x1,name='RS_EVENTS.EMPTY_CYCLES'/uk , added for counting
160 [140069090354880] INFO perfrun.perfcollector <> - event: cpu/event=0xb1,umask=0x2,cmask=0x1,name='UOPS_EXECUTED.CORE:cmask=1'/uk , added for counting
160 [140069090354880] INFO perfrun.perfcollector <> - event: cpu/event=0xb1,umask=0x2,cmask=0x2,name='UOPS_EXECUTED.CORE:cmask=2'/uk , added for counting
160 [140069090354880] INFO perfrun.perfcollector <> - event: cpu/event=0xb1,umask=0x2,cmask=0x3,name='UOPS_EXECUTED.CORE:cmask=3'/uk , added for counting
160 [140069090354880] INFO perfrun.perfcollector <> - event: cpu/event=0xe,umask=0x1,name='UOPS_ISSUED.ANY'/uk , added for counting
160 [140069090354880] INFO perfrun.perfcollector <> - event: cpu/event=0x9c,umask=0x1,cmask=0x4,name='IDQ_UOPS_NOT_DELIVERED.CYCLES_0_UOPS_DELIV.CORE'/uk , added for counting
160 [140069090354880] INFO perfrun.perfcollector <> - event: cpu/event=0xd0,umask=0x81,name='MEM_UOPS_RETIRED.ALL_LOADS_PS'/uk , added for counting
160 [140069090354880] INFO perfrun.perfcollector <> - event: cpu/event=0xd0,umask=0x82,name='MEM_UOPS_RETIRED.ALL_STORES_PS'/uk , added for counting
160 [140069090354880] INFO perfrun.perfcollector <> - event: cpu/event=0xd3,umask=0x1,name='MEM_LOAD_UOPS_L3_MISS_RETIRED.LOCAL_DRAM_PS'/uk , added for counting
160 [140069090354880] INFO perfrun.perfcollector <> - event: cpu/event=0xd3,umask=0x4,name='MEM_LOAD_UOPS_L3_MISS_RETIRED.REMOTE_DRAM_PS'/uk , added for counting
160 [140069090354880] INFO perfrun.perfcollector <> - event: cpu/event=0xd3,umask=0x10,name='MEM_LOAD_UOPS_L3_MISS_RETIRED.REMOTE_HITM_PS'/uk , added for counting
160 [140069090354880] INFO perfrun.perfcollector <> - event: cpu/event=0xd3,umask=0x20,name='MEM_LOAD_UOPS_L3_MISS_RETIRED.REMOTE_FWD_PS'/uk , added for counting
160 [140069090354880] INFO perfrun.perfcollector <> - event: uncore_imc_0/event=0x4,umask=0x3,name='UNC_M_CAS_COUNT.RD[UNIT0]'/ , added for counting
160 [140069090354880] INFO perfrun.perfcollector <> - event: uncore_imc_1/event=0x4,umask=0x3,name='UNC_M_CAS_COUNT.RD[UNIT1]'/ , added for counting
160 [140069090354880] INFO perfrun.perfcollector <> - event: uncore_imc_4/event=0x4,umask=0x3,name='UNC_M_CAS_COUNT.RD[UNIT4]'/ , added for counting
160 [140069090354880] INFO perfrun.perfcollector <> - event: uncore_imc_5/event=0x4,umask=0x3,name='UNC_M_CAS_COUNT.RD[UNIT5]'/ , added for counting
160 [140069090354880] INFO perfrun.perfcollector <> - event: uncore_imc_0/event=0x4,umask=0xc,name='UNC_M_CAS_COUNT.WR[UNIT0]'/ , added for counting
161 [140069090354880] INFO perfrun.perfcollector <> - event: uncore_imc_1/event=0x4,umask=0xc,name='UNC_M_CAS_COUNT.WR[UNIT1]'/ , added for counting
161 [140069090354880] INFO perfrun.perfcollector <> - event: uncore_imc_4/event=0x4,umask=0xc,name='UNC_M_CAS_COUNT.WR[UNIT4]'/ , added for counting
161 [140069090354880] INFO perfrun.perfcollector <> - event: uncore_imc_5/event=0x4,umask=0xc,name='UNC_M_CAS_COUNT.WR[UNIT5]'/ , added for counting
161 [140069060236992] WARN perfrun.perfcollector <> - Perf stat trace pipe capacity: read = 1048576, write = 1048576, at file: vcs/perfrun1/plugins/perfcollector/src/profiler.cpp:763
161 [140069060236992] INFO perfrun.perfcollector <> - Path to Perf control pipe: /tmp/amplxe-tmp-emlazuta/perf-pipe-3464624-13067705608447132
162 [140069060236992] INFO perfrun.sdk <> - runCmd: "/home/intel/oneapi/vtune/2021.1.1/bin64/amplxe-perf" stat -v --log-fd 11 --pipe "/tmp/amplxe-tmp-emlazuta/perf-pipe-3464624-13067705608447132" --pipe-sync --scale -x ; -e cpu/event=0x3c,name='CPU_CLK_UNHALTED.THREAD'/Duk,cpu/umask=0x3,name='CPU_CLK_UNHALTED.REF_TSC'/Duk,cpu/event=0xc0,name='INST_RETIRED.ANY'/Duk,cpu/event=0xa3,umask=0xc,cmask=0xc,name='CYCLE_ACTIVITY.STALLS_L1D_PENDING'/uk,cpu/event=0x3c,umask=0x1,name='CPU_CLK_UNHALTED.REF_XCLK'/uk,cpu/event=0x3c,umask=0x2,name='CPU_CLK_UNHALTED.ONE_THREAD_ACTIVE'/uk,cpu/event=0xc2,umask=0x2,name='UOPS_RETIRED.RETIRE_SLOTS'/uk,cpu/event=0xa3,umask=0x4,cmask=0x4,name='CYCLE_ACTIVITY.CYCLES_NO_EXECUTE'/uk,cpu/event=0xa3,umask=0x6,cmask=0x6,name='CYCLE_ACTIVITY.STALLS_LDM_PENDING'/uk,cpu/event=0xa3,umask=0x5,cmask=0x5,name='CYCLE_ACTIVITY.STALLS_L2_PENDING'/uk,cpu/event=0x9c,umask=0x1,name='IDQ_UOPS_NOT_DELIVERED.CORE'/uk,cpu/event=0xd,umask=0x3,cmask=0x1,name='INT_MISC.RECOVERY_CYCLES'/uk,cpu/event=0xd1,umask=0x4,name='MEM_LOAD_UOPS_RETIRED.L3_HIT_PS'/uk,cpu/event=0xd1,umask=0x20,name='MEM_LOAD_UOPS_RETIRED.L3_MISS_PS'/uk,cpu/event=0x60,umask=0x8,cmask=0x1,name='OFFCORE_REQUESTS_OUTSTANDING.CYCLES_WITH_DATA_RD'/uk,cpu/event=0x60,umask=0x8,cmask=0x6,name='OFFCORE_REQUESTS_OUTSTANDING.ALL_DATA_RD:cmask=6'/uk,cpu/event=0xa2,umask=0x8,name='RESOURCE_STALLS.SB'/uk,cpu/event=0x5e,umask=0x1,name='RS_EVENTS.EMPTY_CYCLES'/uk,cpu/event=0xb1,umask=0x2,cmask=0x1,name='UOPS_EXECUTED.CORE:cmask=1'/uk,cpu/event=0xb1,umask=0x2,cmask=0x2,name='UOPS_EXECUTED.CORE:cmask=2'/uk,cpu/event=0xb1,umask=0x2,cmask=0x3,name='UOPS_EXECUTED.CORE:cmask=3'/uk,cpu/event=0xe,umask=0x1,name='UOPS_ISSUED.ANY'/uk,cpu/event=0x9c,umask=0x1,cmask=0x4,name='IDQ_UOPS_NOT_DELIVERED.CYCLES_0_UOPS_DELIV.CORE'/uk,cpu/event=0xd0,umask=0x81,name='MEM_UOPS_RETIRED.ALL_LOADS_PS'/uk,cpu/event=0xd0,umask=0x82,name='MEM_UOPS_RETIRED.ALL_STORES_PS'/uk,cpu/event=0xd3,umask=0x1,name='MEM_LOAD_UOPS_L3_MISS_RETIRED.LOCAL_DRAM_PS'/uk,cpu/event=0xd3,umask=0x4,name='MEM_LOAD_UOPS_L3_MISS_RETIRED.REMOTE_DRAM_PS'/uk,cpu/event=0xd3,umask=0x10,name='MEM_LOAD_UOPS_L3_MISS_RETIRED.REMOTE_HITM_PS'/uk,cpu/event=0xd3,umask=0x20,name='MEM_LOAD_UOPS_L3_MISS_RETIRED.REMOTE_FWD_PS'/uk,uncore_imc_0/event=0x4,umask=0x3,name='UNC_M_CAS_COUNT.RD[UNIT0]'/,uncore_imc_1/event=0x4,umask=0x3,name='UNC_M_CAS_COUNT.RD[UNIT1]'/,uncore_imc_4/event=0x4,umask=0x3,name='UNC_M_CAS_COUNT.RD[UNIT4]'/,uncore_imc_5/event=0x4,umask=0x3,name='UNC_M_CAS_COUNT.RD[UNIT5]'/,uncore_imc_0/event=0x4,umask=0xc,name='UNC_M_CAS_COUNT.WR[UNIT0]'/,uncore_imc_1/event=0x4,umask=0xc,name='UNC_M_CAS_COUNT.WR[UNIT1]'/,uncore_imc_4/event=0x4,umask=0xc,name='UNC_M_CAS_COUNT.WR[UNIT4]'/,uncore_imc_5/event=0x4,umask=0xc,name='UNC_M_CAS_COUNT.WR[UNIT5]'/ "/home/intel/oneapi/vtune/2021.1.1/bin64/amplxe-perf-sync" dryrun sys
241 [140069051844288] INFO perfrun.perfcollector <> - PERF_STAT : "CPU_CLK_UNHALTED.THREAD: 15506927 5297395 5297395"
241 [140069051844288] WARN perfrun.perfcollector <> - Unexpected PERF_STAT format, ignored, at file: vcs/perfrun1/plugins/perfcollector/src/profiler.cpp:490
241 [140069051844288] INFO perfrun.perfcollector <> - PERF_STAT : "CPU_CLK_UNHALTED.REF_TSC: 11942152 5297395 5297395"
241 [140069051844288] WARN perfrun.perfcollector <> - Unexpected PERF_STAT format, ignored, at file: vcs/perfrun1/plugins/perfcollector/src/profiler.cpp:490
241 [140069051844288] INFO perfrun.perfcollector <> - PERF_STAT : "INST_RETIRED.ANY: 15828707 5297395 5297395"
241 [140069051844288] WARN perfrun.perfcollector <> - Unexpected PERF_STAT format, ignored, at file: vcs/perfrun1/plugins/perfcollector/src/profiler.cpp:490
241 [140069051844288] INFO perfrun.perfcollector <> - PERF_STAT : "CYCLE_ACTIVITY.STALLS_L1D_PENDING: 1368706 5297395 2960420"
241 [140069051844288] WARN perfrun.perfcollector <> - Unexpected PERF_STAT format, ignored, at file: vcs/perfrun1/plugins/perfcollector/src/profiler.cpp:490
241 [140069051844288] INFO perfrun.perfcollector <> - PERF_STAT : "CPU_CLK_UNHALTED.REF_XCLK: 519222 5297395 5297395"
241 [140069051844288] WARN perfrun.perfcollector <> - Unexpected PERF_STAT format, ignored, at file: vcs/perfrun1/plugins/perfcollector/src/profiler.cpp:490
241 [140069051844288] INFO perfrun.perfcollector <> - PERF_STAT : "CPU_CLK_UNHALTED.ONE_THREAD_ACTIVE: 518921 5297395 5297395"
241 [140069051844288] WARN perfrun.perfcollector <> - Unexpected PERF_STAT format, ignored, at file: vcs/perfrun1/plugins/perfcollector/src/profiler.cpp:490
241 [140069051844288] INFO perfrun.perfcollector <> - PERF_STAT : "UOPS_RETIRED.RETIRE_SLOTS: 17258504 5297395 5297395"
241 [140069051844288] WARN perfrun.perfcollector <> - Unexpected PERF_STAT format, ignored, at file: vcs/perfrun1/plugins/perfcollector/src/profiler.cpp:490
241 [140069051844288] INFO perfrun.perfcollector <> - PERF_STAT : "CYCLE_ACTIVITY.CYCLES_NO_EXECUTE: 7398450 5297395 2336975"
241 [140069051844288] WARN perfrun.perfcollector <> - Unexpected PERF_STAT format, ignored, at file: vcs/perfrun1/plugins/perfcollector/src/profiler.cpp:490
241 [140069051844288] INFO perfrun.perfcollector <> - PERF_STAT : "CYCLE_ACTIVITY.STALLS_LDM_PENDING: 0 5297395 0"
241 [140069051844288] WARN perfrun.perfcollector <> - Unexpected PERF_STAT format, ignored, at file: vcs/perfrun1/plugins/perfcollector/src/profiler.cpp:490
241 [140069051844288] INFO perfrun.perfcollector <> - PERF_STAT : "CYCLE_ACTIVITY.STALLS_L2_PENDING: 0 5297395 0"
241 [140069051844288] WARN perfrun.perfcollector <> - Unexpected PERF_STAT format, ignored, at file: vcs/perfrun1/plugins/perfcollector/src/profiler.cpp:490
241 [140069051844288] INFO perfrun.perfcollector <> - PERF_STAT : "IDQ_UOPS_NOT_DELIVERED.CORE: 0 5297395 0"
241 [140069051844288] WARN perfrun.perfcollector <> - Unexpected PERF_STAT format, ignored, at file: vcs/perfrun1/plugins/perfcollector/src/profiler.cpp:490
241 [140069051844288] INFO perfrun.perfcollector <> - PERF_STAT : "INT_MISC.RECOVERY_CYCLES: 0 5297395 0"
241 [140069051844288] WARN perfrun.perfcollector <> - Unexpected PERF_STAT format, ignored, at file: vcs/perfrun1/plugins/perfcollector/src/profiler.cpp:490
241 [140069051844288] INFO perfrun.perfcollector <> - PERF_STAT : "MEM_LOAD_UOPS_RETIRED.L3_HIT_PS: 0 5297395 0"
241 [140069051844288] WARN perfrun.perfcollector <> - Unexpected PERF_STAT format, ignored, at file: vcs/perfrun1/plugins/perfcollector/src/profiler.cpp:490
241 [140069051844288] INFO perfrun.perfcollector <> - PERF_STAT : "MEM_LOAD_UOPS_RETIRED.L3_MISS_PS: 0 5297395 0"
241 [140069051844288] WARN perfrun.perfcollector <> - Unexpected PERF_STAT format, ignored, at file: vcs/perfrun1/plugins/perfcollector/src/profiler.cpp:490
241 [140069051844288] INFO perfrun.perfcollector <> - PERF_STAT : "OFFCORE_REQUESTS_OUTSTANDING.CYCLES_WITH_DATA_RD: 0 5297395 0"
241 [140069051844288] WARN perfrun.perfcollector <> - Unexpected PERF_STAT format, ignored, at file: vcs/perfrun1/plugins/perfcollector/src/profiler.cpp:490
241 [140069051844288] INFO perfrun.perfcollector <> - PERF_STAT : "OFFCORE_REQUESTS_OUTSTANDING.ALL_DATA_RD:cmask=6: 0 5297395 0"
241 [140069051844288] WARN perfrun.perfcollector <> - Unexpected PERF_STAT format, ignored, at file: vcs/perfrun1/plugins/perfcollector/src/profiler.cpp:490
241 [140069051844288] INFO perfrun.perfcollector <> - PERF_STAT : "RESOURCE_STALLS.SB: 0 5297395 0"
241 [140069051844288] WARN perfrun.perfcollector <> - Unexpected PERF_STAT format, ignored, at file: vcs/perfrun1/plugins/perfcollector/src/profiler.cpp:490
241 [140069051844288] INFO perfrun.perfcollector <> - PERF_STAT : "RS_EVENTS.EMPTY_CYCLES: 0 5297395 0"
241 [140069051844288] WARN perfrun.perfcollector <> - Unexpected PERF_STAT format, ignored, at file: vcs/perfrun1/plugins/perfcollector/src/profiler.cpp:490
241 [140069051844288] INFO perfrun.perfcollector <> - PERF_STAT : "UOPS_EXECUTED.CORE:cmask=1: 0 5297395 0"
241 [140069051844288] WARN perfrun.perfcollector <> - Unexpected PERF_STAT format, ignored, at file: vcs/perfrun1/plugins/perfcollector/src/profiler.cpp:490
241 [140069051844288] INFO perfrun.perfcollector <> - PERF_STAT : "UOPS_EXECUTED.CORE:cmask=2: 0 5297395 0"
241 [140069051844288] WARN perfrun.perfcollector <> - Unexpected PERF_STAT format, ignored, at file: vcs/perfrun1/plugins/perfcollector/src/profiler.cpp:490
241 [140069051844288] INFO perfrun.perfcollector <> - PERF_STAT : "UOPS_EXECUTED.CORE:cmask=3: 0 5297395 0"
241 [140069051844288] WARN perfrun.perfcollector <> - Unexpected PERF_STAT format, ignored, at file: vcs/perfrun1/plugins/perfcollector/src/profiler.cpp:490
241 [140069051844288] INFO perfrun.perfcollector <> - PERF_STAT : "UOPS_ISSUED.ANY: 0 5297395 0"
241 [140069051844288] WARN perfrun.perfcollector <> - Unexpected PERF_STAT format, ignored, at file: vcs/perfrun1/plugins/perfcollector/src/profiler.cpp:490
241 [140069051844288] INFO perfrun.perfcollector <> - PERF_STAT : "IDQ_UOPS_NOT_DELIVERED.CYCLES_0_UOPS_DELIV.CORE: 0 5297395 0"
241 [140069051844288] WARN perfrun.perfcollector <> - Unexpected PERF_STAT format, ignored, at file: vcs/perfrun1/plugins/perfcollector/src/profiler.cpp:490
241 [140069051844288] INFO perfrun.perfcollector <> - PERF_STAT : "MEM_UOPS_RETIRED.ALL_LOADS_PS: 0 5297395 0"
241 [140069051844288] WARN perfrun.perfcollector <> - Unexpected PERF_STAT format, ignored, at file: vcs/perfrun1/plugins/perfcollector/src/profiler.cpp:490
241 [140069051844288] INFO perfrun.perfcollector <> - PERF_STAT : "MEM_UOPS_RETIRED.ALL_STORES_PS: 0 5297395 0"
241 [140069051844288] WARN perfrun.perfcollector <> - Unexpected PERF_STAT format, ignored, at file: vcs/perfrun1/plugins/perfcollector/src/profiler.cpp:490
241 [140069051844288] INFO perfrun.perfcollector <> - PERF_STAT : "MEM_LOAD_UOPS_L3_MISS_RETIRED.LOCAL_DRAM_PS: 0 5297395 0"
241 [140069051844288] WARN perfrun.perfcollector <> - Unexpected PERF_STAT format, ignored, at file: vcs/perfrun1/plugins/perfcollector/src/profiler.cpp:490
241 [140069051844288] INFO perfrun.perfcollector <> - PERF_STAT : "MEM_LOAD_UOPS_L3_MISS_RETIRED.REMOTE_DRAM_PS: 0 5297395 0"
241 [140069051844288] WARN perfrun.perfcollector <> - Unexpected PERF_STAT format, ignored, at file: vcs/perfrun1/plugins/perfcollector/src/profiler.cpp:490
241 [140069051844288] INFO perfrun.perfcollector <> - PERF_STAT : "MEM_LOAD_UOPS_L3_MISS_RETIRED.REMOTE_HITM_PS: 0 5297395 0"
241 [140069051844288] WARN perfrun.perfcollector <> - Unexpected PERF_STAT format, ignored, at file: vcs/perfrun1/plugins/perfcollector/src/profiler.cpp:490
241 [140069051844288] INFO perfrun.perfcollector <> - PERF_STAT : "MEM_LOAD_UOPS_L3_MISS_RETIRED.REMOTE_FWD_PS: 0 5297395 0"
241 [140069051844288] WARN perfrun.perfcollector <> - Unexpected PERF_STAT format, ignored, at file: vcs/perfrun1/plugins/perfcollector/src/profiler.cpp:490
243 [140069051844288] INFO perfrun.perfcollector <> - PERF_STAT : "15506927;;CPU_CLK_UNHALTED.THREAD;5297395;100.00;;"
243 [140069051844288] INFO perfrun.perfcollector <> - PERF_STAT : "11942152;;CPU_CLK_UNHALTED.REF_TSC;5297395;100.00;;"
243 [140069051844288] INFO perfrun.perfcollector <> - PERF_STAT : "15828707;;INST_RETIRED.ANY;5297395;100.00;;"
243 [140069051844288] INFO perfrun.perfcollector <> - PERF_STAT : "1368706;;CYCLE_ACTIVITY.STALLS_L1D_PENDING;2960420;55.88;;"
243 [140069051844288] INFO perfrun.perfcollector <> - PERF_STAT : "519222;;CPU_CLK_UNHALTED.REF_XCLK;5297395;100.00;;"
243 [140069051844288] INFO perfrun.perfcollector <> - PERF_STAT : "518921;;CPU_CLK_UNHALTED.ONE_THREAD_ACTIVE;5297395;100.00;;"
243 [140069051844288] INFO perfrun.perfcollector <> - PERF_STAT : "17258504;;UOPS_RETIRED.RETIRE_SLOTS;5297395;100.00;;"
243 [140069060236992] INFO perfrun.perfcollector <> - Monitor: runCmd RC = true
243 [140069051844288] INFO perfrun.perfcollector <> - PERF_STAT : "7398450;;CYCLE_ACTIVITY.CYCLES_NO_EXECUTE;2336975;44.12;;"
243 [140069051844288] INFO perfrun.perfcollector <> - PERF_STAT : "<not counted>;;CYCLE_ACTIVITY.STALLS_LDM_PENDING;0;0.00;;"
243 [140069051844288] INFO perfrun.perfcollector <> - PERF_STAT : "<not counted>;;CYCLE_ACTIVITY.STALLS_L2_PENDING;0;0.00;;"
243 [140069051844288] INFO perfrun.perfcollector <> - PERF_STAT : "<not counted>;;IDQ_UOPS_NOT_DELIVERED.CORE;0;0.00;;"
243 [140069051844288] INFO perfrun.perfcollector <> - PERF_STAT : "<not counted>;;INT_MISC.RECOVERY_CYCLES;0;0.00;;"
243 [140069051844288] INFO perfrun.perfcollector <> - PERF_STAT : "<not counted>;;MEM_LOAD_UOPS_RETIRED.L3_HIT_PS;0;0.00;;"
243 [140069051844288] INFO perfrun.perfcollector <> - PERF_STAT : "<not counted>;;MEM_LOAD_UOPS_RETIRED.L3_MISS_PS;0;0.00;;"
243 [140069051844288] INFO perfrun.perfcollector <> - PERF_STAT : "<not counted>;;OFFCORE_REQUESTS_OUTSTANDING.CYCLES_WITH_DATA_RD;0;0.00;;"
243 [140069051844288] INFO perfrun.perfcollector <> - PERF_STAT : "<not counted>;;OFFCORE_REQUESTS_OUTSTANDING.ALL_DATA_RD:cmask=6;0;0.00;;"
243 [140069051844288] INFO perfrun.perfcollector <> - PERF_STAT : "<not counted>;;RESOURCE_STALLS.SB;0;0.00;;"
243 [140069051844288] INFO perfrun.perfcollector <> - PERF_STAT : "<not counted>;;RS_EVENTS.EMPTY_CYCLES;0;0.00;;"
243 [140069051844288] INFO perfrun.perfcollector <> - PERF_STAT : "<not counted>;;UOPS_EXECUTED.CORE:cmask=1;0;0.00;;"
243 [140069051844288] INFO perfrun.perfcollector <> - PERF_STAT : "<not counted>;;UOPS_EXECUTED.CORE:cmask=2;0;0.00;;"
243 [140069051844288] INFO perfrun.perfcollector <> - PERF_STAT : "<not counted>;;UOPS_EXECUTED.CORE:cmask=3;0;0.00;;"
243 [140069051844288] INFO perfrun.perfcollector <> - PERF_STAT : "<not counted>;;UOPS_ISSUED.ANY;0;0.00;;"
243 [140069051844288] INFO perfrun.perfcollector <> - PERF_STAT : "<not counted>;;IDQ_UOPS_NOT_DELIVERED.CYCLES_0_UOPS_DELIV.CORE;0;0.00;;"
243 [140069051844288] INFO perfrun.perfcollector <> - PERF_STAT : "<not counted>;;MEM_UOPS_RETIRED.ALL_LOADS_PS;0;0.00;;"
243 [140069051844288] INFO perfrun.perfcollector <> - PERF_STAT : "<not counted>;;MEM_UOPS_RETIRED.ALL_STORES_PS;0;0.00;;"
243 [140069051844288] INFO perfrun.perfcollector <> - PERF_STAT : "<not counted>;;MEM_LOAD_UOPS_L3_MISS_RETIRED.LOCAL_DRAM_PS;0;0.00;;"
243 [140069051844288] INFO perfrun.perfcollector <> - PERF_STAT : "<not counted>;;MEM_LOAD_UOPS_L3_MISS_RETIRED.REMOTE_DRAM_PS;0;0.00;;"
243 [140069051844288] INFO perfrun.perfcollector <> - PERF_STAT : "<not counted>;;MEM_LOAD_UOPS_L3_MISS_RETIRED.REMOTE_HITM_PS;0;0.00;;"
243 [140069051844288] INFO perfrun.perfcollector <> - PERF_STAT : "<not counted>;;MEM_LOAD_UOPS_L3_MISS_RETIRED.REMOTE_FWD_PS;0;0.00;;"
243 [140069051844288] INFO perfrun.perfcollector <> - PERF_STAT : "<not supported>;;UNC_M_CAS_COUNT.RD[UNIT0];0;100.00;;"
243 [140069051844288] INFO perfrun.perfcollector <> - PERF_STAT : "<not supported>;;UNC_M_CAS_COUNT.RD[UNIT1];0;100.00;;"
243 [140069051844288] INFO perfrun.perfcollector <> - PERF_STAT : "<not supported>;;UNC_M_CAS_COUNT.RD[UNIT4];0;100.00;;"
243 [140069051844288] INFO perfrun.perfcollector <> - PERF_STAT : "<not supported>;;UNC_M_CAS_COUNT.RD[UNIT5];0;100.00;;"
243 [140069051844288] INFO perfrun.perfcollector <> - PERF_STAT : "<not supported>;;UNC_M_CAS_COUNT.WR[UNIT0];0;100.00;;"
243 [140069051844288] INFO perfrun.perfcollector <> - PERF_STAT : "<not supported>;;UNC_M_CAS_COUNT.WR[UNIT1];0;100.00;;"
243 [140069051844288] INFO perfrun.perfcollector <> - PERF_STAT : "<not supported>;;UNC_M_CAS_COUNT.WR[UNIT4];0;100.00;;"
243 [140069051844288] INFO perfrun.perfcollector <> - PERF_STAT : "<not supported>;;UNC_M_CAS_COUNT.WR[UNIT5];0;100.00;;"
244 [140069090354880] INFO perfrun.launcher <> - plugin [aoclprofile] was disabled because it doesn't support the given collection type.
244 [140069090354880] INFO perfrun.tpss <> - initialize tpss controller
244 [140069090354880] INFO perfrun.launcher <> - plugin [tpss] was disabled because it doesn't support the given collection type.
244 [140069090354880] INFO perfrun.launcher <> - plugin [exprof] was disabled because it doesn't support the given collection type.
244 [140069090354880] INFO perfrun.launcher <> - plugin [ice] was disabled because it doesn't support the given collection type.
244 [140069090354880] INFO perfrun.launcher <> - plugin [] was disabled because it doesn't support the given collection type.
244 [140069090354880] INFO perfrun.launcher <> - plugin [] was disabled because it doesn't support the given collection type.
244 [140069090354880] INFO perfrun.launcher <> - plugin [parallelfs] was disabled because it doesn't support the given collection type.
244 [140069090354880] INFO perfrun.launcher <> - plugin [power] was disabled because it doesn't support the given collection type.
244 [140069090354880] INFO perfrun.launcher <> - plugin [hwloc] was disabled because it doesn't support the given collection type.
244 [140069090354880] INFO perfrun.launcher <> - plugin [ipmwatch] was disabled because it doesn't support the given collection type.
244 [140069090354880] INFO perfrun.launcher <> - plugin [os_counters] was disabled because it doesn't support the given collection type.
244 [140069246207872] INFO perfrun.launcher <> - set environment variable: INTEL_MRTE_DATA_DIR = /tmp/amplxe-tmp-emlazuta/amplxe-res-3464624-13067705351352764/data.0
244 [140069246207872] INFO perfrun.launcher <> - set environment variable: INTEL_MRTE_HOST_NAME = hype5
244 [140069246207872] INFO perfrun.launcher <> - set environment variable: JAVA_TOOL_OPTIONS = -agentlib:amplxe_samplingmrte_javaprof_1.0 -Dsun.boot.library.path=/home/intel/oneapi/vtune/2021.1.1/lib32/runtime:/home/intel/oneapi/vtune/2021.1.1/lib64/runtime
244 [140069246207872] INFO perfrun.launcher <> - set environment variable: CORECLR_ENABLE_PROFILING = 1
244 [140069246207872] INFO perfrun.launcher <> - set environment variable: CORECLR_PROFILER = {AA5E4821-E3B1-479c-B7FF-5AD047D22CED}
244 [140069246207872] INFO perfrun.launcher <> - set environment variable: CORECLR_PROFILER_PATH = /home/intel/oneapi/vtune/2021.1.1/lib64/libamplxe_samplingmrte_clrprof_1.0.so
244 [140069246207872] INFO perfrun.launcher <> - set environment variable: INTEL_MRTE_PROFILER_MODE = mixed
244 [140069246207872] INFO perfrun.launcher <> - RpcServer: run RPC server to handle requests
246 [140069246207872] INFO perfrun.launcher <> - Launcher: command line to start before modification = ./bin/qlearning --gridx 100 --gridy 100 --obstacles 2500 --episodes 100000 --maxsteps 1000 --epsilon 0.3 --seed 42
246 [140069246207872] INFO perfrun.launcher <> - Launcher: command line to start after modification = ./bin/qlearning --gridx 100 --gridy 100 --obstacles 2500 --episodes 100000 --maxsteps 1000 --epsilon 0.3 --seed 42
246 [140069246207872] INFO perfrun.launcher <> - ProcessCreator object was created
246 [140069246207872] INFO perfrun.launcher <> - Launcher: the process was started in suspend mode
247 [140069090354880] INFO perfrun.launcher <> - Messenger::say: Peak bandwidth measurement started.
5701 [140069090354880] INFO perfrun.launcher <> - Messenger::say: Peak bandwidth measurement finished.
5705 [140069090354880] WARN perfrun.system <> - Could not do anything with /sys/kernel/debug/kvm: boost::filesystem::status: Permission denied: "/sys/kernel/debug/kvm", at file: vcs/perfrun1/plugins/system/src/trace_writer.cpp:796
5705 [140069090354880] WARN perfrun.system <> - Folder "/var/run/libvirt/qemu/"doesn't exist, at file: vcs/perfrun1/plugins/system/src/trace_writer.cpp:809
5739 [140069090354880] WARN perfrun.sdk <> - Failed to find xl binary on any of the system paths: /bin, /sbin, /usr/bin, /usr/sbin., at file: vcs/perfrun1/sdk/src/utils.cpp:197
5740 [140069090354880] WARN perfrun.system <> - Could not start ContainerMapping collector, at file: vcs/perfrun1/plugins/system/src/controller.cpp:468
5770 [140069090354880] INFO perfrun.vdso <> - Helper runtool '/home/intel/oneapi/vtune/2021.1.1/bin32/amplxe-runss -dump-vdso -r /tmp/amplxe-tmp-emlazuta/amplxe-res-3464624-13067705351352764 --tmp-dir /tmp/amplxe-tmp-emlazuta' returned 1
5856 [140069090354880] INFO perfrun.vdso <> - Helper runtool '/home/intel/oneapi/vtune/2021.1.1/bin64/amplxe-runss -dump-vdso -r /tmp/amplxe-tmp-emlazuta/amplxe-res-3464624-13067705351352764 --tmp-dir /tmp/amplxe-tmp-emlazuta' returned 0
5856 [140067750270656] WARN perfrun.perfcollector <> - Perf stat trace pipe capacity: read = 1048576, write = 1048576, at file: vcs/perfrun1/plugins/perfcollector/src/profiler.cpp:763
5856 [140067750270656] INFO perfrun.perfcollector <> - Path to Perf control pipe: /tmp/amplxe-tmp-emlazuta/perf-pipe-3464624-13067718677214396
5858 [140067750270656] INFO perfrun.sdk <> - runCmd: "/home/intel/oneapi/vtune/2021.1.1/bin64/amplxe-perf" stat -v --log-fd 20 --pipe "/tmp/amplxe-tmp-emlazuta/perf-pipe-3464624-13067718677214396" --pipe-sync --scale -x ; -p 3464634 -e cpu/event=0x3c,name='CPU_CLK_UNHALTED.THREAD'/Duk,cpu/umask=0x3,name='CPU_CLK_UNHALTED.REF_TSC'/Duk,cpu/event=0xc0,name='INST_RETIRED.ANY'/Duk,cpu/event=0xa3,umask=0xc,cmask=0xc,name='CYCLE_ACTIVITY.STALLS_L1D_PENDING'/uk,cpu/event=0x3c,umask=0x1,name='CPU_CLK_UNHALTED.REF_XCLK'/uk,cpu/event=0x3c,umask=0x2,name='CPU_CLK_UNHALTED.ONE_THREAD_ACTIVE'/uk,cpu/event=0xc2,umask=0x2,name='UOPS_RETIRED.RETIRE_SLOTS'/uk,cpu/event=0xa3,umask=0x4,cmask=0x4,name='CYCLE_ACTIVITY.CYCLES_NO_EXECUTE'/uk,cpu/event=0xa3,umask=0x6,cmask=0x6,name='CYCLE_ACTIVITY.STALLS_LDM_PENDING'/uk,cpu/event=0xa3,umask=0x5,cmask=0x5,name='CYCLE_ACTIVITY.STALLS_L2_PENDING'/uk,cpu/event=0x9c,umask=0x1,name='IDQ_UOPS_NOT_DELIVERED.CORE'/uk,cpu/event=0xd,umask=0x3,cmask=0x1,name='INT_MISC.RECOVERY_CYCLES'/uk,cpu/event=0xd1,umask=0x4,name='MEM_LOAD_UOPS_RETIRED.L3_HIT_PS'/uk,cpu/event=0xd1,umask=0x20,name='MEM_LOAD_UOPS_RETIRED.L3_MISS_PS'/uk,cpu/event=0x60,umask=0x8,cmask=0x1,name='OFFCORE_REQUESTS_OUTSTANDING.CYCLES_WITH_DATA_RD'/uk,cpu/event=0x60,umask=0x8,cmask=0x6,name='OFFCORE_REQUESTS_OUTSTANDING.ALL_DATA_RD:cmask=6'/uk,cpu/event=0xa2,umask=0x8,name='RESOURCE_STALLS.SB'/uk,cpu/event=0x5e,umask=0x1,name='RS_EVENTS.EMPTY_CYCLES'/uk,cpu/event=0xb1,umask=0x2,cmask=0x1,name='UOPS_EXECUTED.CORE:cmask=1'/uk,cpu/event=0xb1,umask=0x2,cmask=0x2,name='UOPS_EXECUTED.CORE:cmask=2'/uk,cpu/event=0xb1,umask=0x2,cmask=0x3,name='UOPS_EXECUTED.CORE:cmask=3'/uk,cpu/event=0xe,umask=0x1,name='UOPS_ISSUED.ANY'/uk,cpu/event=0x9c,umask=0x1,cmask=0x4,name='IDQ_UOPS_NOT_DELIVERED.CYCLES_0_UOPS_DELIV.CORE'/uk,cpu/event=0xd0,umask=0x81,name='MEM_UOPS_RETIRED.ALL_LOADS_PS'/uk,cpu/event=0xd0,umask=0x82,name='MEM_UOPS_RETIRED.ALL_STORES_PS'/uk,cpu/event=0xd3,umask=0x1,name='MEM_LOAD_UOPS_L3_MISS_RETIRED.LOCAL_DRAM_PS'/uk,cpu/event=0xd3,umask=0x4,name='MEM_LOAD_UOPS_L3_MISS_RETIRED.REMOTE_DRAM_PS'/uk,cpu/event=0xd3,umask=0x10,name='MEM_LOAD_UOPS_L3_MISS_RETIRED.REMOTE_HITM_PS'/uk,cpu/event=0xd3,umask=0x20,name='MEM_LOAD_UOPS_L3_MISS_RETIRED.REMOTE_FWD_PS'/uk,uncore_imc_0/event=0x4,umask=0x3,name='UNC_M_CAS_COUNT.RD[UNIT0]'/,uncore_imc_1/event=0x4,umask=0x3,name='UNC_M_CAS_COUNT.RD[UNIT1]'/,uncore_imc_4/event=0x4,umask=0x3,name='UNC_M_CAS_COUNT.RD[UNIT4]'/,uncore_imc_5/event=0x4,umask=0x3,name='UNC_M_CAS_COUNT.RD[UNIT5]'/,uncore_imc_0/event=0x4,umask=0xc,name='UNC_M_CAS_COUNT.WR[UNIT0]'/,uncore_imc_1/event=0x4,umask=0xc,name='UNC_M_CAS_COUNT.WR[UNIT1]'/,uncore_imc_4/event=0x4,umask=0xc,name='UNC_M_CAS_COUNT.WR[UNIT4]'/,uncore_imc_5/event=0x4,umask=0xc,name='UNC_M_CAS_COUNT.WR[UNIT5]'/ "/home/intel/oneapi/vtune/2021.1.1/bin64/amplxe-perf-sync" sync sys
5947 [140069246207872] INFO perfrun.launcher <> - Launcher: all plugins were started
5947 [140069246207872] INFO perfrun.launcher <> - DirectoryMonitor object was created
5947 [140069246207872] INFO perfrun.launcher <> - DirectoryMonitor: a callback was added
5947 [140069246207872] INFO perfrun.launcher <> - DirectoryMonitor was started with pingTime = 1000
5947 [140069246207872] INFO perfrun.launcher <> - DeadlineTimer is going to be constructed
5947 [140069246207872] INFO perfrun.launcher <> - DeadlineTimer: a callback was added
5953 [140069246207872] INFO perfrun.launcher <> - Launcher: resume the profiled application and  wait its termination or stop command
39698 [140069246207872] INFO perfrun.launcher <> - Launcher: the profiled application was terminated  with exit code = 0
39705 [140069060236992] INFO perfrun.perfcollector <> - PERF_STAT : "CPU_CLK_UNHALTED.THREAD: 100523967452 33728879645 33728879645"
39705 [140069060236992] WARN perfrun.perfcollector <> - Unexpected PERF_STAT format, ignored, at file: vcs/perfrun1/plugins/perfcollector/src/profiler.cpp:490
39705 [140069060236992] INFO perfrun.perfcollector <> - PERF_STAT : "CPU_CLK_UNHALTED.REF_TSC: 77151979332 33728879645 33728879645"
39705 [140069060236992] WARN perfrun.perfcollector <> - Unexpected PERF_STAT format, ignored, at file: vcs/perfrun1/plugins/perfcollector/src/profiler.cpp:490
39705 [140069060236992] INFO perfrun.perfcollector <> - PERF_STAT : "INST_RETIRED.ANY: 439621405583 33728879645 33728879645"
39705 [140069060236992] WARN perfrun.perfcollector <> - Unexpected PERF_STAT format, ignored, at file: vcs/perfrun1/plugins/perfcollector/src/profiler.cpp:490
39705 [140069060236992] INFO perfrun.perfcollector <> - PERF_STAT : "CYCLE_ACTIVITY.STALLS_L1D_PENDING: 91366435 33728879645 2626560766"
39705 [140069060236992] WARN perfrun.perfcollector <> - Unexpected PERF_STAT format, ignored, at file: vcs/perfrun1/plugins/perfcollector/src/profiler.cpp:490
39705 [140069060236992] INFO perfrun.perfcollector <> - PERF_STAT : "CPU_CLK_UNHALTED.REF_XCLK: 3351101992 33728879645 3894691819"
39705 [140069060236992] WARN perfrun.perfcollector <> - Unexpected PERF_STAT format, ignored, at file: vcs/perfrun1/plugins/perfcollector/src/profiler.cpp:490
39705 [140069060236992] INFO perfrun.perfcollector <> - PERF_STAT : "CPU_CLK_UNHALTED.ONE_THREAD_ACTIVE: 3351791417 33728879645 3898755302"
39705 [140069060236992] WARN perfrun.perfcollector <> - Unexpected PERF_STAT format, ignored, at file: vcs/perfrun1/plugins/perfcollector/src/profiler.cpp:490
39705 [140069060236992] INFO perfrun.perfcollector <> - PERF_STAT : "UOPS_RETIRED.RETIRE_SLOTS: 267697903586 33728879645 5199061217"
39705 [140069060236992] WARN perfrun.perfcollector <> - Unexpected PERF_STAT format, ignored, at file: vcs/perfrun1/plugins/perfcollector/src/profiler.cpp:490
39705 [140069060236992] INFO perfrun.perfcollector <> - PERF_STAT : "CYCLE_ACTIVITY.CYCLES_NO_EXECUTE: 1659285666 33728879645 5199881522"
39705 [140069060236992] WARN perfrun.perfcollector <> - Unexpected PERF_STAT format, ignored, at file: vcs/perfrun1/plugins/perfcollector/src/profiler.cpp:490
39705 [140069060236992] INFO perfrun.perfcollector <> - PERF_STAT : "CYCLE_ACTIVITY.STALLS_LDM_PENDING: 1129613377 33728879645 5199809020"
39705 [140069060236992] WARN perfrun.perfcollector <> - Unexpected PERF_STAT format, ignored, at file: vcs/perfrun1/plugins/perfcollector/src/profiler.cpp:490
39705 [140069060236992] INFO perfrun.perfcollector <> - PERF_STAT : "CYCLE_ACTIVITY.STALLS_L2_PENDING: 117800446 33728879645 5199650701"
39705 [140069060236992] WARN perfrun.perfcollector <> - Unexpected PERF_STAT format, ignored, at file: vcs/perfrun1/plugins/perfcollector/src/profiler.cpp:490
39705 [140069060236992] INFO perfrun.perfcollector <> - PERF_STAT : "IDQ_UOPS_NOT_DELIVERED.CORE: 100013944638 33728879645 5199235187"
39705 [140069060236992] WARN perfrun.perfcollector <> - Unexpected PERF_STAT format, ignored, at file: vcs/perfrun1/plugins/perfcollector/src/profiler.cpp:490
39705 [140069060236992] INFO perfrun.perfcollector <> - PERF_STAT : "INT_MISC.RECOVERY_CYCLES: 482946802 33728879645 5199732429"
39705 [140069060236992] WARN perfrun.perfcollector <> - Unexpected PERF_STAT format, ignored, at file: vcs/perfrun1/plugins/perfcollector/src/profiler.cpp:490
39705 [140069060236992] INFO perfrun.perfcollector <> - PERF_STAT : "MEM_LOAD_UOPS_RETIRED.L3_HIT_PS: 7111872 33728879645 5187739112"
39705 [140069060236992] WARN perfrun.perfcollector <> - Unexpected PERF_STAT format, ignored, at file: vcs/perfrun1/plugins/perfcollector/src/profiler.cpp:490
39705 [140069060236992] INFO perfrun.perfcollector <> - PERF_STAT : "MEM_LOAD_UOPS_RETIRED.L3_MISS_PS: 17073 33728879645 5175830125"
39705 [140069060236992] WARN perfrun.perfcollector <> - Unexpected PERF_STAT format, ignored, at file: vcs/perfrun1/plugins/perfcollector/src/profiler.cpp:490
39705 [140069060236992] INFO perfrun.perfcollector <> - PERF_STAT : "OFFCORE_REQUESTS_OUTSTANDING.CYCLES_WITH_DATA_RD: 67983261391 33728879645 2591584722"
39705 [140069060236992] WARN perfrun.perfcollector <> - Unexpected PERF_STAT format, ignored, at file: vcs/perfrun1/plugins/perfcollector/src/profiler.cpp:490
39705 [140069060236992] INFO perfrun.perfcollector <> - PERF_STAT : "OFFCORE_REQUESTS_OUTSTANDING.ALL_DATA_RD:cmask=6: 1378416458 33728879645 2591678940"
39705 [140069060236992] WARN perfrun.perfcollector <> - Unexpected PERF_STAT format, ignored, at file: vcs/perfrun1/plugins/perfcollector/src/profiler.cpp:490
39705 [140069060236992] INFO perfrun.perfcollector <> - PERF_STAT : "RESOURCE_STALLS.SB: 52756273 33728879645 3887581002"
39705 [140069060236992] WARN perfrun.perfcollector <> - Unexpected PERF_STAT format, ignored, at file: vcs/perfrun1/plugins/perfcollector/src/profiler.cpp:490
39705 [140069060236992] INFO perfrun.perfcollector <> - PERF_STAT : "RS_EVENTS.EMPTY_CYCLES: 468146930 33728879645 5183703629"
39705 [140069060236992] WARN perfrun.perfcollector <> - Unexpected PERF_STAT format, ignored, at file: vcs/perfrun1/plugins/perfcollector/src/profiler.cpp:490
39705 [140069060236992] INFO perfrun.perfcollector <> - PERF_STAT : "UOPS_EXECUTED.CORE:cmask=1: 98818038974 33728879645 5183790744"
39705 [140069060236992] WARN perfrun.perfcollector <> - Unexpected PERF_STAT format, ignored, at file: vcs/perfrun1/plugins/perfcollector/src/profiler.cpp:490
39705 [140069060236992] INFO perfrun.perfcollector <> - PERF_STAT : "UOPS_EXECUTED.CORE:cmask=2: 95395504165 33728879645 5183593793"
39705 [140069060236992] WARN perfrun.perfcollector <> - Unexpected PERF_STAT format, ignored, at file: vcs/perfrun1/plugins/perfcollector/src/profiler.cpp:490
39705 [140069060236992] INFO perfrun.perfcollector <> - PERF_STAT : "UOPS_EXECUTED.CORE:cmask=3: 88490373816 33728879645 5183572869"
39705 [140069060236992] WARN perfrun.perfcollector <> - Unexpected PERF_STAT format, ignored, at file: vcs/perfrun1/plugins/perfcollector/src/profiler.cpp:490
39705 [140069060236992] INFO perfrun.perfcollector <> - PERF_STAT : "UOPS_ISSUED.ANY: 271738662290 33728879645 5183419904"
39705 [140069060236992] WARN perfrun.perfcollector <> - Unexpected PERF_STAT format, ignored, at file: vcs/perfrun1/plugins/perfcollector/src/profiler.cpp:490
39705 [140069060236992] INFO perfrun.perfcollector <> - PERF_STAT : "IDQ_UOPS_NOT_DELIVERED.CYCLES_0_UOPS_DELIV.CORE: 2847792245 33728879645 5183740700"
39705 [140069060236992] WARN perfrun.perfcollector <> - Unexpected PERF_STAT format, ignored, at file: vcs/perfrun1/plugins/perfcollector/src/profiler.cpp:490
39705 [140069060236992] INFO perfrun.perfcollector <> - PERF_STAT : "MEM_UOPS_RETIRED.ALL_LOADS_PS: 88495197465 33728879645 5167834405"
39705 [140069060236992] WARN perfrun.perfcollector <> - Unexpected PERF_STAT format, ignored, at file: vcs/perfrun1/plugins/perfcollector/src/profiler.cpp:490
39705 [140069060236992] INFO perfrun.perfcollector <> - PERF_STAT : "MEM_UOPS_RETIRED.ALL_STORES_PS: 947997935 33728879645 2591546001"
39705 [140069060236992] WARN perfrun.perfcollector <> - Unexpected PERF_STAT format, ignored, at file: vcs/perfrun1/plugins/perfcollector/src/profiler.cpp:490
39705 [140069060236992] INFO perfrun.perfcollector <> - PERF_STAT : "MEM_LOAD_UOPS_L3_MISS_RETIRED.LOCAL_DRAM_PS: 793 33728879645 2591650588"
39705 [140069060236992] WARN perfrun.perfcollector <> - Unexpected PERF_STAT format, ignored, at file: vcs/perfrun1/plugins/perfcollector/src/profiler.cpp:490
39705 [140069060236992] INFO perfrun.perfcollector <> - PERF_STAT : "MEM_LOAD_UOPS_L3_MISS_RETIRED.REMOTE_DRAM_PS: 26 33728879645 2591830612"
39705 [140069060236992] WARN perfrun.perfcollector <> - Unexpected PERF_STAT format, ignored, at file: vcs/perfrun1/plugins/perfcollector/src/profiler.cpp:490
39705 [140069060236992] INFO perfrun.perfcollector <> - PERF_STAT : "MEM_LOAD_UOPS_L3_MISS_RETIRED.REMOTE_HITM_PS: 17215 33728879645 2592032068"
39705 [140069060236992] WARN perfrun.perfcollector <> - Unexpected PERF_STAT format, ignored, at file: vcs/perfrun1/plugins/perfcollector/src/profiler.cpp:490
39705 [140069060236992] INFO perfrun.perfcollector <> - PERF_STAT : "MEM_LOAD_UOPS_L3_MISS_RETIRED.REMOTE_FWD_PS: 754 33728879645 2592007322"
39705 [140069060236992] WARN perfrun.perfcollector <> - Unexpected PERF_STAT format, ignored, at file: vcs/perfrun1/plugins/perfcollector/src/profiler.cpp:490
39705 [140069060236992] INFO perfrun.perfcollector <> - PERF_STAT : "100523967452;;CPU_CLK_UNHALTED.THREAD;33728879645;100.00;;"
39705 [140069060236992] INFO perfrun.perfcollector <> - PERF_STAT : "77151979332;;CPU_CLK_UNHALTED.REF_TSC;33728879645;100.00;;"
39705 [140069060236992] INFO perfrun.perfcollector <> - PERF_STAT : "439621405583;;INST_RETIRED.ANY;33728879645;100.00;;"
39705 [140069060236992] INFO perfrun.perfcollector <> - PERF_STAT : "91366435;;CYCLE_ACTIVITY.STALLS_L1D_PENDING;2626560766;7.79;;"
39705 [140069060236992] INFO perfrun.perfcollector <> - PERF_STAT : "3351101992;;CPU_CLK_UNHALTED.REF_XCLK;3894691819;11.55;;"
39705 [140069060236992] INFO perfrun.perfcollector <> - PERF_STAT : "3351791417;;CPU_CLK_UNHALTED.ONE_THREAD_ACTIVE;3898755302;11.56;;"
39705 [140069060236992] INFO perfrun.perfcollector <> - PERF_STAT : "267697903586;;UOPS_RETIRED.RETIRE_SLOTS;5199061217;15.41;;"
39708 [140069060236992] INFO perfrun.perfcollector <> - PERF_STAT : "1659285666;;CYCLE_ACTIVITY.CYCLES_NO_EXECUTE;5199881522;15.42;;"
39708 [140069060236992] INFO perfrun.perfcollector <> - PERF_STAT : "1129613377;;CYCLE_ACTIVITY.STALLS_LDM_PENDING;5199809020;15.42;;"
39708 [140069060236992] INFO perfrun.perfcollector <> - PERF_STAT : "117800446;;CYCLE_ACTIVITY.STALLS_L2_PENDING;5199650701;15.42;;"
39708 [140069060236992] INFO perfrun.perfcollector <> - PERF_STAT : "100013944638;;IDQ_UOPS_NOT_DELIVERED.CORE;5199235187;15.41;;"
39708 [140067750270656] INFO perfrun.perfcollector <> - Monitor: runCmd RC = true
39708 [140069060236992] INFO perfrun.perfcollector <> - PERF_STAT : "482946802;;INT_MISC.RECOVERY_CYCLES;5199732429;15.42;;"
39708 [140069060236992] INFO perfrun.perfcollector <> - PERF_STAT : "7111872;;MEM_LOAD_UOPS_RETIRED.L3_HIT_PS;5187739112;15.38;;"
39708 [140069060236992] INFO perfrun.perfcollector <> - PERF_STAT : "17073;;MEM_LOAD_UOPS_RETIRED.L3_MISS_PS;5175830125;15.35;;"
39708 [140069060236992] INFO perfrun.perfcollector <> - PERF_STAT : "67983261391;;OFFCORE_REQUESTS_OUTSTANDING.CYCLES_WITH_DATA_RD;2591584722;7.68;;"
39708 [140069060236992] INFO perfrun.perfcollector <> - PERF_STAT : "1378416458;;OFFCORE_REQUESTS_OUTSTANDING.ALL_DATA_RD:cmask=6;2591678940;7.68;;"
39708 [140069060236992] INFO perfrun.perfcollector <> - PERF_STAT : "52756273;;RESOURCE_STALLS.SB;3887581002;11.53;;"
39708 [140069060236992] INFO perfrun.perfcollector <> - PERF_STAT : "468146930;;RS_EVENTS.EMPTY_CYCLES;5183703629;15.37;;"
39708 [140069060236992] INFO perfrun.perfcollector <> - PERF_STAT : "98818038974;;UOPS_EXECUTED.CORE:cmask=1;5183790744;15.37;;"
39708 [140069060236992] INFO perfrun.perfcollector <> - PERF_STAT : "95395504165;;UOPS_EXECUTED.CORE:cmask=2;5183593793;15.37;;"
39708 [140069060236992] INFO perfrun.perfcollector <> - PERF_STAT : "88490373816;;UOPS_EXECUTED.CORE:cmask=3;5183572869;15.37;;"
39708 [140069060236992] INFO perfrun.perfcollector <> - PERF_STAT : "271738662290;;UOPS_ISSUED.ANY;5183419904;15.37;;"
39708 [140069060236992] INFO perfrun.perfcollector <> - PERF_STAT : "2847792245;;IDQ_UOPS_NOT_DELIVERED.CYCLES_0_UOPS_DELIV.CORE;5183740700;15.37;;"
39708 [140069060236992] INFO perfrun.perfcollector <> - PERF_STAT : "88495197465;;MEM_UOPS_RETIRED.ALL_LOADS_PS;5167834405;15.32;;"
39708 [140069060236992] INFO perfrun.perfcollector <> - PERF_STAT : "947997935;;MEM_UOPS_RETIRED.ALL_STORES_PS;2591546001;7.68;;"
39708 [140069060236992] INFO perfrun.perfcollector <> - PERF_STAT : "793;;MEM_LOAD_UOPS_L3_MISS_RETIRED.LOCAL_DRAM_PS;2591650588;7.68;;"
39708 [140069060236992] INFO perfrun.perfcollector <> - PERF_STAT : "26;;MEM_LOAD_UOPS_L3_MISS_RETIRED.REMOTE_DRAM_PS;2591830612;7.68;;"
39708 [140069060236992] INFO perfrun.perfcollector <> - PERF_STAT : "17215;;MEM_LOAD_UOPS_L3_MISS_RETIRED.REMOTE_HITM_PS;2592032068;7.68;;"
39708 [140069060236992] INFO perfrun.perfcollector <> - PERF_STAT : "754;;MEM_LOAD_UOPS_L3_MISS_RETIRED.REMOTE_FWD_PS;2592007322;7.68;;"
39708 [140069060236992] INFO perfrun.perfcollector <> - PERF_STAT : "<not supported>;;UNC_M_CAS_COUNT.RD[UNIT0];0;100.00;;"
39708 [140069060236992] INFO perfrun.perfcollector <> - PERF_STAT : "<not supported>;;UNC_M_CAS_COUNT.RD[UNIT1];0;100.00;;"
39708 [140069060236992] INFO perfrun.perfcollector <> - PERF_STAT : "<not supported>;;UNC_M_CAS_COUNT.RD[UNIT4];0;100.00;;"
39708 [140069060236992] INFO perfrun.perfcollector <> - PERF_STAT : "<not supported>;;UNC_M_CAS_COUNT.RD[UNIT5];0;100.00;;"
39708 [140069060236992] INFO perfrun.perfcollector <> - PERF_STAT : "<not supported>;;UNC_M_CAS_COUNT.WR[UNIT0];0;100.00;;"
39708 [140069060236992] INFO perfrun.perfcollector <> - PERF_STAT : "<not supported>;;UNC_M_CAS_COUNT.WR[UNIT1];0;100.00;;"
39708 [140069060236992] INFO perfrun.perfcollector <> - PERF_STAT : "<not supported>;;UNC_M_CAS_COUNT.WR[UNIT4];0;100.00;;"
39708 [140069060236992] INFO perfrun.perfcollector <> - PERF_STAT : "<not supported>;;UNC_M_CAS_COUNT.WR[UNIT5];0;100.00;;"
39709 [140069090354880] INFO perfrun.perfcollector <> - Monitor: state = 3, error = 1
39709 [140069090354880] INFO perfrun.sdk <> - De-allocating TMU: /tmp/amplxe-tmp-emlazuta/amplxe-res-3464624-13067705351352764/data.0/systemcollector-3464624-hype5.sc
39709 [140069090354880] INFO perfrun.system <> - closed the system trace file: /tmp/amplxe-tmp-emlazuta/amplxe-res-3464624-13067705351352764/data.0/systemcollector-3464624-hype5.sc
39709 [140069246207872] INFO perfrun.launcher <> - Launcher: all plugins were stopped.
39709 [140069246207872] INFO perfrun.launcher <> - DeadlineTimer is going to be destroyed
39709 [140069246207872] INFO perfrun.launcher <> - DeadlineTimer was destroyed
39709 [140069246207872] INFO perfrun.launcher <> - DirectoryMonitor object was destroyed
39709 [140069246207872] WARN perfrun.launcher <> - Stop command is ignored because it is received when collection is already stopped, at file: vcs/perfrun1/launcher/src/command_handler.cpp:212
39738 [140069246207872] INFO perfrun.launcher <> - Application exit code: 0
39738 [140069246207872] INFO perfrun.launcher <> - Exit code: 0
