12 [140654110615424] INFO perfrun.launcher <> - Launcher main begin
15 [140654110615424] INFO perfrun.launcher <> - MessageCatalogInit finished
15 [140654110615424] INFO perfrun.launcher <> - Launcher instance created
15 [140654110615424] INFO perfrun.launcher <> - argc = 7; cmdline = /home/intel/oneapi/vtune/2021.1.1/bin64/amplxe-runss --ui-output-format xml --ui-output-fd 5 --option-file /home/users/emlazuta/parallel-qlearning/results_batch_vtune_100x100/run_par_sdynamic_mhogwild_t16_obs25pct/config/runsa.options 
27 [140654110615424] INFO perfrun.launcher <> - plugin remoteplug has been added successfully
27 [140654110615424] INFO perfrun.launcher <> - plugin system has been added successfully
27 [140654110615424] INFO perfrun.launcher <> - plugin vdso has been added successfully
27 [140654110615424] INFO perfrun.launcher <> - plugin itt has been added successfully
27 [140654110615424] INFO perfrun.launcher <> - plugin ptracecollector has been added successfully
27 [140654110615424] INFO perfrun.launcher <> - plugin gpu has been added successfully
27 [140654110615424] INFO perfrun.launcher <> - plugin  has been added successfully
27 [140654110615424] INFO perfrun.launcher <> - plugin  has been added successfully
27 [140654110615424] INFO perfrun.launcher <> - plugin  has been added successfully
27 [140654110615424] INFO perfrun.launcher <> - plugin mrte has been added successfully
27 [140654110615424] INFO perfrun.launcher <> - plugin emon has been added successfully
27 [140654110615424] INFO perfrun.launcher <> - plugin cuscol has been added successfully
27 [140654110615424] INFO perfrun.launcher <> - plugin stdsrc has been added successfully
27 [140654110615424] INFO perfrun.launcher <> - plugin sep has been added successfully
27 [140654110615424] INFO perfrun.launcher <> - plugin vtsspp has been added successfully
27 [140654110615424] INFO perfrun.sdk <> - Reading value (-1) from file: /proc/sys/kernel/perf_event_paranoid
27 [140654110615424] INFO perfrun.perfcollector <> - checking access to: /home/intel/oneapi/vtune/2021.1.1/bin64/amplxe-perf-priv
31 [140654110615424] INFO perfrun.perfcollector <> - cpu: family = 6 model = 63
31 [140654110615424] INFO perfrun.perfcollector <> - dir found : /sys/bus/event_source/devices/software
31 [140654110615424] WARN perfrun.perfcollector <> - format subdir doesn't exist, at file: vcs/perfrun1/plugins/perfcollector/src/controller.cpp:725
31 [140654110615424] WARN perfrun.perfcollector <> - pmu hwInfo is not set, at file: vcs/perfrun1/plugins/perfcollector/src/controller.cpp:819
31 [140654110615424] INFO perfrun.perfcollector <> - pmu added : family : software , id : 0
31 [140654110615424] INFO perfrun.perfcollector <> - dir found : /sys/bus/event_source/devices/uncore_imc_5
31 [140654110615424] INFO perfrun.perfcollector <> - format: event config:0-7 mask:0-7
31 [140654110615424] INFO perfrun.perfcollector <> - format: edge config:18 mask:18
31 [140654110615424] INFO perfrun.perfcollector <> - format: inv config:23 mask:23
31 [140654110615424] INFO perfrun.perfcollector <> - format: umask config:8-15 mask:8-15
32 [140654110615424] INFO perfrun.perfcollector <> - format: thresh config:24-31 mask:24-31
32 [140654110615424] INFO perfrun.perfcollector <> - hwInfo : PERF_IMC_PMU_DETAILS
32 [140654110615424] INFO perfrun.perfcollector <> - pmu added : family : uncore_imc , id : 5
32 [140654110615424] INFO perfrun.perfcollector <> - dir found : /sys/bus/event_source/devices/uncore_sbox_2
32 [140654110615424] INFO perfrun.perfcollector <> - format: event config:0-7 mask:0-7
32 [140654110615424] INFO perfrun.perfcollector <> - format: edge config:18 mask:18
32 [140654110615424] INFO perfrun.perfcollector <> - format: inv config:23 mask:23
32 [140654110615424] INFO perfrun.perfcollector <> - format: umask config:8-15 mask:8-15
32 [140654110615424] INFO perfrun.perfcollector <> - format: tid_en config:19 mask:19
32 [140654110615424] INFO perfrun.perfcollector <> - format: thresh config:24-31 mask:24-31
32 [140654110615424] WARN perfrun.perfcollector <> - pmu hwInfo is not set, at file: vcs/perfrun1/plugins/perfcollector/src/controller.cpp:819
32 [140654110615424] INFO perfrun.perfcollector <> - pmu added : family : uncore_sbox , id : 2
32 [140654110615424] INFO perfrun.perfcollector <> - dir found : /sys/bus/event_source/devices/uncore_cbox_8
32 [140654110615424] INFO perfrun.perfcollector <> - format: event config:0-7 mask:0-7
32 [140654110615424] INFO perfrun.perfcollector <> - format: filter_link config1:6-8 mask:6-8
32 [140654110615424] INFO perfrun.perfcollector <> - format: filter_c6 config1:61 mask:61
32 [140654110615424] INFO perfrun.perfcollector <> - format: edge config:18 mask:18
32 [140654110615424] INFO perfrun.perfcollector <> - format: filter_isoc config1:63 mask:63
32 [140654110615424] INFO perfrun.perfcollector <> - format: filter_tid config1:0-5 mask:0-5
32 [140654110615424] INFO perfrun.perfcollector <> - format: filter_nid config1:32-47 mask:32-47
32 [140654110615424] INFO perfrun.perfcollector <> - format: filter_nc config1:62 mask:62
32 [140654110615424] INFO perfrun.perfcollector <> - format: umask config:8-15 mask:8-15
32 [140654110615424] INFO perfrun.perfcollector <> - format: tid_en config:19 mask:19
32 [140654110615424] INFO perfrun.perfcollector <> - format: thresh config:24-31 mask:24-31
32 [140654110615424] INFO perfrun.perfcollector <> - format: filter_state config1:17-23 mask:17-23
32 [140654110615424] INFO perfrun.perfcollector <> - format: filter_opc config1:52-60 mask:52-60
32 [140654110615424] WARN perfrun.perfcollector <> - pmu hwInfo is not set, at file: vcs/perfrun1/plugins/perfcollector/src/controller.cpp:819
32 [140654110615424] INFO perfrun.perfcollector <> - pmu added : family : uncore_cbox , id : 8
32 [140654110615424] INFO perfrun.perfcollector <> - dir found : /sys/bus/event_source/devices/uncore_r2pcie
32 [140654110615424] INFO perfrun.perfcollector <> - format: event config:0-7 mask:0-7
32 [140654110615424] INFO perfrun.perfcollector <> - format: edge config:18 mask:18
32 [140654110615424] INFO perfrun.perfcollector <> - format: inv config:23 mask:23
32 [140654110615424] INFO perfrun.perfcollector <> - format: umask config:8-15 mask:8-15
32 [140654110615424] INFO perfrun.perfcollector <> - format: thresh config:24-31 mask:24-31
32 [140654110615424] WARN perfrun.perfcollector <> - pmu hwInfo is not set, at file: vcs/perfrun1/plugins/perfcollector/src/controller.cpp:819
32 [140654110615424] INFO perfrun.perfcollector <> - pmu added : family : uncore_r2pcie , id : 0
32 [140654110615424] INFO perfrun.perfcollector <> - dir found : /sys/bus/event_source/devices/uncore_sbox_0
32 [140654110615424] INFO perfrun.perfcollector <> - format: event config:0-7 mask:0-7
32 [140654110615424] INFO perfrun.perfcollector <> - format: edge config:18 mask:18
33 [140654110615424] INFO perfrun.perfcollector <> - format: inv config:23 mask:23
33 [140654110615424] INFO perfrun.perfcollector <> - format: umask config:8-15 mask:8-15
33 [140654110615424] INFO perfrun.perfcollector <> - format: tid_en config:19 mask:19
33 [140654110615424] INFO perfrun.perfcollector <> - format: thresh config:24-31 mask:24-31
33 [140654110615424] WARN perfrun.perfcollector <> - pmu hwInfo is not set, at file: vcs/perfrun1/plugins/perfcollector/src/controller.cpp:819
33 [140654110615424] INFO perfrun.perfcollector <> - pmu added : family : uncore_sbox , id : 0
33 [140654110615424] INFO perfrun.perfcollector <> - dir found : /sys/bus/event_source/devices/uncore_cbox_6
33 [140654110615424] INFO perfrun.perfcollector <> - format: event config:0-7 mask:0-7
33 [140654110615424] INFO perfrun.perfcollector <> - format: filter_link config1:6-8 mask:6-8
33 [140654110615424] INFO perfrun.perfcollector <> - format: filter_c6 config1:61 mask:61
33 [140654110615424] INFO perfrun.perfcollector <> - format: edge config:18 mask:18
33 [140654110615424] INFO perfrun.perfcollector <> - format: filter_isoc config1:63 mask:63
33 [140654110615424] INFO perfrun.perfcollector <> - format: filter_tid config1:0-5 mask:0-5
33 [140654110615424] INFO perfrun.perfcollector <> - format: filter_nid config1:32-47 mask:32-47
33 [140654110615424] INFO perfrun.perfcollector <> - format: filter_nc config1:62 mask:62
33 [140654110615424] INFO perfrun.perfcollector <> - format: umask config:8-15 mask:8-15
33 [140654110615424] INFO perfrun.perfcollector <> - format: tid_en config:19 mask:19
33 [140654110615424] INFO perfrun.perfcollector <> - format: thresh config:24-31 mask:24-31
33 [140654110615424] INFO perfrun.perfcollector <> - format: filter_state config1:17-23 mask:17-23
33 [140654110615424] INFO perfrun.perfcollector <> - format: filter_opc config1:52-60 mask:52-60
33 [140654110615424] WARN perfrun.perfcollector <> - pmu hwInfo is not set, at file: vcs/perfrun1/plugins/perfcollector/src/controller.cpp:819
33 [140654110615424] INFO perfrun.perfcollector <> - pmu added : family : uncore_cbox , id : 6
33 [140654110615424] INFO perfrun.perfcollector <> - dir found : /sys/bus/event_source/devices/uncore_imc_1
33 [140654110615424] INFO perfrun.perfcollector <> - format: event config:0-7 mask:0-7
33 [140654110615424] INFO perfrun.perfcollector <> - format: edge config:18 mask:18
33 [140654110615424] INFO perfrun.perfcollector <> - format: inv config:23 mask:23
33 [140654110615424] INFO perfrun.perfcollector <> - format: umask config:8-15 mask:8-15
33 [140654110615424] INFO perfrun.perfcollector <> - format: thresh config:24-31 mask:24-31
33 [140654110615424] INFO perfrun.perfcollector <> - hwInfo : PERF_IMC_PMU_DETAILS
33 [140654110615424] INFO perfrun.perfcollector <> - pmu added : family : uncore_imc , id : 1
33 [140654110615424] INFO perfrun.perfcollector <> - dir found : /sys/bus/event_source/devices/power
33 [140654110615424] INFO perfrun.perfcollector <> - format: event config:0-7 mask:0-7
33 [140654110615424] WARN perfrun.perfcollector <> - pmu hwInfo is not set, at file: vcs/perfrun1/plugins/perfcollector/src/controller.cpp:819
33 [140654110615424] INFO perfrun.perfcollector <> - pmu added : family : power , id : 0
33 [140654110615424] INFO perfrun.perfcollector <> - dir found : /sys/bus/event_source/devices/uncore_cbox_4
33 [140654110615424] INFO perfrun.perfcollector <> - format: event config:0-7 mask:0-7
33 [140654110615424] INFO perfrun.perfcollector <> - format: filter_link config1:6-8 mask:6-8
33 [140654110615424] INFO perfrun.perfcollector <> - format: filter_c6 config1:61 mask:61
33 [140654110615424] INFO perfrun.perfcollector <> - format: edge config:18 mask:18
33 [140654110615424] INFO perfrun.perfcollector <> - format: filter_isoc config1:63 mask:63
33 [140654110615424] INFO perfrun.perfcollector <> - format: filter_tid config1:0-5 mask:0-5
33 [140654110615424] INFO perfrun.perfcollector <> - format: filter_nid config1:32-47 mask:32-47
33 [140654110615424] INFO perfrun.perfcollector <> - format: filter_nc config1:62 mask:62
34 [140654110615424] INFO perfrun.perfcollector <> - format: umask config:8-15 mask:8-15
34 [140654110615424] INFO perfrun.perfcollector <> - format: tid_en config:19 mask:19
34 [140654110615424] INFO perfrun.perfcollector <> - format: thresh config:24-31 mask:24-31
34 [140654110615424] INFO perfrun.perfcollector <> - format: filter_state config1:17-23 mask:17-23
34 [140654110615424] INFO perfrun.perfcollector <> - format: filter_opc config1:52-60 mask:52-60
34 [140654110615424] WARN perfrun.perfcollector <> - pmu hwInfo is not set, at file: vcs/perfrun1/plugins/perfcollector/src/controller.cpp:819
34 [140654110615424] INFO perfrun.perfcollector <> - pmu added : family : uncore_cbox , id : 4
34 [140654110615424] INFO perfrun.perfcollector <> - dir found : /sys/bus/event_source/devices/uprobe
34 [140654110615424] INFO perfrun.perfcollector <> - format: ref_ctr_offset config:32-63 mask:32-63
34 [140654110615424] INFO perfrun.perfcollector <> - format: retprobe config:0 mask:0
34 [140654110615424] WARN perfrun.perfcollector <> - pmu hwInfo is not set, at file: vcs/perfrun1/plugins/perfcollector/src/controller.cpp:819
34 [140654110615424] INFO perfrun.perfcollector <> - pmu added : family : uprobe , id : 0
34 [140654110615424] INFO perfrun.perfcollector <> - dir found : /sys/bus/event_source/devices/cpu
34 [140654110615424] INFO perfrun.perfcollector <> - format: event config:0-7 mask:0-7
34 [140654110615424] INFO perfrun.perfcollector <> - format: pc config:19 mask:19
34 [140654110615424] INFO perfrun.perfcollector <> - format: edge config:18 mask:18
34 [140654110615424] INFO perfrun.perfcollector <> - format: any config:21 mask:21
34 [140654110615424] INFO perfrun.perfcollector <> - format: offcore_rsp config1:0-63 mask:0-63
34 [140654110615424] INFO perfrun.perfcollector <> - format: ldlat config1:0-15 mask:0-15
34 [140654110615424] INFO perfrun.perfcollector <> - format: inv config:23 mask:23
34 [140654110615424] INFO perfrun.perfcollector <> - format: umask config:8-15 mask:8-15
34 [140654110615424] INFO perfrun.perfcollector <> - format: cmask config:24-31 mask:24-31
34 [140654110615424] INFO perfrun.perfcollector <> - hwInfo : PERF_CPU_PMU_DETAILS
34 [140654110615424] INFO perfrun.perfcollector <> - pmu added : family : cpu , id : 0
34 [140654110615424] INFO perfrun.perfcollector <> - dir found : /sys/bus/event_source/devices/uncore_r3qpi_0
34 [140654110615424] INFO perfrun.perfcollector <> - format: event config:0-7 mask:0-7
34 [140654110615424] INFO perfrun.perfcollector <> - format: edge config:18 mask:18
34 [140654110615424] INFO perfrun.perfcollector <> - format: inv config:23 mask:23
34 [140654110615424] INFO perfrun.perfcollector <> - format: umask config:8-15 mask:8-15
34 [140654110615424] INFO perfrun.perfcollector <> - format: thresh config:24-31 mask:24-31
34 [140654110615424] WARN perfrun.perfcollector <> - pmu hwInfo is not set, at file: vcs/perfrun1/plugins/perfcollector/src/controller.cpp:819
34 [140654110615424] INFO perfrun.perfcollector <> - pmu added : family : uncore_r3qpi , id : 0
34 [140654110615424] INFO perfrun.perfcollector <> - dir found : /sys/bus/event_source/devices/cstate_core
34 [140654110615424] INFO perfrun.perfcollector <> - format: event config:0-63 mask:0-63
34 [140654110615424] WARN perfrun.perfcollector <> - pmu hwInfo is not set, at file: vcs/perfrun1/plugins/perfcollector/src/controller.cpp:819
34 [140654110615424] INFO perfrun.perfcollector <> - pmu added : family : cstate_core , id : 0
34 [140654110615424] INFO perfrun.perfcollector <> - dir found : /sys/bus/event_source/devices/uncore_cbox_2
34 [140654110615424] INFO perfrun.perfcollector <> - format: event config:0-7 mask:0-7
34 [140654110615424] INFO perfrun.perfcollector <> - format: filter_link config1:6-8 mask:6-8
34 [140654110615424] INFO perfrun.perfcollector <> - format: filter_c6 config1:61 mask:61
34 [140654110615424] INFO perfrun.perfcollector <> - format: edge config:18 mask:18
34 [140654110615424] INFO perfrun.perfcollector <> - format: filter_isoc config1:63 mask:63
35 [140654110615424] INFO perfrun.perfcollector <> - format: filter_tid config1:0-5 mask:0-5
35 [140654110615424] INFO perfrun.perfcollector <> - format: filter_nid config1:32-47 mask:32-47
35 [140654110615424] INFO perfrun.perfcollector <> - format: filter_nc config1:62 mask:62
35 [140654110615424] INFO perfrun.perfcollector <> - format: umask config:8-15 mask:8-15
35 [140654110615424] INFO perfrun.perfcollector <> - format: tid_en config:19 mask:19
35 [140654110615424] INFO perfrun.perfcollector <> - format: thresh config:24-31 mask:24-31
35 [140654110615424] INFO perfrun.perfcollector <> - format: filter_state config1:17-23 mask:17-23
35 [140654110615424] INFO perfrun.perfcollector <> - format: filter_opc config1:52-60 mask:52-60
35 [140654110615424] WARN perfrun.perfcollector <> - pmu hwInfo is not set, at file: vcs/perfrun1/plugins/perfcollector/src/controller.cpp:819
35 [140654110615424] INFO perfrun.perfcollector <> - pmu added : family : uncore_cbox , id : 2
35 [140654110615424] INFO perfrun.perfcollector <> - dir found : /sys/bus/event_source/devices/breakpoint
35 [140654110615424] WARN perfrun.perfcollector <> - format subdir doesn't exist, at file: vcs/perfrun1/plugins/perfcollector/src/controller.cpp:725
35 [140654110615424] WARN perfrun.perfcollector <> - pmu hwInfo is not set, at file: vcs/perfrun1/plugins/perfcollector/src/controller.cpp:819
35 [140654110615424] INFO perfrun.perfcollector <> - pmu added : family : breakpoint , id : 0
35 [140654110615424] INFO perfrun.perfcollector <> - dir found : /sys/bus/event_source/devices/uncore_ha_0
35 [140654110615424] INFO perfrun.perfcollector <> - format: event config:0-7 mask:0-7
35 [140654110615424] INFO perfrun.perfcollector <> - format: edge config:18 mask:18
35 [140654110615424] INFO perfrun.perfcollector <> - format: inv config:23 mask:23
35 [140654110615424] INFO perfrun.perfcollector <> - format: umask config:8-15 mask:8-15
35 [140654110615424] INFO perfrun.perfcollector <> - format: thresh config:24-31 mask:24-31
35 [140654110615424] WARN perfrun.perfcollector <> - pmu hwInfo is not set, at file: vcs/perfrun1/plugins/perfcollector/src/controller.cpp:819
35 [140654110615424] INFO perfrun.perfcollector <> - pmu added : family : uncore_ha , id : 0
35 [140654110615424] INFO perfrun.perfcollector <> - dir found : /sys/bus/event_source/devices/uncore_cbox_0
35 [140654110615424] INFO perfrun.perfcollector <> - format: event config:0-7 mask:0-7
35 [140654110615424] INFO perfrun.perfcollector <> - format: filter_link config1:6-8 mask:6-8
35 [140654110615424] INFO perfrun.perfcollector <> - format: filter_c6 config1:61 mask:61
35 [140654110615424] INFO perfrun.perfcollector <> - format: edge config:18 mask:18
35 [140654110615424] INFO perfrun.perfcollector <> - format: filter_isoc config1:63 mask:63
35 [140654110615424] INFO perfrun.perfcollector <> - format: filter_tid config1:0-5 mask:0-5
35 [140654110615424] INFO perfrun.perfcollector <> - format: filter_nid config1:32-47 mask:32-47
35 [140654110615424] INFO perfrun.perfcollector <> - format: filter_nc config1:62 mask:62
35 [140654110615424] INFO perfrun.perfcollector <> - format: umask config:8-15 mask:8-15
35 [140654110615424] INFO perfrun.perfcollector <> - format: tid_en config:19 mask:19
35 [140654110615424] INFO perfrun.perfcollector <> - format: thresh config:24-31 mask:24-31
35 [140654110615424] INFO perfrun.perfcollector <> - format: filter_state config1:17-23 mask:17-23
35 [140654110615424] INFO perfrun.perfcollector <> - format: filter_opc config1:52-60 mask:52-60
35 [140654110615424] WARN perfrun.perfcollector <> - pmu hwInfo is not set, at file: vcs/perfrun1/plugins/perfcollector/src/controller.cpp:819
35 [140654110615424] INFO perfrun.perfcollector <> - pmu added : family : uncore_cbox , id : 0
35 [140654110615424] INFO perfrun.perfcollector <> - dir found : /sys/bus/event_source/devices/tracepoint
35 [140654110615424] WARN perfrun.perfcollector <> - format subdir doesn't exist, at file: vcs/perfrun1/plugins/perfcollector/src/controller.cpp:725
35 [140654110615424] WARN perfrun.perfcollector <> - pmu hwInfo is not set, at file: vcs/perfrun1/plugins/perfcollector/src/controller.cpp:819
35 [140654110615424] INFO perfrun.perfcollector <> - pmu added : family : tracepoint , id : 0
35 [140654110615424] INFO perfrun.perfcollector <> - dir found : /sys/bus/event_source/devices/uncore_sbox_3
35 [140654110615424] INFO perfrun.perfcollector <> - format: event config:0-7 mask:0-7
35 [140654110615424] INFO perfrun.perfcollector <> - format: edge config:18 mask:18
35 [140654110615424] INFO perfrun.perfcollector <> - format: inv config:23 mask:23
36 [140654110615424] INFO perfrun.perfcollector <> - format: umask config:8-15 mask:8-15
36 [140654110615424] INFO perfrun.perfcollector <> - format: tid_en config:19 mask:19
36 [140654110615424] INFO perfrun.perfcollector <> - format: thresh config:24-31 mask:24-31
36 [140654110615424] WARN perfrun.perfcollector <> - pmu hwInfo is not set, at file: vcs/perfrun1/plugins/perfcollector/src/controller.cpp:819
36 [140654110615424] INFO perfrun.perfcollector <> - pmu added : family : uncore_sbox , id : 3
36 [140654110615424] INFO perfrun.perfcollector <> - dir found : /sys/bus/event_source/devices/uncore_cbox_9
36 [140654110615424] INFO perfrun.perfcollector <> - format: event config:0-7 mask:0-7
36 [140654110615424] INFO perfrun.perfcollector <> - format: filter_link config1:6-8 mask:6-8
36 [140654110615424] INFO perfrun.perfcollector <> - format: filter_c6 config1:61 mask:61
36 [140654110615424] INFO perfrun.perfcollector <> - format: edge config:18 mask:18
36 [140654110615424] INFO perfrun.perfcollector <> - format: filter_isoc config1:63 mask:63
36 [140654110615424] INFO perfrun.perfcollector <> - format: filter_tid config1:0-5 mask:0-5
36 [140654110615424] INFO perfrun.perfcollector <> - format: filter_nid config1:32-47 mask:32-47
36 [140654110615424] INFO perfrun.perfcollector <> - format: filter_nc config1:62 mask:62
36 [140654110615424] INFO perfrun.perfcollector <> - format: umask config:8-15 mask:8-15
36 [140654110615424] INFO perfrun.perfcollector <> - format: tid_en config:19 mask:19
36 [140654110615424] INFO perfrun.perfcollector <> - format: thresh config:24-31 mask:24-31
36 [140654110615424] INFO perfrun.perfcollector <> - format: filter_state config1:17-23 mask:17-23
36 [140654110615424] INFO perfrun.perfcollector <> - format: filter_opc config1:52-60 mask:52-60
36 [140654110615424] WARN perfrun.perfcollector <> - pmu hwInfo is not set, at file: vcs/perfrun1/plugins/perfcollector/src/controller.cpp:819
36 [140654110615424] INFO perfrun.perfcollector <> - pmu added : family : uncore_cbox , id : 9
36 [140654110615424] INFO perfrun.perfcollector <> - dir found : /sys/bus/event_source/devices/cstate_pkg
36 [140654110615424] INFO perfrun.perfcollector <> - format: event config:0-63 mask:0-63
36 [140654110615424] WARN perfrun.perfcollector <> - pmu hwInfo is not set, at file: vcs/perfrun1/plugins/perfcollector/src/controller.cpp:819
36 [140654110615424] INFO perfrun.perfcollector <> - pmu added : family : cstate_pkg , id : 0
36 [140654110615424] INFO perfrun.perfcollector <> - dir found : /sys/bus/event_source/devices/uncore_imc_4
36 [140654110615424] INFO perfrun.perfcollector <> - format: event config:0-7 mask:0-7
36 [140654110615424] INFO perfrun.perfcollector <> - format: edge config:18 mask:18
36 [140654110615424] INFO perfrun.perfcollector <> - format: inv config:23 mask:23
36 [140654110615424] INFO perfrun.perfcollector <> - format: umask config:8-15 mask:8-15
36 [140654110615424] INFO perfrun.perfcollector <> - format: thresh config:24-31 mask:24-31
36 [140654110615424] INFO perfrun.perfcollector <> - hwInfo : PERF_IMC_PMU_DETAILS
36 [140654110615424] INFO perfrun.perfcollector <> - pmu added : family : uncore_imc , id : 4
36 [140654110615424] INFO perfrun.perfcollector <> - dir found : /sys/bus/event_source/devices/uncore_ubox
36 [140654110615424] INFO perfrun.perfcollector <> - format: event config:0-7 mask:0-7
36 [140654110615424] INFO perfrun.perfcollector <> - format: edge config:18 mask:18
36 [140654110615424] INFO perfrun.perfcollector <> - format: filter_tid config1:0 mask:0
36 [140654110615424] INFO perfrun.perfcollector <> - format: inv config:23 mask:23
36 [140654110615424] INFO perfrun.perfcollector <> - format: umask config:8-15 mask:8-15
36 [140654110615424] INFO perfrun.perfcollector <> - format: thresh config:24-28 mask:24-28
36 [140654110615424] INFO perfrun.perfcollector <> - format: filter_cid config1:5 mask:5
36 [140654110615424] WARN perfrun.perfcollector <> - pmu hwInfo is not set, at file: vcs/perfrun1/plugins/perfcollector/src/controller.cpp:819
36 [140654110615424] INFO perfrun.perfcollector <> - pmu added : family : uncore_ubox , id : 0
37 [140654110615424] INFO perfrun.perfcollector <> - dir found : /sys/bus/event_source/devices/uncore_sbox_1
37 [140654110615424] INFO perfrun.perfcollector <> - format: event config:0-7 mask:0-7
37 [140654110615424] INFO perfrun.perfcollector <> - format: edge config:18 mask:18
37 [140654110615424] INFO perfrun.perfcollector <> - format: inv config:23 mask:23
37 [140654110615424] INFO perfrun.perfcollector <> - format: umask config:8-15 mask:8-15
37 [140654110615424] INFO perfrun.perfcollector <> - format: tid_en config:19 mask:19
37 [140654110615424] INFO perfrun.perfcollector <> - format: thresh config:24-31 mask:24-31
37 [140654110615424] WARN perfrun.perfcollector <> - pmu hwInfo is not set, at file: vcs/perfrun1/plugins/perfcollector/src/controller.cpp:819
37 [140654110615424] INFO perfrun.perfcollector <> - pmu added : family : uncore_sbox , id : 1
37 [140654110615424] INFO perfrun.perfcollector <> - dir found : /sys/bus/event_source/devices/uncore_cbox_7
37 [140654110615424] INFO perfrun.perfcollector <> - format: event config:0-7 mask:0-7
37 [140654110615424] INFO perfrun.perfcollector <> - format: filter_link config1:6-8 mask:6-8
37 [140654110615424] INFO perfrun.perfcollector <> - format: filter_c6 config1:61 mask:61
37 [140654110615424] INFO perfrun.perfcollector <> - format: edge config:18 mask:18
37 [140654110615424] INFO perfrun.perfcollector <> - format: filter_isoc config1:63 mask:63
37 [140654110615424] INFO perfrun.perfcollector <> - format: filter_tid config1:0-5 mask:0-5
37 [140654110615424] INFO perfrun.perfcollector <> - format: filter_nid config1:32-47 mask:32-47
37 [140654110615424] INFO perfrun.perfcollector <> - format: filter_nc config1:62 mask:62
37 [140654110615424] INFO perfrun.perfcollector <> - format: umask config:8-15 mask:8-15
37 [140654110615424] INFO perfrun.perfcollector <> - format: tid_en config:19 mask:19
37 [140654110615424] INFO perfrun.perfcollector <> - format: thresh config:24-31 mask:24-31
37 [140654110615424] INFO perfrun.perfcollector <> - format: filter_state config1:17-23 mask:17-23
37 [140654110615424] INFO perfrun.perfcollector <> - format: filter_opc config1:52-60 mask:52-60
37 [140654110615424] WARN perfrun.perfcollector <> - pmu hwInfo is not set, at file: vcs/perfrun1/plugins/perfcollector/src/controller.cpp:819
37 [140654110615424] INFO perfrun.perfcollector <> - pmu added : family : uncore_cbox , id : 7
37 [140654110615424] INFO perfrun.perfcollector <> - dir found : /sys/bus/event_source/devices/kprobe
37 [140654110615424] INFO perfrun.perfcollector <> - format: retprobe config:0 mask:0
37 [140654110615424] WARN perfrun.perfcollector <> - pmu hwInfo is not set, at file: vcs/perfrun1/plugins/perfcollector/src/controller.cpp:819
37 [140654110615424] INFO perfrun.perfcollector <> - pmu added : family : kprobe , id : 0
37 [140654110615424] INFO perfrun.perfcollector <> - dir found : /sys/bus/event_source/devices/uncore_cbox_5
37 [140654110615424] INFO perfrun.perfcollector <> - format: event config:0-7 mask:0-7
37 [140654110615424] INFO perfrun.perfcollector <> - format: filter_link config1:6-8 mask:6-8
37 [140654110615424] INFO perfrun.perfcollector <> - format: filter_c6 config1:61 mask:61
37 [140654110615424] INFO perfrun.perfcollector <> - format: edge config:18 mask:18
37 [140654110615424] INFO perfrun.perfcollector <> - format: filter_isoc config1:63 mask:63
37 [140654110615424] INFO perfrun.perfcollector <> - format: filter_tid config1:0-5 mask:0-5
37 [140654110615424] INFO perfrun.perfcollector <> - format: filter_nid config1:32-47 mask:32-47
37 [140654110615424] INFO perfrun.perfcollector <> - format: filter_nc config1:62 mask:62
37 [140654110615424] INFO perfrun.perfcollector <> - format: umask config:8-15 mask:8-15
37 [140654110615424] INFO perfrun.perfcollector <> - format: tid_en config:19 mask:19
37 [140654110615424] INFO perfrun.perfcollector <> - format: thresh config:24-31 mask:24-31
37 [140654110615424] INFO perfrun.perfcollector <> - format: filter_state config1:17-23 mask:17-23
37 [140654110615424] INFO perfrun.perfcollector <> - format: filter_opc config1:52-60 mask:52-60
38 [140654110615424] WARN perfrun.perfcollector <> - pmu hwInfo is not set, at file: vcs/perfrun1/plugins/perfcollector/src/controller.cpp:819
38 [140654110615424] INFO perfrun.perfcollector <> - pmu added : family : uncore_cbox , id : 5
38 [140654110615424] INFO perfrun.perfcollector <> - dir found : /sys/bus/event_source/devices/uncore_imc_0
38 [140654110615424] INFO perfrun.perfcollector <> - format: event config:0-7 mask:0-7
38 [140654110615424] INFO perfrun.perfcollector <> - format: edge config:18 mask:18
38 [140654110615424] INFO perfrun.perfcollector <> - format: inv config:23 mask:23
38 [140654110615424] INFO perfrun.perfcollector <> - format: umask config:8-15 mask:8-15
38 [140654110615424] INFO perfrun.perfcollector <> - format: thresh config:24-31 mask:24-31
38 [140654110615424] INFO perfrun.perfcollector <> - hwInfo : PERF_IMC_PMU_DETAILS
38 [140654110615424] INFO perfrun.perfcollector <> - pmu added : family : uncore_imc , id : 0
38 [140654110615424] INFO perfrun.perfcollector <> - dir found : /sys/bus/event_source/devices/uncore_pcu
38 [140654110615424] INFO perfrun.perfcollector <> - format: filter_band2 config1:16-23 mask:16-23
38 [140654110615424] INFO perfrun.perfcollector <> - format: event config:0-7 mask:0-7
38 [140654110615424] INFO perfrun.perfcollector <> - format: filter_band0 config1:0-7 mask:0-7
38 [140654110615424] INFO perfrun.perfcollector <> - format: edge config:18 mask:18
38 [140654110615424] INFO perfrun.perfcollector <> - format: occ_invert config:30 mask:30
38 [140654110615424] INFO perfrun.perfcollector <> - format: occ_edge config:14-51 mask:14-51
38 [140654110615424] INFO perfrun.perfcollector <> - format: filter_band3 config1:24-31 mask:24-31
38 [140654110615424] INFO perfrun.perfcollector <> - format: filter_band1 config1:8-15 mask:8-15
38 [140654110615424] INFO perfrun.perfcollector <> - format: inv config:23 mask:23
38 [140654110615424] INFO perfrun.perfcollector <> - format: thresh config:24-28 mask:24-28
38 [140654110615424] INFO perfrun.perfcollector <> - format: occ_sel config:14-15 mask:14-15
38 [140654110615424] WARN perfrun.perfcollector <> - pmu hwInfo is not set, at file: vcs/perfrun1/plugins/perfcollector/src/controller.cpp:819
38 [140654110615424] INFO perfrun.perfcollector <> - pmu added : family : uncore_pcu , id : 0
38 [140654110615424] INFO perfrun.perfcollector <> - dir found : /sys/bus/event_source/devices/uncore_r3qpi_1
38 [140654110615424] INFO perfrun.perfcollector <> - format: event config:0-7 mask:0-7
38 [140654110615424] INFO perfrun.perfcollector <> - format: edge config:18 mask:18
38 [140654110615424] INFO perfrun.perfcollector <> - format: inv config:23 mask:23
38 [140654110615424] INFO perfrun.perfcollector <> - format: umask config:8-15 mask:8-15
38 [140654110615424] INFO perfrun.perfcollector <> - format: thresh config:24-31 mask:24-31
38 [140654110615424] WARN perfrun.perfcollector <> - pmu hwInfo is not set, at file: vcs/perfrun1/plugins/perfcollector/src/controller.cpp:819
38 [140654110615424] INFO perfrun.perfcollector <> - pmu added : family : uncore_r3qpi , id : 1
38 [140654110615424] INFO perfrun.perfcollector <> - dir found : /sys/bus/event_source/devices/msr
38 [140654110615424] INFO perfrun.perfcollector <> - format: event config:0-63 mask:0-63
38 [140654110615424] WARN perfrun.perfcollector <> - pmu hwInfo is not set, at file: vcs/perfrun1/plugins/perfcollector/src/controller.cpp:819
38 [140654110615424] INFO perfrun.perfcollector <> - pmu added : family : msr , id : 0
38 [140654110615424] INFO perfrun.perfcollector <> - dir found : /sys/bus/event_source/devices/uncore_cbox_3
38 [140654110615424] INFO perfrun.perfcollector <> - format: event config:0-7 mask:0-7
38 [140654110615424] INFO perfrun.perfcollector <> - format: filter_link config1:6-8 mask:6-8
38 [140654110615424] INFO perfrun.perfcollector <> - format: filter_c6 config1:61 mask:61
38 [140654110615424] INFO perfrun.perfcollector <> - format: edge config:18 mask:18
39 [140654110615424] INFO perfrun.perfcollector <> - format: filter_isoc config1:63 mask:63
39 [140654110615424] INFO perfrun.perfcollector <> - format: filter_tid config1:0-5 mask:0-5
39 [140654110615424] INFO perfrun.perfcollector <> - format: filter_nid config1:32-47 mask:32-47
39 [140654110615424] INFO perfrun.perfcollector <> - format: filter_nc config1:62 mask:62
39 [140654110615424] INFO perfrun.perfcollector <> - format: umask config:8-15 mask:8-15
39 [140654110615424] INFO perfrun.perfcollector <> - format: tid_en config:19 mask:19
39 [140654110615424] INFO perfrun.perfcollector <> - format: thresh config:24-31 mask:24-31
39 [140654110615424] INFO perfrun.perfcollector <> - format: filter_state config1:17-23 mask:17-23
39 [140654110615424] INFO perfrun.perfcollector <> - format: filter_opc config1:52-60 mask:52-60
39 [140654110615424] WARN perfrun.perfcollector <> - pmu hwInfo is not set, at file: vcs/perfrun1/plugins/perfcollector/src/controller.cpp:819
39 [140654110615424] INFO perfrun.perfcollector <> - pmu added : family : uncore_cbox , id : 3
39 [140654110615424] INFO perfrun.perfcollector <> - dir found : /sys/bus/event_source/devices/uncore_ha_1
39 [140654110615424] INFO perfrun.perfcollector <> - format: event config:0-7 mask:0-7
39 [140654110615424] INFO perfrun.perfcollector <> - format: edge config:18 mask:18
39 [140654110615424] INFO perfrun.perfcollector <> - format: inv config:23 mask:23
39 [140654110615424] INFO perfrun.perfcollector <> - format: umask config:8-15 mask:8-15
39 [140654110615424] INFO perfrun.perfcollector <> - format: thresh config:24-31 mask:24-31
39 [140654110615424] WARN perfrun.perfcollector <> - pmu hwInfo is not set, at file: vcs/perfrun1/plugins/perfcollector/src/controller.cpp:819
39 [140654110615424] INFO perfrun.perfcollector <> - pmu added : family : uncore_ha , id : 1
39 [140654110615424] INFO perfrun.perfcollector <> - dir found : /sys/bus/event_source/devices/uncore_cbox_1
39 [140654110615424] INFO perfrun.perfcollector <> - format: event config:0-7 mask:0-7
39 [140654110615424] INFO perfrun.perfcollector <> - format: filter_link config1:6-8 mask:6-8
39 [140654110615424] INFO perfrun.perfcollector <> - format: filter_c6 config1:61 mask:61
39 [140654110615424] INFO perfrun.perfcollector <> - format: edge config:18 mask:18
39 [140654110615424] INFO perfrun.perfcollector <> - format: filter_isoc config1:63 mask:63
39 [140654110615424] INFO perfrun.perfcollector <> - format: filter_tid config1:0-5 mask:0-5
39 [140654110615424] INFO perfrun.perfcollector <> - format: filter_nid config1:32-47 mask:32-47
39 [140654110615424] INFO perfrun.perfcollector <> - format: filter_nc config1:62 mask:62
39 [140654110615424] INFO perfrun.perfcollector <> - format: umask config:8-15 mask:8-15
39 [140654110615424] INFO perfrun.perfcollector <> - format: tid_en config:19 mask:19
39 [140654110615424] INFO perfrun.perfcollector <> - format: thresh config:24-31 mask:24-31
39 [140654110615424] INFO perfrun.perfcollector <> - format: filter_state config1:17-23 mask:17-23
39 [140654110615424] INFO perfrun.perfcollector <> - format: filter_opc config1:52-60 mask:52-60
39 [140654110615424] WARN perfrun.perfcollector <> - pmu hwInfo is not set, at file: vcs/perfrun1/plugins/perfcollector/src/controller.cpp:819
39 [140654110615424] INFO perfrun.perfcollector <> - pmu added : family : uncore_cbox , id : 1
39 [140654110615424] INFO perfrun.launcher <> - plugin perf has been added successfully
39 [140654110615424] INFO perfrun.launcher <> - plugin aoclprofile has been added successfully
39 [140654110615424] INFO perfrun.launcher <> - plugin tpss has been added successfully
40 [140654110615424] INFO perfrun.launcher <> - plugin exprof has been added successfully
40 [140654110615424] INFO perfrun.launcher <> - plugin media has been added successfully
40 [140654110615424] INFO perfrun.launcher <> - plugin ice has been added successfully
40 [140654110615424] INFO perfrun.launcher <> - plugin  has been added successfully
40 [140654110615424] INFO perfrun.launcher <> - plugin  has been added successfully
40 [140654110615424] INFO perfrun.launcher <> - plugin parallelfs has been added successfully
40 [140654110615424] INFO perfrun.launcher <> - plugin power has been added successfully
40 [140654110615424] INFO perfrun.launcher <> - plugin hwloc has been added successfully
40 [140654110615424] INFO perfrun.launcher <> - plugin ipmwatch has been added successfully
40 [140654110615424] INFO perfrun.launcher <> - plugin os_counters has been added successfully
40 [140654110615424] INFO perfrun.launcher <> - the option was added --interval: Specify an interval of data collection (for example, sampling) in milliseconds.
40 [140654110615424] INFO perfrun.launcher <> - the option was added --follow-child: Profile process with or without children.
40 [140654110615424] INFO perfrun.launcher <> - the option was added --gelding: BADMSG: perfrun1.launcher.plugin_manager::gelding
40 [140654110615424] INFO perfrun.launcher <> - the option was added --time-source: Specify time source for measurement. Possible values: sys - wall clock time; tsc - time stamp counter; ext - time from an external source; auto - auto select accurate time source.
40 [140654110615424] INFO perfrun.launcher <> - the option was added --stack: Enable or disable collection of stacks.
40 [140654110615424] INFO perfrun.launcher <> - the option was added --stack-stitching: Enable or disable the stack stitching algorithm for Intel TBB-based applications.
40 [140654110615424] INFO perfrun.launcher <> - the option was added --type: Specify type of data to be collected. For example, --type cpu:counters,waiting:nostack,io.
40 [140654110615424] INFO perfrun.launcher <> - the option was added --mrte-mode: Specify Java/.NET/other managed runtime collection mode. Possible values: native - collect information only for native code; managed - collect information only for managed code; mixed - collect information for both managed and native code; auto - choose the mode based on binary type.
40 [140654110615424] INFO perfrun.launcher <> - the option was added --mrte-mode-list: List supported Java/.NET/other managed runtime collection modes.
40 [140654110615424] INFO perfrun.launcher <> - the option was added --mrte-type: Specify which managed runtimes to collect. Possible values: java - collect information for Java; dotnet - collect information for .NET; python - collect information for CPython. You can specify several values separated by comma.
40 [140654110615424] INFO perfrun.launcher <> - the option was added --mrte-type-list: List supported Java/.NET/other managed runtime types.
40 [140654110615424] INFO perfrun.launcher <> - the option was added --trace-strategy: Specify how to profile a process tree. <string> can be "<process>:trace:notrace" - profile the process but do not profile its children. Shorthand parameters: t - trace, nt - notrace. For example, "vtunedemo.exe:t:t".
40 [140654110615424] INFO perfrun.launcher <> - the option was added --collector: BADMSG: perfrun1.launcher.plugin_manager::collector
40 [140654110615424] INFO perfrun.launcher <> - the option was added --system-wide: Enable system-wide profiling. This mode may require additional permissions.
40 [140654110615424] INFO perfrun.launcher <> - the option was added --kvm-guest: Enable KVM guest OS profiling.
41 [140654110615424] INFO perfrun.launcher <> - the option was added --kvm-guest-kallsyms: Specify a local path to the /proc/kallsyms file copied from the guest OS for proper symbol resolution.
41 [140654110615424] INFO perfrun.launcher <> - the option was added --kvm-guest-modules: Specify a local path to the /proc/modules file copied from the guest OS for proper symbol resolution.
41 [140654110615424] INFO perfrun.launcher <> - the option was added --bandwidth-limits: Measure bandwidth limits
41 [140654110615424] INFO perfrun.launcher <> - the option was added --acrn-map-info: Collect map info for ACRN
41 [140654110615424] INFO perfrun.launcher <> - the option was added --bandwidth-strategy: Bandwidth limits determination specific properties (example: --bandwidth-strategy array-size=0,duration=500).
41 [140654110615424] INFO perfrun.launcher <> - the option was added --bandwidth-config: List of benchmarks to run.
41 [140654110615424] INFO perfrun.launcher <> - the option was added --target-gpu: target-gpu
41 [140654110615424] INFO perfrun.launcher <> - the option was added --dump-vdso: Dump [vdso] to result directory
41 [140654110615424] INFO perfrun.launcher <> - the option was added --system-collector-config: Specify subcollectors. Possible values: all, container, device-info, none. Specify subcollectors. Possible values: all, vdso.
41 [140654110615424] INFO perfrun.launcher <> - the option was added --itt-config: Specify a sub-set of ITT API to collect.
41 [140654110615424] INFO perfrun.launcher <> - the option was added --itt-debug: Set pseudo-breakpoint at ITT API collector's start to enable the debugger to attach early.
41 [140654110615424] INFO perfrun.launcher <> - the option was added --ptrace: Ptrace collector.
41 [140654110615424] INFO perfrun.launcher <> - the option was added --target-pid: BADMSG: perfrun1.ptracecollector::target-pid
41 [140654110615424] INFO perfrun.launcher <> - the option was added --ptrace-server-pid: BADMSG: perfrun1.ptracecollector::ptrace-server-pid
41 [140654110615424] INFO perfrun.launcher <> - the option was added --ptrace-trace: BADMSG: perfrun1.ptracecollector::ptrace-trace
41 [140654110615424] INFO perfrun.launcher <> - the option was added --ptrace-time-source: BADMSG: perfrun1.ptracecollector::ptrace-time-source
41 [140654110615424] INFO perfrun.launcher <> - the option was added --ptrace-start-type: BADMSG: perfrun1.ptracecollector::ptrace-start-type
41 [140654110615424] INFO perfrun.launcher <> - the option was added --gpu-config: Specify types of GPU data to be collected. Possible values: preset1, preset2.
41 [140654110615424] INFO perfrun.launcher <> - the option was added --gpu-debug: Enable self-testing of the GPGPU profiling collector.
41 [140654110615424] INFO perfrun.launcher <> - the option was added --gpu-counting: Collect GPU data in the counting mode.
41 [140654110615424] INFO perfrun.launcher <> - the option was added --emon-preset: Specify a preset for EMON collector. For available presets, run: emon -preset-list.
41 [140654110615424] INFO perfrun.launcher <> - the option was added --emon-csv-trace-format: Use CSV format for EMON trace file.
41 [140654110615424] INFO perfrun.launcher <> - the option was added --emon-machine-readable-ver: Write machine readable EMON version file.
41 [140654110615424] INFO perfrun.launcher <> - the option was added --custom-collector: Allows to provide arbitrary command line to be run on collection steps.
41 [140654110615424] INFO perfrun.launcher <> - the option was added --stdsrc-config: Specify Standard Sources category tag(s).
41 [140654110615424] INFO perfrun.launcher <> - the option was added --ftrace-config-list: List Linux Ftrace category tag(s).
41 [140654110615424] INFO perfrun.launcher <> - the option was added --ftrace-config: Specify Linux Ftrace category tag(s).
41 [140654110615424] INFO perfrun.launcher <> - the option was added --ftrace-function-groups: Enable tracing of specific groups of functions.
41 [140654110615424] INFO perfrun.launcher <> - the option was added --event-info: BADMSG: perfrun1.stdsrc::event-info
41 [140654110615424] INFO perfrun.launcher <> - the option was added --cpu-list: List supported CPUs.
41 [140654110615424] INFO perfrun.launcher <> - the option was added --target-list: List available targets for performing sampling collection.
41 [140654110615424] INFO perfrun.launcher <> - the option was added --event-value-list: Display event information.
41 [140654110615424] INFO perfrun.launcher <> - the option was added --platform-value-list: Display details of supported platforms.
42 [140654110615424] INFO perfrun.launcher <> - the option was added --uncore-event-list: List uncore events for which a sampling data collection can be performed on this platform.
42 [140654110615424] INFO perfrun.launcher <> - the option was added --modifier-list: Specify the event name <string> for which the modifiers list is requested.
42 [140654110615424] INFO perfrun.launcher <> - the option was added --pmu-list: List supported PMUs.
42 [140654110615424] INFO perfrun.launcher <> - the option was added --os-mode-only: Enable sampling data collection for OS-mode processes only.
42 [140654110615424] INFO perfrun.launcher <> - the option was added --user-mode-only: Enable sampling data collection for user-mode processes only.
42 [140654110615424] INFO perfrun.launcher <> - the option was added --event-config: Perform data collection for the events with <string> configured using the format <event name1>":modifier1=val:modifier2=val/constraint1={:modifier3=val:modifier4=val}...,"<event name2>":... Specify the events(s) to monitor and embed the event names within double quotes("). [:modifier=val] specifies individual event modifiers along with the respective values for a given platform. Note that the modifiers can be generic to an event as well as specific to a constraint (or an event qualifier). The constraint specific special modifiers appear after [/constraint=]. The modifiers can be in decimal or hexadecimal format. Only specific modifiers accept the value as a string. Each event specification is delimited by a comma (,). For a list of supported modifiers and constraints, refer to the documentation.
42 [140654110615424] INFO perfrun.launcher <> - the option was added --chipset-event-config: Perform data collection for the chipset events with <string> configured using the format "<event name1>"...,"<event name2>":... Specify the events(s) to monitor and embed the event names within double quotes(").
42 [140654110615424] INFO perfrun.launcher <> - the option was added --uncore-event-config: Perform uncore data collection in ebc count mode for the events with <string> configured using the format "<event name1>"...,"<event name2>":... Specify the events(s) to monitor and embed the event names within double quotes(").
42 [140654110615424] INFO perfrun.launcher <> - the option was added --count-emon: Enable counting mode and output the data in EMON format.
42 [140654110615424] INFO perfrun.launcher <> - the option was added --event-based-counts: Enable event-based counting mode. During sampling data collection, event counts data is collected for the list of events specified in -event-config option.
42 [140654110615424] INFO perfrun.launcher <> - the option was added --event-mux-tfactor: Specify the event multiplexing tfactor as <integer> to set the length of the interval between interrupts. The larger the tfactor value, the larger the period between interrupts. Currently this option is only available on Intel platforms codenamed Knights Corner.
42 [140654110615424] INFO perfrun.launcher <> - the option was added --full-pebs-capture: Capture full pebs information.
42 [140654110615424] INFO perfrun.launcher <> - the option was added --last-branch-records: Capture Last Branch Records information.
42 [140654110615424] INFO perfrun.launcher <> - the option was added --pmu-type: Specify the targeted PMU name as <string>.
42 [140654110615424] INFO perfrun.launcher <> - the option was added --platform-type: Specify the targeted platform number as <number>.
42 [140654110615424] INFO perfrun.launcher <> - the option was added --p-state-trigger: Specify the name of the trigger event for P-state data as <string>. The default trigger is CPU_CLK_UNHALTED.REF_TSC.
42 [140654110615424] INFO perfrun.launcher <> - the option was added --rdt-auto-rmid: Enable automatic Core pinning on RMIDs for RDT monitoring capabilities.
42 [140654110615424] INFO perfrun.launcher <> - the option was added --bts-count: Specify the <integer> number of BTS records collected after each sample or context switch (VTSS++ only).
42 [140654110615424] INFO perfrun.launcher <> - the option was added --cpu-mask: Specify which CPU(s) <string> to collect data on. For example, specify "2-8,10,12-14" to sample only CPUs 2 through 8, 10, and 12 through 14.
42 [140654110615424] INFO perfrun.launcher <> - the option was added --event-mux-alg: Specify the event multiplexing algorithm. Possible values: sequence, timer, trigger.
42 [140654110615424] INFO perfrun.launcher <> - the option was added --event-mux-timeslice: Specify the event multiplexing time slice value as <integer>. The time slice specifies the duration between cycles for each event multiplexing group. The default value is 50 milliseconds. This option is valid only for timer-based event multiplexing. Specify the event multiplexing time slice value as <integer>. The time slice specifies the duration between cycles for each event multiplexing group. The default value is 1 millisecond. This option is valid only for timer-based event multiplexing.
42 [140654110615424] INFO perfrun.launcher <> - the option was added --event-mux-factor: Specify the event multiplexing factor as <integer>. It controls the switching of event multiplexing groups. The default factor is 50. This option is valid only for trigger-based event multiplexing. Specify the event multiplexing factor as <integer>. It controls the switching of event multiplexing groups. The default factor is 1. This option is valid only for trigger-based event multiplexing.
42 [140654110615424] INFO perfrun.launcher <> - the option was added --event-mux-trigger: Specify the name of the trigger event for event multiplexing as <string>. This option is valid only for trigger-based event multiplexing. The default trigger is CPU_CLK_UNHALTED.CORE (or CPU_CLK_UNHALTED.THREAD). BADMSG: perfrun1.vtsspp::event-mux-trigger
42 [140654110615424] INFO perfrun.launcher <> - the option was added --pt-mode: BADMSG: perfrun1.vtsspp::pt-mode
42 [140654110615424] INFO perfrun.launcher <> - the option was added --sample-after-multiplier: Specify the sample after multiplier as <double>. This multiplier modifies the sample after value for all the events specified in -event-config option. The values can range from 0.1 to 100.0. SAV multiplier value
42 [140654110615424] INFO perfrun.launcher <> - the option was added --uncore-sampling-interval: Specify the uncore sampling interval as <integer>. This value set the uncore sampling interval for all the uncore events specified in -event-config option.
42 [140654110615424] INFO perfrun.launcher <> - the option was added --count: Enable counting mode. Enable counting mode
42 [140654110615424] INFO perfrun.launcher <> - the option was added --trace-mpi: Configure collector to trace MPI code.
42 [140654110615424] INFO perfrun.launcher <> - the option was added --aggregated-counting: Enable aggregated counting mode. Enable aggregated-counting mode
42 [140654110615424] INFO perfrun.launcher <> - the option was added --perf-per-cpu: System-wide collection from all CPUs
42 [140654110615424] INFO perfrun.launcher <> - the option was added --raw-perf-config: Specify a verified configuration for the Perf collector in the format: <describer>,<content>. For example: map-events-file,<path_to_map_events_file>.
42 [140654110615424] INFO perfrun.launcher <> - the option was added --sys-config: BADMSG: perfrun1.vtsspp::sys-config Specify types of system data to be collected. Supported value: cswitch - collect context switch information.
43 [140654110615424] INFO perfrun.launcher <> - the option was added --perf-event-config: Specify events for Perf collector in Perf format. For example: perf-event-config=cpu-clock.
43 [140654110615424] INFO perfrun.launcher <> - the option was added --perf-aio: Number of control blocks in asynchronous trace writing mode.
43 [140654110615424] INFO perfrun.launcher <> - the option was added --perf-compression: Specify compression of Perf collector output data. Possible levels: 0 - without compression, 1..3 - best speed, 4..22 - best compression that incurs big overhead.
43 [140654110615424] INFO perfrun.launcher <> - the option was added --perf-mmap-flush: Minimum data size read from the kernel mapped region.
43 [140654110615424] INFO perfrun.launcher <> - the option was added --perf-affinity: Adjust an affinity mask of the Perf thread to a node with an allocated memory trace buffer.
43 [140654110615424] INFO perfrun.launcher <> - the option was added --perf-threads: Setup threading mode for trace writing.
43 [140654110615424] INFO perfrun.launcher <> - the option was added --generate-platform-cmd: Get perf command line for an arbitrary target.
43 [140654110615424] INFO perfrun.launcher <> - the option was added --aocl-profile: Enable profiling and data collection through AOCL profiling tool.
43 [140654110615424] INFO perfrun.launcher <> - the option was added --aocl-source-file: Path to .source file. Find this in the compilation output directory of the FPGA application. Use this option to help attribute performance statistics to the source lines. If unspecified, AOCL profiler will attempt to locate the file in the current directory.
43 [140654110615424] INFO perfrun.launcher <> - the option was added --aocl-binary-aocx-file: Path to .aocx file (OpenCL flow) or host binary (DPC++ flow). If you do not provide this path: 1) For OpenCL flow, AOCL Profiler attempts to locate the file in the working directory. 2) For DPC++ flow, the collector assumes that host binary is used as an application to launch.
43 [140654110615424] INFO perfrun.launcher <> - the option was added --aocl-period: Specifies the number of cycles between readbacks from the device. The default value is 0 and indicates that the profiler should read back data as often as possible.
43 [140654110615424] INFO perfrun.launcher <> - the option was added --aocl-no-temporal: Disables readback during execution and only reads back non-autorun kernels once they finish executing.
43 [140654110615424] INFO perfrun.launcher <> - the option was added --aocl-no-mem-transfers: Disables the recording of memory transfer information.
43 [140654110615424] INFO perfrun.launcher <> - the option was added --stackwalk: Specify stack unwinding method. Possible values: online - unwind stacks during collection; offline - unwind stacks after collection is finished. Specify stack unwinding method. Possible value: lbr - unwind stacks during collection. Specify stack unwinding method. Possible values: online - unwind stacks during collection; offline - unwind stacks after collection is finished; lbr - enable LBR-based call stack collection. Specify stack unwinding method. Possible values: online - unwind stacks during collection; offline - unwind stacks after collection is finished. Specify stack unwinding method. Possible values: online - unwind stacks during collection; offline - unwind stacks after collection is finished.
43 [140654110615424] INFO perfrun.launcher <> - the option was added --filter-include: Filter data during collection. Possible values: contended=<on|off> - filter out uncontended events; contended_nostack=<time> - filter out stacks for contended events that take less than <time> microseconds; wait=<time> - ignore transitions and blocks with wait time less than <time> microseconds; wait_nostack=<time> - filter out stacks for waits that take less than <time> microseconds.
43 [140654110615424] INFO perfrun.launcher <> - the option was added --debug-pin: Debug PIN tool and runtime.
43 [140654110615424] INFO perfrun.launcher <> - the option was added --debug-exception: Disallow the application to set own abnormal termination handler.
43 [140654110615424] INFO perfrun.launcher <> - the option was added --trace-type: Specify the trace file granularity. Possible values: per-thread - per-thread trace file generation; per-process - per-process trace file generation.
43 [140654110615424] INFO perfrun.launcher <> - the option was added --instrumentation-type: Specify type of instrumentation.
43 [140654110615424] INFO perfrun.launcher <> - the option was added --altstack: Enable or disable usage of altstacks for profiling signal handlers.
43 [140654110615424] INFO perfrun.launcher <> - the option was added --profiling-signal: BADMSG: perfrun1.ptracecollector::profiling-signal Alternate profiling signal.
43 [140654110615424] INFO perfrun.launcher <> - the option was added --memory-strategy: Specify a minimal memory object size to be traced and a hash table size for faster objects search; for example: --memory-strategy obj-size-min=1024,hash-table-size=4096.
43 [140654110615424] INFO perfrun.launcher <> - the option was added --gpu-profiling-type: Specify a type of deep GPU profiling: none, bblatency, memlatency, instcount.
43 [140654110615424] INFO perfrun.launcher <> - the option was added --opencl-trace-mode: Specify OpenCL kernel tracing modes: 'default' to trace OpenCL kernels for Intel Graphics Driver only; 'epoch' for any non-Intel graphics, where OpenCL kernels will be traced and OpenCL profiling API timestamps will be interpreted as Unux Epoch time in nanoseconds; 'completion' to trace OpenCL kernels for any Graphics Driver and bind OpenCL profiling API timestamps to the timestamp of OpenCL completion callback.
43 [140654110615424] INFO perfrun.launcher <> - the option was added --gpu-kernels-to-profile: Specify a comma-separated list of GPU kernel names and invocations to be profiled in the following format: kernel_name[#start_idx#step#stop_idx], where kernel_name is the name of GPU kernel; start_idx is the number of the first invocation; and stop_idx is the number of the last invocation to be profiled.
43 [140654110615424] INFO perfrun.launcher <> - the option was added --exprof-com-list: List available COM ports.
43 [140654110615424] INFO perfrun.launcher <> - the option was added --exprof-dvc-list: List available DvC IDs.
43 [140654110615424] INFO perfrun.launcher <> - the option was added --exprof-trace-channel: BADMSG: perfrun1.exprof::exprof-trace-channel
43 [140654110615424] INFO perfrun.launcher <> - the option was added --exprof-event-config: Specify ExactProfiling Event Classes.
44 [140654110615424] INFO perfrun.launcher <> - the option was added --ice-pmons-list: BADMSG: perfrun1.ice::ice-pmons-list
44 [140654110615424] INFO perfrun.launcher <> - the option was added --ice-pmons-config: BADMSG: perfrun1.ice::ice-pmons-config
44 [140654110615424] INFO perfrun.launcher <> - the option was added --ice-sw-trace: Collect software traces of the Intel Neural Network Processor (NNP-I) and analyze software context of inference progress.
44 [140654110615424] INFO perfrun.launcher <> - the option was added --ice-sample-after-value: BADMSG: perfrun1.ice::ice-sample-after-value
44 [140654110615424] INFO perfrun.launcher <> - the option was added --ice-frequency: BADMSG: perfrun1.ice::ice-frequency
44 [140654110615424] INFO perfrun.launcher <> - the option was added --parallel-fs-config: Specify parallel fs counters to collect.
44 [140654110615424] INFO perfrun.launcher <> - the option was added --pwr-config: BADMSG: perfrun1.vtsspp::pwr-config Specify power metrics configuration.
44 [140654110615424] INFO perfrun.launcher <> - the option was added --pwr-sampling-interval: Specify Intel SoC Watch sampling interval.
44 [140654110615424] INFO perfrun.launcher <> - the option was added --collect-topology: Collect topology info with hwloc.
44 [140654110615424] INFO perfrun.launcher <> - the option was added --persistent-mem-metrics: Collect Persistent Memory performance counters.
44 [140654110615424] INFO perfrun.launcher <> - the option was added --os-counters: Collect OS counters
46 [140654110615424] INFO perfrun.launcher <> - create msngr2::ICliToolContext
46 [140654110615424] INFO perfrun.launcher <> - create file finder object
46 [140654110615424] INFO perfrun.launcher <> - create a result directory: pattern = /home/users/emlazuta/parallel-qlearning/results_batch_vtune_100x100/run_par_sdynamic_mhogwild_t16_obs25pct pid = 4294967295
50 [140654110615424] INFO perfrun.sdk <> - checked that the directory /home/users/emlazuta/parallel-qlearning/results_batch_vtune_100x100/run_par_sdynamic_mhogwild_t16_obs25pct is a local directory
50 [140654110615424] INFO perfrun.sdk <> - the directory /home/users/emlazuta/parallel-qlearning/results_batch_vtune_100x100/run_par_sdynamic_mhogwild_t16_obs25pct is located on a share or its FS ID is unknown 26985
50 [140654110615424] INFO perfrun.sdk <> - checked that the directory /tmp/amplxe-tmp-emlazuta is a local directory
50 [140654110615424] INFO perfrun.sdk <> - the directory /tmp/amplxe-tmp-emlazuta is a local directory with FS type ID 61267
51 [140654110615424] INFO perfrun.launcher <> - Create a local result directory /tmp/amplxe-tmp-emlazuta/amplxe-res-3468493-13069017735952450 due to the user result path /home/users/emlazuta/parallel-qlearning/results_batch_vtune_100x100/run_par_sdynamic_mhogwild_t16_obs25pct is located on a share
51 [140654110615424] INFO perfrun.launcher <> - create data directory = /tmp/amplxe-tmp-emlazuta/amplxe-res-3468493-13069017735952450/data.0
51 [140654110615424] INFO perfrun.launcher <> - create data directory = /home/users/emlazuta/parallel-qlearning/results_batch_vtune_100x100/run_par_sdynamic_mhogwild_t16_obs25pct/data.0
53 [140654110615424] INFO perfrun.launcher <> - Creating the master collection flag
56 [140654110615424] INFO perfrun.launcher <> - Done creating the master collection flag
60 [140653954590400] INFO perfrun.launcher <> - plugin [remoteplug] was disabled because it doesn't support the given collection type.
60 [140653954590400] INFO perfrun.system <> - online nodes : 0-1
60 [140653954590400] INFO perfrun.system <> - nodes with cpus : 0-1
60 [140653954590400] INFO perfrun.system <> - nodes with memory : 0-1
65 [140653954590400] INFO perfrun.sdk <> - Allocating TMU :/tmp/amplxe-tmp-emlazuta/amplxe-res-3468493-13069017735952450/data.0/systemcollector-3468493-hype5.sc
65 [140653954590400] INFO perfrun.launcher <> - plugin [itt] was disabled because it doesn't support the given collection type.
65 [140653954590400] INFO perfrun.launcher <> - plugin [ptracecollector] was disabled because it doesn't support the given collection type.
65 [140653954590400] INFO perfrun.launcher <> - plugin [gpu] was disabled because it doesn't support the given collection type.
65 [140653954590400] INFO perfrun.launcher <> - plugin [] was disabled because it doesn't support the given collection type.
65 [140653954590400] INFO perfrun.launcher <> - plugin [] was disabled because it doesn't support the given collection type.
65 [140653954590400] INFO perfrun.launcher <> - plugin [] was disabled because it doesn't support the given collection type.
65 [140653954590400] INFO perfrun.mrte <> - system-wide mode is 0
65 [140653954590400] INFO perfrun.mrte <> - Getting  mrte profiling environment ...
86 [140653954590400] INFO perfrun.mrte <> - INTEL_MRTE_DATA_DIR=/tmp/amplxe-tmp-emlazuta/amplxe-res-3468493-13069017735952450/data.0
86 [140653954590400] INFO perfrun.mrte <> - INTEL_MRTE_HOST_NAME=hype5
86 [140653954590400] INFO perfrun.mrte <> - JAVA_TOOL_OPTIONS=-agentlib:amplxe_samplingmrte_javaprof_1.0 -Dsun.boot.library.path=/home/intel/oneapi/vtune/2021.1.1/lib32/runtime:/home/intel/oneapi/vtune/2021.1.1/lib64/runtime
86 [140653954590400] INFO perfrun.mrte <> - CORECLR_ENABLE_PROFILING=1
86 [140653954590400] INFO perfrun.mrte <> - CORECLR_PROFILER={AA5E4821-E3B1-479c-B7FF-5AD047D22CED}
86 [140653954590400] INFO perfrun.mrte <> - CORECLR_PROFILER_PATH=/home/intel/oneapi/vtune/2021.1.1/lib64/libamplxe_samplingmrte_clrprof_1.0.so
86 [140653954590400] INFO perfrun.mrte <> - INTEL_MRTE_PROFILER_MODE=mixed
86 [140653954590400] INFO perfrun.mrte <> - Data directory: /tmp/amplxe-tmp-emlazuta/amplxe-res-3468493-13069017735952450/data.0
86 [140653954590400] INFO perfrun.mrte <> - Mrte plugin is initialized
86 [140653954590400] INFO perfrun.launcher <> - plugin [emon] was disabled because it doesn't support the given collection type.
86 [140653954590400] INFO perfrun.launcher <> - plugin [cuscol] was disabled because it doesn't support the given collection type.
86 [140653954590400] INFO perfrun.launcher <> - plugin [stdsrc] was disabled because it doesn't support the given collection type.
86 [140653954590400] INFO perfrun.launcher <> - plugin [sep] was disabled because it doesn't support the given collection type.
86 [140653954590400] INFO perfrun.launcher <> - plugin [vtsspp] was disabled because it doesn't support the given collection type.
87 [140653954590400] INFO perfrun.sdk <> - runCmd: "/home/intel/oneapi/vtune/2021.1.1/bin64/sep" -dry-run -sam 1 -ec "CPU_CLK_UNHALTED.THREAD:sa=2300000,CPU_CLK_UNHALTED.REF_TSC:sample:sa=2300000,INST_RETIRED.ANY:sample:sa=2300000,CPU_CLK_UNHALTED.REF_XCLK:sa=100003,CPU_CLK_UNHALTED.ONE_THREAD_ACTIVE:sa=100003,UOPS_RETIRED.RETIRE_SLOTS:sample:sa=2000003,CYCLE_ACTIVITY.CYCLES_NO_EXECUTE:sa=2000003,CYCLE_ACTIVITY.STALLS_L1D_PENDING:sa=2000003,CYCLE_ACTIVITY.STALLS_LDM_PENDING:sa=2000003,CYCLE_ACTIVITY.STALLS_L2_PENDING:sa=2000003,IDQ_UOPS_NOT_DELIVERED.CORE:sa=2000003,INT_MISC.RECOVERY_CYCLES:sa=2000003,MEM_LOAD_UOPS_RETIRED.L3_HIT_PS:sa=50003,MEM_LOAD_UOPS_RETIRED.L3_MISS_PS:sa=50003,OFFCORE_REQUESTS_OUTSTANDING.CYCLES_WITH_DATA_RD:sa=2000003,OFFCORE_REQUESTS_OUTSTANDING.ALL_DATA_RD:cmask=6:sa=2000003,RESOURCE_STALLS.SB:sa=2000003,RS_EVENTS.EMPTY_CYCLES:sa=2000003,UOPS_EXECUTED.CORE:cmask=1:sa=2000003,UOPS_EXECUTED.CORE:cmask=2:sa=2000003,UOPS_EXECUTED.CORE:cmask=3:sa=2000003,UOPS_ISSUED.ANY:sa=2000003,UOPS_RETIRED.RETIRE_SLOTS:sa=2000003,IDQ_UOPS_NOT_DELIVERED.CYCLES_0_UOPS_DELIV.CORE:sa=2000003,MEM_UOPS_RETIRED.ALL_LOADS_PS:sa=100003,MEM_UOPS_RETIRED.ALL_STORES_PS:sa=100003,MEM_LOAD_UOPS_L3_MISS_RETIRED.LOCAL_DRAM_PS:sa=100003,MEM_LOAD_UOPS_L3_MISS_RETIRED.REMOTE_DRAM_PS:sa=100003,MEM_LOAD_UOPS_L3_MISS_RETIRED.REMOTE_HITM_PS:sa=100003,MEM_LOAD_UOPS_L3_MISS_RETIRED.REMOTE_FWD_PS:sa=100003,UNC_M_CAS_COUNT.RD,UNC_M_CAS_COUNT.WR" -experimental
110 [140653954590400] INFO perfrun.perfcollector <> - SepDryRun RC = true
110 [140653954590400] INFO perfrun.perfcollector <> - DRY_RUN : "Duplicate Event Discarded: UOPS_RETIRED.RETIRE_SLOTS"
110 [140653954590400] INFO perfrun.perfcollector <> - DRY_RUN : "PMU type: Core (core)"
114 [140653954590400] INFO perfrun.perfcollector <> - pmu type : cpu
114 [140653954590400] INFO perfrun.perfcollector <> - DRY_RUN : "Group 0:"
114 [140653954590400] INFO perfrun.perfcollector <> - id : 0
114 [140653954590400] INFO perfrun.perfcollector <> - DRY_RUN : "INST_RETIRED.ANY: event id 2"
114 [140653954590400] INFO perfrun.perfcollector <> - eventName : INST_RETIRED.ANY , eventId : 2
114 [140653954590400] INFO perfrun.perfcollector <> - DRY_RUN : "CPU_CLK_UNHALTED.THREAD: event id 0"
114 [140653954590400] INFO perfrun.perfcollector <> - eventName : CPU_CLK_UNHALTED.THREAD , eventId : 0
114 [140653954590400] INFO perfrun.perfcollector <> - DRY_RUN : "CPU_CLK_UNHALTED.REF_TSC: event id 1"
114 [140653954590400] INFO perfrun.perfcollector <> - eventName : CPU_CLK_UNHALTED.REF_TSC , eventId : 1
114 [140653954590400] INFO perfrun.perfcollector <> - DRY_RUN : "CPU_CLK_UNHALTED.REF_XCLK: event id 4"
114 [140653954590400] INFO perfrun.perfcollector <> - eventName : CPU_CLK_UNHALTED.REF_XCLK , eventId : 4
114 [140653954590400] INFO perfrun.perfcollector <> - DRY_RUN : "CPU_CLK_UNHALTED.ONE_THREAD_ACTIVE: event id 5"
114 [140653954590400] INFO perfrun.perfcollector <> - eventName : CPU_CLK_UNHALTED.ONE_THREAD_ACTIVE , eventId : 5
114 [140653954590400] INFO perfrun.perfcollector <> - DRY_RUN : "CYCLE_ACTIVITY.STALLS_L1D_PENDING: event id 3"
114 [140653954590400] INFO perfrun.perfcollector <> - eventName : CYCLE_ACTIVITY.STALLS_L1D_PENDING , eventId : 3
114 [140653954590400] INFO perfrun.perfcollector <> - DRY_RUN : "UOPS_RETIRED.RETIRE_SLOTS: event id 6"
114 [140653954590400] INFO perfrun.perfcollector <> - eventName : UOPS_RETIRED.RETIRE_SLOTS , eventId : 6
114 [140653954590400] INFO perfrun.perfcollector <> - DRY_RUN : "CCCR"
114 [140653954590400] INFO perfrun.perfcollector <> - DRY_RUN : "reg_type       = 1	event_id       = g	reg_id         = 38f	reg_value      = 70000000f"
114 [140653954590400] INFO perfrun.perfcollector <> - eventId : g , ignored
114 [140653954590400] INFO perfrun.perfcollector <> - DRY_RUN : "reg_type       = 1	event_id       = g	reg_id         = 390	reg_value      = 70000000f"
114 [140653954590400] INFO perfrun.perfcollector <> - eventId : g , ignored
114 [140653954590400] INFO perfrun.perfcollector <> - DRY_RUN : "reg_type       = 1	event_id       = g	reg_id         = 3f1	reg_value      = 0"
114 [140653954590400] INFO perfrun.perfcollector <> - eventId : g , ignored
114 [140653954590400] INFO perfrun.perfcollector <> - DRY_RUN : "reg_type       = 1	event_id       = g	reg_id         = 1d9	reg_value      = 1800"
114 [140653954590400] INFO perfrun.perfcollector <> - eventId : g , ignored
114 [140653954590400] INFO perfrun.perfcollector <> - DRY_RUN : "reg_type       = 1	event_id       = g	reg_id         = 38d	reg_value      = bbb"
114 [140653954590400] INFO perfrun.perfcollector <> - eventId : g , ignored
114 [140653954590400] INFO perfrun.perfcollector <> - DRY_RUN : "reg_type       = 1	event_id       = 4	reg_id         = 186	reg_value      = 53013c"
114 [140653954590400] INFO perfrun.perfcollector <> - eventId : 4 , cccrAddr : 186 , cccrVal : 53013c
114 [140653954590400] INFO perfrun.perfcollector <> - DRY_RUN : "reg_type       = 1	event_id       = 5	reg_id         = 187	reg_value      = 53023c"
114 [140653954590400] INFO perfrun.perfcollector <> - eventId : 5 , cccrAddr : 187 , cccrVal : 53023c
114 [140653954590400] INFO perfrun.perfcollector <> - DRY_RUN : "reg_type       = 1	event_id       = 3	reg_id         = 188	reg_value      = c530ca3"
114 [140653954590400] INFO perfrun.perfcollector <> - eventId : 3 , cccrAddr : 188 , cccrVal : c530ca3
114 [140653954590400] INFO perfrun.perfcollector <> - DRY_RUN : "reg_type       = 1	event_id       = 6	reg_id         = 189	reg_value      = 5302c2"
114 [140653954590400] INFO perfrun.perfcollector <> - eventId : 6 , cccrAddr : 189 , cccrVal : 5302c2
114 [140653954590400] INFO perfrun.perfcollector <> - DRY_RUN : "ESCR"
114 [140653954590400] INFO perfrun.perfcollector <> - DRY_RUN : "reg_type       = 2	event_id       = g	reg_id         = 1c8	reg_value      = 0"
114 [140653954590400] INFO perfrun.perfcollector <> - eventId : g , ignored
114 [140653954590400] INFO perfrun.perfcollector <> - DRY_RUN : "DATA"
114 [140653954590400] INFO perfrun.perfcollector <> - DRY_RUN : "reg_type       = 4	event_id       = 2	reg_id         = 309	reg_value      = ffffffdce7a0"
114 [140653954590400] INFO perfrun.perfcollector <> - eventId : 2 , dataAddr : 309 , dataVal : ffffffdce7a0
114 [140653954590400] INFO perfrun.perfcollector <> - DRY_RUN : "reg_type       = 4	event_id       = 0	reg_id         = 30a	reg_value      = ffffffdce7a0"
114 [140653954590400] INFO perfrun.perfcollector <> - eventId : 0 , dataAddr : 30a , dataVal : ffffffdce7a0
114 [140653954590400] INFO perfrun.perfcollector <> - DRY_RUN : "reg_type       = 4	event_id       = 1	reg_id         = 30b	reg_value      = ffffffdce7a0"
114 [140653954590400] INFO perfrun.perfcollector <> - eventId : 1 , dataAddr : 30b , dataVal : ffffffdce7a0
114 [140653954590400] INFO perfrun.perfcollector <> - DRY_RUN : "reg_type       = 4	event_id       = 4	reg_id         = c1	reg_value      = fffffffe795d"
114 [140653954590400] INFO perfrun.perfcollector <> - eventId : 4 , dataAddr : c1 , dataVal : fffffffe795d
114 [140653954590400] INFO perfrun.perfcollector <> - DRY_RUN : "reg_type       = 4	event_id       = 5	reg_id         = c2	reg_value      = fffffffe795d"
114 [140653954590400] INFO perfrun.perfcollector <> - eventId : 5 , dataAddr : c2 , dataVal : fffffffe795d
114 [140653954590400] INFO perfrun.perfcollector <> - DRY_RUN : "reg_type       = 4	event_id       = 3	reg_id         = c3	reg_value      = ffffffe17b7d"
114 [140653954590400] INFO perfrun.perfcollector <> - eventId : 3 , dataAddr : c3 , dataVal : ffffffe17b7d
114 [140653954590400] INFO perfrun.perfcollector <> - DRY_RUN : "reg_type       = 4	event_id       = 6	reg_id         = c4	reg_value      = ffffffe17b7d"
114 [140653954590400] INFO perfrun.perfcollector <> - eventId : 6 , dataAddr : c4 , dataVal : ffffffe17b7d
114 [140653954590400] INFO perfrun.perfcollector <> - DRY_RUN : "Group 1:"
114 [140653954590400] INFO perfrun.perfcollector <> - id : 1
114 [140653954590400] INFO perfrun.perfcollector <> - DRY_RUN : "INST_RETIRED.ANY: event id 2"
114 [140653954590400] INFO perfrun.perfcollector <> - eventName : INST_RETIRED.ANY , eventId : 2
114 [140653954590400] INFO perfrun.perfcollector <> - DRY_RUN : "CPU_CLK_UNHALTED.THREAD: event id 0"
114 [140653954590400] INFO perfrun.perfcollector <> - eventName : CPU_CLK_UNHALTED.THREAD , eventId : 0
114 [140653954590400] INFO perfrun.perfcollector <> - DRY_RUN : "CPU_CLK_UNHALTED.REF_TSC: event id 1"
114 [140653954590400] INFO perfrun.perfcollector <> - eventName : CPU_CLK_UNHALTED.REF_TSC , eventId : 1
114 [140653954590400] INFO perfrun.perfcollector <> - DRY_RUN : "CYCLE_ACTIVITY.CYCLES_NO_EXECUTE: event id 7"
114 [140653954590400] INFO perfrun.perfcollector <> - eventName : CYCLE_ACTIVITY.CYCLES_NO_EXECUTE , eventId : 7
114 [140653954590400] INFO perfrun.perfcollector <> - DRY_RUN : "CYCLE_ACTIVITY.STALLS_LDM_PENDING: event id 8"
114 [140653954590400] INFO perfrun.perfcollector <> - eventName : CYCLE_ACTIVITY.STALLS_LDM_PENDING , eventId : 8
114 [140653954590400] INFO perfrun.perfcollector <> - DRY_RUN : "CYCLE_ACTIVITY.STALLS_L2_PENDING: event id 9"
114 [140653954590400] INFO perfrun.perfcollector <> - eventName : CYCLE_ACTIVITY.STALLS_L2_PENDING , eventId : 9
114 [140653954590400] INFO perfrun.perfcollector <> - DRY_RUN : "IDQ_UOPS_NOT_DELIVERED.CORE: event id 10"
114 [140653954590400] INFO perfrun.perfcollector <> - eventName : IDQ_UOPS_NOT_DELIVERED.CORE , eventId : 10
114 [140653954590400] INFO perfrun.perfcollector <> - DRY_RUN : "CCCR"
114 [140653954590400] INFO perfrun.perfcollector <> - DRY_RUN : "reg_type       = 1	event_id       = g	reg_id         = 38f	reg_value      = 70000000f"
114 [140653954590400] INFO perfrun.perfcollector <> - eventId : g , ignored
114 [140653954590400] INFO perfrun.perfcollector <> - DRY_RUN : "reg_type       = 1	event_id       = g	reg_id         = 390	reg_value      = 70000000f"
114 [140653954590400] INFO perfrun.perfcollector <> - eventId : g , ignored
114 [140653954590400] INFO perfrun.perfcollector <> - DRY_RUN : "reg_type       = 1	event_id       = g	reg_id         = 3f1	reg_value      = 0"
114 [140653954590400] INFO perfrun.perfcollector <> - eventId : g , ignored
114 [140653954590400] INFO perfrun.perfcollector <> - DRY_RUN : "reg_type       = 1	event_id       = g	reg_id         = 1d9	reg_value      = 1800"
114 [140653954590400] INFO perfrun.perfcollector <> - eventId : g , ignored
114 [140653954590400] INFO perfrun.perfcollector <> - DRY_RUN : "reg_type       = 1	event_id       = g	reg_id         = 38d	reg_value      = bbb"
114 [140653954590400] INFO perfrun.perfcollector <> - eventId : g , ignored
114 [140653954590400] INFO perfrun.perfcollector <> - DRY_RUN : "reg_type       = 1	event_id       = 7	reg_id         = 186	reg_value      = 45304a3"
114 [140653954590400] INFO perfrun.perfcollector <> - eventId : 7 , cccrAddr : 186 , cccrVal : 45304a3
114 [140653954590400] INFO perfrun.perfcollector <> - DRY_RUN : "reg_type       = 1	event_id       = 8	reg_id         = 187	reg_value      = 65306a3"
114 [140653954590400] INFO perfrun.perfcollector <> - eventId : 8 , cccrAddr : 187 , cccrVal : 65306a3
114 [140653954590400] INFO perfrun.perfcollector <> - DRY_RUN : "reg_type       = 1	event_id       = 9	reg_id         = 188	reg_value      = 55305a3"
114 [140653954590400] INFO perfrun.perfcollector <> - eventId : 9 , cccrAddr : 188 , cccrVal : 55305a3
114 [140653954590400] INFO perfrun.perfcollector <> - DRY_RUN : "reg_type       = 1	event_id       = 10	reg_id         = 189	reg_value      = 53019c"
114 [140653954590400] INFO perfrun.perfcollector <> - eventId : 10 , cccrAddr : 189 , cccrVal : 53019c
114 [140653954590400] INFO perfrun.perfcollector <> - DRY_RUN : "ESCR"
114 [140653954590400] INFO perfrun.perfcollector <> - DRY_RUN : "reg_type       = 2	event_id       = g	reg_id         = 1c8	reg_value      = 0"
114 [140653954590400] INFO perfrun.perfcollector <> - eventId : g , ignored
114 [140653954590400] INFO perfrun.perfcollector <> - DRY_RUN : "DATA"
114 [140653954590400] INFO perfrun.perfcollector <> - DRY_RUN : "reg_type       = 4	event_id       = 2	reg_id         = 309	reg_value      = ffffffdce7a0"
114 [140653954590400] INFO perfrun.perfcollector <> - eventId : 2 , dataAddr : 309 , dataVal : ffffffdce7a0
114 [140653954590400] INFO perfrun.perfcollector <> - DRY_RUN : "reg_type       = 4	event_id       = 0	reg_id         = 30a	reg_value      = ffffffdce7a0"
114 [140653954590400] INFO perfrun.perfcollector <> - eventId : 0 , dataAddr : 30a , dataVal : ffffffdce7a0
114 [140653954590400] INFO perfrun.perfcollector <> - DRY_RUN : "reg_type       = 4	event_id       = 1	reg_id         = 30b	reg_value      = ffffffdce7a0"
114 [140653954590400] INFO perfrun.perfcollector <> - eventId : 1 , dataAddr : 30b , dataVal : ffffffdce7a0
114 [140653954590400] INFO perfrun.perfcollector <> - DRY_RUN : "reg_type       = 4	event_id       = 7	reg_id         = c1	reg_value      = ffffffe17b7d"
114 [140653954590400] INFO perfrun.perfcollector <> - eventId : 7 , dataAddr : c1 , dataVal : ffffffe17b7d
114 [140653954590400] INFO perfrun.perfcollector <> - DRY_RUN : "reg_type       = 4	event_id       = 8	reg_id         = c2	reg_value      = ffffffe17b7d"
114 [140653954590400] INFO perfrun.perfcollector <> - eventId : 8 , dataAddr : c2 , dataVal : ffffffe17b7d
114 [140653954590400] INFO perfrun.perfcollector <> - DRY_RUN : "reg_type       = 4	event_id       = 9	reg_id         = c3	reg_value      = ffffffe17b7d"
114 [140653954590400] INFO perfrun.perfcollector <> - eventId : 9 , dataAddr : c3 , dataVal : ffffffe17b7d
114 [140653954590400] INFO perfrun.perfcollector <> - DRY_RUN : "reg_type       = 4	event_id       = 10	reg_id         = c4	reg_value      = ffffffe17b7d"
114 [140653954590400] INFO perfrun.perfcollector <> - eventId : 10 , dataAddr : c4 , dataVal : ffffffe17b7d
114 [140653954590400] INFO perfrun.perfcollector <> - DRY_RUN : "Group 2:"
114 [140653954590400] INFO perfrun.perfcollector <> - id : 2
114 [140653954590400] INFO perfrun.perfcollector <> - DRY_RUN : "INST_RETIRED.ANY: event id 2"
114 [140653954590400] INFO perfrun.perfcollector <> - eventName : INST_RETIRED.ANY , eventId : 2
114 [140653954590400] INFO perfrun.perfcollector <> - DRY_RUN : "CPU_CLK_UNHALTED.THREAD: event id 0"
114 [140653954590400] INFO perfrun.perfcollector <> - eventName : CPU_CLK_UNHALTED.THREAD , eventId : 0
114 [140653954590400] INFO perfrun.perfcollector <> - DRY_RUN : "CPU_CLK_UNHALTED.REF_TSC: event id 1"
114 [140653954590400] INFO perfrun.perfcollector <> - eventName : CPU_CLK_UNHALTED.REF_TSC , eventId : 1
114 [140653954590400] INFO perfrun.perfcollector <> - DRY_RUN : "INT_MISC.RECOVERY_CYCLES: event id 11"
114 [140653954590400] INFO perfrun.perfcollector <> - eventName : INT_MISC.RECOVERY_CYCLES , eventId : 11
114 [140653954590400] INFO perfrun.perfcollector <> - DRY_RUN : "MEM_LOAD_UOPS_RETIRED.L3_HIT_PS: event id 12"
114 [140653954590400] INFO perfrun.perfcollector <> - eventName : MEM_LOAD_UOPS_RETIRED.L3_HIT_PS , eventId : 12
114 [140653954590400] INFO perfrun.perfcollector <> - DRY_RUN : "MEM_LOAD_UOPS_RETIRED.L3_MISS_PS: event id 13"
115 [140653954590400] INFO perfrun.perfcollector <> - eventName : MEM_LOAD_UOPS_RETIRED.L3_MISS_PS , eventId : 13
115 [140653954590400] INFO perfrun.perfcollector <> - DRY_RUN : "OFFCORE_REQUESTS_OUTSTANDING.CYCLES_WITH_DATA_RD: event id 14"
115 [140653954590400] INFO perfrun.perfcollector <> - eventName : OFFCORE_REQUESTS_OUTSTANDING.CYCLES_WITH_DATA_RD , eventId : 14
115 [140653954590400] INFO perfrun.perfcollector <> - DRY_RUN : "CCCR"
115 [140653954590400] INFO perfrun.perfcollector <> - DRY_RUN : "reg_type       = 1	event_id       = g	reg_id         = 38f	reg_value      = 70000000f"
115 [140653954590400] INFO perfrun.perfcollector <> - eventId : g , ignored
115 [140653954590400] INFO perfrun.perfcollector <> - DRY_RUN : "reg_type       = 1	event_id       = g	reg_id         = 390	reg_value      = 70000000f"
115 [140653954590400] INFO perfrun.perfcollector <> - eventId : g , ignored
115 [140653954590400] INFO perfrun.perfcollector <> - DRY_RUN : "reg_type       = 1	event_id       = g	reg_id         = 3f1	reg_value      = 600000006"
115 [140653954590400] INFO perfrun.perfcollector <> - eventId : g , ignored
115 [140653954590400] INFO perfrun.perfcollector <> - DRY_RUN : "reg_type       = 1	event_id       = g	reg_id         = 1d9	reg_value      = 1800"
115 [140653954590400] INFO perfrun.perfcollector <> - eventId : g , ignored
115 [140653954590400] INFO perfrun.perfcollector <> - DRY_RUN : "reg_type       = 1	event_id       = g	reg_id         = 38d	reg_value      = bbb"
115 [140653954590400] INFO perfrun.perfcollector <> - eventId : g , ignored
115 [140653954590400] INFO perfrun.perfcollector <> - DRY_RUN : "reg_type       = 1	event_id       = 11	reg_id         = 186	reg_value      = 153030d"
115 [140653954590400] INFO perfrun.perfcollector <> - eventId : 11 , cccrAddr : 186 , cccrVal : 153030d
115 [140653954590400] INFO perfrun.perfcollector <> - DRY_RUN : "reg_type       = 1	event_id       = 12	reg_id         = 187	reg_value      = 4304d1"
115 [140653954590400] INFO perfrun.perfcollector <> - eventId : 12 , cccrAddr : 187 , cccrVal : 4304d1
115 [140653954590400] INFO perfrun.perfcollector <> - DRY_RUN : "reg_type       = 1	event_id       = 13	reg_id         = 188	reg_value      = 4320d1"
115 [140653954590400] INFO perfrun.perfcollector <> - eventId : 13 , cccrAddr : 188 , cccrVal : 4320d1
115 [140653954590400] INFO perfrun.perfcollector <> - DRY_RUN : "reg_type       = 1	event_id       = 14	reg_id         = 189	reg_value      = 1530860"
115 [140653954590400] INFO perfrun.perfcollector <> - eventId : 14 , cccrAddr : 189 , cccrVal : 1530860
115 [140653954590400] INFO perfrun.perfcollector <> - DRY_RUN : "ESCR"
115 [140653954590400] INFO perfrun.perfcollector <> - DRY_RUN : "reg_type       = 2	event_id       = g	reg_id         = 1c8	reg_value      = 0"
115 [140653954590400] INFO perfrun.perfcollector <> - eventId : g , ignored
115 [140653954590400] INFO perfrun.perfcollector <> - DRY_RUN : "DATA"
115 [140653954590400] INFO perfrun.perfcollector <> - DRY_RUN : "reg_type       = 4	event_id       = 2	reg_id         = 309	reg_value      = ffffffdce7a0"
115 [140653954590400] INFO perfrun.perfcollector <> - eventId : 2 , dataAddr : 309 , dataVal : ffffffdce7a0
115 [140653954590400] INFO perfrun.perfcollector <> - DRY_RUN : "reg_type       = 4	event_id       = 0	reg_id         = 30a	reg_value      = ffffffdce7a0"
115 [140653954590400] INFO perfrun.perfcollector <> - eventId : 0 , dataAddr : 30a , dataVal : ffffffdce7a0
115 [140653954590400] INFO perfrun.perfcollector <> - DRY_RUN : "reg_type       = 4	event_id       = 1	reg_id         = 30b	reg_value      = ffffffdce7a0"
115 [140653954590400] INFO perfrun.perfcollector <> - eventId : 1 , dataAddr : 30b , dataVal : ffffffdce7a0
115 [140653954590400] INFO perfrun.perfcollector <> - DRY_RUN : "reg_type       = 4	event_id       = 11	reg_id         = c1	reg_value      = ffffffe17b7d"
115 [140653954590400] INFO perfrun.perfcollector <> - eventId : 11 , dataAddr : c1 , dataVal : ffffffe17b7d
115 [140653954590400] INFO perfrun.perfcollector <> - DRY_RUN : "reg_type       = 4	event_id       = 12	reg_id         = c2	reg_value      = ffffffff3cad"
115 [140653954590400] INFO perfrun.perfcollector <> - eventId : 12 , dataAddr : c2 , dataVal : ffffffff3cad
115 [140653954590400] INFO perfrun.perfcollector <> - DRY_RUN : "reg_type       = 4	event_id       = 13	reg_id         = c3	reg_value      = ffffffff3cad"
115 [140653954590400] INFO perfrun.perfcollector <> - eventId : 13 , dataAddr : c3 , dataVal : ffffffff3cad
115 [140653954590400] INFO perfrun.perfcollector <> - DRY_RUN : "reg_type       = 4	event_id       = 14	reg_id         = c4	reg_value      = ffffffe17b7d"
115 [140653954590400] INFO perfrun.perfcollector <> - eventId : 14 , dataAddr : c4 , dataVal : ffffffe17b7d
115 [140653954590400] INFO perfrun.perfcollector <> - DRY_RUN : "Group 3:"
115 [140653954590400] INFO perfrun.perfcollector <> - id : 3
115 [140653954590400] INFO perfrun.perfcollector <> - DRY_RUN : "INST_RETIRED.ANY: event id 2"
115 [140653954590400] INFO perfrun.perfcollector <> - eventName : INST_RETIRED.ANY , eventId : 2
115 [140653954590400] INFO perfrun.perfcollector <> - DRY_RUN : "CPU_CLK_UNHALTED.THREAD: event id 0"
115 [140653954590400] INFO perfrun.perfcollector <> - eventName : CPU_CLK_UNHALTED.THREAD , eventId : 0
115 [140653954590400] INFO perfrun.perfcollector <> - DRY_RUN : "CPU_CLK_UNHALTED.REF_TSC: event id 1"
115 [140653954590400] INFO perfrun.perfcollector <> - eventName : CPU_CLK_UNHALTED.REF_TSC , eventId : 1
115 [140653954590400] INFO perfrun.perfcollector <> - DRY_RUN : "OFFCORE_REQUESTS_OUTSTANDING.ALL_DATA_RD:cmask=6: event id 15"
115 [140653954590400] INFO perfrun.perfcollector <> - eventName : OFFCORE_REQUESTS_OUTSTANDING.ALL_DATA_RD:cmask=6 , eventId : 15
115 [140653954590400] INFO perfrun.perfcollector <> - DRY_RUN : "RESOURCE_STALLS.SB: event id 16"
115 [140653954590400] INFO perfrun.perfcollector <> - eventName : RESOURCE_STALLS.SB , eventId : 16
115 [140653954590400] INFO perfrun.perfcollector <> - DRY_RUN : "RS_EVENTS.EMPTY_CYCLES: event id 17"
115 [140653954590400] INFO perfrun.perfcollector <> - eventName : RS_EVENTS.EMPTY_CYCLES , eventId : 17
115 [140653954590400] INFO perfrun.perfcollector <> - DRY_RUN : "UOPS_EXECUTED.CORE:cmask=1: event id 18"
115 [140653954590400] INFO perfrun.perfcollector <> - eventName : UOPS_EXECUTED.CORE:cmask=1 , eventId : 18
115 [140653954590400] INFO perfrun.perfcollector <> - DRY_RUN : "CCCR"
115 [140653954590400] INFO perfrun.perfcollector <> - DRY_RUN : "reg_type       = 1	event_id       = g	reg_id         = 38f	reg_value      = 70000000f"
115 [140653954590400] INFO perfrun.perfcollector <> - eventId : g , ignored
115 [140653954590400] INFO perfrun.perfcollector <> - DRY_RUN : "reg_type       = 1	event_id       = g	reg_id         = 390	reg_value      = 70000000f"
115 [140653954590400] INFO perfrun.perfcollector <> - eventId : g , ignored
115 [140653954590400] INFO perfrun.perfcollector <> - DRY_RUN : "reg_type       = 1	event_id       = g	reg_id         = 3f1	reg_value      = 0"
115 [140653954590400] INFO perfrun.perfcollector <> - eventId : g , ignored
115 [140653954590400] INFO perfrun.perfcollector <> - DRY_RUN : "reg_type       = 1	event_id       = g	reg_id         = 1d9	reg_value      = 1800"
115 [140653954590400] INFO perfrun.perfcollector <> - eventId : g , ignored
115 [140653954590400] INFO perfrun.perfcollector <> - DRY_RUN : "reg_type       = 1	event_id       = g	reg_id         = 38d	reg_value      = bbb"
115 [140653954590400] INFO perfrun.perfcollector <> - eventId : g , ignored
115 [140653954590400] INFO perfrun.perfcollector <> - DRY_RUN : "reg_type       = 1	event_id       = 15	reg_id         = 186	reg_value      = 6530860"
115 [140653954590400] INFO perfrun.perfcollector <> - eventId : 15 , cccrAddr : 186 , cccrVal : 6530860
115 [140653954590400] INFO perfrun.perfcollector <> - DRY_RUN : "reg_type       = 1	event_id       = 16	reg_id         = 187	reg_value      = 5308a2"
115 [140653954590400] INFO perfrun.perfcollector <> - eventId : 16 , cccrAddr : 187 , cccrVal : 5308a2
115 [140653954590400] INFO perfrun.perfcollector <> - DRY_RUN : "reg_type       = 1	event_id       = 17	reg_id         = 188	reg_value      = 53015e"
115 [140653954590400] INFO perfrun.perfcollector <> - eventId : 17 , cccrAddr : 188 , cccrVal : 53015e
115 [140653954590400] INFO perfrun.perfcollector <> - DRY_RUN : "reg_type       = 1	event_id       = 18	reg_id         = 189	reg_value      = 15302b1"
115 [140653954590400] INFO perfrun.perfcollector <> - eventId : 18 , cccrAddr : 189 , cccrVal : 15302b1
115 [140653954590400] INFO perfrun.perfcollector <> - DRY_RUN : "ESCR"
115 [140653954590400] INFO perfrun.perfcollector <> - DRY_RUN : "reg_type       = 2	event_id       = g	reg_id         = 1c8	reg_value      = 0"
115 [140653954590400] INFO perfrun.perfcollector <> - eventId : g , ignored
115 [140653954590400] INFO perfrun.perfcollector <> - DRY_RUN : "DATA"
115 [140653954590400] INFO perfrun.perfcollector <> - DRY_RUN : "reg_type       = 4	event_id       = 2	reg_id         = 309	reg_value      = ffffffdce7a0"
115 [140653954590400] INFO perfrun.perfcollector <> - eventId : 2 , dataAddr : 309 , dataVal : ffffffdce7a0
115 [140653954590400] INFO perfrun.perfcollector <> - DRY_RUN : "reg_type       = 4	event_id       = 0	reg_id         = 30a	reg_value      = ffffffdce7a0"
115 [140653954590400] INFO perfrun.perfcollector <> - eventId : 0 , dataAddr : 30a , dataVal : ffffffdce7a0
115 [140653954590400] INFO perfrun.perfcollector <> - DRY_RUN : "reg_type       = 4	event_id       = 1	reg_id         = 30b	reg_value      = ffffffdce7a0"
115 [140653954590400] INFO perfrun.perfcollector <> - eventId : 1 , dataAddr : 30b , dataVal : ffffffdce7a0
115 [140653954590400] INFO perfrun.perfcollector <> - DRY_RUN : "reg_type       = 4	event_id       = 15	reg_id         = c1	reg_value      = ffffffe17b7d"
115 [140653954590400] INFO perfrun.perfcollector <> - eventId : 15 , dataAddr : c1 , dataVal : ffffffe17b7d
115 [140653954590400] INFO perfrun.perfcollector <> - DRY_RUN : "reg_type       = 4	event_id       = 16	reg_id         = c2	reg_value      = ffffffe17b7d"
115 [140653954590400] INFO perfrun.perfcollector <> - eventId : 16 , dataAddr : c2 , dataVal : ffffffe17b7d
115 [140653954590400] INFO perfrun.perfcollector <> - DRY_RUN : "reg_type       = 4	event_id       = 17	reg_id         = c3	reg_value      = ffffffe17b7d"
115 [140653954590400] INFO perfrun.perfcollector <> - eventId : 17 , dataAddr : c3 , dataVal : ffffffe17b7d
115 [140653954590400] INFO perfrun.perfcollector <> - DRY_RUN : "reg_type       = 4	event_id       = 18	reg_id         = c4	reg_value      = ffffffe17b7d"
115 [140653954590400] INFO perfrun.perfcollector <> - eventId : 18 , dataAddr : c4 , dataVal : ffffffe17b7d
115 [140653954590400] INFO perfrun.perfcollector <> - DRY_RUN : "Group 4:"
115 [140653954590400] INFO perfrun.perfcollector <> - id : 4
115 [140653954590400] INFO perfrun.perfcollector <> - DRY_RUN : "INST_RETIRED.ANY: event id 2"
115 [140653954590400] INFO perfrun.perfcollector <> - eventName : INST_RETIRED.ANY , eventId : 2
115 [140653954590400] INFO perfrun.perfcollector <> - DRY_RUN : "CPU_CLK_UNHALTED.THREAD: event id 0"
115 [140653954590400] INFO perfrun.perfcollector <> - eventName : CPU_CLK_UNHALTED.THREAD , eventId : 0
115 [140653954590400] INFO perfrun.perfcollector <> - DRY_RUN : "CPU_CLK_UNHALTED.REF_TSC: event id 1"
115 [140653954590400] INFO perfrun.perfcollector <> - eventName : CPU_CLK_UNHALTED.REF_TSC , eventId : 1
115 [140653954590400] INFO perfrun.perfcollector <> - DRY_RUN : "UOPS_EXECUTED.CORE:cmask=2: event id 19"
115 [140653954590400] INFO perfrun.perfcollector <> - eventName : UOPS_EXECUTED.CORE:cmask=2 , eventId : 19
115 [140653954590400] INFO perfrun.perfcollector <> - DRY_RUN : "UOPS_EXECUTED.CORE:cmask=3: event id 20"
115 [140653954590400] INFO perfrun.perfcollector <> - eventName : UOPS_EXECUTED.CORE:cmask=3 , eventId : 20
115 [140653954590400] INFO perfrun.perfcollector <> - DRY_RUN : "UOPS_ISSUED.ANY: event id 21"
115 [140653954590400] INFO perfrun.perfcollector <> - eventName : UOPS_ISSUED.ANY , eventId : 21
115 [140653954590400] INFO perfrun.perfcollector <> - DRY_RUN : "IDQ_UOPS_NOT_DELIVERED.CYCLES_0_UOPS_DELIV.CORE: event id 22"
115 [140653954590400] INFO perfrun.perfcollector <> - eventName : IDQ_UOPS_NOT_DELIVERED.CYCLES_0_UOPS_DELIV.CORE , eventId : 22
115 [140653954590400] INFO perfrun.perfcollector <> - DRY_RUN : "CCCR"
115 [140653954590400] INFO perfrun.perfcollector <> - DRY_RUN : "reg_type       = 1	event_id       = g	reg_id         = 38f	reg_value      = 70000000f"
115 [140653954590400] INFO perfrun.perfcollector <> - eventId : g , ignored
115 [140653954590400] INFO perfrun.perfcollector <> - DRY_RUN : "reg_type       = 1	event_id       = g	reg_id         = 390	reg_value      = 70000000f"
115 [140653954590400] INFO perfrun.perfcollector <> - eventId : g , ignored
115 [140653954590400] INFO perfrun.perfcollector <> - DRY_RUN : "reg_type       = 1	event_id       = g	reg_id         = 3f1	reg_value      = 0"
115 [140653954590400] INFO perfrun.perfcollector <> - eventId : g , ignored
115 [140653954590400] INFO perfrun.perfcollector <> - DRY_RUN : "reg_type       = 1	event_id       = g	reg_id         = 1d9	reg_value      = 1800"
115 [140653954590400] INFO perfrun.perfcollector <> - eventId : g , ignored
115 [140653954590400] INFO perfrun.perfcollector <> - DRY_RUN : "reg_type       = 1	event_id       = g	reg_id         = 38d	reg_value      = bbb"
115 [140653954590400] INFO perfrun.perfcollector <> - eventId : g , ignored
115 [140653954590400] INFO perfrun.perfcollector <> - DRY_RUN : "reg_type       = 1	event_id       = 19	reg_id         = 186	reg_value      = 25302b1"
115 [140653954590400] INFO perfrun.perfcollector <> - eventId : 19 , cccrAddr : 186 , cccrVal : 25302b1
115 [140653954590400] INFO perfrun.perfcollector <> - DRY_RUN : "reg_type       = 1	event_id       = 20	reg_id         = 187	reg_value      = 35302b1"
115 [140653954590400] INFO perfrun.perfcollector <> - eventId : 20 , cccrAddr : 187 , cccrVal : 35302b1
115 [140653954590400] INFO perfrun.perfcollector <> - DRY_RUN : "reg_type       = 1	event_id       = 21	reg_id         = 188	reg_value      = 53010e"
115 [140653954590400] INFO perfrun.perfcollector <> - eventId : 21 , cccrAddr : 188 , cccrVal : 53010e
115 [140653954590400] INFO perfrun.perfcollector <> - DRY_RUN : "reg_type       = 1	event_id       = 22	reg_id         = 189	reg_value      = 453019c"
115 [140653954590400] INFO perfrun.perfcollector <> - eventId : 22 , cccrAddr : 189 , cccrVal : 453019c
115 [140653954590400] INFO perfrun.perfcollector <> - DRY_RUN : "ESCR"
115 [140653954590400] INFO perfrun.perfcollector <> - DRY_RUN : "reg_type       = 2	event_id       = g	reg_id         = 1c8	reg_value      = 0"
115 [140653954590400] INFO perfrun.perfcollector <> - eventId : g , ignored
115 [140653954590400] INFO perfrun.perfcollector <> - DRY_RUN : "DATA"
115 [140653954590400] INFO perfrun.perfcollector <> - DRY_RUN : "reg_type       = 4	event_id       = 2	reg_id         = 309	reg_value      = ffffffdce7a0"
115 [140653954590400] INFO perfrun.perfcollector <> - eventId : 2 , dataAddr : 309 , dataVal : ffffffdce7a0
115 [140653954590400] INFO perfrun.perfcollector <> - DRY_RUN : "reg_type       = 4	event_id       = 0	reg_id         = 30a	reg_value      = ffffffdce7a0"
115 [140653954590400] INFO perfrun.perfcollector <> - eventId : 0 , dataAddr : 30a , dataVal : ffffffdce7a0
115 [140653954590400] INFO perfrun.perfcollector <> - DRY_RUN : "reg_type       = 4	event_id       = 1	reg_id         = 30b	reg_value      = ffffffdce7a0"
115 [140653954590400] INFO perfrun.perfcollector <> - eventId : 1 , dataAddr : 30b , dataVal : ffffffdce7a0
115 [140653954590400] INFO perfrun.perfcollector <> - DRY_RUN : "reg_type       = 4	event_id       = 19	reg_id         = c1	reg_value      = ffffffe17b7d"
115 [140653954590400] INFO perfrun.perfcollector <> - eventId : 19 , dataAddr : c1 , dataVal : ffffffe17b7d
115 [140653954590400] INFO perfrun.perfcollector <> - DRY_RUN : "reg_type       = 4	event_id       = 20	reg_id         = c2	reg_value      = ffffffe17b7d"
115 [140653954590400] INFO perfrun.perfcollector <> - eventId : 20 , dataAddr : c2 , dataVal : ffffffe17b7d
115 [140653954590400] INFO perfrun.perfcollector <> - DRY_RUN : "reg_type       = 4	event_id       = 21	reg_id         = c3	reg_value      = ffffffe17b7d"
115 [140653954590400] INFO perfrun.perfcollector <> - eventId : 21 , dataAddr : c3 , dataVal : ffffffe17b7d
115 [140653954590400] INFO perfrun.perfcollector <> - DRY_RUN : "reg_type       = 4	event_id       = 22	reg_id         = c4	reg_value      = ffffffe17b7d"
115 [140653954590400] INFO perfrun.perfcollector <> - eventId : 22 , dataAddr : c4 , dataVal : ffffffe17b7d
115 [140653954590400] INFO perfrun.perfcollector <> - DRY_RUN : "Group 5:"
115 [140653954590400] INFO perfrun.perfcollector <> - id : 5
115 [140653954590400] INFO perfrun.perfcollector <> - DRY_RUN : "INST_RETIRED.ANY: event id 2"
115 [140653954590400] INFO perfrun.perfcollector <> - eventName : INST_RETIRED.ANY , eventId : 2
115 [140653954590400] INFO perfrun.perfcollector <> - DRY_RUN : "CPU_CLK_UNHALTED.THREAD: event id 0"
115 [140653954590400] INFO perfrun.perfcollector <> - eventName : CPU_CLK_UNHALTED.THREAD , eventId : 0
115 [140653954590400] INFO perfrun.perfcollector <> - DRY_RUN : "CPU_CLK_UNHALTED.REF_TSC: event id 1"
115 [140653954590400] INFO perfrun.perfcollector <> - eventName : CPU_CLK_UNHALTED.REF_TSC , eventId : 1
115 [140653954590400] INFO perfrun.perfcollector <> - DRY_RUN : "MEM_UOPS_RETIRED.ALL_LOADS_PS: event id 23"
115 [140653954590400] INFO perfrun.perfcollector <> - eventName : MEM_UOPS_RETIRED.ALL_LOADS_PS , eventId : 23
115 [140653954590400] INFO perfrun.perfcollector <> - DRY_RUN : "MEM_UOPS_RETIRED.ALL_STORES_PS: event id 24"
115 [140653954590400] INFO perfrun.perfcollector <> - eventName : MEM_UOPS_RETIRED.ALL_STORES_PS , eventId : 24
115 [140653954590400] INFO perfrun.perfcollector <> - DRY_RUN : "MEM_LOAD_UOPS_L3_MISS_RETIRED.LOCAL_DRAM_PS: event id 25"
115 [140653954590400] INFO perfrun.perfcollector <> - eventName : MEM_LOAD_UOPS_L3_MISS_RETIRED.LOCAL_DRAM_PS , eventId : 25
115 [140653954590400] INFO perfrun.perfcollector <> - DRY_RUN : "MEM_LOAD_UOPS_L3_MISS_RETIRED.REMOTE_DRAM_PS: event id 26"
115 [140653954590400] INFO perfrun.perfcollector <> - eventName : MEM_LOAD_UOPS_L3_MISS_RETIRED.REMOTE_DRAM_PS , eventId : 26
115 [140653954590400] INFO perfrun.perfcollector <> - DRY_RUN : "CCCR"
115 [140653954590400] INFO perfrun.perfcollector <> - DRY_RUN : "reg_type       = 1	event_id       = g	reg_id         = 38f	reg_value      = 70000000f"
115 [140653954590400] INFO perfrun.perfcollector <> - eventId : g , ignored
115 [140653954590400] INFO perfrun.perfcollector <> - DRY_RUN : "reg_type       = 1	event_id       = g	reg_id         = 390	reg_value      = 70000000f"
115 [140653954590400] INFO perfrun.perfcollector <> - eventId : g , ignored
115 [140653954590400] INFO perfrun.perfcollector <> - DRY_RUN : "reg_type       = 1	event_id       = g	reg_id         = 3f1	reg_value      = f0000000f"
115 [140653954590400] INFO perfrun.perfcollector <> - eventId : g , ignored
115 [140653954590400] INFO perfrun.perfcollector <> - DRY_RUN : "reg_type       = 1	event_id       = g	reg_id         = 1d9	reg_value      = 1800"
115 [140653954590400] INFO perfrun.perfcollector <> - eventId : g , ignored
115 [140653954590400] INFO perfrun.perfcollector <> - DRY_RUN : "reg_type       = 1	event_id       = g	reg_id         = 38d	reg_value      = bbb"
115 [140653954590400] INFO perfrun.perfcollector <> - eventId : g , ignored
115 [140653954590400] INFO perfrun.perfcollector <> - DRY_RUN : "reg_type       = 1	event_id       = 23	reg_id         = 186	reg_value      = 4381d0"
115 [140653954590400] INFO perfrun.perfcollector <> - eventId : 23 , cccrAddr : 186 , cccrVal : 4381d0
115 [140653954590400] INFO perfrun.perfcollector <> - DRY_RUN : "reg_type       = 1	event_id       = 24	reg_id         = 187	reg_value      = 4382d0"
115 [140653954590400] INFO perfrun.perfcollector <> - eventId : 24 , cccrAddr : 187 , cccrVal : 4382d0
115 [140653954590400] INFO perfrun.perfcollector <> - DRY_RUN : "reg_type       = 1	event_id       = 25	reg_id         = 188	reg_value      = 4301d3"
115 [140653954590400] INFO perfrun.perfcollector <> - eventId : 25 , cccrAddr : 188 , cccrVal : 4301d3
115 [140653954590400] INFO perfrun.perfcollector <> - DRY_RUN : "reg_type       = 1	event_id       = 26	reg_id         = 189	reg_value      = 4304d3"
115 [140653954590400] INFO perfrun.perfcollector <> - eventId : 26 , cccrAddr : 189 , cccrVal : 4304d3
115 [140653954590400] INFO perfrun.perfcollector <> - DRY_RUN : "ESCR"
115 [140653954590400] INFO perfrun.perfcollector <> - DRY_RUN : "reg_type       = 2	event_id       = g	reg_id         = 1c8	reg_value      = 0"
115 [140653954590400] INFO perfrun.perfcollector <> - eventId : g , ignored
115 [140653954590400] INFO perfrun.perfcollector <> - DRY_RUN : "DATA"
115 [140653954590400] INFO perfrun.perfcollector <> - DRY_RUN : "reg_type       = 4	event_id       = 2	reg_id         = 309	reg_value      = ffffffdce7a0"
115 [140653954590400] INFO perfrun.perfcollector <> - eventId : 2 , dataAddr : 309 , dataVal : ffffffdce7a0
115 [140653954590400] INFO perfrun.perfcollector <> - DRY_RUN : "reg_type       = 4	event_id       = 0	reg_id         = 30a	reg_value      = ffffffdce7a0"
115 [140653954590400] INFO perfrun.perfcollector <> - eventId : 0 , dataAddr : 30a , dataVal : ffffffdce7a0
115 [140653954590400] INFO perfrun.perfcollector <> - DRY_RUN : "reg_type       = 4	event_id       = 1	reg_id         = 30b	reg_value      = ffffffdce7a0"
115 [140653954590400] INFO perfrun.perfcollector <> - eventId : 1 , dataAddr : 30b , dataVal : ffffffdce7a0
115 [140653954590400] INFO perfrun.perfcollector <> - DRY_RUN : "reg_type       = 4	event_id       = 23	reg_id         = c1	reg_value      = fffffffe795d"
115 [140653954590400] INFO perfrun.perfcollector <> - eventId : 23 , dataAddr : c1 , dataVal : fffffffe795d
115 [140653954590400] INFO perfrun.perfcollector <> - DRY_RUN : "reg_type       = 4	event_id       = 24	reg_id         = c2	reg_value      = fffffffe795d"
115 [140653954590400] INFO perfrun.perfcollector <> - eventId : 24 , dataAddr : c2 , dataVal : fffffffe795d
115 [140653954590400] INFO perfrun.perfcollector <> - DRY_RUN : "reg_type       = 4	event_id       = 25	reg_id         = c3	reg_value      = fffffffe795d"
115 [140653954590400] INFO perfrun.perfcollector <> - eventId : 25 , dataAddr : c3 , dataVal : fffffffe795d
115 [140653954590400] INFO perfrun.perfcollector <> - DRY_RUN : "reg_type       = 4	event_id       = 26	reg_id         = c4	reg_value      = fffffffe795d"
115 [140653954590400] INFO perfrun.perfcollector <> - eventId : 26 , dataAddr : c4 , dataVal : fffffffe795d
115 [140653954590400] INFO perfrun.perfcollector <> - DRY_RUN : "Group 6:"
115 [140653954590400] INFO perfrun.perfcollector <> - id : 6
115 [140653954590400] INFO perfrun.perfcollector <> - DRY_RUN : "INST_RETIRED.ANY: event id 2"
115 [140653954590400] INFO perfrun.perfcollector <> - eventName : INST_RETIRED.ANY , eventId : 2
115 [140653954590400] INFO perfrun.perfcollector <> - DRY_RUN : "CPU_CLK_UNHALTED.THREAD: event id 0"
115 [140653954590400] INFO perfrun.perfcollector <> - eventName : CPU_CLK_UNHALTED.THREAD , eventId : 0
115 [140653954590400] INFO perfrun.perfcollector <> - DRY_RUN : "CPU_CLK_UNHALTED.REF_TSC: event id 1"
115 [140653954590400] INFO perfrun.perfcollector <> - eventName : CPU_CLK_UNHALTED.REF_TSC , eventId : 1
116 [140653954590400] INFO perfrun.perfcollector <> - DRY_RUN : "MEM_LOAD_UOPS_L3_MISS_RETIRED.REMOTE_HITM_PS: event id 27"
116 [140653954590400] INFO perfrun.perfcollector <> - eventName : MEM_LOAD_UOPS_L3_MISS_RETIRED.REMOTE_HITM_PS , eventId : 27
116 [140653954590400] INFO perfrun.perfcollector <> - DRY_RUN : "MEM_LOAD_UOPS_L3_MISS_RETIRED.REMOTE_FWD_PS: event id 28"
116 [140653954590400] INFO perfrun.perfcollector <> - eventName : MEM_LOAD_UOPS_L3_MISS_RETIRED.REMOTE_FWD_PS , eventId : 28
116 [140653954590400] INFO perfrun.perfcollector <> - DRY_RUN : "CCCR"
116 [140653954590400] INFO perfrun.perfcollector <> - DRY_RUN : "reg_type       = 1	event_id       = g	reg_id         = 38f	reg_value      = 700000003"
116 [140653954590400] INFO perfrun.perfcollector <> - eventId : g , ignored
116 [140653954590400] INFO perfrun.perfcollector <> - DRY_RUN : "reg_type       = 1	event_id       = g	reg_id         = 390	reg_value      = 700000003"
116 [140653954590400] INFO perfrun.perfcollector <> - eventId : g , ignored
116 [140653954590400] INFO perfrun.perfcollector <> - DRY_RUN : "reg_type       = 1	event_id       = g	reg_id         = 3f1	reg_value      = 300000003"
116 [140653954590400] INFO perfrun.perfcollector <> - eventId : g , ignored
116 [140653954590400] INFO perfrun.perfcollector <> - DRY_RUN : "reg_type       = 1	event_id       = g	reg_id         = 1d9	reg_value      = 1800"
116 [140653954590400] INFO perfrun.perfcollector <> - eventId : g , ignored
116 [140653954590400] INFO perfrun.perfcollector <> - DRY_RUN : "reg_type       = 1	event_id       = g	reg_id         = 38d	reg_value      = bbb"
116 [140653954590400] INFO perfrun.perfcollector <> - eventId : g , ignored
116 [140653954590400] INFO perfrun.perfcollector <> - DRY_RUN : "reg_type       = 1	event_id       = 27	reg_id         = 186	reg_value      = 4310d3"
116 [140653954590400] INFO perfrun.perfcollector <> - eventId : 27 , cccrAddr : 186 , cccrVal : 4310d3
116 [140653954590400] INFO perfrun.perfcollector <> - DRY_RUN : "reg_type       = 1	event_id       = 28	reg_id         = 187	reg_value      = 4320d3"
116 [140653954590400] INFO perfrun.perfcollector <> - eventId : 28 , cccrAddr : 187 , cccrVal : 4320d3
116 [140653954590400] INFO perfrun.perfcollector <> - DRY_RUN : "ESCR"
116 [140653954590400] INFO perfrun.perfcollector <> - DRY_RUN : "reg_type       = 2	event_id       = g	reg_id         = 1c8	reg_value      = 0"
116 [140653954590400] INFO perfrun.perfcollector <> - eventId : g , ignored
116 [140653954590400] INFO perfrun.perfcollector <> - DRY_RUN : "DATA"
116 [140653954590400] INFO perfrun.perfcollector <> - DRY_RUN : "reg_type       = 4	event_id       = 2	reg_id         = 309	reg_value      = ffffffdce7a0"
116 [140653954590400] INFO perfrun.perfcollector <> - eventId : 2 , dataAddr : 309 , dataVal : ffffffdce7a0
116 [140653954590400] INFO perfrun.perfcollector <> - DRY_RUN : "reg_type       = 4	event_id       = 0	reg_id         = 30a	reg_value      = ffffffdce7a0"
116 [140653954590400] INFO perfrun.perfcollector <> - eventId : 0 , dataAddr : 30a , dataVal : ffffffdce7a0
116 [140653954590400] INFO perfrun.perfcollector <> - DRY_RUN : "reg_type       = 4	event_id       = 1	reg_id         = 30b	reg_value      = ffffffdce7a0"
116 [140653954590400] INFO perfrun.perfcollector <> - eventId : 1 , dataAddr : 30b , dataVal : ffffffdce7a0
116 [140653954590400] INFO perfrun.perfcollector <> - DRY_RUN : "reg_type       = 4	event_id       = 27	reg_id         = c1	reg_value      = fffffffe795d"
116 [140653954590400] INFO perfrun.perfcollector <> - eventId : 27 , dataAddr : c1 , dataVal : fffffffe795d
116 [140653954590400] INFO perfrun.perfcollector <> - DRY_RUN : "reg_type       = 4	event_id       = 28	reg_id         = c2	reg_value      = fffffffe795d"
116 [140653954590400] INFO perfrun.perfcollector <> - eventId : 28 , dataAddr : c2 , dataVal : fffffffe795d
116 [140653954590400] INFO perfrun.perfcollector <> - DRY_RUN : "PMU type: Uncore (imc)"
123 [140653954590400] INFO perfrun.perfcollector <> - pmu type : uncore_imc
123 [140653954590400] INFO perfrun.perfcollector <> - DRY_RUN : "Number of units: 8"
123 [140653954590400] INFO perfrun.perfcollector <> - id : 8
123 [140653954590400] INFO perfrun.perfcollector <> - DRY_RUN : "Group 0:"
123 [140653954590400] INFO perfrun.perfcollector <> - id : 0
123 [140653954590400] INFO perfrun.perfcollector <> - DRY_RUN : "UNC_M_CAS_COUNT.RD: event id 29"
123 [140653954590400] INFO perfrun.perfcollector <> - eventName : UNC_M_CAS_COUNT.RD , eventId : 29
123 [140653954590400] INFO perfrun.perfcollector <> - DRY_RUN : "UNC_M_CAS_COUNT.WR: event id 30"
123 [140653954590400] INFO perfrun.perfcollector <> - eventName : UNC_M_CAS_COUNT.WR , eventId : 30
123 [140653954590400] INFO perfrun.perfcollector <> - DRY_RUN : "CCCR"
123 [140653954590400] INFO perfrun.perfcollector <> - DRY_RUN : "idx = 0	reg_type       = 1	event_id = 30	reg_id         = 700	reg_value      = 80000000	bar_index      = 0"
123 [140653954590400] INFO perfrun.perfcollector <> - eventId : 30 , cccrAddr : 700 , cccrVal : 80000000
123 [140653954590400] INFO perfrun.perfcollector <> - DRY_RUN : "idx = 2	reg_type       = 5	event_id = 29	reg_id         = d8	reg_value      = 400304	bar_index      = 0"
123 [140653954590400] INFO perfrun.perfcollector <> - eventId : 29 , cccrAddr : d8 , cccrVal : 400304
123 [140653954590400] INFO perfrun.perfcollector <> - DRY_RUN : "idx = 3	reg_type       = 5	event_id = 30	reg_id         = dc	reg_value      = 400c04	bar_index      = 0"
123 [140653954590400] INFO perfrun.perfcollector <> - eventId : 30 , cccrAddr : dc , cccrVal : 400c04
123 [140653954590400] INFO perfrun.perfcollector <> - DRY_RUN : "idx = 6	reg_type       = 2	event_id = g	reg_id         = f4	reg_value      = 0	bar_index      = 0"
123 [140653954590400] INFO perfrun.perfcollector <> - eventId : g , ignored
123 [140653954590400] INFO perfrun.perfcollector <> - DRY_RUN : "idx = 8	reg_type       = 5	event_id = 29	reg_id         = d8	reg_value      = 400304	bar_index      = 0"
123 [140653954590400] INFO perfrun.perfcollector <> - eventId : 29 , cccrAddr : d8 , cccrVal : 400304
123 [140653954590400] INFO perfrun.perfcollector <> - DRY_RUN : "idx = 9	reg_type       = 5	event_id = 30	reg_id         = dc	reg_value      = 400c04	bar_index      = 0"
123 [140653954590400] INFO perfrun.perfcollector <> - eventId : 30 , cccrAddr : dc , cccrVal : 400c04
123 [140653954590400] INFO perfrun.perfcollector <> - DRY_RUN : "idx = 12	reg_type       = 2	event_id = g	reg_id         = f4	reg_value      = 0	bar_index      = 0"
123 [140653954590400] INFO perfrun.perfcollector <> - eventId : g , ignored
123 [140653954590400] INFO perfrun.perfcollector <> - DRY_RUN : "idx = 14	reg_type       = 5	event_id = 29	reg_id         = d8	reg_value      = 400304	bar_index      = 0"
123 [140653954590400] INFO perfrun.perfcollector <> - eventId : 29 , cccrAddr : d8 , cccrVal : 400304
123 [140653954590400] INFO perfrun.perfcollector <> - DRY_RUN : "idx = 15	reg_type       = 5	event_id = 30	reg_id         = dc	reg_value      = 400c04	bar_index      = 0"
123 [140653954590400] INFO perfrun.perfcollector <> - eventId : 30 , cccrAddr : dc , cccrVal : 400c04
123 [140653954590400] INFO perfrun.perfcollector <> - DRY_RUN : "idx = 18	reg_type       = 2	event_id = g	reg_id         = f4	reg_value      = 0	bar_index      = 0"
123 [140653954590400] INFO perfrun.perfcollector <> - eventId : g , ignored
123 [140653954590400] INFO perfrun.perfcollector <> - DRY_RUN : "idx = 20	reg_type       = 5	event_id = 29	reg_id         = d8	reg_value      = 400304	bar_index      = 0"
123 [140653954590400] INFO perfrun.perfcollector <> - eventId : 29 , cccrAddr : d8 , cccrVal : 400304
123 [140653954590400] INFO perfrun.perfcollector <> - DRY_RUN : "idx = 21	reg_type       = 5	event_id = 30	reg_id         = dc	reg_value      = 400c04	bar_index      = 0"
123 [140653954590400] INFO perfrun.perfcollector <> - eventId : 30 , cccrAddr : dc , cccrVal : 400c04
123 [140653954590400] INFO perfrun.perfcollector <> - DRY_RUN : "idx = 24	reg_type       = 2	event_id = g	reg_id         = f4	reg_value      = 0	bar_index      = 0"
123 [140653954590400] INFO perfrun.perfcollector <> - eventId : g , ignored
123 [140653954590400] INFO perfrun.perfcollector <> - DRY_RUN : "idx = 26	reg_type       = 5	event_id = 29	reg_id         = d8	reg_value      = 400304	bar_index      = 0"
123 [140653954590400] INFO perfrun.perfcollector <> - eventId : 29 , cccrAddr : d8 , cccrVal : 400304
123 [140653954590400] INFO perfrun.perfcollector <> - DRY_RUN : "idx = 27	reg_type       = 5	event_id = 30	reg_id         = dc	reg_value      = 400c04	bar_index      = 0"
123 [140653954590400] INFO perfrun.perfcollector <> - eventId : 30 , cccrAddr : dc , cccrVal : 400c04
123 [140653954590400] INFO perfrun.perfcollector <> - DRY_RUN : "idx = 30	reg_type       = 2	event_id = g	reg_id         = f4	reg_value      = 0	bar_index      = 0"
123 [140653954590400] INFO perfrun.perfcollector <> - eventId : g , ignored
123 [140653954590400] INFO perfrun.perfcollector <> - DRY_RUN : "idx = 32	reg_type       = 5	event_id = 29	reg_id         = d8	reg_value      = 400304	bar_index      = 0"
123 [140653954590400] INFO perfrun.perfcollector <> - eventId : 29 , cccrAddr : d8 , cccrVal : 400304
123 [140653954590400] INFO perfrun.perfcollector <> - DRY_RUN : "idx = 33	reg_type       = 5	event_id = 30	reg_id         = dc	reg_value      = 400c04	bar_index      = 0"
123 [140653954590400] INFO perfrun.perfcollector <> - eventId : 30 , cccrAddr : dc , cccrVal : 400c04
123 [140653954590400] INFO perfrun.perfcollector <> - DRY_RUN : "idx = 36	reg_type       = 2	event_id = g	reg_id         = f4	reg_value      = 0	bar_index      = 0"
123 [140653954590400] INFO perfrun.perfcollector <> - eventId : g , ignored
123 [140653954590400] INFO perfrun.perfcollector <> - DRY_RUN : "idx = 38	reg_type       = 5	event_id = 29	reg_id         = d8	reg_value      = 400304	bar_index      = 0"
123 [140653954590400] INFO perfrun.perfcollector <> - eventId : 29 , cccrAddr : d8 , cccrVal : 400304
123 [140653954590400] INFO perfrun.perfcollector <> - DRY_RUN : "idx = 39	reg_type       = 5	event_id = 30	reg_id         = dc	reg_value      = 400c04	bar_index      = 0"
123 [140653954590400] INFO perfrun.perfcollector <> - eventId : 30 , cccrAddr : dc , cccrVal : 400c04
123 [140653954590400] INFO perfrun.perfcollector <> - DRY_RUN : "idx = 42	reg_type       = 2	event_id = g	reg_id         = f4	reg_value      = 0	bar_index      = 0"
123 [140653954590400] INFO perfrun.perfcollector <> - eventId : g , ignored
123 [140653954590400] INFO perfrun.perfcollector <> - DRY_RUN : "idx = 44	reg_type       = 5	event_id = 29	reg_id         = d8	reg_value      = 400304	bar_index      = 0"
123 [140653954590400] INFO perfrun.perfcollector <> - eventId : 29 , cccrAddr : d8 , cccrVal : 400304
123 [140653954590400] INFO perfrun.perfcollector <> - DRY_RUN : "idx = 45	reg_type       = 5	event_id = 30	reg_id         = dc	reg_value      = 400c04	bar_index      = 0"
123 [140653954590400] INFO perfrun.perfcollector <> - eventId : 30 , cccrAddr : dc , cccrVal : 400c04
123 [140653954590400] INFO perfrun.perfcollector <> - DRY_RUN : "idx = 48	reg_type       = 2	event_id = g	reg_id         = f4	reg_value      = 0	bar_index      = 0"
123 [140653954590400] INFO perfrun.perfcollector <> - eventId : g , ignored
123 [140653954590400] INFO perfrun.perfcollector <> - DRY_RUN : "ESCR"
123 [140653954590400] INFO perfrun.perfcollector <> - DRY_RUN : "DATA"
123 [140653954590400] INFO perfrun.perfcollector <> - DRY_RUN : "idx = 50	reg_type       = 4	event_id       = 29	reg_id         = a0	reg_value      = 0	pci reg_id  offset    = 0xa0	pci reg id  data_size = 0	bar_index      = 0"
123 [140653954590400] INFO perfrun.perfcollector <> - eventId : 29 , dataAddr : a0 , dataVal : 0
123 [140653954590400] INFO perfrun.perfcollector <> - DRY_RUN : "idx = 51	reg_type       = 4	event_id       = 30	reg_id         = a8	reg_value      = 0	pci reg_id  offset    = 0xa8	pci reg id  data_size = 0	bar_index      = 0"
123 [140653954590400] INFO perfrun.perfcollector <> - eventId : 30 , dataAddr : a8 , dataVal : 0
123 [140653954590400] INFO perfrun.perfcollector <> - DRY_RUN : "idx = 55	reg_type       = 4	event_id       = 29	reg_id         = a0	reg_value      = 0	pci reg_id  offset    = 0xa0	pci reg id  data_size = 0	bar_index      = 0"
123 [140653954590400] INFO perfrun.perfcollector <> - eventId : 29 , dataAddr : a0 , dataVal : 0
123 [140653954590400] INFO perfrun.perfcollector <> - DRY_RUN : "idx = 56	reg_type       = 4	event_id       = 30	reg_id         = a8	reg_value      = 0	pci reg_id  offset    = 0xa8	pci reg id  data_size = 0	bar_index      = 0"
123 [140653954590400] INFO perfrun.perfcollector <> - eventId : 30 , dataAddr : a8 , dataVal : 0
123 [140653954590400] INFO perfrun.perfcollector <> - DRY_RUN : "idx = 60	reg_type       = 4	event_id       = 29	reg_id         = a0	reg_value      = 0	pci reg_id  offset    = 0xa0	pci reg id  data_size = 0	bar_index      = 0"
123 [140653954590400] INFO perfrun.perfcollector <> - eventId : 29 , dataAddr : a0 , dataVal : 0
123 [140653954590400] INFO perfrun.perfcollector <> - DRY_RUN : "idx = 61	reg_type       = 4	event_id       = 30	reg_id         = a8	reg_value      = 0	pci reg_id  offset    = 0xa8	pci reg id  data_size = 0	bar_index      = 0"
123 [140653954590400] INFO perfrun.perfcollector <> - eventId : 30 , dataAddr : a8 , dataVal : 0
123 [140653954590400] INFO perfrun.perfcollector <> - DRY_RUN : "idx = 65	reg_type       = 4	event_id       = 29	reg_id         = a0	reg_value      = 0	pci reg_id  offset    = 0xa0	pci reg id  data_size = 0	bar_index      = 0"
123 [140653954590400] INFO perfrun.perfcollector <> - eventId : 29 , dataAddr : a0 , dataVal : 0
123 [140653954590400] INFO perfrun.perfcollector <> - DRY_RUN : "idx = 66	reg_type       = 4	event_id       = 30	reg_id         = a8	reg_value      = 0	pci reg_id  offset    = 0xa8	pci reg id  data_size = 0	bar_index      = 0"
123 [140653954590400] INFO perfrun.perfcollector <> - eventId : 30 , dataAddr : a8 , dataVal : 0
123 [140653954590400] INFO perfrun.perfcollector <> - DRY_RUN : "idx = 70	reg_type       = 4	event_id       = 29	reg_id         = a0	reg_value      = 0	pci reg_id  offset    = 0xa0	pci reg id  data_size = 0	bar_index      = 0"
123 [140653954590400] INFO perfrun.perfcollector <> - eventId : 29 , dataAddr : a0 , dataVal : 0
123 [140653954590400] INFO perfrun.perfcollector <> - DRY_RUN : "idx = 71	reg_type       = 4	event_id       = 30	reg_id         = a8	reg_value      = 0	pci reg_id  offset    = 0xa8	pci reg id  data_size = 0	bar_index      = 0"
123 [140653954590400] INFO perfrun.perfcollector <> - eventId : 30 , dataAddr : a8 , dataVal : 0
123 [140653954590400] INFO perfrun.perfcollector <> - DRY_RUN : "idx = 75	reg_type       = 4	event_id       = 29	reg_id         = a0	reg_value      = 0	pci reg_id  offset    = 0xa0	pci reg id  data_size = 0	bar_index      = 0"
123 [140653954590400] INFO perfrun.perfcollector <> - eventId : 29 , dataAddr : a0 , dataVal : 0
123 [140653954590400] INFO perfrun.perfcollector <> - DRY_RUN : "idx = 76	reg_type       = 4	event_id       = 30	reg_id         = a8	reg_value      = 0	pci reg_id  offset    = 0xa8	pci reg id  data_size = 0	bar_index      = 0"
123 [140653954590400] INFO perfrun.perfcollector <> - eventId : 30 , dataAddr : a8 , dataVal : 0
123 [140653954590400] INFO perfrun.perfcollector <> - DRY_RUN : "idx = 80	reg_type       = 4	event_id       = 29	reg_id         = a0	reg_value      = 0	pci reg_id  offset    = 0xa0	pci reg id  data_size = 0	bar_index      = 0"
123 [140653954590400] INFO perfrun.perfcollector <> - eventId : 29 , dataAddr : a0 , dataVal : 0
123 [140653954590400] INFO perfrun.perfcollector <> - DRY_RUN : "idx = 81	reg_type       = 4	event_id       = 30	reg_id         = a8	reg_value      = 0	pci reg_id  offset    = 0xa8	pci reg id  data_size = 0	bar_index      = 0"
123 [140653954590400] INFO perfrun.perfcollector <> - eventId : 30 , dataAddr : a8 , dataVal : 0
123 [140653954590400] INFO perfrun.perfcollector <> - DRY_RUN : "idx = 85	reg_type       = 4	event_id       = 29	reg_id         = a0	reg_value      = 0	pci reg_id  offset    = 0xa0	pci reg id  data_size = 0	bar_index      = 0"
123 [140653954590400] INFO perfrun.perfcollector <> - eventId : 29 , dataAddr : a0 , dataVal : 0
123 [140653954590400] INFO perfrun.perfcollector <> - DRY_RUN : "idx = 86	reg_type       = 4	event_id       = 30	reg_id         = a8	reg_value      = 0	pci reg_id  offset    = 0xa8	pci reg id  data_size = 0	bar_index      = 0"
123 [140653954590400] INFO perfrun.perfcollector <> - eventId : 30 , dataAddr : a8 , dataVal : 0
123 [140653954590400] INFO perfrun.perfcollector <> - pmu config : cpu , m_cccrAddr : ffffffff , m_cccrVal : 0 , m_escrAddr : ffffffff , m_escrVal : 0 , m_dataAddr : 30a , m_dataVal : ffffffffffdce7a0
123 [140653954590400] INFO perfrun.perfcollector <> - config : event : 3c
123 [140653954590400] INFO perfrun.perfcollector <> - config : pc : 0
123 [140653954590400] INFO perfrun.perfcollector <> - config : edge : 0
123 [140653954590400] INFO perfrun.perfcollector <> - config : any : 0
123 [140653954590400] INFO perfrun.perfcollector <> - config1 : offcore_rsp : 0
123 [140653954590400] INFO perfrun.perfcollector <> - config1 : ldlat : 0
123 [140653954590400] INFO perfrun.perfcollector <> - config : inv : 0
123 [140653954590400] INFO perfrun.perfcollector <> - config : umask : 0
123 [140653954590400] INFO perfrun.perfcollector <> - config : cmask : 0
123 [140653954590400] INFO perfrun.perfcollector <> - format : cpu/event=0x3c,name='CPU_CLK_UNHALTED.THREAD'/D
123 [140653954590400] INFO perfrun.perfcollector <> - pmu config : cpu , m_cccrAddr : ffffffff , m_cccrVal : 0 , m_escrAddr : ffffffff , m_escrVal : 0 , m_dataAddr : 30b , m_dataVal : ffffffffffdce7a0
123 [140653954590400] INFO perfrun.perfcollector <> - config : event : 0
123 [140653954590400] INFO perfrun.perfcollector <> - config : pc : 0
123 [140653954590400] INFO perfrun.perfcollector <> - config : edge : 0
123 [140653954590400] INFO perfrun.perfcollector <> - config : any : 0
123 [140653954590400] INFO perfrun.perfcollector <> - config1 : offcore_rsp : 0
123 [140653954590400] INFO perfrun.perfcollector <> - config1 : ldlat : 0
123 [140653954590400] INFO perfrun.perfcollector <> - config : inv : 0
123 [140653954590400] INFO perfrun.perfcollector <> - config : umask : 3
123 [140653954590400] INFO perfrun.perfcollector <> - config : cmask : 0
123 [140653954590400] INFO perfrun.perfcollector <> - format : cpu/umask=0x3,name='CPU_CLK_UNHALTED.REF_TSC'/D
123 [140653954590400] INFO perfrun.perfcollector <> - pmu config : cpu , m_cccrAddr : ffffffff , m_cccrVal : 0 , m_escrAddr : ffffffff , m_escrVal : 0 , m_dataAddr : 309 , m_dataVal : ffffffffffdce7a0
124 [140653954590400] INFO perfrun.perfcollector <> - config : event : c0
124 [140653954590400] INFO perfrun.perfcollector <> - config : pc : 0
124 [140653954590400] INFO perfrun.perfcollector <> - config : edge : 0
124 [140653954590400] INFO perfrun.perfcollector <> - config : any : 0
124 [140653954590400] INFO perfrun.perfcollector <> - config1 : offcore_rsp : 0
124 [140653954590400] INFO perfrun.perfcollector <> - config1 : ldlat : 0
124 [140653954590400] INFO perfrun.perfcollector <> - config : inv : 0
124 [140653954590400] INFO perfrun.perfcollector <> - config : umask : 0
124 [140653954590400] INFO perfrun.perfcollector <> - config : cmask : 0
124 [140653954590400] INFO perfrun.perfcollector <> - format : cpu/event=0xc0,name='INST_RETIRED.ANY'/D
124 [140653954590400] INFO perfrun.perfcollector <> - pmu config : cpu , m_cccrAddr : 188 , m_cccrVal : c530ca3 , m_escrAddr : ffffffff , m_escrVal : 0 , m_dataAddr : c3 , m_dataVal : ffffffffffe17b7d
124 [140653954590400] INFO perfrun.perfcollector <> - config : event : a3
124 [140653954590400] INFO perfrun.perfcollector <> - config : pc : 0
124 [140653954590400] INFO perfrun.perfcollector <> - config : edge : 0
124 [140653954590400] INFO perfrun.perfcollector <> - config : any : 0
124 [140653954590400] INFO perfrun.perfcollector <> - config1 : offcore_rsp : 0
124 [140653954590400] INFO perfrun.perfcollector <> - config1 : ldlat : 0
124 [140653954590400] INFO perfrun.perfcollector <> - config : inv : 0
124 [140653954590400] INFO perfrun.perfcollector <> - config : umask : c
124 [140653954590400] INFO perfrun.perfcollector <> - config : cmask : c
124 [140653954590400] INFO perfrun.perfcollector <> - format : cpu/event=0xa3,umask=0xc,cmask=0xc,name='CYCLE_ACTIVITY.STALLS_L1D_PENDING'/
124 [140653954590400] INFO perfrun.perfcollector <> - pmu config : cpu , m_cccrAddr : 186 , m_cccrVal : 53013c , m_escrAddr : ffffffff , m_escrVal : 0 , m_dataAddr : c1 , m_dataVal : fffffffffffe795d
124 [140653954590400] INFO perfrun.perfcollector <> - config : event : 3c
124 [140653954590400] INFO perfrun.perfcollector <> - config : pc : 0
124 [140653954590400] INFO perfrun.perfcollector <> - config : edge : 0
124 [140653954590400] INFO perfrun.perfcollector <> - config : any : 0
124 [140653954590400] INFO perfrun.perfcollector <> - config1 : offcore_rsp : 0
124 [140653954590400] INFO perfrun.perfcollector <> - config1 : ldlat : 0
124 [140653954590400] INFO perfrun.perfcollector <> - config : inv : 0
124 [140653954590400] INFO perfrun.perfcollector <> - config : umask : 1
124 [140653954590400] INFO perfrun.perfcollector <> - config : cmask : 0
124 [140653954590400] INFO perfrun.perfcollector <> - format : cpu/event=0x3c,umask=0x1,name='CPU_CLK_UNHALTED.REF_XCLK'/
124 [140653954590400] INFO perfrun.perfcollector <> - pmu config : cpu , m_cccrAddr : 187 , m_cccrVal : 53023c , m_escrAddr : ffffffff , m_escrVal : 0 , m_dataAddr : c2 , m_dataVal : fffffffffffe795d
124 [140653954590400] INFO perfrun.perfcollector <> - config : event : 3c
124 [140653954590400] INFO perfrun.perfcollector <> - config : pc : 0
124 [140653954590400] INFO perfrun.perfcollector <> - config : edge : 0
124 [140653954590400] INFO perfrun.perfcollector <> - config : any : 0
124 [140653954590400] INFO perfrun.perfcollector <> - config1 : offcore_rsp : 0
124 [140653954590400] INFO perfrun.perfcollector <> - config1 : ldlat : 0
124 [140653954590400] INFO perfrun.perfcollector <> - config : inv : 0
124 [140653954590400] INFO perfrun.perfcollector <> - config : umask : 2
124 [140653954590400] INFO perfrun.perfcollector <> - config : cmask : 0
124 [140653954590400] INFO perfrun.perfcollector <> - format : cpu/event=0x3c,umask=0x2,name='CPU_CLK_UNHALTED.ONE_THREAD_ACTIVE'/
124 [140653954590400] INFO perfrun.perfcollector <> - pmu config : cpu , m_cccrAddr : 189 , m_cccrVal : 5302c2 , m_escrAddr : ffffffff , m_escrVal : 0 , m_dataAddr : c4 , m_dataVal : ffffffffffe17b7d
124 [140653954590400] INFO perfrun.perfcollector <> - config : event : c2
124 [140653954590400] INFO perfrun.perfcollector <> - config : pc : 0
124 [140653954590400] INFO perfrun.perfcollector <> - config : edge : 0
124 [140653954590400] INFO perfrun.perfcollector <> - config : any : 0
124 [140653954590400] INFO perfrun.perfcollector <> - config1 : offcore_rsp : 0
124 [140653954590400] INFO perfrun.perfcollector <> - config1 : ldlat : 0
124 [140653954590400] INFO perfrun.perfcollector <> - config : inv : 0
124 [140653954590400] INFO perfrun.perfcollector <> - config : umask : 2
124 [140653954590400] INFO perfrun.perfcollector <> - config : cmask : 0
124 [140653954590400] INFO perfrun.perfcollector <> - format : cpu/event=0xc2,umask=0x2,name='UOPS_RETIRED.RETIRE_SLOTS'/
124 [140653954590400] INFO perfrun.perfcollector <> - pmu config : cpu , m_cccrAddr : 186 , m_cccrVal : 45304a3 , m_escrAddr : ffffffff , m_escrVal : 0 , m_dataAddr : c1 , m_dataVal : ffffffffffe17b7d
124 [140653954590400] INFO perfrun.perfcollector <> - config : event : a3
124 [140653954590400] INFO perfrun.perfcollector <> - config : pc : 0
124 [140653954590400] INFO perfrun.perfcollector <> - config : edge : 0
124 [140653954590400] INFO perfrun.perfcollector <> - config : any : 0
124 [140653954590400] INFO perfrun.perfcollector <> - config1 : offcore_rsp : 0
124 [140653954590400] INFO perfrun.perfcollector <> - config1 : ldlat : 0
124 [140653954590400] INFO perfrun.perfcollector <> - config : inv : 0
124 [140653954590400] INFO perfrun.perfcollector <> - config : umask : 4
124 [140653954590400] INFO perfrun.perfcollector <> - config : cmask : 4
124 [140653954590400] INFO perfrun.perfcollector <> - format : cpu/event=0xa3,umask=0x4,cmask=0x4,name='CYCLE_ACTIVITY.CYCLES_NO_EXECUTE'/
124 [140653954590400] INFO perfrun.perfcollector <> - pmu config : cpu , m_cccrAddr : 187 , m_cccrVal : 65306a3 , m_escrAddr : ffffffff , m_escrVal : 0 , m_dataAddr : c2 , m_dataVal : ffffffffffe17b7d
124 [140653954590400] INFO perfrun.perfcollector <> - config : event : a3
124 [140653954590400] INFO perfrun.perfcollector <> - config : pc : 0
124 [140653954590400] INFO perfrun.perfcollector <> - config : edge : 0
124 [140653954590400] INFO perfrun.perfcollector <> - config : any : 0
124 [140653954590400] INFO perfrun.perfcollector <> - config1 : offcore_rsp : 0
124 [140653954590400] INFO perfrun.perfcollector <> - config1 : ldlat : 0
124 [140653954590400] INFO perfrun.perfcollector <> - config : inv : 0
124 [140653954590400] INFO perfrun.perfcollector <> - config : umask : 6
124 [140653954590400] INFO perfrun.perfcollector <> - config : cmask : 6
124 [140653954590400] INFO perfrun.perfcollector <> - format : cpu/event=0xa3,umask=0x6,cmask=0x6,name='CYCLE_ACTIVITY.STALLS_LDM_PENDING'/
124 [140653954590400] INFO perfrun.perfcollector <> - pmu config : cpu , m_cccrAddr : 188 , m_cccrVal : 55305a3 , m_escrAddr : ffffffff , m_escrVal : 0 , m_dataAddr : c3 , m_dataVal : ffffffffffe17b7d
124 [140653954590400] INFO perfrun.perfcollector <> - config : event : a3
124 [140653954590400] INFO perfrun.perfcollector <> - config : pc : 0
124 [140653954590400] INFO perfrun.perfcollector <> - config : edge : 0
124 [140653954590400] INFO perfrun.perfcollector <> - config : any : 0
124 [140653954590400] INFO perfrun.perfcollector <> - config1 : offcore_rsp : 0
124 [140653954590400] INFO perfrun.perfcollector <> - config1 : ldlat : 0
124 [140653954590400] INFO perfrun.perfcollector <> - config : inv : 0
124 [140653954590400] INFO perfrun.perfcollector <> - config : umask : 5
124 [140653954590400] INFO perfrun.perfcollector <> - config : cmask : 5
124 [140653954590400] INFO perfrun.perfcollector <> - format : cpu/event=0xa3,umask=0x5,cmask=0x5,name='CYCLE_ACTIVITY.STALLS_L2_PENDING'/
124 [140653954590400] INFO perfrun.perfcollector <> - pmu config : cpu , m_cccrAddr : 189 , m_cccrVal : 53019c , m_escrAddr : ffffffff , m_escrVal : 0 , m_dataAddr : c4 , m_dataVal : ffffffffffe17b7d
124 [140653954590400] INFO perfrun.perfcollector <> - config : event : 9c
124 [140653954590400] INFO perfrun.perfcollector <> - config : pc : 0
124 [140653954590400] INFO perfrun.perfcollector <> - config : edge : 0
124 [140653954590400] INFO perfrun.perfcollector <> - config : any : 0
124 [140653954590400] INFO perfrun.perfcollector <> - config1 : offcore_rsp : 0
124 [140653954590400] INFO perfrun.perfcollector <> - config1 : ldlat : 0
124 [140653954590400] INFO perfrun.perfcollector <> - config : inv : 0
124 [140653954590400] INFO perfrun.perfcollector <> - config : umask : 1
124 [140653954590400] INFO perfrun.perfcollector <> - config : cmask : 0
124 [140653954590400] INFO perfrun.perfcollector <> - format : cpu/event=0x9c,umask=0x1,name='IDQ_UOPS_NOT_DELIVERED.CORE'/
124 [140653954590400] INFO perfrun.perfcollector <> - pmu config : cpu , m_cccrAddr : 186 , m_cccrVal : 153030d , m_escrAddr : ffffffff , m_escrVal : 0 , m_dataAddr : c1 , m_dataVal : ffffffffffe17b7d
124 [140653954590400] INFO perfrun.perfcollector <> - config : event : d
124 [140653954590400] INFO perfrun.perfcollector <> - config : pc : 0
124 [140653954590400] INFO perfrun.perfcollector <> - config : edge : 0
124 [140653954590400] INFO perfrun.perfcollector <> - config : any : 0
124 [140653954590400] INFO perfrun.perfcollector <> - config1 : offcore_rsp : 0
124 [140653954590400] INFO perfrun.perfcollector <> - config1 : ldlat : 0
124 [140653954590400] INFO perfrun.perfcollector <> - config : inv : 0
124 [140653954590400] INFO perfrun.perfcollector <> - config : umask : 3
124 [140653954590400] INFO perfrun.perfcollector <> - config : cmask : 1
124 [140653954590400] INFO perfrun.perfcollector <> - format : cpu/event=0xd,umask=0x3,cmask=0x1,name='INT_MISC.RECOVERY_CYCLES'/
124 [140653954590400] INFO perfrun.perfcollector <> - pmu config : cpu , m_cccrAddr : 187 , m_cccrVal : 4304d1 , m_escrAddr : ffffffff , m_escrVal : 0 , m_dataAddr : c2 , m_dataVal : ffffffffffff3cad
124 [140653954590400] INFO perfrun.perfcollector <> - config : event : d1
124 [140653954590400] INFO perfrun.perfcollector <> - config : pc : 0
124 [140653954590400] INFO perfrun.perfcollector <> - config : edge : 0
124 [140653954590400] INFO perfrun.perfcollector <> - config : any : 0
124 [140653954590400] INFO perfrun.perfcollector <> - config1 : offcore_rsp : 0
124 [140653954590400] INFO perfrun.perfcollector <> - config1 : ldlat : 0
124 [140653954590400] INFO perfrun.perfcollector <> - config : inv : 0
124 [140653954590400] INFO perfrun.perfcollector <> - config : umask : 4
124 [140653954590400] INFO perfrun.perfcollector <> - config : cmask : 0
124 [140653954590400] WARN perfrun.perfcollector <> - precise event : config : 4d1 , [m_cccrVal & impreciseMask(0x100000)] : 0, at file: vcs/perfrun1/plugins/perfcollector/src/event_manager.cpp:292
124 [140653954590400] INFO perfrun.perfcollector <> - format : cpu/event=0xd1,umask=0x4,name='MEM_LOAD_UOPS_RETIRED.L3_HIT_PS'/
124 [140653954590400] INFO perfrun.perfcollector <> - pmu config : cpu , m_cccrAddr : 188 , m_cccrVal : 4320d1 , m_escrAddr : ffffffff , m_escrVal : 0 , m_dataAddr : c3 , m_dataVal : ffffffffffff3cad
124 [140653954590400] INFO perfrun.perfcollector <> - config : event : d1
124 [140653954590400] INFO perfrun.perfcollector <> - config : pc : 0
124 [140653954590400] INFO perfrun.perfcollector <> - config : edge : 0
124 [140653954590400] INFO perfrun.perfcollector <> - config : any : 0
124 [140653954590400] INFO perfrun.perfcollector <> - config1 : offcore_rsp : 0
124 [140653954590400] INFO perfrun.perfcollector <> - config1 : ldlat : 0
124 [140653954590400] INFO perfrun.perfcollector <> - config : inv : 0
124 [140653954590400] INFO perfrun.perfcollector <> - config : umask : 20
124 [140653954590400] INFO perfrun.perfcollector <> - config : cmask : 0
124 [140653954590400] WARN perfrun.perfcollector <> - precise event : config : 20d1 , [m_cccrVal & impreciseMask(0x100000)] : 0, at file: vcs/perfrun1/plugins/perfcollector/src/event_manager.cpp:292
124 [140653954590400] INFO perfrun.perfcollector <> - format : cpu/event=0xd1,umask=0x20,name='MEM_LOAD_UOPS_RETIRED.L3_MISS_PS'/
124 [140653954590400] INFO perfrun.perfcollector <> - pmu config : cpu , m_cccrAddr : 189 , m_cccrVal : 1530860 , m_escrAddr : ffffffff , m_escrVal : 0 , m_dataAddr : c4 , m_dataVal : ffffffffffe17b7d
124 [140653954590400] INFO perfrun.perfcollector <> - config : event : 60
124 [140653954590400] INFO perfrun.perfcollector <> - config : pc : 0
124 [140653954590400] INFO perfrun.perfcollector <> - config : edge : 0
124 [140653954590400] INFO perfrun.perfcollector <> - config : any : 0
124 [140653954590400] INFO perfrun.perfcollector <> - config1 : offcore_rsp : 0
124 [140653954590400] INFO perfrun.perfcollector <> - config1 : ldlat : 0
124 [140653954590400] INFO perfrun.perfcollector <> - config : inv : 0
124 [140653954590400] INFO perfrun.perfcollector <> - config : umask : 8
124 [140653954590400] INFO perfrun.perfcollector <> - config : cmask : 1
124 [140653954590400] INFO perfrun.perfcollector <> - format : cpu/event=0x60,umask=0x8,cmask=0x1,name='OFFCORE_REQUESTS_OUTSTANDING.CYCLES_WITH_DATA_RD'/
124 [140653954590400] INFO perfrun.perfcollector <> - pmu config : cpu , m_cccrAddr : 186 , m_cccrVal : 6530860 , m_escrAddr : ffffffff , m_escrVal : 0 , m_dataAddr : c1 , m_dataVal : ffffffffffe17b7d
124 [140653954590400] INFO perfrun.perfcollector <> - config : event : 60
124 [140653954590400] INFO perfrun.perfcollector <> - config : pc : 0
124 [140653954590400] INFO perfrun.perfcollector <> - config : edge : 0
124 [140653954590400] INFO perfrun.perfcollector <> - config : any : 0
124 [140653954590400] INFO perfrun.perfcollector <> - config1 : offcore_rsp : 0
124 [140653954590400] INFO perfrun.perfcollector <> - config1 : ldlat : 0
124 [140653954590400] INFO perfrun.perfcollector <> - config : inv : 0
124 [140653954590400] INFO perfrun.perfcollector <> - config : umask : 8
124 [140653954590400] INFO perfrun.perfcollector <> - config : cmask : 6
124 [140653954590400] INFO perfrun.perfcollector <> - format : cpu/event=0x60,umask=0x8,cmask=0x6,name='OFFCORE_REQUESTS_OUTSTANDING.ALL_DATA_RD:cmask=6'/
124 [140653954590400] INFO perfrun.perfcollector <> - pmu config : cpu , m_cccrAddr : 187 , m_cccrVal : 5308a2 , m_escrAddr : ffffffff , m_escrVal : 0 , m_dataAddr : c2 , m_dataVal : ffffffffffe17b7d
124 [140653954590400] INFO perfrun.perfcollector <> - config : event : a2
124 [140653954590400] INFO perfrun.perfcollector <> - config : pc : 0
124 [140653954590400] INFO perfrun.perfcollector <> - config : edge : 0
124 [140653954590400] INFO perfrun.perfcollector <> - config : any : 0
124 [140653954590400] INFO perfrun.perfcollector <> - config1 : offcore_rsp : 0
124 [140653954590400] INFO perfrun.perfcollector <> - config1 : ldlat : 0
124 [140653954590400] INFO perfrun.perfcollector <> - config : inv : 0
124 [140653954590400] INFO perfrun.perfcollector <> - config : umask : 8
124 [140653954590400] INFO perfrun.perfcollector <> - config : cmask : 0
124 [140653954590400] INFO perfrun.perfcollector <> - format : cpu/event=0xa2,umask=0x8,name='RESOURCE_STALLS.SB'/
124 [140653954590400] INFO perfrun.perfcollector <> - pmu config : cpu , m_cccrAddr : 188 , m_cccrVal : 53015e , m_escrAddr : ffffffff , m_escrVal : 0 , m_dataAddr : c3 , m_dataVal : ffffffffffe17b7d
124 [140653954590400] INFO perfrun.perfcollector <> - config : event : 5e
124 [140653954590400] INFO perfrun.perfcollector <> - config : pc : 0
124 [140653954590400] INFO perfrun.perfcollector <> - config : edge : 0
124 [140653954590400] INFO perfrun.perfcollector <> - config : any : 0
124 [140653954590400] INFO perfrun.perfcollector <> - config1 : offcore_rsp : 0
124 [140653954590400] INFO perfrun.perfcollector <> - config1 : ldlat : 0
124 [140653954590400] INFO perfrun.perfcollector <> - config : inv : 0
124 [140653954590400] INFO perfrun.perfcollector <> - config : umask : 1
124 [140653954590400] INFO perfrun.perfcollector <> - config : cmask : 0
124 [140653954590400] INFO perfrun.perfcollector <> - format : cpu/event=0x5e,umask=0x1,name='RS_EVENTS.EMPTY_CYCLES'/
124 [140653954590400] INFO perfrun.perfcollector <> - pmu config : cpu , m_cccrAddr : 189 , m_cccrVal : 15302b1 , m_escrAddr : ffffffff , m_escrVal : 0 , m_dataAddr : c4 , m_dataVal : ffffffffffe17b7d
124 [140653954590400] INFO perfrun.perfcollector <> - config : event : b1
124 [140653954590400] INFO perfrun.perfcollector <> - config : pc : 0
124 [140653954590400] INFO perfrun.perfcollector <> - config : edge : 0
124 [140653954590400] INFO perfrun.perfcollector <> - config : any : 0
124 [140653954590400] INFO perfrun.perfcollector <> - config1 : offcore_rsp : 0
124 [140653954590400] INFO perfrun.perfcollector <> - config1 : ldlat : 0
124 [140653954590400] INFO perfrun.perfcollector <> - config : inv : 0
124 [140653954590400] INFO perfrun.perfcollector <> - config : umask : 2
124 [140653954590400] INFO perfrun.perfcollector <> - config : cmask : 1
124 [140653954590400] INFO perfrun.perfcollector <> - format : cpu/event=0xb1,umask=0x2,cmask=0x1,name='UOPS_EXECUTED.CORE:cmask=1'/
124 [140653954590400] INFO perfrun.perfcollector <> - pmu config : cpu , m_cccrAddr : 186 , m_cccrVal : 25302b1 , m_escrAddr : ffffffff , m_escrVal : 0 , m_dataAddr : c1 , m_dataVal : ffffffffffe17b7d
124 [140653954590400] INFO perfrun.perfcollector <> - config : event : b1
124 [140653954590400] INFO perfrun.perfcollector <> - config : pc : 0
124 [140653954590400] INFO perfrun.perfcollector <> - config : edge : 0
124 [140653954590400] INFO perfrun.perfcollector <> - config : any : 0
124 [140653954590400] INFO perfrun.perfcollector <> - config1 : offcore_rsp : 0
124 [140653954590400] INFO perfrun.perfcollector <> - config1 : ldlat : 0
124 [140653954590400] INFO perfrun.perfcollector <> - config : inv : 0
124 [140653954590400] INFO perfrun.perfcollector <> - config : umask : 2
124 [140653954590400] INFO perfrun.perfcollector <> - config : cmask : 2
124 [140653954590400] INFO perfrun.perfcollector <> - format : cpu/event=0xb1,umask=0x2,cmask=0x2,name='UOPS_EXECUTED.CORE:cmask=2'/
124 [140653954590400] INFO perfrun.perfcollector <> - pmu config : cpu , m_cccrAddr : 187 , m_cccrVal : 35302b1 , m_escrAddr : ffffffff , m_escrVal : 0 , m_dataAddr : c2 , m_dataVal : ffffffffffe17b7d
124 [140653954590400] INFO perfrun.perfcollector <> - config : event : b1
124 [140653954590400] INFO perfrun.perfcollector <> - config : pc : 0
124 [140653954590400] INFO perfrun.perfcollector <> - config : edge : 0
124 [140653954590400] INFO perfrun.perfcollector <> - config : any : 0
124 [140653954590400] INFO perfrun.perfcollector <> - config1 : offcore_rsp : 0
124 [140653954590400] INFO perfrun.perfcollector <> - config1 : ldlat : 0
124 [140653954590400] INFO perfrun.perfcollector <> - config : inv : 0
124 [140653954590400] INFO perfrun.perfcollector <> - config : umask : 2
124 [140653954590400] INFO perfrun.perfcollector <> - config : cmask : 3
124 [140653954590400] INFO perfrun.perfcollector <> - format : cpu/event=0xb1,umask=0x2,cmask=0x3,name='UOPS_EXECUTED.CORE:cmask=3'/
124 [140653954590400] INFO perfrun.perfcollector <> - pmu config : cpu , m_cccrAddr : 188 , m_cccrVal : 53010e , m_escrAddr : ffffffff , m_escrVal : 0 , m_dataAddr : c3 , m_dataVal : ffffffffffe17b7d
124 [140653954590400] INFO perfrun.perfcollector <> - config : event : e
124 [140653954590400] INFO perfrun.perfcollector <> - config : pc : 0
124 [140653954590400] INFO perfrun.perfcollector <> - config : edge : 0
124 [140653954590400] INFO perfrun.perfcollector <> - config : any : 0
124 [140653954590400] INFO perfrun.perfcollector <> - config1 : offcore_rsp : 0
124 [140653954590400] INFO perfrun.perfcollector <> - config1 : ldlat : 0
124 [140653954590400] INFO perfrun.perfcollector <> - config : inv : 0
124 [140653954590400] INFO perfrun.perfcollector <> - config : umask : 1
124 [140653954590400] INFO perfrun.perfcollector <> - config : cmask : 0
124 [140653954590400] INFO perfrun.perfcollector <> - format : cpu/event=0xe,umask=0x1,name='UOPS_ISSUED.ANY'/
124 [140653954590400] INFO perfrun.perfcollector <> - pmu config : cpu , m_cccrAddr : 189 , m_cccrVal : 453019c , m_escrAddr : ffffffff , m_escrVal : 0 , m_dataAddr : c4 , m_dataVal : ffffffffffe17b7d
124 [140653954590400] INFO perfrun.perfcollector <> - config : event : 9c
124 [140653954590400] INFO perfrun.perfcollector <> - config : pc : 0
124 [140653954590400] INFO perfrun.perfcollector <> - config : edge : 0
124 [140653954590400] INFO perfrun.perfcollector <> - config : any : 0
124 [140653954590400] INFO perfrun.perfcollector <> - config1 : offcore_rsp : 0
124 [140653954590400] INFO perfrun.perfcollector <> - config1 : ldlat : 0
124 [140653954590400] INFO perfrun.perfcollector <> - config : inv : 0
124 [140653954590400] INFO perfrun.perfcollector <> - config : umask : 1
124 [140653954590400] INFO perfrun.perfcollector <> - config : cmask : 4
124 [140653954590400] INFO perfrun.perfcollector <> - format : cpu/event=0x9c,umask=0x1,cmask=0x4,name='IDQ_UOPS_NOT_DELIVERED.CYCLES_0_UOPS_DELIV.CORE'/
124 [140653954590400] INFO perfrun.perfcollector <> - pmu config : cpu , m_cccrAddr : 186 , m_cccrVal : 4381d0 , m_escrAddr : ffffffff , m_escrVal : 0 , m_dataAddr : c1 , m_dataVal : fffffffffffe795d
124 [140653954590400] INFO perfrun.perfcollector <> - config : event : d0
124 [140653954590400] INFO perfrun.perfcollector <> - config : pc : 0
124 [140653954590400] INFO perfrun.perfcollector <> - config : edge : 0
124 [140653954590400] INFO perfrun.perfcollector <> - config : any : 0
124 [140653954590400] INFO perfrun.perfcollector <> - config1 : offcore_rsp : 0
124 [140653954590400] INFO perfrun.perfcollector <> - config1 : ldlat : 0
124 [140653954590400] INFO perfrun.perfcollector <> - config : inv : 0
124 [140653954590400] INFO perfrun.perfcollector <> - config : umask : 81
124 [140653954590400] INFO perfrun.perfcollector <> - config : cmask : 0
124 [140653954590400] WARN perfrun.perfcollector <> - precise event : config : 81d0 , [m_cccrVal & impreciseMask(0x100000)] : 0, at file: vcs/perfrun1/plugins/perfcollector/src/event_manager.cpp:292
124 [140653954590400] INFO perfrun.perfcollector <> - format : cpu/event=0xd0,umask=0x81,name='MEM_UOPS_RETIRED.ALL_LOADS_PS'/
124 [140653954590400] INFO perfrun.perfcollector <> - pmu config : cpu , m_cccrAddr : 187 , m_cccrVal : 4382d0 , m_escrAddr : ffffffff , m_escrVal : 0 , m_dataAddr : c2 , m_dataVal : fffffffffffe795d
124 [140653954590400] INFO perfrun.perfcollector <> - config : event : d0
124 [140653954590400] INFO perfrun.perfcollector <> - config : pc : 0
124 [140653954590400] INFO perfrun.perfcollector <> - config : edge : 0
124 [140653954590400] INFO perfrun.perfcollector <> - config : any : 0
124 [140653954590400] INFO perfrun.perfcollector <> - config1 : offcore_rsp : 0
124 [140653954590400] INFO perfrun.perfcollector <> - config1 : ldlat : 0
124 [140653954590400] INFO perfrun.perfcollector <> - config : inv : 0
124 [140653954590400] INFO perfrun.perfcollector <> - config : umask : 82
125 [140653954590400] INFO perfrun.perfcollector <> - config : cmask : 0
125 [140653954590400] WARN perfrun.perfcollector <> - precise event : config : 82d0 , [m_cccrVal & impreciseMask(0x100000)] : 0, at file: vcs/perfrun1/plugins/perfcollector/src/event_manager.cpp:292
125 [140653954590400] INFO perfrun.perfcollector <> - format : cpu/event=0xd0,umask=0x82,name='MEM_UOPS_RETIRED.ALL_STORES_PS'/
125 [140653954590400] INFO perfrun.perfcollector <> - pmu config : cpu , m_cccrAddr : 188 , m_cccrVal : 4301d3 , m_escrAddr : ffffffff , m_escrVal : 0 , m_dataAddr : c3 , m_dataVal : fffffffffffe795d
125 [140653954590400] INFO perfrun.perfcollector <> - config : event : d3
125 [140653954590400] INFO perfrun.perfcollector <> - config : pc : 0
125 [140653954590400] INFO perfrun.perfcollector <> - config : edge : 0
125 [140653954590400] INFO perfrun.perfcollector <> - config : any : 0
125 [140653954590400] INFO perfrun.perfcollector <> - config1 : offcore_rsp : 0
125 [140653954590400] INFO perfrun.perfcollector <> - config1 : ldlat : 0
125 [140653954590400] INFO perfrun.perfcollector <> - config : inv : 0
125 [140653954590400] INFO perfrun.perfcollector <> - config : umask : 1
125 [140653954590400] INFO perfrun.perfcollector <> - config : cmask : 0
125 [140653954590400] WARN perfrun.perfcollector <> - precise event : config : 1d3 , [m_cccrVal & impreciseMask(0x100000)] : 0, at file: vcs/perfrun1/plugins/perfcollector/src/event_manager.cpp:292
125 [140653954590400] INFO perfrun.perfcollector <> - format : cpu/event=0xd3,umask=0x1,name='MEM_LOAD_UOPS_L3_MISS_RETIRED.LOCAL_DRAM_PS'/
125 [140653954590400] INFO perfrun.perfcollector <> - pmu config : cpu , m_cccrAddr : 189 , m_cccrVal : 4304d3 , m_escrAddr : ffffffff , m_escrVal : 0 , m_dataAddr : c4 , m_dataVal : fffffffffffe795d
125 [140653954590400] INFO perfrun.perfcollector <> - config : event : d3
125 [140653954590400] INFO perfrun.perfcollector <> - config : pc : 0
125 [140653954590400] INFO perfrun.perfcollector <> - config : edge : 0
125 [140653954590400] INFO perfrun.perfcollector <> - config : any : 0
125 [140653954590400] INFO perfrun.perfcollector <> - config1 : offcore_rsp : 0
125 [140653954590400] INFO perfrun.perfcollector <> - config1 : ldlat : 0
125 [140653954590400] INFO perfrun.perfcollector <> - config : inv : 0
125 [140653954590400] INFO perfrun.perfcollector <> - config : umask : 4
125 [140653954590400] INFO perfrun.perfcollector <> - config : cmask : 0
125 [140653954590400] WARN perfrun.perfcollector <> - precise event : config : 4d3 , [m_cccrVal & impreciseMask(0x100000)] : 0, at file: vcs/perfrun1/plugins/perfcollector/src/event_manager.cpp:292
125 [140653954590400] INFO perfrun.perfcollector <> - format : cpu/event=0xd3,umask=0x4,name='MEM_LOAD_UOPS_L3_MISS_RETIRED.REMOTE_DRAM_PS'/
125 [140653954590400] INFO perfrun.perfcollector <> - pmu config : cpu , m_cccrAddr : 186 , m_cccrVal : 4310d3 , m_escrAddr : ffffffff , m_escrVal : 0 , m_dataAddr : c1 , m_dataVal : fffffffffffe795d
125 [140653954590400] INFO perfrun.perfcollector <> - config : event : d3
125 [140653954590400] INFO perfrun.perfcollector <> - config : pc : 0
125 [140653954590400] INFO perfrun.perfcollector <> - config : edge : 0
125 [140653954590400] INFO perfrun.perfcollector <> - config : any : 0
125 [140653954590400] INFO perfrun.perfcollector <> - config1 : offcore_rsp : 0
125 [140653954590400] INFO perfrun.perfcollector <> - config1 : ldlat : 0
125 [140653954590400] INFO perfrun.perfcollector <> - config : inv : 0
125 [140653954590400] INFO perfrun.perfcollector <> - config : umask : 10
125 [140653954590400] INFO perfrun.perfcollector <> - config : cmask : 0
125 [140653954590400] WARN perfrun.perfcollector <> - precise event : config : 10d3 , [m_cccrVal & impreciseMask(0x100000)] : 0, at file: vcs/perfrun1/plugins/perfcollector/src/event_manager.cpp:292
125 [140653954590400] INFO perfrun.perfcollector <> - format : cpu/event=0xd3,umask=0x10,name='MEM_LOAD_UOPS_L3_MISS_RETIRED.REMOTE_HITM_PS'/
125 [140653954590400] INFO perfrun.perfcollector <> - pmu config : cpu , m_cccrAddr : 187 , m_cccrVal : 4320d3 , m_escrAddr : ffffffff , m_escrVal : 0 , m_dataAddr : c2 , m_dataVal : fffffffffffe795d
125 [140653954590400] INFO perfrun.perfcollector <> - config : event : d3
125 [140653954590400] INFO perfrun.perfcollector <> - config : pc : 0
125 [140653954590400] INFO perfrun.perfcollector <> - config : edge : 0
125 [140653954590400] INFO perfrun.perfcollector <> - config : any : 0
125 [140653954590400] INFO perfrun.perfcollector <> - config1 : offcore_rsp : 0
125 [140653954590400] INFO perfrun.perfcollector <> - config1 : ldlat : 0
125 [140653954590400] INFO perfrun.perfcollector <> - config : inv : 0
125 [140653954590400] INFO perfrun.perfcollector <> - config : umask : 20
125 [140653954590400] INFO perfrun.perfcollector <> - config : cmask : 0
125 [140653954590400] WARN perfrun.perfcollector <> - precise event : config : 20d3 , [m_cccrVal & impreciseMask(0x100000)] : 0, at file: vcs/perfrun1/plugins/perfcollector/src/event_manager.cpp:292
125 [140653954590400] INFO perfrun.perfcollector <> - format : cpu/event=0xd3,umask=0x20,name='MEM_LOAD_UOPS_L3_MISS_RETIRED.REMOTE_FWD_PS'/
125 [140653954590400] INFO perfrun.perfcollector <> - pmu config : uncore_imc_0 , m_cccrAddr : d8 , m_cccrVal : 400304 , m_escrAddr : ffffffff , m_escrVal : 0 , m_dataAddr : a0 , m_dataVal : 0
125 [140653954590400] INFO perfrun.perfcollector <> - config : event : 4
125 [140653954590400] INFO perfrun.perfcollector <> - config : edge : 0
125 [140653954590400] INFO perfrun.perfcollector <> - config : inv : 0
125 [140653954590400] INFO perfrun.perfcollector <> - config : umask : 3
125 [140653954590400] INFO perfrun.perfcollector <> - config : thresh : 0
125 [140653954590400] INFO perfrun.perfcollector <> - format : uncore_imc_0/event=0x4,umask=0x3,name='UNC_M_CAS_COUNT.RD[UNIT0]'/
125 [140653954590400] INFO perfrun.perfcollector <> - pmu config : uncore_imc_1 , m_cccrAddr : d8 , m_cccrVal : 400304 , m_escrAddr : ffffffff , m_escrVal : 0 , m_dataAddr : a0 , m_dataVal : 0
125 [140653954590400] INFO perfrun.perfcollector <> - config : event : 4
125 [140653954590400] INFO perfrun.perfcollector <> - config : edge : 0
125 [140653954590400] INFO perfrun.perfcollector <> - config : inv : 0
125 [140653954590400] INFO perfrun.perfcollector <> - config : umask : 3
125 [140653954590400] INFO perfrun.perfcollector <> - config : thresh : 0
125 [140653954590400] INFO perfrun.perfcollector <> - format : uncore_imc_1/event=0x4,umask=0x3,name='UNC_M_CAS_COUNT.RD[UNIT1]'/
125 [140653954590400] INFO perfrun.perfcollector <> - pmu config : uncore_imc_4 , m_cccrAddr : d8 , m_cccrVal : 400304 , m_escrAddr : ffffffff , m_escrVal : 0 , m_dataAddr : a0 , m_dataVal : 0
125 [140653954590400] INFO perfrun.perfcollector <> - config : event : 4
125 [140653954590400] INFO perfrun.perfcollector <> - config : edge : 0
125 [140653954590400] INFO perfrun.perfcollector <> - config : inv : 0
125 [140653954590400] INFO perfrun.perfcollector <> - config : umask : 3
125 [140653954590400] INFO perfrun.perfcollector <> - config : thresh : 0
125 [140653954590400] INFO perfrun.perfcollector <> - format : uncore_imc_4/event=0x4,umask=0x3,name='UNC_M_CAS_COUNT.RD[UNIT4]'/
125 [140653954590400] INFO perfrun.perfcollector <> - pmu config : uncore_imc_5 , m_cccrAddr : d8 , m_cccrVal : 400304 , m_escrAddr : ffffffff , m_escrVal : 0 , m_dataAddr : a0 , m_dataVal : 0
125 [140653954590400] INFO perfrun.perfcollector <> - config : event : 4
125 [140653954590400] INFO perfrun.perfcollector <> - config : edge : 0
125 [140653954590400] INFO perfrun.perfcollector <> - config : inv : 0
125 [140653954590400] INFO perfrun.perfcollector <> - config : umask : 3
125 [140653954590400] INFO perfrun.perfcollector <> - config : thresh : 0
125 [140653954590400] INFO perfrun.perfcollector <> - format : uncore_imc_5/event=0x4,umask=0x3,name='UNC_M_CAS_COUNT.RD[UNIT5]'/
125 [140653954590400] INFO perfrun.perfcollector <> - pmu config : uncore_imc_0 , m_cccrAddr : dc , m_cccrVal : 400c04 , m_escrAddr : ffffffff , m_escrVal : 0 , m_dataAddr : a8 , m_dataVal : 0
125 [140653954590400] INFO perfrun.perfcollector <> - config : event : 4
125 [140653954590400] INFO perfrun.perfcollector <> - config : edge : 0
125 [140653954590400] INFO perfrun.perfcollector <> - config : inv : 0
125 [140653954590400] INFO perfrun.perfcollector <> - config : umask : c
125 [140653954590400] INFO perfrun.perfcollector <> - config : thresh : 0
125 [140653954590400] INFO perfrun.perfcollector <> - format : uncore_imc_0/event=0x4,umask=0xc,name='UNC_M_CAS_COUNT.WR[UNIT0]'/
125 [140653954590400] INFO perfrun.perfcollector <> - pmu config : uncore_imc_1 , m_cccrAddr : dc , m_cccrVal : 400c04 , m_escrAddr : ffffffff , m_escrVal : 0 , m_dataAddr : a8 , m_dataVal : 0
125 [140653954590400] INFO perfrun.perfcollector <> - config : event : 4
125 [140653954590400] INFO perfrun.perfcollector <> - config : edge : 0
125 [140653954590400] INFO perfrun.perfcollector <> - config : inv : 0
125 [140653954590400] INFO perfrun.perfcollector <> - config : umask : c
125 [140653954590400] INFO perfrun.perfcollector <> - config : thresh : 0
125 [140653954590400] INFO perfrun.perfcollector <> - format : uncore_imc_1/event=0x4,umask=0xc,name='UNC_M_CAS_COUNT.WR[UNIT1]'/
125 [140653954590400] INFO perfrun.perfcollector <> - pmu config : uncore_imc_4 , m_cccrAddr : dc , m_cccrVal : 400c04 , m_escrAddr : ffffffff , m_escrVal : 0 , m_dataAddr : a8 , m_dataVal : 0
125 [140653954590400] INFO perfrun.perfcollector <> - config : event : 4
125 [140653954590400] INFO perfrun.perfcollector <> - config : edge : 0
125 [140653954590400] INFO perfrun.perfcollector <> - config : inv : 0
125 [140653954590400] INFO perfrun.perfcollector <> - config : umask : c
125 [140653954590400] INFO perfrun.perfcollector <> - config : thresh : 0
125 [140653954590400] INFO perfrun.perfcollector <> - format : uncore_imc_4/event=0x4,umask=0xc,name='UNC_M_CAS_COUNT.WR[UNIT4]'/
125 [140653954590400] INFO perfrun.perfcollector <> - pmu config : uncore_imc_5 , m_cccrAddr : dc , m_cccrVal : 400c04 , m_escrAddr : ffffffff , m_escrVal : 0 , m_dataAddr : a8 , m_dataVal : 0
125 [140653954590400] INFO perfrun.perfcollector <> - config : event : 4
125 [140653954590400] INFO perfrun.perfcollector <> - config : edge : 0
125 [140653954590400] INFO perfrun.perfcollector <> - config : inv : 0
125 [140653954590400] INFO perfrun.perfcollector <> - config : umask : c
125 [140653954590400] INFO perfrun.perfcollector <> - config : thresh : 0
125 [140653954590400] INFO perfrun.perfcollector <> - format : uncore_imc_5/event=0x4,umask=0xc,name='UNC_M_CAS_COUNT.WR[UNIT5]'/
125 [140653954590400] INFO perfrun.perfcollector <> - event: cpu/event=0x3c,name='CPU_CLK_UNHALTED.THREAD'/Duk , added for counting
125 [140653954590400] INFO perfrun.perfcollector <> - event: cpu/umask=0x3,name='CPU_CLK_UNHALTED.REF_TSC'/Duk , added for counting
125 [140653954590400] INFO perfrun.perfcollector <> - event: cpu/event=0xc0,name='INST_RETIRED.ANY'/Duk , added for counting
125 [140653954590400] INFO perfrun.perfcollector <> - event: cpu/event=0xa3,umask=0xc,cmask=0xc,name='CYCLE_ACTIVITY.STALLS_L1D_PENDING'/uk , added for counting
125 [140653954590400] INFO perfrun.perfcollector <> - event: cpu/event=0x3c,umask=0x1,name='CPU_CLK_UNHALTED.REF_XCLK'/uk , added for counting
125 [140653954590400] INFO perfrun.perfcollector <> - event: cpu/event=0x3c,umask=0x2,name='CPU_CLK_UNHALTED.ONE_THREAD_ACTIVE'/uk , added for counting
125 [140653954590400] INFO perfrun.perfcollector <> - event: cpu/event=0xc2,umask=0x2,name='UOPS_RETIRED.RETIRE_SLOTS'/uk , added for counting
125 [140653954590400] INFO perfrun.perfcollector <> - event: cpu/event=0xa3,umask=0x4,cmask=0x4,name='CYCLE_ACTIVITY.CYCLES_NO_EXECUTE'/uk , added for counting
125 [140653954590400] INFO perfrun.perfcollector <> - event: cpu/event=0xa3,umask=0x6,cmask=0x6,name='CYCLE_ACTIVITY.STALLS_LDM_PENDING'/uk , added for counting
125 [140653954590400] INFO perfrun.perfcollector <> - event: cpu/event=0xa3,umask=0x5,cmask=0x5,name='CYCLE_ACTIVITY.STALLS_L2_PENDING'/uk , added for counting
125 [140653954590400] INFO perfrun.perfcollector <> - event: cpu/event=0x9c,umask=0x1,name='IDQ_UOPS_NOT_DELIVERED.CORE'/uk , added for counting
125 [140653954590400] INFO perfrun.perfcollector <> - event: cpu/event=0xd,umask=0x3,cmask=0x1,name='INT_MISC.RECOVERY_CYCLES'/uk , added for counting
125 [140653954590400] INFO perfrun.perfcollector <> - event: cpu/event=0xd1,umask=0x4,name='MEM_LOAD_UOPS_RETIRED.L3_HIT_PS'/uk , added for counting
125 [140653954590400] INFO perfrun.perfcollector <> - event: cpu/event=0xd1,umask=0x20,name='MEM_LOAD_UOPS_RETIRED.L3_MISS_PS'/uk , added for counting
125 [140653954590400] INFO perfrun.perfcollector <> - event: cpu/event=0x60,umask=0x8,cmask=0x1,name='OFFCORE_REQUESTS_OUTSTANDING.CYCLES_WITH_DATA_RD'/uk , added for counting
125 [140653954590400] INFO perfrun.perfcollector <> - event: cpu/event=0x60,umask=0x8,cmask=0x6,name='OFFCORE_REQUESTS_OUTSTANDING.ALL_DATA_RD:cmask=6'/uk , added for counting
125 [140653954590400] INFO perfrun.perfcollector <> - event: cpu/event=0xa2,umask=0x8,name='RESOURCE_STALLS.SB'/uk , added for counting
125 [140653954590400] INFO perfrun.perfcollector <> - event: cpu/event=0x5e,umask=0x1,name='RS_EVENTS.EMPTY_CYCLES'/uk , added for counting
125 [140653954590400] INFO perfrun.perfcollector <> - event: cpu/event=0xb1,umask=0x2,cmask=0x1,name='UOPS_EXECUTED.CORE:cmask=1'/uk , added for counting
125 [140653954590400] INFO perfrun.perfcollector <> - event: cpu/event=0xb1,umask=0x2,cmask=0x2,name='UOPS_EXECUTED.CORE:cmask=2'/uk , added for counting
125 [140653954590400] INFO perfrun.perfcollector <> - event: cpu/event=0xb1,umask=0x2,cmask=0x3,name='UOPS_EXECUTED.CORE:cmask=3'/uk , added for counting
125 [140653954590400] INFO perfrun.perfcollector <> - event: cpu/event=0xe,umask=0x1,name='UOPS_ISSUED.ANY'/uk , added for counting
125 [140653954590400] INFO perfrun.perfcollector <> - event: cpu/event=0x9c,umask=0x1,cmask=0x4,name='IDQ_UOPS_NOT_DELIVERED.CYCLES_0_UOPS_DELIV.CORE'/uk , added for counting
125 [140653954590400] INFO perfrun.perfcollector <> - event: cpu/event=0xd0,umask=0x81,name='MEM_UOPS_RETIRED.ALL_LOADS_PS'/uk , added for counting
125 [140653954590400] INFO perfrun.perfcollector <> - event: cpu/event=0xd0,umask=0x82,name='MEM_UOPS_RETIRED.ALL_STORES_PS'/uk , added for counting
125 [140653954590400] INFO perfrun.perfcollector <> - event: cpu/event=0xd3,umask=0x1,name='MEM_LOAD_UOPS_L3_MISS_RETIRED.LOCAL_DRAM_PS'/uk , added for counting
125 [140653954590400] INFO perfrun.perfcollector <> - event: cpu/event=0xd3,umask=0x4,name='MEM_LOAD_UOPS_L3_MISS_RETIRED.REMOTE_DRAM_PS'/uk , added for counting
125 [140653954590400] INFO perfrun.perfcollector <> - event: cpu/event=0xd3,umask=0x10,name='MEM_LOAD_UOPS_L3_MISS_RETIRED.REMOTE_HITM_PS'/uk , added for counting
125 [140653954590400] INFO perfrun.perfcollector <> - event: cpu/event=0xd3,umask=0x20,name='MEM_LOAD_UOPS_L3_MISS_RETIRED.REMOTE_FWD_PS'/uk , added for counting
125 [140653954590400] INFO perfrun.perfcollector <> - event: uncore_imc_0/event=0x4,umask=0x3,name='UNC_M_CAS_COUNT.RD[UNIT0]'/ , added for counting
125 [140653954590400] INFO perfrun.perfcollector <> - event: uncore_imc_1/event=0x4,umask=0x3,name='UNC_M_CAS_COUNT.RD[UNIT1]'/ , added for counting
125 [140653954590400] INFO perfrun.perfcollector <> - event: uncore_imc_4/event=0x4,umask=0x3,name='UNC_M_CAS_COUNT.RD[UNIT4]'/ , added for counting
125 [140653954590400] INFO perfrun.perfcollector <> - event: uncore_imc_5/event=0x4,umask=0x3,name='UNC_M_CAS_COUNT.RD[UNIT5]'/ , added for counting
125 [140653954590400] INFO perfrun.perfcollector <> - event: uncore_imc_0/event=0x4,umask=0xc,name='UNC_M_CAS_COUNT.WR[UNIT0]'/ , added for counting
125 [140653954590400] INFO perfrun.perfcollector <> - event: uncore_imc_1/event=0x4,umask=0xc,name='UNC_M_CAS_COUNT.WR[UNIT1]'/ , added for counting
125 [140653954590400] INFO perfrun.perfcollector <> - event: uncore_imc_4/event=0x4,umask=0xc,name='UNC_M_CAS_COUNT.WR[UNIT4]'/ , added for counting
125 [140653954590400] INFO perfrun.perfcollector <> - event: uncore_imc_5/event=0x4,umask=0xc,name='UNC_M_CAS_COUNT.WR[UNIT5]'/ , added for counting
125 [140653856650944] WARN perfrun.perfcollector <> - Perf stat trace pipe capacity: read = 1048576, write = 1048576, at file: vcs/perfrun1/plugins/perfcollector/src/profiler.cpp:763
125 [140653856650944] INFO perfrun.perfcollector <> - Path to Perf control pipe: /tmp/amplxe-tmp-emlazuta/perf-pipe-3468493-13069017908922245
127 [140653856650944] INFO perfrun.sdk <> - runCmd: "/home/intel/oneapi/vtune/2021.1.1/bin64/amplxe-perf" stat -v --log-fd 11 --pipe "/tmp/amplxe-tmp-emlazuta/perf-pipe-3468493-13069017908922245" --pipe-sync --scale -x ; -e cpu/event=0x3c,name='CPU_CLK_UNHALTED.THREAD'/Duk,cpu/umask=0x3,name='CPU_CLK_UNHALTED.REF_TSC'/Duk,cpu/event=0xc0,name='INST_RETIRED.ANY'/Duk,cpu/event=0xa3,umask=0xc,cmask=0xc,name='CYCLE_ACTIVITY.STALLS_L1D_PENDING'/uk,cpu/event=0x3c,umask=0x1,name='CPU_CLK_UNHALTED.REF_XCLK'/uk,cpu/event=0x3c,umask=0x2,name='CPU_CLK_UNHALTED.ONE_THREAD_ACTIVE'/uk,cpu/event=0xc2,umask=0x2,name='UOPS_RETIRED.RETIRE_SLOTS'/uk,cpu/event=0xa3,umask=0x4,cmask=0x4,name='CYCLE_ACTIVITY.CYCLES_NO_EXECUTE'/uk,cpu/event=0xa3,umask=0x6,cmask=0x6,name='CYCLE_ACTIVITY.STALLS_LDM_PENDING'/uk,cpu/event=0xa3,umask=0x5,cmask=0x5,name='CYCLE_ACTIVITY.STALLS_L2_PENDING'/uk,cpu/event=0x9c,umask=0x1,name='IDQ_UOPS_NOT_DELIVERED.CORE'/uk,cpu/event=0xd,umask=0x3,cmask=0x1,name='INT_MISC.RECOVERY_CYCLES'/uk,cpu/event=0xd1,umask=0x4,name='MEM_LOAD_UOPS_RETIRED.L3_HIT_PS'/uk,cpu/event=0xd1,umask=0x20,name='MEM_LOAD_UOPS_RETIRED.L3_MISS_PS'/uk,cpu/event=0x60,umask=0x8,cmask=0x1,name='OFFCORE_REQUESTS_OUTSTANDING.CYCLES_WITH_DATA_RD'/uk,cpu/event=0x60,umask=0x8,cmask=0x6,name='OFFCORE_REQUESTS_OUTSTANDING.ALL_DATA_RD:cmask=6'/uk,cpu/event=0xa2,umask=0x8,name='RESOURCE_STALLS.SB'/uk,cpu/event=0x5e,umask=0x1,name='RS_EVENTS.EMPTY_CYCLES'/uk,cpu/event=0xb1,umask=0x2,cmask=0x1,name='UOPS_EXECUTED.CORE:cmask=1'/uk,cpu/event=0xb1,umask=0x2,cmask=0x2,name='UOPS_EXECUTED.CORE:cmask=2'/uk,cpu/event=0xb1,umask=0x2,cmask=0x3,name='UOPS_EXECUTED.CORE:cmask=3'/uk,cpu/event=0xe,umask=0x1,name='UOPS_ISSUED.ANY'/uk,cpu/event=0x9c,umask=0x1,cmask=0x4,name='IDQ_UOPS_NOT_DELIVERED.CYCLES_0_UOPS_DELIV.CORE'/uk,cpu/event=0xd0,umask=0x81,name='MEM_UOPS_RETIRED.ALL_LOADS_PS'/uk,cpu/event=0xd0,umask=0x82,name='MEM_UOPS_RETIRED.ALL_STORES_PS'/uk,cpu/event=0xd3,umask=0x1,name='MEM_LOAD_UOPS_L3_MISS_RETIRED.LOCAL_DRAM_PS'/uk,cpu/event=0xd3,umask=0x4,name='MEM_LOAD_UOPS_L3_MISS_RETIRED.REMOTE_DRAM_PS'/uk,cpu/event=0xd3,umask=0x10,name='MEM_LOAD_UOPS_L3_MISS_RETIRED.REMOTE_HITM_PS'/uk,cpu/event=0xd3,umask=0x20,name='MEM_LOAD_UOPS_L3_MISS_RETIRED.REMOTE_FWD_PS'/uk,uncore_imc_0/event=0x4,umask=0x3,name='UNC_M_CAS_COUNT.RD[UNIT0]'/,uncore_imc_1/event=0x4,umask=0x3,name='UNC_M_CAS_COUNT.RD[UNIT1]'/,uncore_imc_4/event=0x4,umask=0x3,name='UNC_M_CAS_COUNT.RD[UNIT4]'/,uncore_imc_5/event=0x4,umask=0x3,name='UNC_M_CAS_COUNT.RD[UNIT5]'/,uncore_imc_0/event=0x4,umask=0xc,name='UNC_M_CAS_COUNT.WR[UNIT0]'/,uncore_imc_1/event=0x4,umask=0xc,name='UNC_M_CAS_COUNT.WR[UNIT1]'/,uncore_imc_4/event=0x4,umask=0xc,name='UNC_M_CAS_COUNT.WR[UNIT4]'/,uncore_imc_5/event=0x4,umask=0xc,name='UNC_M_CAS_COUNT.WR[UNIT5]'/ "/home/intel/oneapi/vtune/2021.1.1/bin64/amplxe-perf-sync" dryrun sys
195 [140653848258240] INFO perfrun.perfcollector <> - PERF_STAT : "CPU_CLK_UNHALTED.THREAD: 15445167 6008018 6008018"
195 [140653848258240] WARN perfrun.perfcollector <> - Unexpected PERF_STAT format, ignored, at file: vcs/perfrun1/plugins/perfcollector/src/profiler.cpp:490
195 [140653848258240] INFO perfrun.perfcollector <> - PERF_STAT : "CPU_CLK_UNHALTED.REF_TSC: 13663012 6008018 6008018"
195 [140653848258240] WARN perfrun.perfcollector <> - Unexpected PERF_STAT format, ignored, at file: vcs/perfrun1/plugins/perfcollector/src/profiler.cpp:490
195 [140653848258240] INFO perfrun.perfcollector <> - PERF_STAT : "INST_RETIRED.ANY: 15820192 6008018 6008018"
195 [140653848258240] WARN perfrun.perfcollector <> - Unexpected PERF_STAT format, ignored, at file: vcs/perfrun1/plugins/perfcollector/src/profiler.cpp:490
195 [140653848258240] INFO perfrun.perfcollector <> - PERF_STAT : "CYCLE_ACTIVITY.STALLS_L1D_PENDING: 1140091 6008018 2728348"
195 [140653848258240] WARN perfrun.perfcollector <> - Unexpected PERF_STAT format, ignored, at file: vcs/perfrun1/plugins/perfcollector/src/profiler.cpp:490
195 [140653848258240] INFO perfrun.perfcollector <> - PERF_STAT : "CPU_CLK_UNHALTED.REF_XCLK: 594044 6008018 6008018"
195 [140653848258240] WARN perfrun.perfcollector <> - Unexpected PERF_STAT format, ignored, at file: vcs/perfrun1/plugins/perfcollector/src/profiler.cpp:490
195 [140653848258240] INFO perfrun.perfcollector <> - PERF_STAT : "CPU_CLK_UNHALTED.ONE_THREAD_ACTIVE: 594044 6008018 6008018"
195 [140653848258240] WARN perfrun.perfcollector <> - Unexpected PERF_STAT format, ignored, at file: vcs/perfrun1/plugins/perfcollector/src/profiler.cpp:490
195 [140653848258240] INFO perfrun.perfcollector <> - PERF_STAT : "UOPS_RETIRED.RETIRE_SLOTS: 17251901 6008018 6008018"
195 [140653848258240] WARN perfrun.perfcollector <> - Unexpected PERF_STAT format, ignored, at file: vcs/perfrun1/plugins/perfcollector/src/profiler.cpp:490
195 [140653848258240] INFO perfrun.perfcollector <> - PERF_STAT : "CYCLE_ACTIVITY.CYCLES_NO_EXECUTE: 7236601 6008018 3279670"
195 [140653848258240] WARN perfrun.perfcollector <> - Unexpected PERF_STAT format, ignored, at file: vcs/perfrun1/plugins/perfcollector/src/profiler.cpp:490
195 [140653848258240] INFO perfrun.perfcollector <> - PERF_STAT : "CYCLE_ACTIVITY.STALLS_LDM_PENDING: 0 6008018 0"
195 [140653848258240] WARN perfrun.perfcollector <> - Unexpected PERF_STAT format, ignored, at file: vcs/perfrun1/plugins/perfcollector/src/profiler.cpp:490
195 [140653848258240] INFO perfrun.perfcollector <> - PERF_STAT : "CYCLE_ACTIVITY.STALLS_L2_PENDING: 0 6008018 0"
195 [140653848258240] WARN perfrun.perfcollector <> - Unexpected PERF_STAT format, ignored, at file: vcs/perfrun1/plugins/perfcollector/src/profiler.cpp:490
195 [140653848258240] INFO perfrun.perfcollector <> - PERF_STAT : "IDQ_UOPS_NOT_DELIVERED.CORE: 0 6008018 0"
195 [140653848258240] WARN perfrun.perfcollector <> - Unexpected PERF_STAT format, ignored, at file: vcs/perfrun1/plugins/perfcollector/src/profiler.cpp:490
195 [140653848258240] INFO perfrun.perfcollector <> - PERF_STAT : "INT_MISC.RECOVERY_CYCLES: 0 6008018 0"
195 [140653848258240] WARN perfrun.perfcollector <> - Unexpected PERF_STAT format, ignored, at file: vcs/perfrun1/plugins/perfcollector/src/profiler.cpp:490
196 [140653848258240] INFO perfrun.perfcollector <> - PERF_STAT : "MEM_LOAD_UOPS_RETIRED.L3_HIT_PS: 0 6008018 0"
196 [140653848258240] WARN perfrun.perfcollector <> - Unexpected PERF_STAT format, ignored, at file: vcs/perfrun1/plugins/perfcollector/src/profiler.cpp:490
196 [140653848258240] INFO perfrun.perfcollector <> - PERF_STAT : "MEM_LOAD_UOPS_RETIRED.L3_MISS_PS: 0 6008018 0"
196 [140653848258240] WARN perfrun.perfcollector <> - Unexpected PERF_STAT format, ignored, at file: vcs/perfrun1/plugins/perfcollector/src/profiler.cpp:490
196 [140653848258240] INFO perfrun.perfcollector <> - PERF_STAT : "OFFCORE_REQUESTS_OUTSTANDING.CYCLES_WITH_DATA_RD: 0 6008018 0"
196 [140653848258240] WARN perfrun.perfcollector <> - Unexpected PERF_STAT format, ignored, at file: vcs/perfrun1/plugins/perfcollector/src/profiler.cpp:490
196 [140653848258240] INFO perfrun.perfcollector <> - PERF_STAT : "OFFCORE_REQUESTS_OUTSTANDING.ALL_DATA_RD:cmask=6: 0 6008018 0"
196 [140653848258240] WARN perfrun.perfcollector <> - Unexpected PERF_STAT format, ignored, at file: vcs/perfrun1/plugins/perfcollector/src/profiler.cpp:490
196 [140653848258240] INFO perfrun.perfcollector <> - PERF_STAT : "RESOURCE_STALLS.SB: 0 6008018 0"
196 [140653848258240] WARN perfrun.perfcollector <> - Unexpected PERF_STAT format, ignored, at file: vcs/perfrun1/plugins/perfcollector/src/profiler.cpp:490
196 [140653848258240] INFO perfrun.perfcollector <> - PERF_STAT : "RS_EVENTS.EMPTY_CYCLES: 0 6008018 0"
196 [140653848258240] WARN perfrun.perfcollector <> - Unexpected PERF_STAT format, ignored, at file: vcs/perfrun1/plugins/perfcollector/src/profiler.cpp:490
196 [140653848258240] INFO perfrun.perfcollector <> - PERF_STAT : "UOPS_EXECUTED.CORE:cmask=1: 0 6008018 0"
196 [140653848258240] WARN perfrun.perfcollector <> - Unexpected PERF_STAT format, ignored, at file: vcs/perfrun1/plugins/perfcollector/src/profiler.cpp:490
196 [140653848258240] INFO perfrun.perfcollector <> - PERF_STAT : "UOPS_EXECUTED.CORE:cmask=2: 0 6008018 0"
196 [140653848258240] WARN perfrun.perfcollector <> - Unexpected PERF_STAT format, ignored, at file: vcs/perfrun1/plugins/perfcollector/src/profiler.cpp:490
196 [140653848258240] INFO perfrun.perfcollector <> - PERF_STAT : "UOPS_EXECUTED.CORE:cmask=3: 0 6008018 0"
196 [140653848258240] WARN perfrun.perfcollector <> - Unexpected PERF_STAT format, ignored, at file: vcs/perfrun1/plugins/perfcollector/src/profiler.cpp:490
196 [140653848258240] INFO perfrun.perfcollector <> - PERF_STAT : "UOPS_ISSUED.ANY: 0 6008018 0"
196 [140653848258240] WARN perfrun.perfcollector <> - Unexpected PERF_STAT format, ignored, at file: vcs/perfrun1/plugins/perfcollector/src/profiler.cpp:490
196 [140653848258240] INFO perfrun.perfcollector <> - PERF_STAT : "IDQ_UOPS_NOT_DELIVERED.CYCLES_0_UOPS_DELIV.CORE: 0 6008018 0"
196 [140653848258240] WARN perfrun.perfcollector <> - Unexpected PERF_STAT format, ignored, at file: vcs/perfrun1/plugins/perfcollector/src/profiler.cpp:490
196 [140653848258240] INFO perfrun.perfcollector <> - PERF_STAT : "MEM_UOPS_RETIRED.ALL_LOADS_PS: 0 6008018 0"
196 [140653848258240] WARN perfrun.perfcollector <> - Unexpected PERF_STAT format, ignored, at file: vcs/perfrun1/plugins/perfcollector/src/profiler.cpp:490
196 [140653848258240] INFO perfrun.perfcollector <> - PERF_STAT : "MEM_UOPS_RETIRED.ALL_STORES_PS: 0 6008018 0"
196 [140653848258240] WARN perfrun.perfcollector <> - Unexpected PERF_STAT format, ignored, at file: vcs/perfrun1/plugins/perfcollector/src/profiler.cpp:490
196 [140653848258240] INFO perfrun.perfcollector <> - PERF_STAT : "MEM_LOAD_UOPS_L3_MISS_RETIRED.LOCAL_DRAM_PS: 0 6008018 0"
196 [140653848258240] WARN perfrun.perfcollector <> - Unexpected PERF_STAT format, ignored, at file: vcs/perfrun1/plugins/perfcollector/src/profiler.cpp:490
196 [140653848258240] INFO perfrun.perfcollector <> - PERF_STAT : "MEM_LOAD_UOPS_L3_MISS_RETIRED.REMOTE_DRAM_PS: 0 6008018 0"
196 [140653848258240] WARN perfrun.perfcollector <> - Unexpected PERF_STAT format, ignored, at file: vcs/perfrun1/plugins/perfcollector/src/profiler.cpp:490
196 [140653848258240] INFO perfrun.perfcollector <> - PERF_STAT : "MEM_LOAD_UOPS_L3_MISS_RETIRED.REMOTE_HITM_PS: 0 6008018 0"
196 [140653848258240] WARN perfrun.perfcollector <> - Unexpected PERF_STAT format, ignored, at file: vcs/perfrun1/plugins/perfcollector/src/profiler.cpp:490
196 [140653848258240] INFO perfrun.perfcollector <> - PERF_STAT : "MEM_LOAD_UOPS_L3_MISS_RETIRED.REMOTE_FWD_PS: 0 6008018 0"
196 [140653848258240] WARN perfrun.perfcollector <> - Unexpected PERF_STAT format, ignored, at file: vcs/perfrun1/plugins/perfcollector/src/profiler.cpp:490
196 [140653848258240] INFO perfrun.perfcollector <> - PERF_STAT : "15445167;;CPU_CLK_UNHALTED.THREAD;6008018;100.00;;"
196 [140653848258240] INFO perfrun.perfcollector <> - PERF_STAT : "13663012;;CPU_CLK_UNHALTED.REF_TSC;6008018;100.00;;"
196 [140653848258240] INFO perfrun.perfcollector <> - PERF_STAT : "15820192;;INST_RETIRED.ANY;6008018;100.00;;"
196 [140653848258240] INFO perfrun.perfcollector <> - PERF_STAT : "1140091;;CYCLE_ACTIVITY.STALLS_L1D_PENDING;2728348;45.41;;"
196 [140653848258240] INFO perfrun.perfcollector <> - PERF_STAT : "594044;;CPU_CLK_UNHALTED.REF_XCLK;6008018;100.00;;"
196 [140653848258240] INFO perfrun.perfcollector <> - PERF_STAT : "594044;;CPU_CLK_UNHALTED.ONE_THREAD_ACTIVE;6008018;100.00;;"
196 [140653848258240] INFO perfrun.perfcollector <> - PERF_STAT : "17251901;;UOPS_RETIRED.RETIRE_SLOTS;6008018;100.00;;"
196 [140653848258240] INFO perfrun.perfcollector <> - PERF_STAT : "7236601;;CYCLE_ACTIVITY.CYCLES_NO_EXECUTE;3279670;54.59;;"
196 [140653848258240] INFO perfrun.perfcollector <> - PERF_STAT : "<not counted>;;CYCLE_ACTIVITY.STALLS_LDM_PENDING;0;0.00;;"
196 [140653848258240] INFO perfrun.perfcollector <> - PERF_STAT : "<not counted>;;CYCLE_ACTIVITY.STALLS_L2_PENDING;0;0.00;;"
196 [140653848258240] INFO perfrun.perfcollector <> - PERF_STAT : "<not counted>;;IDQ_UOPS_NOT_DELIVERED.CORE;0;0.00;;"
196 [140653848258240] INFO perfrun.perfcollector <> - PERF_STAT : "<not counted>;;INT_MISC.RECOVERY_CYCLES;0;0.00;;"
196 [140653848258240] INFO perfrun.perfcollector <> - PERF_STAT : "<not counted>;;MEM_LOAD_UOPS_RETIRED.L3_HIT_PS;0;0.00;;"
196 [140653848258240] INFO perfrun.perfcollector <> - PERF_STAT : "<not counted>;;MEM_LOAD_UOPS_RETIRED.L3_MISS_PS;0;0.00;;"
196 [140653848258240] INFO perfrun.perfcollector <> - PERF_STAT : "<not counted>;;OFFCORE_REQUESTS_OUTSTANDING.CYCLES_WITH_DATA_RD;0;0.00;;"
196 [140653848258240] INFO perfrun.perfcollector <> - PERF_STAT : "<not counted>;;OFFCORE_REQUESTS_OUTSTANDING.ALL_DATA_RD:cmask=6;0;0.00;;"
196 [140653848258240] INFO perfrun.perfcollector <> - PERF_STAT : "<not counted>;;RESOURCE_STALLS.SB;0;0.00;;"
196 [140653848258240] INFO perfrun.perfcollector <> - PERF_STAT : "<not counted>;;RS_EVENTS.EMPTY_CYCLES;0;0.00;;"
196 [140653848258240] INFO perfrun.perfcollector <> - PERF_STAT : "<not counted>;;UOPS_EXECUTED.CORE:cmask=1;0;0.00;;"
196 [140653848258240] INFO perfrun.perfcollector <> - PERF_STAT : "<not counted>;;UOPS_EXECUTED.CORE:cmask=2;0;0.00;;"
196 [140653848258240] INFO perfrun.perfcollector <> - PERF_STAT : "<not counted>;;UOPS_EXECUTED.CORE:cmask=3;0;0.00;;"
196 [140653848258240] INFO perfrun.perfcollector <> - PERF_STAT : "<not counted>;;UOPS_ISSUED.ANY;0;0.00;;"
196 [140653848258240] INFO perfrun.perfcollector <> - PERF_STAT : "<not counted>;;IDQ_UOPS_NOT_DELIVERED.CYCLES_0_UOPS_DELIV.CORE;0;0.00;;"
196 [140653848258240] INFO perfrun.perfcollector <> - PERF_STAT : "<not counted>;;MEM_UOPS_RETIRED.ALL_LOADS_PS;0;0.00;;"
196 [140653848258240] INFO perfrun.perfcollector <> - PERF_STAT : "<not counted>;;MEM_UOPS_RETIRED.ALL_STORES_PS;0;0.00;;"
196 [140653848258240] INFO perfrun.perfcollector <> - PERF_STAT : "<not counted>;;MEM_LOAD_UOPS_L3_MISS_RETIRED.LOCAL_DRAM_PS;0;0.00;;"
196 [140653848258240] INFO perfrun.perfcollector <> - PERF_STAT : "<not counted>;;MEM_LOAD_UOPS_L3_MISS_RETIRED.REMOTE_DRAM_PS;0;0.00;;"
196 [140653848258240] INFO perfrun.perfcollector <> - PERF_STAT : "<not counted>;;MEM_LOAD_UOPS_L3_MISS_RETIRED.REMOTE_HITM_PS;0;0.00;;"
196 [140653848258240] INFO perfrun.perfcollector <> - PERF_STAT : "<not counted>;;MEM_LOAD_UOPS_L3_MISS_RETIRED.REMOTE_FWD_PS;0;0.00;;"
196 [140653848258240] INFO perfrun.perfcollector <> - PERF_STAT : "<not supported>;;UNC_M_CAS_COUNT.RD[UNIT0];0;100.00;;"
196 [140653848258240] INFO perfrun.perfcollector <> - PERF_STAT : "<not supported>;;UNC_M_CAS_COUNT.RD[UNIT1];0;100.00;;"
196 [140653848258240] INFO perfrun.perfcollector <> - PERF_STAT : "<not supported>;;UNC_M_CAS_COUNT.RD[UNIT4];0;100.00;;"
196 [140653848258240] INFO perfrun.perfcollector <> - PERF_STAT : "<not supported>;;UNC_M_CAS_COUNT.RD[UNIT5];0;100.00;;"
196 [140653848258240] INFO perfrun.perfcollector <> - PERF_STAT : "<not supported>;;UNC_M_CAS_COUNT.WR[UNIT0];0;100.00;;"
196 [140653848258240] INFO perfrun.perfcollector <> - PERF_STAT : "<not supported>;;UNC_M_CAS_COUNT.WR[UNIT1];0;100.00;;"
196 [140653848258240] INFO perfrun.perfcollector <> - PERF_STAT : "<not supported>;;UNC_M_CAS_COUNT.WR[UNIT4];0;100.00;;"
196 [140653848258240] INFO perfrun.perfcollector <> - PERF_STAT : "<not supported>;;UNC_M_CAS_COUNT.WR[UNIT5];0;100.00;;"
198 [140653856650944] INFO perfrun.perfcollector <> - Monitor: runCmd RC = true
199 [140653954590400] INFO perfrun.launcher <> - plugin [aoclprofile] was disabled because it doesn't support the given collection type.
199 [140653954590400] INFO perfrun.tpss <> - initialize tpss controller
199 [140653954590400] INFO perfrun.launcher <> - plugin [tpss] was disabled because it doesn't support the given collection type.
199 [140653954590400] INFO perfrun.launcher <> - plugin [exprof] was disabled because it doesn't support the given collection type.
199 [140653954590400] INFO perfrun.launcher <> - plugin [ice] was disabled because it doesn't support the given collection type.
199 [140653954590400] INFO perfrun.launcher <> - plugin [] was disabled because it doesn't support the given collection type.
199 [140653954590400] INFO perfrun.launcher <> - plugin [] was disabled because it doesn't support the given collection type.
199 [140653954590400] INFO perfrun.launcher <> - plugin [parallelfs] was disabled because it doesn't support the given collection type.
199 [140653954590400] INFO perfrun.launcher <> - plugin [power] was disabled because it doesn't support the given collection type.
199 [140653954590400] INFO perfrun.launcher <> - plugin [hwloc] was disabled because it doesn't support the given collection type.
199 [140653954590400] INFO perfrun.launcher <> - plugin [ipmwatch] was disabled because it doesn't support the given collection type.
199 [140653954590400] INFO perfrun.launcher <> - plugin [os_counters] was disabled because it doesn't support the given collection type.
199 [140654110615424] INFO perfrun.launcher <> - set environment variable: INTEL_MRTE_DATA_DIR = /tmp/amplxe-tmp-emlazuta/amplxe-res-3468493-13069017735952450/data.0
199 [140654110615424] INFO perfrun.launcher <> - set environment variable: INTEL_MRTE_HOST_NAME = hype5
199 [140654110615424] INFO perfrun.launcher <> - set environment variable: JAVA_TOOL_OPTIONS = -agentlib:amplxe_samplingmrte_javaprof_1.0 -Dsun.boot.library.path=/home/intel/oneapi/vtune/2021.1.1/lib32/runtime:/home/intel/oneapi/vtune/2021.1.1/lib64/runtime
199 [140654110615424] INFO perfrun.launcher <> - set environment variable: CORECLR_ENABLE_PROFILING = 1
199 [140654110615424] INFO perfrun.launcher <> - set environment variable: CORECLR_PROFILER = {AA5E4821-E3B1-479c-B7FF-5AD047D22CED}
199 [140654110615424] INFO perfrun.launcher <> - set environment variable: CORECLR_PROFILER_PATH = /home/intel/oneapi/vtune/2021.1.1/lib64/libamplxe_samplingmrte_clrprof_1.0.so
199 [140654110615424] INFO perfrun.launcher <> - set environment variable: INTEL_MRTE_PROFILER_MODE = mixed
199 [140654110615424] INFO perfrun.launcher <> - RpcServer: run RPC server to handle requests
201 [140654110615424] INFO perfrun.launcher <> - Launcher: command line to start before modification = ./bin/qlearning_parallel --gridx 100 --gridy 100 --obstacles 2500 --episodes 100000 --maxsteps 1000 --epsilon 0.3 --sync-mode hogwild --seed 42
201 [140654110615424] INFO perfrun.launcher <> - Launcher: command line to start after modification = ./bin/qlearning_parallel --gridx 100 --gridy 100 --obstacles 2500 --episodes 100000 --maxsteps 1000 --epsilon 0.3 --sync-mode hogwild --seed 42
201 [140654110615424] INFO perfrun.launcher <> - ProcessCreator object was created
202 [140654110615424] INFO perfrun.launcher <> - Launcher: the process was started in suspend mode
202 [140653954590400] INFO perfrun.launcher <> - Messenger::say: Peak bandwidth measurement started.
5661 [140653954590400] INFO perfrun.launcher <> - Messenger::say: Peak bandwidth measurement finished.
5665 [140653954590400] WARN perfrun.system <> - Could not do anything with /sys/kernel/debug/kvm: boost::filesystem::status: Permission denied: "/sys/kernel/debug/kvm", at file: vcs/perfrun1/plugins/system/src/trace_writer.cpp:796
5665 [140653954590400] WARN perfrun.system <> - Folder "/var/run/libvirt/qemu/"doesn't exist, at file: vcs/perfrun1/plugins/system/src/trace_writer.cpp:809
5700 [140653954590400] WARN perfrun.sdk <> - Failed to find xl binary on any of the system paths: /bin, /sbin, /usr/bin, /usr/sbin., at file: vcs/perfrun1/sdk/src/utils.cpp:197
5700 [140653954590400] WARN perfrun.system <> - Could not start ContainerMapping collector, at file: vcs/perfrun1/plugins/system/src/controller.cpp:468
5722 [140653954590400] INFO perfrun.vdso <> - Helper runtool '/home/intel/oneapi/vtune/2021.1.1/bin32/amplxe-runss -dump-vdso -r /tmp/amplxe-tmp-emlazuta/amplxe-res-3468493-13069017735952450 --tmp-dir /tmp/amplxe-tmp-emlazuta' returned 1
5807 [140653954590400] INFO perfrun.vdso <> - Helper runtool '/home/intel/oneapi/vtune/2021.1.1/bin64/amplxe-runss -dump-vdso -r /tmp/amplxe-tmp-emlazuta/amplxe-res-3468493-13069017735952450 --tmp-dir /tmp/amplxe-tmp-emlazuta' returned 0
5808 [140653728097984] WARN perfrun.perfcollector <> - Perf stat trace pipe capacity: read = 1048576, write = 1048576, at file: vcs/perfrun1/plugins/perfcollector/src/profiler.cpp:763
5808 [140653728097984] INFO perfrun.perfcollector <> - Path to Perf control pipe: /tmp/amplxe-tmp-emlazuta/perf-pipe-3468493-13069030947547237
5809 [140653728097984] INFO perfrun.sdk <> - runCmd: "/home/intel/oneapi/vtune/2021.1.1/bin64/amplxe-perf" stat -v --log-fd 20 --pipe "/tmp/amplxe-tmp-emlazuta/perf-pipe-3468493-13069030947547237" --pipe-sync --scale -x ; -p 3468503 -e cpu/event=0x3c,name='CPU_CLK_UNHALTED.THREAD'/Duk,cpu/umask=0x3,name='CPU_CLK_UNHALTED.REF_TSC'/Duk,cpu/event=0xc0,name='INST_RETIRED.ANY'/Duk,cpu/event=0xa3,umask=0xc,cmask=0xc,name='CYCLE_ACTIVITY.STALLS_L1D_PENDING'/uk,cpu/event=0x3c,umask=0x1,name='CPU_CLK_UNHALTED.REF_XCLK'/uk,cpu/event=0x3c,umask=0x2,name='CPU_CLK_UNHALTED.ONE_THREAD_ACTIVE'/uk,cpu/event=0xc2,umask=0x2,name='UOPS_RETIRED.RETIRE_SLOTS'/uk,cpu/event=0xa3,umask=0x4,cmask=0x4,name='CYCLE_ACTIVITY.CYCLES_NO_EXECUTE'/uk,cpu/event=0xa3,umask=0x6,cmask=0x6,name='CYCLE_ACTIVITY.STALLS_LDM_PENDING'/uk,cpu/event=0xa3,umask=0x5,cmask=0x5,name='CYCLE_ACTIVITY.STALLS_L2_PENDING'/uk,cpu/event=0x9c,umask=0x1,name='IDQ_UOPS_NOT_DELIVERED.CORE'/uk,cpu/event=0xd,umask=0x3,cmask=0x1,name='INT_MISC.RECOVERY_CYCLES'/uk,cpu/event=0xd1,umask=0x4,name='MEM_LOAD_UOPS_RETIRED.L3_HIT_PS'/uk,cpu/event=0xd1,umask=0x20,name='MEM_LOAD_UOPS_RETIRED.L3_MISS_PS'/uk,cpu/event=0x60,umask=0x8,cmask=0x1,name='OFFCORE_REQUESTS_OUTSTANDING.CYCLES_WITH_DATA_RD'/uk,cpu/event=0x60,umask=0x8,cmask=0x6,name='OFFCORE_REQUESTS_OUTSTANDING.ALL_DATA_RD:cmask=6'/uk,cpu/event=0xa2,umask=0x8,name='RESOURCE_STALLS.SB'/uk,cpu/event=0x5e,umask=0x1,name='RS_EVENTS.EMPTY_CYCLES'/uk,cpu/event=0xb1,umask=0x2,cmask=0x1,name='UOPS_EXECUTED.CORE:cmask=1'/uk,cpu/event=0xb1,umask=0x2,cmask=0x2,name='UOPS_EXECUTED.CORE:cmask=2'/uk,cpu/event=0xb1,umask=0x2,cmask=0x3,name='UOPS_EXECUTED.CORE:cmask=3'/uk,cpu/event=0xe,umask=0x1,name='UOPS_ISSUED.ANY'/uk,cpu/event=0x9c,umask=0x1,cmask=0x4,name='IDQ_UOPS_NOT_DELIVERED.CYCLES_0_UOPS_DELIV.CORE'/uk,cpu/event=0xd0,umask=0x81,name='MEM_UOPS_RETIRED.ALL_LOADS_PS'/uk,cpu/event=0xd0,umask=0x82,name='MEM_UOPS_RETIRED.ALL_STORES_PS'/uk,cpu/event=0xd3,umask=0x1,name='MEM_LOAD_UOPS_L3_MISS_RETIRED.LOCAL_DRAM_PS'/uk,cpu/event=0xd3,umask=0x4,name='MEM_LOAD_UOPS_L3_MISS_RETIRED.REMOTE_DRAM_PS'/uk,cpu/event=0xd3,umask=0x10,name='MEM_LOAD_UOPS_L3_MISS_RETIRED.REMOTE_HITM_PS'/uk,cpu/event=0xd3,umask=0x20,name='MEM_LOAD_UOPS_L3_MISS_RETIRED.REMOTE_FWD_PS'/uk,uncore_imc_0/event=0x4,umask=0x3,name='UNC_M_CAS_COUNT.RD[UNIT0]'/,uncore_imc_1/event=0x4,umask=0x3,name='UNC_M_CAS_COUNT.RD[UNIT1]'/,uncore_imc_4/event=0x4,umask=0x3,name='UNC_M_CAS_COUNT.RD[UNIT4]'/,uncore_imc_5/event=0x4,umask=0x3,name='UNC_M_CAS_COUNT.RD[UNIT5]'/,uncore_imc_0/event=0x4,umask=0xc,name='UNC_M_CAS_COUNT.WR[UNIT0]'/,uncore_imc_1/event=0x4,umask=0xc,name='UNC_M_CAS_COUNT.WR[UNIT1]'/,uncore_imc_4/event=0x4,umask=0xc,name='UNC_M_CAS_COUNT.WR[UNIT4]'/,uncore_imc_5/event=0x4,umask=0xc,name='UNC_M_CAS_COUNT.WR[UNIT5]'/ "/home/intel/oneapi/vtune/2021.1.1/bin64/amplxe-perf-sync" sync sys
5885 [140654110615424] INFO perfrun.launcher <> - Launcher: all plugins were started
5885 [140654110615424] INFO perfrun.launcher <> - DirectoryMonitor object was created
5885 [140654110615424] INFO perfrun.launcher <> - DirectoryMonitor: a callback was added
5885 [140654110615424] INFO perfrun.launcher <> - DirectoryMonitor was started with pingTime = 1000
5885 [140654110615424] INFO perfrun.launcher <> - DeadlineTimer is going to be constructed
5885 [140654110615424] INFO perfrun.launcher <> - DeadlineTimer: a callback was added
5890 [140654110615424] INFO perfrun.launcher <> - Launcher: resume the profiled application and  wait its termination or stop command
8744 [140654110615424] INFO perfrun.launcher <> - Launcher: the profiled application was terminated  with exit code = 0
8754 [140653856650944] INFO perfrun.perfcollector <> - PERF_STAT : "CPU_CLK_UNHALTED.THREAD: 115738967359 44716651688 44716651688"
8754 [140653856650944] WARN perfrun.perfcollector <> - Unexpected PERF_STAT format, ignored, at file: vcs/perfrun1/plugins/perfcollector/src/profiler.cpp:490
8754 [140653856650944] INFO perfrun.perfcollector <> - PERF_STAT : "CPU_CLK_UNHALTED.REF_TSC: 102371388275 44716651688 44716651688"
8754 [140653856650944] WARN perfrun.perfcollector <> - Unexpected PERF_STAT format, ignored, at file: vcs/perfrun1/plugins/perfcollector/src/profiler.cpp:490
8754 [140653856650944] INFO perfrun.perfcollector <> - PERF_STAT : "INST_RETIRED.ANY: 481696207354 44716651688 44716651688"
8754 [140653856650944] WARN perfrun.perfcollector <> - Unexpected PERF_STAT format, ignored, at file: vcs/perfrun1/plugins/perfcollector/src/profiler.cpp:490
8754 [140653856650944] INFO perfrun.perfcollector <> - PERF_STAT : "CYCLE_ACTIVITY.STALLS_L1D_PENDING: 1941191951 44716651688 4993139572"
8754 [140653856650944] WARN perfrun.perfcollector <> - Unexpected PERF_STAT format, ignored, at file: vcs/perfrun1/plugins/perfcollector/src/profiler.cpp:490
8754 [140653856650944] INFO perfrun.perfcollector <> - PERF_STAT : "CPU_CLK_UNHALTED.REF_XCLK: 4452600371 44716651688 3480487835"
8754 [140653856650944] WARN perfrun.perfcollector <> - Unexpected PERF_STAT format, ignored, at file: vcs/perfrun1/plugins/perfcollector/src/profiler.cpp:490
8754 [140653856650944] INFO perfrun.perfcollector <> - PERF_STAT : "CPU_CLK_UNHALTED.ONE_THREAD_ACTIVE: 4449177350 44716651688 5044397144"
8754 [140653856650944] WARN perfrun.perfcollector <> - Unexpected PERF_STAT format, ignored, at file: vcs/perfrun1/plugins/perfcollector/src/profiler.cpp:490
8754 [140653856650944] INFO perfrun.perfcollector <> - PERF_STAT : "UOPS_RETIRED.RETIRE_SLOTS: 289885737390 44716651688 6716269719"
8754 [140653856650944] WARN perfrun.perfcollector <> - Unexpected PERF_STAT format, ignored, at file: vcs/perfrun1/plugins/perfcollector/src/profiler.cpp:490
8754 [140653856650944] INFO perfrun.perfcollector <> - PERF_STAT : "CYCLE_ACTIVITY.CYCLES_NO_EXECUTE: 5220297669 44716215168 6721971571"
8754 [140653856650944] WARN perfrun.perfcollector <> - Unexpected PERF_STAT format, ignored, at file: vcs/perfrun1/plugins/perfcollector/src/profiler.cpp:490
8754 [140653856650944] INFO perfrun.perfcollector <> - PERF_STAT : "CYCLE_ACTIVITY.STALLS_LDM_PENDING: 4005237930 43483919216 6782714182"
8754 [140653856650944] WARN perfrun.perfcollector <> - Unexpected PERF_STAT format, ignored, at file: vcs/perfrun1/plugins/perfcollector/src/profiler.cpp:490
8754 [140653856650944] INFO perfrun.perfcollector <> - PERF_STAT : "CYCLE_ACTIVITY.STALLS_L2_PENDING: 2234538931 43543913783 6842737282"
8754 [140653856650944] WARN perfrun.perfcollector <> - Unexpected PERF_STAT format, ignored, at file: vcs/perfrun1/plugins/perfcollector/src/profiler.cpp:490
8754 [140653856650944] INFO perfrun.perfcollector <> - PERF_STAT : "IDQ_UOPS_NOT_DELIVERED.CORE: 108625072978 43603908774 6899573210"
8754 [140653856650944] WARN perfrun.perfcollector <> - Unexpected PERF_STAT format, ignored, at file: vcs/perfrun1/plugins/perfcollector/src/profiler.cpp:490
8754 [140653856650944] INFO perfrun.perfcollector <> - PERF_STAT : "INT_MISC.RECOVERY_CYCLES: 516264774 43663860449 6920176550"
8754 [140653856650944] WARN perfrun.perfcollector <> - Unexpected PERF_STAT format, ignored, at file: vcs/perfrun1/plugins/perfcollector/src/profiler.cpp:490
8754 [140653856650944] INFO perfrun.perfcollector <> - PERF_STAT : "MEM_LOAD_UOPS_RETIRED.L3_HIT_PS: 4485688 43723855868 6788458630"
8754 [140653856650944] WARN perfrun.perfcollector <> - Unexpected PERF_STAT format, ignored, at file: vcs/perfrun1/plugins/perfcollector/src/profiler.cpp:490
8754 [140653856650944] INFO perfrun.perfcollector <> - PERF_STAT : "MEM_LOAD_UOPS_RETIRED.L3_MISS_PS: 9749395 43783855652 6656322045"
8754 [140653856650944] WARN perfrun.perfcollector <> - Unexpected PERF_STAT format, ignored, at file: vcs/perfrun1/plugins/perfcollector/src/profiler.cpp:490
8754 [140653856650944] INFO perfrun.perfcollector <> - PERF_STAT : "OFFCORE_REQUESTS_OUTSTANDING.CYCLES_WITH_DATA_RD: 6019315571 43843852929 3455698569"
8754 [140653856650944] WARN perfrun.perfcollector <> - Unexpected PERF_STAT format, ignored, at file: vcs/perfrun1/plugins/perfcollector/src/profiler.cpp:490
8754 [140653856650944] INFO perfrun.perfcollector <> - PERF_STAT : "OFFCORE_REQUESTS_OUTSTANDING.ALL_DATA_RD:cmask=6: 156446526 43903846707 3455698413"
8754 [140653856650944] WARN perfrun.perfcollector <> - Unexpected PERF_STAT format, ignored, at file: vcs/perfrun1/plugins/perfcollector/src/profiler.cpp:490
8754 [140653856650944] INFO perfrun.perfcollector <> - PERF_STAT : "RESOURCE_STALLS.SB: 48009214 43963844267 5183586881"
8754 [140653856650944] WARN perfrun.perfcollector <> - Unexpected PERF_STAT format, ignored, at file: vcs/perfrun1/plugins/perfcollector/src/profiler.cpp:490
8754 [140653856650944] INFO perfrun.perfcollector <> - PERF_STAT : "RS_EVENTS.EMPTY_CYCLES: 640529128 44023840145 6911475187"
8754 [140653856650944] WARN perfrun.perfcollector <> - Unexpected PERF_STAT format, ignored, at file: vcs/perfrun1/plugins/perfcollector/src/profiler.cpp:490
8754 [140653856650944] INFO perfrun.perfcollector <> - PERF_STAT : "UOPS_EXECUTED.CORE:cmask=1: 108987734105 44083843577 6911203157"
8754 [140653856650944] WARN perfrun.perfcollector <> - Unexpected PERF_STAT format, ignored, at file: vcs/perfrun1/plugins/perfcollector/src/profiler.cpp:490
8754 [140653856650944] INFO perfrun.perfcollector <> - PERF_STAT : "UOPS_EXECUTED.CORE:cmask=2: 102018373231 44143836701 6911188300"
8754 [140653856650944] WARN perfrun.perfcollector <> - Unexpected PERF_STAT format, ignored, at file: vcs/perfrun1/plugins/perfcollector/src/profiler.cpp:490
8754 [140653856650944] INFO perfrun.perfcollector <> - PERF_STAT : "UOPS_EXECUTED.CORE:cmask=3: 96536934487 44203833132 6911026631"
8754 [140653856650944] WARN perfrun.perfcollector <> - Unexpected PERF_STAT format, ignored, at file: vcs/perfrun1/plugins/perfcollector/src/profiler.cpp:490
8754 [140653856650944] INFO perfrun.perfcollector <> - PERF_STAT : "UOPS_ISSUED.ANY: 296656349674 44263830359 6910961858"
8754 [140653856650944] WARN perfrun.perfcollector <> - Unexpected PERF_STAT format, ignored, at file: vcs/perfrun1/plugins/perfcollector/src/profiler.cpp:490
8754 [140653856650944] INFO perfrun.perfcollector <> - PERF_STAT : "IDQ_UOPS_NOT_DELIVERED.CYCLES_0_UOPS_DELIV.CORE: 3428563167 44323826157 6911239549"
8754 [140653856650944] WARN perfrun.perfcollector <> - Unexpected PERF_STAT format, ignored, at file: vcs/perfrun1/plugins/perfcollector/src/profiler.cpp:490
8754 [140653856650944] INFO perfrun.perfcollector <> - PERF_STAT : "MEM_UOPS_RETIRED.ALL_LOADS_PS: 96562490974 44383822696 6655311787"
8754 [140653856650944] WARN perfrun.perfcollector <> - Unexpected PERF_STAT format, ignored, at file: vcs/perfrun1/plugins/perfcollector/src/profiler.cpp:490
8754 [140653856650944] INFO perfrun.perfcollector <> - PERF_STAT : "MEM_UOPS_RETIRED.ALL_STORES_PS: 672220513 44443825985 3455755736"
8754 [140653856650944] WARN perfrun.perfcollector <> - Unexpected PERF_STAT format, ignored, at file: vcs/perfrun1/plugins/perfcollector/src/profiler.cpp:490
8754 [140653856650944] INFO perfrun.perfcollector <> - PERF_STAT : "MEM_LOAD_UOPS_L3_MISS_RETIRED.LOCAL_DRAM_PS: 10856 44503816272 3455746655"
8754 [140653856650944] WARN perfrun.perfcollector <> - Unexpected PERF_STAT format, ignored, at file: vcs/perfrun1/plugins/perfcollector/src/profiler.cpp:490
8754 [140653856650944] INFO perfrun.perfcollector <> - PERF_STAT : "MEM_LOAD_UOPS_L3_MISS_RETIRED.REMOTE_DRAM_PS: 8936 44563813359 3455692539"
8754 [140653856650944] WARN perfrun.perfcollector <> - Unexpected PERF_STAT format, ignored, at file: vcs/perfrun1/plugins/perfcollector/src/profiler.cpp:490
8754 [140653856650944] INFO perfrun.perfcollector <> - PERF_STAT : "MEM_LOAD_UOPS_L3_MISS_RETIRED.REMOTE_HITM_PS: 9547075 44623819178 3455586597"
8756 [140653856650944] WARN perfrun.perfcollector <> - Unexpected PERF_STAT format, ignored, at file: vcs/perfrun1/plugins/perfcollector/src/profiler.cpp:490
8756 [140653856650944] INFO perfrun.perfcollector <> - PERF_STAT : "MEM_LOAD_UOPS_L3_MISS_RETIRED.REMOTE_FWD_PS: 384160 44683785006 3455502243"
8756 [140653856650944] WARN perfrun.perfcollector <> - Unexpected PERF_STAT format, ignored, at file: vcs/perfrun1/plugins/perfcollector/src/profiler.cpp:490
8756 [140653856650944] INFO perfrun.perfcollector <> - PERF_STAT : "115738967359;;CPU_CLK_UNHALTED.THREAD;44716651688;100.00;;"
8757 [140653728097984] INFO perfrun.perfcollector <> - Monitor: runCmd RC = true
8757 [140653856650944] INFO perfrun.perfcollector <> - PERF_STAT : "102371388275;;CPU_CLK_UNHALTED.REF_TSC;44716651688;100.00;;"
8757 [140653856650944] INFO perfrun.perfcollector <> - PERF_STAT : "481696207354;;INST_RETIRED.ANY;44716651688;100.00;;"
8757 [140653856650944] INFO perfrun.perfcollector <> - PERF_STAT : "1941191951;;CYCLE_ACTIVITY.STALLS_L1D_PENDING;4993139572;11.17;;"
8757 [140653856650944] INFO perfrun.perfcollector <> - PERF_STAT : "4452600371;;CPU_CLK_UNHALTED.REF_XCLK;3480487835;7.78;;"
8757 [140653856650944] INFO perfrun.perfcollector <> - PERF_STAT : "4449177350;;CPU_CLK_UNHALTED.ONE_THREAD_ACTIVE;5044397144;11.28;;"
8757 [140653856650944] INFO perfrun.perfcollector <> - PERF_STAT : "289885737390;;UOPS_RETIRED.RETIRE_SLOTS;6716269719;15.02;;"
8757 [140653856650944] INFO perfrun.perfcollector <> - PERF_STAT : "5220297669;;CYCLE_ACTIVITY.CYCLES_NO_EXECUTE;6721971571;15.03;;"
8757 [140653856650944] INFO perfrun.perfcollector <> - PERF_STAT : "4005237930;;CYCLE_ACTIVITY.STALLS_LDM_PENDING;6782714182;15.60;;"
8757 [140653856650944] INFO perfrun.perfcollector <> - PERF_STAT : "2234538931;;CYCLE_ACTIVITY.STALLS_L2_PENDING;6842737282;15.71;;"
8757 [140653856650944] INFO perfrun.perfcollector <> - PERF_STAT : "108625072978;;IDQ_UOPS_NOT_DELIVERED.CORE;6899573210;15.82;;"
8757 [140653856650944] INFO perfrun.perfcollector <> - PERF_STAT : "516264774;;INT_MISC.RECOVERY_CYCLES;6920176550;15.85;;"
8757 [140653856650944] INFO perfrun.perfcollector <> - PERF_STAT : "4485688;;MEM_LOAD_UOPS_RETIRED.L3_HIT_PS;6788458630;15.53;;"
8757 [140653856650944] INFO perfrun.perfcollector <> - PERF_STAT : "9749395;;MEM_LOAD_UOPS_RETIRED.L3_MISS_PS;6656322045;15.20;;"
8757 [140653856650944] INFO perfrun.perfcollector <> - PERF_STAT : "6019315571;;OFFCORE_REQUESTS_OUTSTANDING.CYCLES_WITH_DATA_RD;3455698569;7.88;;"
8757 [140653856650944] INFO perfrun.perfcollector <> - PERF_STAT : "156446526;;OFFCORE_REQUESTS_OUTSTANDING.ALL_DATA_RD:cmask=6;3455698413;7.87;;"
8757 [140653856650944] INFO perfrun.perfcollector <> - PERF_STAT : "48009214;;RESOURCE_STALLS.SB;5183586881;11.79;;"
8757 [140653856650944] INFO perfrun.perfcollector <> - PERF_STAT : "640529128;;RS_EVENTS.EMPTY_CYCLES;6911475187;15.70;;"
8757 [140653856650944] INFO perfrun.perfcollector <> - PERF_STAT : "108987734105;;UOPS_EXECUTED.CORE:cmask=1;6911203157;15.68;;"
8757 [140653856650944] INFO perfrun.perfcollector <> - PERF_STAT : "102018373231;;UOPS_EXECUTED.CORE:cmask=2;6911188300;15.66;;"
8757 [140653856650944] INFO perfrun.perfcollector <> - PERF_STAT : "96536934487;;UOPS_EXECUTED.CORE:cmask=3;6911026631;15.63;;"
8757 [140653856650944] INFO perfrun.perfcollector <> - PERF_STAT : "296656349674;;UOPS_ISSUED.ANY;6910961858;15.61;;"
8757 [140653856650944] INFO perfrun.perfcollector <> - PERF_STAT : "3428563167;;IDQ_UOPS_NOT_DELIVERED.CYCLES_0_UOPS_DELIV.CORE;6911239549;15.59;;"
8757 [140653856650944] INFO perfrun.perfcollector <> - PERF_STAT : "96562490974;;MEM_UOPS_RETIRED.ALL_LOADS_PS;6655311787;14.99;;"
8757 [140653856650944] INFO perfrun.perfcollector <> - PERF_STAT : "672220513;;MEM_UOPS_RETIRED.ALL_STORES_PS;3455755736;7.78;;"
8757 [140653856650944] INFO perfrun.perfcollector <> - PERF_STAT : "10856;;MEM_LOAD_UOPS_L3_MISS_RETIRED.LOCAL_DRAM_PS;3455746655;7.77;;"
8757 [140653856650944] INFO perfrun.perfcollector <> - PERF_STAT : "8936;;MEM_LOAD_UOPS_L3_MISS_RETIRED.REMOTE_DRAM_PS;3455692539;7.75;;"
8757 [140653856650944] INFO perfrun.perfcollector <> - PERF_STAT : "9547075;;MEM_LOAD_UOPS_L3_MISS_RETIRED.REMOTE_HITM_PS;3455586597;7.74;;"
8757 [140653856650944] INFO perfrun.perfcollector <> - PERF_STAT : "384160;;MEM_LOAD_UOPS_L3_MISS_RETIRED.REMOTE_FWD_PS;3455502243;7.73;;"
8757 [140653856650944] INFO perfrun.perfcollector <> - PERF_STAT : "<not supported>;;UNC_M_CAS_COUNT.RD[UNIT0];0;100.00;;"
8757 [140653856650944] INFO perfrun.perfcollector <> - PERF_STAT : "<not supported>;;UNC_M_CAS_COUNT.RD[UNIT1];0;100.00;;"
8757 [140653856650944] INFO perfrun.perfcollector <> - PERF_STAT : "<not supported>;;UNC_M_CAS_COUNT.RD[UNIT4];0;100.00;;"
8757 [140653856650944] INFO perfrun.perfcollector <> - PERF_STAT : "<not supported>;;UNC_M_CAS_COUNT.RD[UNIT5];0;100.00;;"
8757 [140653856650944] INFO perfrun.perfcollector <> - PERF_STAT : "<not supported>;;UNC_M_CAS_COUNT.WR[UNIT0];0;100.00;;"
8757 [140653856650944] INFO perfrun.perfcollector <> - PERF_STAT : "<not supported>;;UNC_M_CAS_COUNT.WR[UNIT1];0;100.00;;"
8757 [140653856650944] INFO perfrun.perfcollector <> - PERF_STAT : "<not supported>;;UNC_M_CAS_COUNT.WR[UNIT4];0;100.00;;"
8757 [140653856650944] INFO perfrun.perfcollector <> - PERF_STAT : "<not supported>;;UNC_M_CAS_COUNT.WR[UNIT5];0;100.00;;"
8757 [140653954590400] INFO perfrun.perfcollector <> - Monitor: state = 3, error = 1
8757 [140653954590400] INFO perfrun.sdk <> - De-allocating TMU: /tmp/amplxe-tmp-emlazuta/amplxe-res-3468493-13069017735952450/data.0/systemcollector-3468493-hype5.sc
8757 [140653954590400] INFO perfrun.system <> - closed the system trace file: /tmp/amplxe-tmp-emlazuta/amplxe-res-3468493-13069017735952450/data.0/systemcollector-3468493-hype5.sc
8757 [140654110615424] INFO perfrun.launcher <> - Launcher: all plugins were stopped.
8757 [140654110615424] INFO perfrun.launcher <> - DeadlineTimer is going to be destroyed
8757 [140654110615424] INFO perfrun.launcher <> - DeadlineTimer was destroyed
8758 [140654110615424] INFO perfrun.launcher <> - DirectoryMonitor object was destroyed
8758 [140654110615424] WARN perfrun.launcher <> - Stop command is ignored because it is received when collection is already stopped, at file: vcs/perfrun1/launcher/src/command_handler.cpp:212
8783 [140654110615424] INFO perfrun.launcher <> - Application exit code: 0
8783 [140654110615424] INFO perfrun.launcher <> - Exit code: 0
