threads,grid_size,sync_mode,sync_interval,episodes,schedule,chunk,obstacles_pct,block,training_time_s,converged,vtune_elapsed_s,vtune_ipc,vtune_mem_bound_pct,thread_cpu_time_s,thread_wait_time_s,thread_spin_time_s,thread_overhead_time_s,thread_eff_cpu_util_pct
20,50,sqrt,10,10000,static,1,50,1,0.650146,no,0.661,1.539,22.7,NA,NA,NA,NA,NA
4,10,sqrt,1000,10000,guided,0,0,1,0.003151,yes,0.010,1.417,0.0,NA,NA,NA,NA,NA
40,50,statespace,0,5000,guided,0,0,1,0.022413,no,0.034,0.724,35.7,NA,NA,NA,NA,NA
2,10,hogwild,0,10000,dynamic,1,0,1,0.006441,yes,0.017,1.142,75.0,NA,NA,NA,NA,NA
4,50,hogwild,0,10000,dynamic,1,0,1,0.022776,yes,0.031,1.281,74.1,NA,NA,NA,NA,NA
4,10,sqrt,0,5000,static,0,50,1,0.004954,yes,0.011,1.453,46.9,NA,NA,NA,NA,NA
8,50,sqrt,0,5000,dynamic,10,0,1,0.059079,no,0.072,0.857,18.5,NA,NA,NA,NA,NA
16,100,statespace,0,5000,guided,0,0,1,0.033616,no,0.057,1.146,33.2,NA,NA,NA,NA,NA
4,10,hogwild,0,5000,static,1,0,1,0.002346,yes,0.023,0.988,0.0,NA,NA,NA,NA,NA
2,50,sqrt,10,10000,static,0,50,1,1.466032,no,1.475,3.909,2.9,NA,NA,NA,NA,NA
8,10,sqrt,1000,10000,static,10,0,1,0.002695,yes,0.015,1.166,0.0,NA,NA,NA,NA,NA
2,10,sqrt,1000,10000,dynamic,0,0,1,0.004883,yes,0.014,1.469,68.0,NA,NA,NA,NA,NA
2,100,sqrt,1000,10000,dynamic,1,0,1,0.130933,yes,0.145,1.392,10.8,NA,NA,NA,NA,NA
20,10,sqrt,10,10000,static,1,50,1,0.036902,yes,0.046,0.258,100.0,NA,NA,NA,NA,NA
2,50,sqrt,0,10000,dynamic,1,0,1,0.046041,yes,0.057,1.591,13.4,NA,NA,NA,NA,NA
40,50,sqrt,10,5000,dynamic,0,0,1,0.120432,no,0.141,0.406,52.5,NA,NA,NA,NA,NA
40,10,sqrt,0,10000,static,0,50,1,0.016477,yes,0.025,0.312,80.3,NA,NA,NA,NA,NA
40,50,hogwild,0,5000,guided,1,50,1,0.078897,no,0.088,2.169,20.9,NA,NA,NA,NA,NA
8,100,statespace,0,10000,guided,10,0,1,0.068950,no,0.088,1.306,8.6,NA,NA,NA,NA,NA
8,50,sqrt,10,10000,dynamic,10,50,1,3.381928,no,3.395,1.329,12.3,NA,NA,NA,NA,NA
2,50,statespace,0,10000,dynamic,0,50,1,1.286001,no,1.293,4.326,0.9,NA,NA,NA,NA,NA
2,10,sqrt,10,10000,static,10,0,1,0.013158,yes,0.027,1.084,32.5,NA,NA,NA,NA,NA
40,10,sqrt,10,10000,guided,1,50,1,0.039860,yes,0.051,0.200,100.0,NA,NA,NA,NA,NA
40,100,hogwild,0,10000,static,10,50,1,0.953130,no,0.979,2.432,2.8,NA,NA,NA,NA,NA
20,10,sqrt,10,10000,dynamic,1,0,1,0.032778,yes,0.053,0.206,100.0,NA,NA,NA,NA,NA
8,100,sqrt,1000,10000,static,10,0,1,0.073019,no,0.082,1.274,11.4,NA,NA,NA,NA,NA
8,10,hogwild,0,5000,dynamic,0,50,1,0.003169,yes,0.014,1.185,0.0,NA,NA,NA,NA,NA
16,100,sqrt,0,5000,dynamic,1,0,1,0.125005,no,0.139,0.924,58.4,NA,NA,NA,NA,NA
4,100,sqrt,0,10000,static,10,0,1,0.173519,no,0.187,1.224,13.0,NA,NA,NA,NA,NA
4,50,sqrt,10,10000,guided,1,0,1,0.071466,yes,0.081,1.655,20.0,NA,NA,NA,NA,NA
16,100,hogwild,0,5000,static,1,50,1,0.795890,no,0.824,3.947,5.6,NA,NA,NA,NA,NA
20,100,hogwild,0,10000,dynamic,10,0,1,0.020717,yes,0.031,0.843,91.0,NA,NA,NA,NA,NA
8,100,sqrt,0,10000,static,1,0,1,0.118034,no,0.127,1.432,31.4,NA,NA,NA,NA,NA
4,100,sqrt,10,5000,guided,10,50,1,8.888842,no,8.913,3.712,4.2,NA,NA,NA,NA,NA
8,10,sqrt,10,5000,guided,10,50,1,0.018720,yes,0.025,0.634,41.0,NA,NA,NA,NA,NA
40,100,sqrt,10,5000,dynamic,1,50,1,2.249001,no,2.287,1.013,23.1,NA,NA,NA,NA,NA
8,50,sqrt,0,5000,guided,10,50,1,0.865592,no,0.878,2.325,8.7,NA,NA,NA,NA,NA
20,100,statespace,0,5000,guided,1,0,1,0.033941,no,0.043,1.115,37.2,NA,NA,NA,NA,NA
2,50,statespace,0,10000,guided,1,50,1,1.313359,no,1.331,4.319,1.2,NA,NA,NA,NA,NA
20,100,sqrt,0,5000,static,10,0,1,0.231363,no,0.241,0.614,45.4,NA,NA,NA,NA,NA
2,50,statespace,0,5000,guided,1,0,1,0.029127,yes,0.038,1.423,29.7,NA,NA,NA,NA,NA
8,50,statespace,0,10000,guided,0,50,1,0.473915,no,0.483,4.278,0.9,NA,NA,NA,NA,NA
2,100,sqrt,1000,5000,dynamic,0,50,1,4.341977,no,4.368,4.595,0.6,NA,NA,NA,NA,NA
8,50,sqrt,10,10000,static,1,0,1,0.080563,yes,0.089,1.283,34.0,NA,NA,NA,NA,NA
4,50,sqrt,1000,10000,guided,0,50,1,0.776362,no,0.785,4.279,1.3,NA,NA,NA,NA,NA
40,10,sqrt,0,10000,guided,1,50,1,0.018329,yes,0.027,0.282,78.7,NA,NA,NA,NA,NA
2,50,sqrt,1000,5000,guided,10,0,1,0.029151,no,0.040,1.427,28.9,NA,NA,NA,NA,NA
8,100,statespace,0,5000,dynamic,10,0,1,0.039315,no,0.053,1.260,34.5,NA,NA,NA,NA,NA
40,50,sqrt,1000,5000,static,0,50,1,0.137772,no,0.151,2.226,20.8,NA,NA,NA,NA,NA
40,100,sqrt,0,5000,dynamic,1,0,1,0.127038,no,0.140,0.464,63.6,NA,NA,NA,NA,NA
4,100,sqrt,0,10000,static,0,50,1,5.075340,no,5.114,4.444,1.2,NA,NA,NA,NA,NA
4,50,hogwild,0,10000,guided,0,0,1,0.023599,yes,0.029,1.264,72.0,NA,NA,NA,NA,NA
2,100,sqrt,1000,5000,guided,10,0,1,0.097682,no,0.110,1.351,8.7,NA,NA,NA,NA,NA
4,10,sqrt,1000,10000,static,1,0,1,0.003293,yes,0.010,1.394,29.5,NA,NA,NA,NA,NA
16,50,statespace,0,10000,dynamic,0,50,1,0.298089,no,0.329,4.132,2.4,NA,NA,NA,NA,NA
4,100,sqrt,0,10000,dynamic,1,50,1,5.050649,no,5.082,4.448,1.4,NA,NA,NA,NA,NA
16,10,sqrt,0,10000,static,10,50,1,0.024013,yes,0.029,0.463,80.9,NA,NA,NA,NA,NA
2,100,statespace,0,5000,guided,10,50,1,4.352547,no,4.380,4.593,0.7,NA,NA,NA,NA,NA
4,50,sqrt,10,5000,static,1,0,1,0.044650,yes,0.051,1.551,20.9,NA,NA,NA,NA,NA
20,10,statespace,0,5000,guided,10,50,1,0.006640,yes,0.016,0.645,0.0,NA,NA,NA,NA,NA
8,100,sqrt,0,10000,dynamic,1,50,1,2.910315,no,2.935,4.096,3.3,NA,NA,NA,NA,NA
40,50,sqrt,0,10000,guided,10,0,1,0.129285,no,0.142,0.423,31.7,NA,NA,NA,NA,NA
20,100,hogwild,0,5000,static,1,0,1,0.015055,yes,0.034,0.827,68.7,NA,NA,NA,NA,NA
16,10,sqrt,1000,5000,static,10,0,1,0.002918,yes,0.011,0.722,0.0,NA,NA,NA,NA,NA
16,50,hogwild,0,5000,static,1,0,1,0.007834,yes,0.016,0.759,62.4,NA,NA,NA,NA,NA
2,50,hogwild,0,10000,static,0,50,1,1.383804,no,1.396,4.028,3.1,NA,NA,NA,NA,NA
4,10,sqrt,10,5000,dynamic,10,0,1,0.008095,yes,0.014,0.783,38.4,NA,NA,NA,NA,NA
4,10,statespace,0,5000,guided,1,50,1,0.004037,yes,0.013,1.679,33.0,NA,NA,NA,NA,NA
20,100,sqrt,1000,10000,dynamic,0,50,1,1.048852,no,1.073,4.441,1.5,NA,NA,NA,NA,NA
16,100,sqrt,0,10000,static,0,0,1,0.172807,no,0.186,0.940,52.1,NA,NA,NA,NA,NA
20,10,hogwild,0,10000,dynamic,0,50,1,0.009182,yes,0.020,0.395,81.5,NA,NA,NA,NA,NA
4,100,statespace,0,5000,guided,0,0,1,0.062592,no,0.075,1.319,8.1,NA,NA,NA,NA,NA
20,100,sqrt,0,10000,dynamic,0,50,1,2.011891,no,2.054,2.690,13.2,NA,NA,NA,NA,NA
2,50,sqrt,1000,5000,dynamic,1,0,1,0.028908,yes,0.036,1.428,27.2,NA,NA,NA,NA,NA
4,100,sqrt,1000,5000,dynamic,1,0,1,0.063458,no,0.076,1.310,7.6,NA,NA,NA,NA,NA
4,100,sqrt,1000,10000,static,0,0,1,0.108892,no,0.123,1.340,12.1,NA,NA,NA,NA,NA
40,100,hogwild,0,5000,static,0,50,1,0.507367,no,0.539,2.425,2.3,NA,NA,NA,NA,NA
2,50,hogwild,0,5000,static,10,50,1,0.658787,no,0.671,4.213,2.3,NA,NA,NA,NA,NA
16,100,sqrt,10,5000,static,0,0,1,0.182904,no,0.195,0.922,59.0,NA,NA,NA,NA,NA
40,50,sqrt,1000,5000,dynamic,10,0,1,0.022896,no,0.031,0.683,32.8,NA,NA,NA,NA,NA
40,50,statespace,0,10000,guided,0,0,1,0.028146,no,0.039,0.795,45.1,NA,NA,NA,NA,NA
2,100,sqrt,1000,5000,dynamic,1,50,1,4.351964,no,4.385,4.599,0.5,NA,NA,NA,NA,NA
4,100,statespace,0,5000,dynamic,0,50,1,2.424115,no,2.457,4.553,0.8,NA,NA,NA,NA,NA
4,100,sqrt,10,10000,dynamic,1,50,1,5.944772,no,5.970,3.949,3.4,NA,NA,NA,NA,NA
8,10,hogwild,0,10000,guided,10,50,1,0.006324,yes,0.029,1.069,75.2,NA,NA,NA,NA,NA
8,10,sqrt,10,10000,dynamic,0,50,1,0.014636,yes,0.033,0.797,70.7,NA,NA,NA,NA,NA
40,100,statespace,0,10000,guided,0,50,1,0.964782,no,0.989,2.434,2.8,NA,NA,NA,NA,NA
20,50,hogwild,0,10000,static,0,50,1,0.198198,no,0.216,3.199,11.5,NA,NA,NA,NA,NA
16,100,statespace,0,5000,static,10,0,1,0.032619,no,0.046,1.149,36.9,NA,NA,NA,NA,NA
20,10,statespace,0,5000,dynamic,1,0,1,0.004887,no,0.019,0.451,75.1,NA,NA,NA,NA,NA
16,50,statespace,0,10000,static,10,50,1,0.306632,no,0.320,4.175,1.5,NA,NA,NA,NA,NA
40,50,hogwild,0,10000,dynamic,1,0,1,0.010533,yes,0.018,0.449,53.4,NA,NA,NA,NA,NA
2,100,sqrt,0,10000,dynamic,10,50,1,9.952195,no,9.989,4.536,0.8,NA,NA,NA,NA,NA
16,100,statespace,0,10000,guided,1,50,1,1.266840,no,1.296,4.533,1.2,NA,NA,NA,NA,NA
8,50,sqrt,1000,10000,static,0,0,1,0.026078,yes,0.040,1.285,31.3,NA,NA,NA,NA,NA
40,50,sqrt,1000,5000,guided,1,0,1,0.022289,no,0.033,0.714,41.5,NA,NA,NA,NA,NA
2,50,sqrt,0,10000,dynamic,0,50,1,1.274622,no,1.287,4.283,1.4,NA,NA,NA,NA,NA
4,50,hogwild,0,10000,guided,10,0,1,0.022866,yes,0.029,1.270,67.4,NA,NA,NA,NA,NA
8,10,sqrt,0,10000,guided,0,0,1,0.004961,yes,0.013,0.834,56.3,NA,NA,NA,NA,NA
40,10,sqrt,10,10000,dynamic,0,0,1,0.034572,yes,0.041,0.175,100.0,NA,NA,NA,NA,NA
8,50,sqrt,10,5000,dynamic,1,0,1,0.050166,no,0.077,1.192,46.2,NA,NA,NA,NA,NA
16,100,sqrt,1000,5000,guided,10,0,1,0.035189,no,0.044,1.118,41.1,NA,NA,NA,NA,NA
40,10,hogwild,0,5000,guided,10,50,1,0.006873,yes,0.018,0.292,82.7,NA,NA,NA,NA,NA
2,50,sqrt,10,10000,static,10,50,1,2.654176,no,2.662,2.872,6.1,NA,NA,NA,NA,NA
8,50,hogwild,0,5000,static,10,0,1,0.008309,yes,0.015,1.163,56.7,NA,NA,NA,NA,NA
2,100,hogwild,0,10000,dynamic,10,0,1,0.108297,no,0.121,1.299,16.7,NA,NA,NA,NA,NA
8,50,statespace,0,10000,static,1,50,1,0.484939,no,0.496,4.234,1.1,NA,NA,NA,NA,NA
8,10,sqrt,1000,5000,static,1,50,1,0.003066,yes,0.010,1.562,29.5,NA,NA,NA,NA,NA
20,100,sqrt,10,5000,static,1,50,1,1.315251,no,1.348,2.290,16.6,NA,NA,NA,NA,NA
4,10,hogwild,0,5000,dynamic,10,0,1,0.002443,yes,0.023,0.919,0.0,NA,NA,NA,NA,NA
8,100,sqrt,1000,10000,guided,10,0,1,0.072055,no,0.086,1.286,10.7,NA,NA,NA,NA,NA
4,50,sqrt,1000,5000,guided,1,50,1,0.451475,no,0.469,4.281,2.2,NA,NA,NA,NA,NA
16,10,hogwild,0,10000,guided,1,0,1,0.006920,yes,0.014,0.285,83.7,NA,NA,NA,NA,NA
40,100,sqrt,1000,5000,static,1,0,1,0.053823,no,0.068,0.722,61.7,NA,NA,NA,NA,NA
16,10,sqrt,1000,5000,static,10,50,1,0.003864,yes,0.015,1.113,0.0,NA,NA,NA,NA,NA
4,50,sqrt,10,10000,dynamic,10,0,1,0.140812,yes,0.149,1.085,22.2,NA,NA,NA,NA,NA
40,100,sqrt,1000,5000,guided,0,0,1,0.053831,no,0.072,0.723,60.4,NA,NA,NA,NA,NA
8,10,sqrt,0,10000,static,1,0,1,0.004843,yes,0.014,0.867,64.7,NA,NA,NA,NA,NA
20,50,hogwild,0,5000,guided,10,0,1,0.007405,yes,0.019,0.720,61.8,NA,NA,NA,NA,NA
8,50,statespace,0,5000,static,1,50,1,0.300406,no,0.313,4.242,1.5,NA,NA,NA,NA,NA
40,50,sqrt,0,5000,static,0,0,1,0.044251,no,0.057,0.455,100.0,NA,NA,NA,NA,NA
2,100,sqrt,0,5000,guided,10,50,1,4.388926,no,4.421,4.589,0.7,NA,NA,NA,NA,NA
16,50,sqrt,0,10000,static,0,0,1,0.064746,no,0.080,0.834,50.2,NA,NA,NA,NA,NA
20,10,sqrt,10,5000,static,10,0,1,0.022427,yes,0.033,0.277,91.4,NA,NA,NA,NA,NA
16,100,sqrt,1000,5000,guided,1,50,1,0.646228,no,0.673,4.501,2.9,NA,NA,NA,NA,NA
20,100,sqrt,0,5000,guided,0,50,1,0.617673,no,0.644,3.917,14.2,NA,NA,NA,NA,NA
16,50,sqrt,1000,5000,static,0,50,1,0.171373,no,0.184,4.112,1.2,NA,NA,NA,NA,NA
20,10,statespace,0,10000,guided,10,50,1,0.010152,yes,0.017,0.597,78.4,NA,NA,NA,NA,NA
4,50,sqrt,1000,10000,static,10,0,1,0.032501,yes,0.044,1.402,32.3,NA,NA,NA,NA,NA
8,50,sqrt,0,10000,dynamic,0,50,1,0.520543,no,0.551,3.723,4.5,NA,NA,NA,NA,NA
20,100,statespace,0,5000,static,10,50,1,0.544876,no,0.580,4.501,1.7,NA,NA,NA,NA,NA
2,50,sqrt,0,5000,guided,1,50,1,0.721557,no,0.740,4.165,1.4,NA,NA,NA,NA,NA
20,100,hogwild,0,10000,guided,1,0,1,0.020605,no,0.037,0.856,89.4,NA,NA,NA,NA,NA
20,100,sqrt,10,5000,guided,10,0,1,0.446463,no,0.459,0.586,44.5,NA,NA,NA,NA,NA
40,100,hogwild,0,5000,static,0,0,1,0.012345,yes,0.022,0.591,51.7,NA,NA,NA,NA,NA
2,10,sqrt,1000,5000,dynamic,0,50,1,0.005973,yes,0.022,1.908,42.4,NA,NA,NA,NA,NA
20,50,hogwild,0,10000,guided,1,0,1,0.010520,no,0.032,0.716,74.5,NA,NA,NA,NA,NA
20,50,sqrt,10,5000,dynamic,1,50,1,0.327694,no,0.341,1.755,23.3,NA,NA,NA,NA,NA
4,50,statespace,0,5000,static,0,0,1,0.025300,yes,0.033,1.352,31.7,NA,NA,NA,NA,NA
8,50,hogwild,0,10000,guided,10,0,1,0.013477,yes,0.034,1.160,66.9,NA,NA,NA,NA,NA
8,50,sqrt,0,10000,dynamic,10,50,1,1.105835,no,1.118,2.573,7.1,NA,NA,NA,NA,NA
16,100,sqrt,10,10000,guided,1,50,1,2.370557,no,2.396,2.848,14.2,NA,NA,NA,NA,NA
8,100,sqrt,10,5000,guided,10,0,1,0.316278,no,0.333,0.881,19.7,NA,NA,NA,NA,NA
8,50,sqrt,10,10000,dynamic,0,50,1,0.728845,no,0.751,2.868,8.6,NA,NA,NA,NA,NA
20,100,sqrt,10,10000,guided,1,0,1,0.441572,no,0.458,0.698,68.4,NA,NA,NA,NA,NA
2,10,statespace,0,5000,dynamic,1,0,1,0.002792,yes,0.018,1.355,0.0,NA,NA,NA,NA,NA
40,100,sqrt,10,10000,dynamic,10,0,1,1.209070,no,1.227,0.409,43.6,NA,NA,NA,NA,NA
2,100,sqrt,0,5000,guided,0,50,1,4.388882,no,4.419,4.574,0.8,NA,NA,NA,NA,NA
16,50,sqrt,0,10000,static,1,50,1,0.467748,no,0.492,2.537,14.2,NA,NA,NA,NA,NA
20,10,sqrt,0,10000,dynamic,0,50,1,0.020481,yes,0.029,0.330,100.0,NA,NA,NA,NA,NA
20,100,hogwild,0,10000,guided,0,0,1,0.021117,yes,0.044,0.837,95.5,NA,NA,NA,NA,NA
8,10,statespace,0,5000,static,1,0,1,0.002574,yes,0.013,0.883,0.0,NA,NA,NA,NA,NA
20,50,sqrt,0,10000,dynamic,1,50,1,0.429899,no,0.443,2.437,15.4,NA,NA,NA,NA,NA
4,10,sqrt,0,5000,dynamic,1,50,1,0.004670,yes,0.015,1.544,0.0,NA,NA,NA,NA,NA
40,100,statespace,0,5000,static,1,0,1,0.050748,no,0.061,0.763,36.7,NA,NA,NA,NA,NA
8,50,statespace,0,10000,guided,1,50,1,0.485370,no,0.494,4.237,1.2,NA,NA,NA,NA,NA
2,50,statespace,0,10000,guided,0,0,1,0.041866,yes,0.049,1.495,40.9,NA,NA,NA,NA,NA
16,50,statespace,0,5000,guided,10,50,1,0.174881,no,0.192,4.153,1.3,NA,NA,NA,NA,NA
16,10,hogwild,0,5000,guided,0,0,1,0.004900,yes,0.018,0.303,0.0,NA,NA,NA,NA,NA
2,10,sqrt,0,10000,dynamic,1,50,1,0.011122,yes,0.019,1.958,40.2,NA,NA,NA,NA,NA
40,100,sqrt,0,5000,dynamic,0,0,1,0.127538,no,0.141,0.463,61.5,NA,NA,NA,NA,NA
40,10,sqrt,10,10000,static,0,50,1,0.514184,yes,0.521,0.345,25.8,NA,NA,NA,NA,NA
4,100,sqrt,0,10000,dynamic,10,50,1,7.426904,no,7.462,4.378,1.4,NA,NA,NA,NA,NA
4,100,statespace,0,5000,dynamic,0,0,1,0.062695,no,0.076,1.312,8.3,NA,NA,NA,NA,NA
4,100,hogwild,0,5000,dynamic,1,0,1,0.042136,no,0.060,1.237,56.1,NA,NA,NA,NA,NA
40,10,sqrt,1000,5000,dynamic,10,0,1,0.004947,yes,0.015,0.467,0.0,NA,NA,NA,NA,NA
8,10,statespace,0,5000,static,0,50,1,0.003631,yes,0.010,1.353,0.0,NA,NA,NA,NA,NA
2,10,sqrt,0,5000,static,10,0,1,0.004301,yes,0.025,1.070,25.8,NA,NA,NA,NA,NA
20,10,sqrt,1000,10000,dynamic,0,50,1,0.005084,yes,0.013,1.119,54.9,NA,NA,NA,NA,NA
40,10,sqrt,0,5000,static,0,0,1,0.008834,yes,0.016,0.275,88.7,NA,NA,NA,NA,NA
16,50,sqrt,0,10000,guided,0,0,1,0.063737,yes,0.079,0.831,51.7,NA,NA,NA,NA,NA
4,50,hogwild,0,10000,static,10,0,1,0.023227,yes,0.038,1.259,74.1,NA,NA,NA,NA,NA
40,10,sqrt,0,10000,dynamic,1,50,1,0.020018,yes,0.041,0.292,89.1,NA,NA,NA,NA,NA
20,50,sqrt,10,10000,guided,1,0,1,0.140320,no,0.155,0.638,72.6,NA,NA,NA,NA,NA
16,10,sqrt,0,5000,guided,0,0,1,0.012480,yes,0.022,0.246,94.3,NA,NA,NA,NA,NA
40,10,sqrt,10,5000,guided,1,50,1,0.022488,yes,0.043,0.218,100.0,NA,NA,NA,NA,NA
40,10,statespace,0,10000,static,0,50,1,0.010925,yes,0.025,0.435,73.1,NA,NA,NA,NA,NA
40,50,sqrt,0,10000,guided,0,50,1,0.307726,no,0.326,1.923,13.9,NA,NA,NA,NA,NA
2,50,sqrt,10,5000,guided,0,0,1,0.045501,yes,0.056,1.811,16.4,NA,NA,NA,NA,NA
16,50,sqrt,0,5000,static,1,50,1,0.324252,no,0.341,2.309,14.0,NA,NA,NA,NA,NA
4,50,sqrt,10,10000,static,10,50,1,3.040368,no,3.049,1.929,9.7,NA,NA,NA,NA,NA
4,50,sqrt,10,5000,static,10,50,1,1.694088,no,1.710,2.024,8.7,NA,NA,NA,NA,NA
40,10,sqrt,0,5000,dynamic,10,0,1,0.010901,yes,0.025,0.302,59.4,NA,NA,NA,NA,NA
16,50,sqrt,10,10000,guided,1,50,1,0.613750,no,0.631,1.917,17.0,NA,NA,NA,NA,NA
16,10,sqrt,10,10000,static,0,50,1,0.033932,yes,0.055,0.287,100.0,NA,NA,NA,NA,NA
16,10,sqrt,10,5000,static,0,0,1,0.015494,yes,0.024,0.255,88.6,NA,NA,NA,NA,NA
4,50,statespace,0,10000,guided,1,0,1,0.032150,yes,0.051,1.411,28.9,NA,NA,NA,NA,NA
40,50,statespace,0,5000,static,0,50,1,0.137383,no,0.148,2.233,22.5,NA,NA,NA,NA,NA
16,50,sqrt,10,5000,guided,0,0,1,0.070265,no,0.080,0.752,59.0,NA,NA,NA,NA,NA
40,50,sqrt,0,5000,guided,1,50,1,0.160214,no,0.179,1.938,19.9,NA,NA,NA,NA,NA
20,10,statespace,0,10000,static,1,0,1,0.007164,yes,0.018,0.417,83.1,NA,NA,NA,NA,NA
40,10,sqrt,10,5000,guided,0,50,1,0.021878,yes,0.033,0.220,91.0,NA,NA,NA,NA,NA
2,100,sqrt,0,10000,guided,1,50,1,8.829166,no,8.860,4.577,0.6,NA,NA,NA,NA,NA
4,50,sqrt,0,5000,dynamic,0,0,1,0.027096,yes,0.041,1.452,41.0,NA,NA,NA,NA,NA
16,100,hogwild,0,10000,guided,0,0,1,0.024077,yes,0.041,0.882,93.5,NA,NA,NA,NA,NA
4,10,sqrt,10,5000,static,10,50,1,0.015788,yes,0.036,0.827,34.9,NA,NA,NA,NA,NA
4,100,sqrt,0,5000,static,10,0,1,0.088632,no,0.102,1.441,18.0,NA,NA,NA,NA,NA
2,10,hogwild,0,10000,static,0,50,1,0.013319,yes,0.023,1.577,57.9,NA,NA,NA,NA,NA
16,50,sqrt,10,10000,dynamic,1,50,1,0.676020,no,0.692,1.822,17.3,NA,NA,NA,NA,NA
4,100,hogwild,0,10000,dynamic,0,50,1,4.977012,no,5.009,4.474,1.4,NA,NA,NA,NA,NA
4,100,sqrt,10,10000,dynamic,0,0,1,0.242551,no,0.266,1.775,28.4,NA,NA,NA,NA,NA
2,100,statespace,0,5000,dynamic,1,0,1,0.099608,no,0.117,1.345,9.4,NA,NA,NA,NA,NA
16,10,sqrt,0,10000,guided,1,50,1,0.016455,yes,0.027,0.419,100.0,NA,NA,NA,NA,NA
8,100,sqrt,0,5000,static,0,0,1,0.079715,no,0.093,1.344,30.4,NA,NA,NA,NA,NA
2,100,sqrt,0,5000,static,0,0,1,0.106824,yes,0.130,1.474,13.9,NA,NA,NA,NA,NA
4,100,hogwild,0,10000,static,0,50,1,5.131106,no,5.164,4.432,1.1,NA,NA,NA,NA,NA
2,50,sqrt,1000,5000,guided,1,0,1,0.029732,yes,0.036,1.424,27.9,NA,NA,NA,NA,NA
40,10,statespace,0,5000,dynamic,1,0,1,0.006562,yes,0.012,0.348,57.3,NA,NA,NA,NA,NA
16,50,sqrt,1000,5000,guided,1,50,1,0.170560,no,0.182,4.153,1.2,NA,NA,NA,NA,NA
8,50,statespace,0,10000,dynamic,10,50,1,0.476569,no,0.485,4.260,1.0,NA,NA,NA,NA,NA
8,10,sqrt,0,5000,static,1,0,1,0.003486,yes,0.011,0.787,0.0,NA,NA,NA,NA,NA
40,100,sqrt,0,10000,static,10,0,1,0.348380,no,0.366,0.430,45.3,NA,NA,NA,NA,NA
20,10,sqrt,0,5000,static,10,50,1,0.020657,yes,0.032,0.417,78.0,NA,NA,NA,NA,NA
8,50,hogwild,0,10000,static,1,0,1,0.014299,yes,0.028,1.109,68.5,NA,NA,NA,NA,NA
40,100,sqrt,0,10000,guided,0,0,1,0.210886,no,0.229,0.459,59.1,NA,NA,NA,NA,NA
20,100,statespace,0,5000,static,0,0,1,0.034063,no,0.047,1.100,36.7,NA,NA,NA,NA,NA
2,50,sqrt,1000,5000,static,0,50,1,0.732428,no,0.742,4.298,1.2,NA,NA,NA,NA,NA
2,50,sqrt,10,10000,dynamic,1,50,1,1.373032,no,1.381,4.074,2.5,NA,NA,NA,NA,NA
40,100,sqrt,0,5000,dynamic,1,50,1,0.592198,no,0.616,2.120,13.3,NA,NA,NA,NA,NA
20,100,sqrt,1000,5000,dynamic,0,50,1,0.524763,no,0.561,4.479,0.6,NA,NA,NA,NA,NA
2,100,hogwild,0,5000,dynamic,1,0,1,0.074247,yes,0.088,1.258,15.8,NA,NA,NA,NA,NA
4,100,sqrt,10,10000,static,0,50,1,5.962435,no,5.988,3.953,3.3,NA,NA,NA,NA,NA
16,50,sqrt,10,10000,static,1,0,1,0.117733,yes,0.126,0.774,61.5,NA,NA,NA,NA,NA
40,10,hogwild,0,5000,dynamic,10,50,1,0.006956,yes,0.016,0.277,96.0,NA,NA,NA,NA,NA
16,100,statespace,0,10000,static,1,0,1,0.049073,no,0.069,1.217,32.4,NA,NA,NA,NA,NA
16,10,sqrt,1000,5000,guided,10,50,1,0.003716,yes,0.011,1.120,0.0,NA,NA,NA,NA,NA
20,100,statespace,0,5000,dynamic,0,50,1,0.517678,no,0.545,4.506,1.0,NA,NA,NA,NA,NA
20,100,statespace,0,10000,dynamic,10,50,1,1.029087,no,1.053,4.520,1.0,NA,NA,NA,NA,NA
8,10,sqrt,0,10000,dynamic,0,50,1,0.007210,yes,0.017,1.196,67.4,NA,NA,NA,NA,NA
40,10,sqrt,10,10000,guided,10,50,1,0.062716,yes,0.074,0.296,82.4,NA,NA,NA,NA,NA
2,100,sqrt,10,5000,guided,10,50,1,8.804261,no,8.829,4.227,2.2,NA,NA,NA,NA,NA
8,100,hogwild,0,5000,dynamic,0,50,1,1.313329,no,1.341,4.384,2.2,NA,NA,NA,NA,NA
40,50,sqrt,1000,5000,guided,10,50,1,0.159354,no,0.168,2.156,18.4,NA,NA,NA,NA,NA
16,100,sqrt,0,10000,guided,1,0,1,0.170417,no,0.182,0.955,52.2,NA,NA,NA,NA,NA
8,100,sqrt,10,10000,guided,1,50,1,4.199915,no,4.228,3.130,6.9,NA,NA,NA,NA,NA
2,10,sqrt,10,5000,static,1,50,1,0.008234,yes,0.029,1.652,39.6,NA,NA,NA,NA,NA
4,10,sqrt,10,10000,guided,0,0,1,0.008601,yes,0.015,1.036,57.9,NA,NA,NA,NA,NA
40,10,hogwild,0,10000,guided,10,50,1,0.009706,yes,0.018,0.258,91.6,NA,NA,NA,NA,NA
8,100,hogwild,0,10000,dynamic,1,0,1,0.034464,yes,0.048,1.204,61.2,NA,NA,NA,NA,NA
4,10,hogwild,0,5000,guided,10,0,1,0.002284,yes,0.008,0.990,0.0,NA,NA,NA,NA,NA
8,100,hogwild,0,5000,guided,1,0,1,0.023262,no,0.042,1.161,63.2,NA,NA,NA,NA,NA
2,50,sqrt,1000,5000,dynamic,0,50,1,0.696006,no,0.704,4.312,1.0,NA,NA,NA,NA,NA
4,100,hogwild,0,10000,dynamic,10,50,1,5.027163,no,5.056,4.431,1.2,NA,NA,NA,NA,NA
4,50,sqrt,10,5000,dynamic,1,0,1,0.044540,yes,0.056,1.526,26.9,NA,NA,NA,NA,NA
4,10,statespace,0,5000,guided,10,0,1,0.002377,yes,0.013,1.176,0.0,NA,NA,NA,NA,NA
40,50,sqrt,1000,10000,static,10,0,1,0.031826,no,0.042,0.723,50.7,NA,NA,NA,NA,NA
4,100,sqrt,10,5000,dynamic,10,0,1,0.294672,no,0.303,1.054,17.9,NA,NA,NA,NA,NA
20,50,sqrt,0,5000,guided,0,50,1,0.271986,no,0.285,2.299,14.1,NA,NA,NA,NA,NA
2,100,hogwild,0,5000,static,0,0,1,0.079048,yes,0.096,1.236,16.9,NA,NA,NA,NA,NA
8,10,statespace,0,10000,dynamic,10,50,1,0.006624,yes,0.014,1.281,42.3,NA,NA,NA,NA,NA
20,10,sqrt,1000,5000,dynamic,0,0,1,0.003572,yes,0.014,0.631,0.0,NA,NA,NA,NA,NA
40,50,sqrt,1000,10000,static,0,50,1,0.259346,no,0.268,2.250,7.7,NA,NA,NA,NA,NA
2,100,sqrt,1000,5000,dynamic,0,0,1,0.098484,no,0.111,1.352,5.5,NA,NA,NA,NA,NA
8,100,statespace,0,5000,dynamic,1,50,1,1.270564,no,1.308,4.496,1.6,NA,NA,NA,NA,NA
2,50,statespace,0,5000,guided,10,0,1,0.029012,yes,0.039,1.435,27.4,NA,NA,NA,NA,NA
8,10,sqrt,0,5000,static,0,0,1,0.004298,yes,0.022,0.651,79.4,NA,NA,NA,NA,NA
8,50,sqrt,0,5000,dynamic,0,50,1,0.318412,no,0.333,3.592,6.7,NA,NA,NA,NA,NA
16,10,sqrt,1000,5000,guided,0,50,1,0.003721,yes,0.012,1.124,0.0,NA,NA,NA,NA,NA
8,10,statespace,0,5000,dynamic,1,50,1,0.003806,yes,0.024,1.310,0.0,NA,NA,NA,NA,NA
40,100,statespace,0,5000,dynamic,0,50,1,0.500536,no,0.538,2.418,6.3,NA,NA,NA,NA,NA
20,50,sqrt,10,10000,guided,1,50,1,0.641411,no,0.659,1.594,23.6,NA,NA,NA,NA,NA
20,50,statespace,0,10000,static,1,50,1,0.266204,no,0.279,4.149,2.6,NA,NA,NA,NA,NA
2,10,statespace,0,10000,static,10,50,1,0.011136,yes,0.021,1.949,26.9,NA,NA,NA,NA,NA
8,50,sqrt,0,5000,static,0,50,1,0.356240,no,0.369,3.278,6.0,NA,NA,NA,NA,NA
8,50,statespace,0,5000,guided,1,0,1,0.021528,no,0.032,1.263,36.0,NA,NA,NA,NA,NA
20,10,hogwild,0,5000,static,10,50,1,0.005651,yes,0.016,0.451,14.9,NA,NA,NA,NA,NA
4,10,sqrt,0,10000,guided,0,0,1,0.004267,yes,0.014,1.247,0.0,NA,NA,NA,NA,NA
20,50,sqrt,10,5000,dynamic,0,0,1,0.079470,no,0.097,0.651,62.6,NA,NA,NA,NA,NA
2,10,sqrt,10,5000,guided,0,0,1,0.004684,yes,0.012,1.294,0.0,NA,NA,NA,NA,NA
4,100,sqrt,10,5000,static,0,50,1,2.991337,no,3.019,3.933,3.6,NA,NA,NA,NA,NA
8,10,sqrt,10,10000,static,1,50,1,0.014234,yes,0.025,0.847,64.1,NA,NA,NA,NA,NA
16,10,hogwild,0,5000,guided,0,50,1,0.005031,yes,0.020,0.517,62.0,NA,NA,NA,NA,NA
40,50,sqrt,0,5000,static,10,0,1,0.080507,no,0.099,0.427,73.7,NA,NA,NA,NA,NA
8,10,sqrt,10,5000,dynamic,10,50,1,0.018220,yes,0.040,0.643,40.3,NA,NA,NA,NA,NA
20,100,sqrt,10,5000,dynamic,1,50,1,1.226251,no,1.249,2.332,19.1,NA,NA,NA,NA,NA
4,100,sqrt,10,5000,guided,10,0,1,0.293735,no,0.307,1.057,17.5,NA,NA,NA,NA,NA
4,10,sqrt,0,5000,dynamic,10,0,1,0.002990,yes,0.017,1.110,0.0,NA,NA,NA,NA,NA
2,10,sqrt,1000,5000,static,0,0,1,0.002750,yes,0.014,1.394,0.0,NA,NA,NA,NA,NA
40,10,statespace,0,5000,static,0,0,1,0.006181,yes,0.021,0.360,55.0,NA,NA,NA,NA,NA
40,50,sqrt,0,10000,dynamic,10,0,1,0.124606,no,0.134,0.427,29.4,NA,NA,NA,NA,NA
16,10,sqrt,0,5000,dynamic,1,50,1,0.011929,yes,0.017,0.401,91.9,NA,NA,NA,NA,NA
4,10,sqrt,10,10000,guided,1,0,1,0.008925,yes,0.020,1.007,55.0,NA,NA,NA,NA,NA
40,50,sqrt,0,5000,static,1,50,1,0.160660,no,0.171,1.937,19.5,NA,NA,NA,NA,NA
2,10,sqrt,1000,5000,guided,1,50,1,0.005531,yes,0.016,1.908,25.3,NA,NA,NA,NA,NA
2,10,sqrt,0,5000,guided,0,50,1,0.006061,yes,0.023,1.822,35.8,NA,NA,NA,NA,NA
8,50,hogwild,0,5000,static,10,50,1,0.237075,no,0.247,3.486,6.7,NA,NA,NA,NA,NA
16,50,statespace,0,5000,static,10,0,1,0.019040,no,0.027,1.109,28.8,NA,NA,NA,NA,NA
20,100,hogwild,0,5000,dynamic,0,50,1,0.600301,no,0.623,3.852,6.0,NA,NA,NA,NA,NA
2,50,sqrt,1000,10000,guided,10,50,1,1.288324,no,1.296,4.311,1.1,NA,NA,NA,NA,NA
20,10,hogwild,0,5000,dynamic,10,0,1,0.005274,yes,0.011,0.275,98.7,NA,NA,NA,NA,NA
2,10,sqrt,10,5000,static,0,50,1,0.007921,yes,0.014,1.667,42.0,NA,NA,NA,NA,NA
20,100,hogwild,0,10000,guided,0,50,1,1.205409,no,1.238,3.833,1.7,NA,NA,NA,NA,NA
2,50,hogwild,0,10000,guided,1,0,1,0.039336,yes,0.051,1.327,60.9,NA,NA,NA,NA,NA
40,100,statespace,0,5000,guided,0,0,1,0.051564,no,0.066,0.772,39.2,NA,NA,NA,NA,NA
8,100,sqrt,10,5000,dynamic,10,50,1,8.939208,no,8.962,2.993,7.1,NA,NA,NA,NA,NA
4,50,sqrt,10,5000,guided,10,0,1,0.093438,yes,0.105,0.985,15.6,NA,NA,NA,NA,NA
20,100,statespace,0,5000,guided,1,50,1,0.519835,no,0.547,4.488,1.6,NA,NA,NA,NA,NA
8,10,sqrt,1000,10000,guided,0,50,1,0.004405,yes,0.014,1.731,31.5,NA,NA,NA,NA,NA
16,10,sqrt,1000,5000,dynamic,0,0,1,0.002890,yes,0.010,0.700,0.0,NA,NA,NA,NA,NA
2,50,sqrt,10,10000,guided,0,50,1,1.442575,no,1.464,3.992,2.4,NA,NA,NA,NA,NA
20,50,statespace,0,10000,static,0,0,1,0.024163,no,0.039,1.120,32.1,NA,NA,NA,NA,NA
40,50,sqrt,0,5000,guided,10,0,1,0.079166,no,0.101,0.429,70.1,NA,NA,NA,NA,NA
40,100,sqrt,10,10000,static,1,50,1,6.033357,no,6.062,0.951,22.2,NA,NA,NA,NA,NA
4,10,sqrt,10,5000,static,1,50,1,0.007284,yes,0.017,1.281,47.5,NA,NA,NA,NA,NA
4,10,statespace,0,10000,guided,0,50,1,0.007137,yes,0.015,1.801,41.0,NA,NA,NA,NA,NA
16,10,sqrt,0,5000,static,0,0,1,0.010374,yes,0.027,0.284,93.7,NA,NA,NA,NA,NA
4,10,sqrt,1000,5000,guided,1,50,1,0.003773,yes,0.012,1.811,0.0,NA,NA,NA,NA,NA
20,10,statespace,0,10000,dynamic,0,0,1,0.007435,yes,0.018,0.371,77.7,NA,NA,NA,NA,NA
20,100,hogwild,0,10000,guided,10,50,1,1.192726,no,1.219,3.905,2.7,NA,NA,NA,NA,NA
40,50,hogwild,0,5000,dynamic,0,50,1,0.076706,no,0.091,2.171,16.5,NA,NA,NA,NA,NA
2,100,hogwild,0,10000,guided,10,50,1,8.830108,no,8.852,4.570,0.9,NA,NA,NA,NA,NA
8,100,sqrt,1000,5000,dynamic,0,0,1,0.038954,no,0.051,1.281,33.0,NA,NA,NA,NA,NA
8,100,sqrt,0,10000,static,1,50,1,2.956277,no,2.983,4.085,3.3,NA,NA,NA,NA,NA
4,50,sqrt,0,10000,dynamic,1,0,1,0.035686,yes,0.057,1.552,40.5,NA,NA,NA,NA,NA
8,10,sqrt,10,10000,guided,0,50,1,0.015298,yes,0.027,0.780,73.2,NA,NA,NA,NA,NA
40,100,hogwild,0,5000,dynamic,10,50,1,0.493758,no,0.520,2.440,3.4,NA,NA,NA,NA,NA
2,100,sqrt,1000,5000,guided,0,50,1,4.371269,no,4.408,4.577,0.6,NA,NA,NA,NA,NA
2,100,sqrt,10,10000,guided,10,50,1,17.671864,no,17.705,4.227,2.2,NA,NA,NA,NA,NA
20,50,statespace,0,5000,dynamic,0,0,1,0.017863,no,0.029,1.079,38.6,NA,NA,NA,NA,NA
16,50,hogwild,0,5000,static,10,50,1,0.142164,no,0.155,3.155,27.6,NA,NA,NA,NA,NA
2,100,sqrt,1000,10000,dynamic,10,50,1,8.806731,no,8.844,4.560,0.6,NA,NA,NA,NA,NA
40,100,hogwild,0,5000,dynamic,0,0,1,0.011523,yes,0.026,0.609,41.9,NA,NA,NA,NA,NA
8,10,sqrt,0,5000,guided,1,0,1,0.003886,yes,0.015,0.685,0.0,NA,NA,NA,NA,NA
4,10,sqrt,0,5000,guided,1,0,1,0.002691,yes,0.013,1.129,47.0,NA,NA,NA,NA,NA
2,50,statespace,0,10000,guided,0,50,1,1.340366,no,1.363,4.317,1.1,NA,NA,NA,NA,NA
20,10,statespace,0,10000,guided,10,0,1,0.007199,yes,0.015,0.419,71.2,NA,NA,NA,NA,NA
16,100,sqrt,0,5000,guided,0,0,1,0.132563,no,0.145,0.889,61.0,NA,NA,NA,NA,NA
8,100,sqrt,10,10000,guided,0,0,1,0.247114,no,0.259,1.504,39.8,NA,NA,NA,NA,NA
8,10,sqrt,10,5000,dynamic,0,50,1,0.008584,yes,0.015,0.780,74.5,NA,NA,NA,NA,NA
20,10,sqrt,0,5000,dynamic,10,50,1,0.019528,yes,0.029,0.410,84.6,NA,NA,NA,NA,NA
16,100,sqrt,0,5000,static,1,0,1,0.176702,no,0.190,0.775,43.0,NA,NA,NA,NA,NA
8,10,hogwild,0,5000,dynamic,0,0,1,0.002647,yes,0.009,0.638,0.0,NA,NA,NA,NA,NA
2,100,sqrt,0,10000,static,0,0,1,0.146937,yes,0.158,1.510,14.9,NA,NA,NA,NA,NA
16,10,statespace,0,5000,dynamic,10,50,1,0.005644,yes,0.028,0.766,68.6,NA,NA,NA,NA,NA
4,100,sqrt,1000,5000,static,10,50,1,2.510485,no,2.536,4.522,0.9,NA,NA,NA,NA,NA
8,50,hogwild,0,5000,static,0,0,1,0.008934,yes,0.030,1.091,69.9,NA,NA,NA,NA,NA
20,50,hogwild,0,10000,guided,10,50,1,0.201253,no,0.224,3.181,7.9,NA,NA,NA,NA,NA
40,100,sqrt,10,10000,static,0,0,1,0.698994,no,0.708,0.422,60.9,NA,NA,NA,NA,NA
4,50,statespace,0,5000,guided,0,50,1,0.461538,no,0.475,4.295,1.1,NA,NA,NA,NA,NA
16,50,sqrt,10,5000,static,1,50,1,0.334499,no,0.348,2.032,19.1,NA,NA,NA,NA,NA
8,10,sqrt,1000,5000,guided,1,0,1,0.001988,yes,0.011,1.012,0.0,NA,NA,NA,NA,NA
2,100,statespace,0,5000,guided,0,0,1,0.099426,no,0.113,1.344,8.8,NA,NA,NA,NA,NA
4,50,sqrt,10,5000,dynamic,10,50,1,1.668525,no,1.678,2.009,9.1,NA,NA,NA,NA,NA
4,100,sqrt,1000,10000,static,1,50,1,4.886207,no,4.913,4.580,0.6,NA,NA,NA,NA,NA
20,10,hogwild,0,5000,guided,0,50,1,0.006160,yes,0.013,0.430,40.0,NA,NA,NA,NA,NA
20,50,sqrt,1000,5000,guided,0,0,1,0.018114,no,0.030,1.060,36.2,NA,NA,NA,NA,NA
20,10,hogwild,0,5000,guided,0,0,1,0.005414,yes,0.014,0.291,94.4,NA,NA,NA,NA,NA
8,10,hogwild,0,5000,guided,1,50,1,0.003548,yes,0.010,1.078,0.0,NA,NA,NA,NA,NA
4,50,sqrt,10,10000,dynamic,0,50,1,0.944497,no,0.963,3.576,4.6,NA,NA,NA,NA,NA
40,10,statespace,0,5000,dynamic,10,50,1,0.010253,no,0.026,0.444,49.0,NA,NA,NA,NA,NA
2,50,sqrt,10,5000,static,0,50,1,0.776566,no,0.790,3.940,3.3,NA,NA,NA,NA,NA
20,100,sqrt,0,10000,static,1,50,1,2.040378,no,2.064,2.697,12.3,NA,NA,NA,NA,NA
16,10,sqrt,0,10000,dynamic,10,50,1,0.024577,yes,0.035,0.446,83.5,NA,NA,NA,NA,NA
16,10,statespace,0,10000,dynamic,0,0,1,0.005844,yes,0.018,0.485,88.3,NA,NA,NA,NA,NA
20,100,sqrt,1000,10000,dynamic,10,0,1,0.049733,no,0.066,1.142,50.5,NA,NA,NA,NA,NA
8,50,statespace,0,10000,static,10,0,1,0.026989,yes,0.039,1.291,29.9,NA,NA,NA,NA,NA
40,100,hogwild,0,5000,guided,1,0,1,0.012242,yes,0.039,0.585,46.1,NA,NA,NA,NA,NA
20,50,hogwild,0,5000,guided,10,50,1,0.102133,no,0.112,3.186,6.3,NA,NA,NA,NA,NA
40,10,sqrt,1000,10000,dynamic,10,0,1,0.005379,yes,0.026,0.483,48.6,NA,NA,NA,NA,NA
2,50,sqrt,1000,10000,static,1,0,1,0.042328,yes,0.054,1.486,41.3,NA,NA,NA,NA,NA
8,10,sqrt,10,5000,static,0,0,1,0.005677,yes,0.023,0.678,74.0,NA,NA,NA,NA,NA
4,50,sqrt,10,5000,static,10,0,1,0.093669,yes,0.105,0.983,11.4,NA,NA,NA,NA,NA
8,50,sqrt,0,5000,dynamic,1,50,1,0.317672,no,0.331,3.576,6.7,NA,NA,NA,NA,NA
40,100,statespace,0,10000,dynamic,1,0,1,0.060139,no,0.079,0.836,39.5,NA,NA,NA,NA,NA
20,10,sqrt,10,10000,dynamic,0,0,1,0.034463,yes,0.044,0.188,100.0,NA,NA,NA,NA,NA
8,50,sqrt,10,5000,guided,1,50,1,0.456742,no,0.475,2.692,10.0,NA,NA,NA,NA,NA
16,10,sqrt,10,5000,dynamic,10,0,1,0.019410,yes,0.035,0.286,94.6,NA,NA,NA,NA,NA
4,50,sqrt,0,5000,dynamic,10,0,1,0.031730,yes,0.042,1.312,39.9,NA,NA,NA,NA,NA
4,10,sqrt,1000,5000,guided,10,50,1,0.003831,yes,0.024,1.754,0.0,NA,NA,NA,NA,NA
4,100,sqrt,1000,5000,dynamic,10,0,1,0.063054,no,0.076,1.319,8.2,NA,NA,NA,NA,NA
40,50,hogwild,0,5000,static,10,50,1,0.084240,no,0.104,2.133,19.9,NA,NA,NA,NA,NA
4,10,statespace,0,5000,guided,0,50,1,0.004539,yes,0.015,1.663,33.7,NA,NA,NA,NA,NA
2,10,sqrt,0,5000,static,0,50,1,0.006156,yes,0.021,1.811,38.0,NA,NA,NA,NA,NA
4,100,sqrt,1000,10000,guided,10,0,1,0.108520,yes,0.119,1.343,12.9,NA,NA,NA,NA,NA
20,100,sqrt,0,10000,guided,1,50,1,2.023105,no,2.047,2.690,13.0,NA,NA,NA,NA,NA
8,100,sqrt,1000,10000,guided,10,50,1,2.621620,no,2.659,4.530,1.1,NA,NA,NA,NA,NA
2,10,sqrt,1000,10000,guided,0,50,1,0.010170,yes,0.032,2.028,31.7,NA,NA,NA,NA,NA
40,10,sqrt,10,5000,static,0,0,1,0.019546,yes,0.029,0.194,100.0,NA,NA,NA,NA,NA
2,100,sqrt,1000,5000,guided,0,0,1,0.097373,no,0.111,1.355,5.0,NA,NA,NA,NA,NA
16,10,hogwild,0,10000,static,1,0,1,0.006874,yes,0.028,0.291,88.3,NA,NA,NA,NA,NA
20,10,statespace,0,5000,guided,10,0,1,0.005564,yes,0.017,0.410,89.9,NA,NA,NA,NA,NA
20,50,hogwild,0,10000,dynamic,0,0,1,0.010503,yes,0.019,0.714,70.7,NA,NA,NA,NA,NA
40,50,hogwild,0,5000,guided,10,0,1,0.007560,yes,0.023,0.458,63.1,NA,NA,NA,NA,NA
2,100,sqrt,0,10000,static,10,0,1,0.165485,yes,0.176,1.404,10.5,NA,NA,NA,NA,NA
20,10,sqrt,10,5000,dynamic,0,0,1,0.021146,yes,0.035,0.199,100.0,NA,NA,NA,NA,NA
4,10,statespace,0,10000,dynamic,1,50,1,0.007071,yes,0.018,1.810,43.4,NA,NA,NA,NA,NA
4,100,statespace,0,10000,dynamic,0,50,1,4.843529,no,4.871,4.571,0.6,NA,NA,NA,NA,NA
8,50,sqrt,10,10000,guided,1,0,1,0.077606,yes,0.093,1.316,35.7,NA,NA,NA,NA,NA
4,100,hogwild,0,5000,static,0,50,1,2.518957,no,2.544,4.456,1.3,NA,NA,NA,NA,NA
8,10,statespace,0,5000,dynamic,0,50,1,0.003421,yes,0.013,1.378,0.0,NA,NA,NA,NA,NA
20,50,sqrt,10,10000,static,1,0,1,0.135941,yes,0.151,0.651,71.2,NA,NA,NA,NA,NA
20,100,sqrt,1000,5000,dynamic,1,50,1,0.524671,no,0.549,4.474,0.5,NA,NA,NA,NA,NA
8,10,sqrt,10,10000,dynamic,0,0,1,0.010245,yes,0.016,0.656,75.1,NA,NA,NA,NA,NA
16,10,sqrt,10,10000,dynamic,1,50,1,0.033082,yes,0.039,0.302,100.0,NA,NA,NA,NA,NA
16,50,hogwild,0,10000,dynamic,10,0,1,0.011206,yes,0.018,0.781,77.5,NA,NA,NA,NA,NA
2,100,hogwild,0,5000,guided,0,50,1,4.429001,no,4.459,4.521,1.2,NA,NA,NA,NA,NA
8,50,hogwild,0,10000,guided,10,50,1,0.436380,no,0.444,3.474,4.9,NA,NA,NA,NA,NA
16,10,sqrt,10,10000,dynamic,10,0,1,0.037224,yes,0.049,0.254,100.0,NA,NA,NA,NA,NA
16,50,sqrt,0,10000,static,1,0,1,0.067034,no,0.076,0.811,51.2,NA,NA,NA,NA,NA
2,10,sqrt,1000,5000,static,0,50,1,0.005594,yes,0.013,1.890,37.1,NA,NA,NA,NA,NA
8,100,sqrt,1000,10000,static,1,0,1,0.069273,no,0.078,1.315,9.2,NA,NA,NA,NA,NA
4,10,sqrt,0,5000,static,10,50,1,0.005327,yes,0.013,1.414,64.3,NA,NA,NA,NA,NA
2,100,sqrt,10,5000,guided,10,0,1,0.248591,no,0.273,1.345,17.2,NA,NA,NA,NA,NA
40,50,statespace,0,5000,dynamic,1,50,1,0.136538,no,0.146,2.242,21.1,NA,NA,NA,NA,NA
16,50,sqrt,10,10000,guided,0,50,1,0.624341,no,0.634,1.923,16.5,NA,NA,NA,NA,NA
40,100,hogwild,0,10000,guided,1,50,1,0.951065,no,0.990,2.434,2.7,NA,NA,NA,NA,NA
16,50,statespace,0,5000,dynamic,0,0,1,0.018101,no,0.040,1.138,32.7,NA,NA,NA,NA,NA
2,100,hogwild,0,10000,static,1,50,1,8.802735,no,8.825,4.584,0.8,NA,NA,NA,NA,NA
20,10,statespace,0,5000,static,1,0,1,0.004937,yes,0.018,0.444,96.7,NA,NA,NA,NA,NA
20,50,statespace,0,10000,guided,1,0,1,0.022890,no,0.035,1.150,37.0,NA,NA,NA,NA,NA
20,50,sqrt,0,10000,static,1,50,1,0.482768,no,0.507,2.205,14.1,NA,NA,NA,NA,NA
4,10,hogwild,0,10000,dynamic,1,50,1,0.007899,yes,0.015,1.513,64.5,NA,NA,NA,NA,NA
20,10,statespace,0,10000,dynamic,0,50,1,0.008150,yes,0.015,0.673,75.4,NA,NA,NA,NA,NA
16,10,sqrt,0,5000,static,1,0,1,0.010232,yes,0.026,0.294,92.6,NA,NA,NA,NA,NA
2,10,sqrt,0,10000,dynamic,1,0,1,0.005734,yes,0.013,1.427,56.5,NA,NA,NA,NA,NA
8,50,sqrt,10,5000,dynamic,0,50,1,0.409687,no,0.428,2.869,7.4,NA,NA,NA,NA,NA
2,10,hogwild,0,10000,dynamic,0,0,1,0.006167,yes,0.016,1.201,58.1,NA,NA,NA,NA,NA
16,10,hogwild,0,5000,static,1,0,1,0.004357,yes,0.015,0.329,0.0,NA,NA,NA,NA,NA
8,50,hogwild,0,10000,static,10,50,1,0.462169,no,0.474,3.441,3.7,NA,NA,NA,NA,NA
16,50,sqrt,0,5000,dynamic,0,0,1,0.047573,no,0.059,0.817,55.5,NA,NA,NA,NA,NA
8,100,statespace,0,5000,dynamic,10,50,1,1.273293,no,1.311,4.514,1.1,NA,NA,NA,NA,NA
2,10,sqrt,10,10000,dynamic,1,0,1,0.009624,yes,0.025,1.317,43.8,NA,NA,NA,NA,NA
20,50,statespace,0,10000,static,10,50,1,0.265794,no,0.275,4.160,2.4,NA,NA,NA,NA,NA
40,100,sqrt,0,10000,static,0,0,1,0.209134,no,0.219,0.460,60.6,NA,NA,NA,NA,NA
20,50,sqrt,10,5000,guided,1,50,1,0.329006,no,0.338,1.777,23.6,NA,NA,NA,NA,NA
20,100,sqrt,10,10000,static,0,50,1,2.629576,no,2.669,2.292,16.9,NA,NA,NA,NA,NA
8,100,statespace,0,5000,dynamic,0,0,1,0.039133,no,0.053,1.264,35.6,NA,NA,NA,NA,NA
16,100,sqrt,1000,10000,dynamic,1,0,1,0.050754,no,0.065,1.205,39.2,NA,NA,NA,NA,NA
2,100,statespace,0,5000,guided,10,0,1,0.099223,no,0.112,1.348,5.0,NA,NA,NA,NA,NA
2,100,statespace,0,5000,dynamic,10,50,1,4.395356,no,4.433,4.547,0.7,NA,NA,NA,NA,NA
20,100,sqrt,10,5000,dynamic,0,0,1,0.230335,no,0.254,0.703,69.7,NA,NA,NA,NA,NA
8,100,sqrt,0,5000,dynamic,1,50,1,1.639337,no,1.673,3.744,4.3,NA,NA,NA,NA,NA
2,50,statespace,0,5000,guided,0,0,1,0.029099,yes,0.040,1.434,28.8,NA,NA,NA,NA,NA
8,10,statespace,0,5000,guided,0,50,1,0.003474,yes,0.014,1.342,0.0,NA,NA,NA,NA,NA
40,10,statespace,0,5000,static,1,0,1,0.006409,yes,0.027,0.366,76.8,NA,NA,NA,NA,NA
20,10,hogwild,0,5000,guided,10,0,1,0.004936,yes,0.015,0.304,0.0,NA,NA,NA,NA,NA
8,10,statespace,0,10000,guided,0,50,1,0.005392,yes,0.015,1.486,49.3,NA,NA,NA,NA,NA
20,10,statespace,0,10000,static,0,0,1,0.006414,yes,0.014,0.441,90.1,NA,NA,NA,NA,NA
20,100,sqrt,1000,10000,guided,10,50,1,1.125213,no,1.149,4.467,1.1,NA,NA,NA,NA,NA
2,100,statespace,0,5000,static,10,0,1,0.099905,no,0.123,1.345,5.4,NA,NA,NA,NA,NA
16,100,sqrt,10,5000,dynamic,1,0,1,0.187988,no,0.211,0.898,59.8,NA,NA,NA,NA,NA
8,10,hogwild,0,10000,dynamic,0,50,1,0.005256,yes,0.021,1.256,66.7,NA,NA,NA,NA,NA
40,100,statespace,0,5000,guided,0,50,1,0.500109,no,0.534,2.415,6.9,NA,NA,NA,NA,NA
20,50,statespace,0,10000,dynamic,1,50,1,0.250623,no,0.260,4.211,4.5,NA,NA,NA,NA,NA
40,100,hogwild,0,5000,guided,0,0,1,0.037863,yes,0.057,0.549,39.6,NA,NA,NA,NA,NA
2,50,sqrt,10,10000,dynamic,10,50,1,2.652325,no,2.664,2.879,5.5,NA,NA,NA,NA,NA
20,100,sqrt,10,10000,static,1,0,1,0.440883,no,0.464,0.700,68.5,NA,NA,NA,NA,NA
8,10,sqrt,1000,5000,dynamic,10,0,1,0.001961,yes,0.012,1.023,0.0,NA,NA,NA,NA,NA
8,100,sqrt,10,5000,static,10,0,1,0.316445,no,0.327,0.882,22.5,NA,NA,NA,NA,NA
20,100,sqrt,10,5000,static,10,0,1,0.440229,no,0.451,0.590,43.9,NA,NA,NA,NA,NA
4,10,hogwild,0,5000,static,10,50,1,0.004110,yes,0.015,1.466,0.0,NA,NA,NA,NA,NA
20,10,sqrt,10,10000,static,10,0,1,0.041731,yes,0.058,0.248,100.0,NA,NA,NA,NA,NA
8,100,sqrt,0,10000,static,0,50,1,2.947947,no,2.971,4.087,3.0,NA,NA,NA,NA,NA
16,10,statespace,0,5000,static,1,0,1,0.003955,yes,0.019,0.529,0.0,NA,NA,NA,NA,NA
8,100,sqrt,1000,5000,static,0,50,1,1.337979,no,1.362,4.498,1.5,NA,NA,NA,NA,NA
4,100,sqrt,0,10000,static,1,50,1,5.105125,no,5.138,4.433,1.3,NA,NA,NA,NA,NA
4,10,sqrt,1000,5000,guided,1,0,1,0.001851,yes,0.013,1.286,0.0,NA,NA,NA,NA,NA
40,10,statespace,0,10000,static,10,0,1,0.009166,yes,0.017,0.340,44.7,NA,NA,NA,NA,NA
40,10,statespace,0,5000,guided,0,50,1,0.008432,no,0.020,0.408,77.2,NA,NA,NA,NA,NA
2,10,sqrt,1000,10000,dynamic,1,0,1,0.004909,yes,0.011,1.480,0.0,NA,NA,NA,NA,NA
8,50,sqrt,10,10000,guided,10,0,1,0.190732,yes,0.203,0.818,22.3,NA,NA,NA,NA,NA
20,10,sqrt,1000,5000,guided,0,50,1,0.004277,yes,0.021,1.006,47.2,NA,NA,NA,NA,NA
16,10,sqrt,1000,10000,static,0,0,1,0.003854,yes,0.020,0.771,0.0,NA,NA,NA,NA,NA
20,10,sqrt,1000,5000,static,10,0,1,0.003475,yes,0.020,0.650,0.0,NA,NA,NA,NA,NA
20,100,statespace,0,5000,guided,0,50,1,0.515309,no,0.541,4.520,1.5,NA,NA,NA,NA,NA
2,100,hogwild,0,5000,static,1,50,1,4.398485,no,4.423,4.573,0.9,NA,NA,NA,NA,NA
4,10,sqrt,0,5000,static,1,50,1,0.004863,yes,0.012,1.504,0.0,NA,NA,NA,NA,NA
16,50,statespace,0,10000,static,1,50,1,0.307253,no,0.321,4.172,1.4,NA,NA,NA,NA,NA
40,10,sqrt,10,10000,dynamic,1,0,1,0.033655,yes,0.054,0.179,100.0,NA,NA,NA,NA,NA
4,10,sqrt,10,5000,static,0,50,1,0.007327,yes,0.013,1.260,48.1,NA,NA,NA,NA,NA
16,100,statespace,0,10000,guided,1,0,1,0.047070,no,0.067,1.234,30.0,NA,NA,NA,NA,NA
2,100,sqrt,1000,10000,guided,0,50,1,8.819498,no,8.848,4.572,0.6,NA,NA,NA,NA,NA
40,100,sqrt,0,5000,guided,0,50,1,0.591538,no,0.618,2.122,13.2,NA,NA,NA,NA,NA
16,10,hogwild,0,10000,dynamic,1,0,1,0.007314,yes,0.018,0.257,95.4,NA,NA,NA,NA,NA
4,10,sqrt,10,5000,dynamic,1,0,1,0.004416,yes,0.015,1.035,0.0,NA,NA,NA,NA,NA
20,10,sqrt,0,5000,static,0,0,1,0.010862,yes,0.027,0.264,92.5,NA,NA,NA,NA,NA
4,50,statespace,0,10000,guided,10,0,1,0.032063,yes,0.041,1.411,31.3,NA,NA,NA,NA,NA
8,10,hogwild,0,10000,guided,10,0,1,0.003578,yes,0.013,0.760,0.0,NA,NA,NA,NA,NA
2,50,sqrt,10,5000,guided,10,50,1,1.435017,no,1.445,2.945,5.5,NA,NA,NA,NA,NA
20,10,sqrt,1000,10000,guided,10,0,1,0.004198,yes,0.011,0.707,0.0,NA,NA,NA,NA,NA
8,100,statespace,0,10000,dynamic,10,0,1,0.068824,no,0.079,1.304,8.1,NA,NA,NA,NA,NA
40,50,sqrt,0,10000,static,0,50,1,0.306191,no,0.317,1.933,13.6,NA,NA,NA,NA,NA
8,100,sqrt,1000,5000,static,1,0,1,0.040432,no,0.063,1.258,34.4,NA,NA,NA,NA,NA
20,100,sqrt,1000,5000,static,10,50,1,0.547936,no,0.572,4.484,1.8,NA,NA,NA,NA,NA
40,50,statespace,0,5000,static,10,0,1,0.022548,no,0.032,0.704,38.0,NA,NA,NA,NA,NA
20,50,sqrt,10,10000,static,0,50,1,0.644654,no,0.653,1.545,23.1,NA,NA,NA,NA,NA
8,100,statespace,0,10000,dynamic,0,0,1,0.068742,no,0.079,1.310,7.6,NA,NA,NA,NA,NA
4,10,hogwild,0,10000,guided,10,50,1,0.008218,yes,0.018,1.425,66.4,NA,NA,NA,NA,NA
8,50,sqrt,10,10000,static,0,50,1,0.825222,no,0.836,2.502,8.8,NA,NA,NA,NA,NA
20,100,hogwild,0,5000,static,10,0,1,0.014592,yes,0.025,0.832,66.2,NA,NA,NA,NA,NA
2,50,sqrt,0,10000,static,1,0,1,0.046400,yes,0.060,1.557,12.3,NA,NA,NA,NA,NA
40,100,statespace,0,5000,static,10,50,1,0.519538,no,0.544,2.415,4.4,NA,NA,NA,NA,NA
20,10,statespace,0,10000,guided,0,0,1,0.007211,yes,0.014,0.383,92.5,NA,NA,NA,NA,NA
4,100,hogwild,0,10000,static,10,50,1,4.935659,no,4.969,4.549,1.0,NA,NA,NA,NA,NA
40,10,sqrt,1000,5000,dynamic,0,0,1,0.005426,yes,0.013,0.444,47.1,NA,NA,NA,NA,NA
20,10,statespace,0,5000,dynamic,10,0,1,0.005322,yes,0.017,0.448,0.0,NA,NA,NA,NA,NA
2,100,sqrt,1000,5000,guided,10,50,1,4.388072,no,4.413,4.577,0.7,NA,NA,NA,NA,NA
16,50,sqrt,0,5000,dynamic,10,0,1,0.114351,no,0.131,0.611,29.9,NA,NA,NA,NA,NA
16,50,sqrt,0,10000,dynamic,0,0,1,0.062979,no,0.073,0.842,47.6,NA,NA,NA,NA,NA
40,100,sqrt,1000,5000,guided,1,50,1,0.512645,no,0.541,2.389,2.7,NA,NA,NA,NA,NA
2,50,sqrt,0,5000,static,0,0,1,0.032056,yes,0.049,1.480,37.9,NA,NA,NA,NA,NA
20,50,hogwild,0,5000,guided,0,0,1,0.007895,yes,0.016,0.686,70.4,NA,NA,NA,NA,NA
2,10,sqrt,10,5000,static,10,50,1,0.012731,yes,0.023,1.224,33.7,NA,NA,NA,NA,NA
20,50,sqrt,1000,10000,dynamic,10,0,1,0.023937,no,0.036,1.102,42.1,NA,NA,NA,NA,NA
4,10,hogwild,0,5000,static,0,50,1,0.004688,yes,0.010,1.346,65.9,NA,NA,NA,NA,NA
4,50,sqrt,10,5000,guided,10,50,1,1.681017,no,1.693,2.020,8.3,NA,NA,NA,NA,NA
20,10,sqrt,10,5000,guided,0,0,1,0.020298,yes,0.035,0.193,100.0,NA,NA,NA,NA,NA
4,10,sqrt,10,5000,guided,10,50,1,0.015730,yes,0.026,0.839,34.8,NA,NA,NA,NA,NA
4,10,sqrt,0,10000,dynamic,10,0,1,0.005592,yes,0.016,1.058,0.0,NA,NA,NA,NA,NA
40,50,statespace,0,10000,guided,10,0,1,0.028935,no,0.045,0.784,45.4,NA,NA,NA,NA,NA
16,50,sqrt,0,5000,guided,10,50,1,1.423682,no,1.437,1.383,14.0,NA,NA,NA,NA,NA
20,50,sqrt,1000,5000,static,1,0,1,0.018227,no,0.034,1.056,38.4,NA,NA,NA,NA,NA
40,100,statespace,0,5000,dynamic,0,0,1,0.052056,no,0.065,0.764,51.1,NA,NA,NA,NA,NA
4,50,sqrt,10,5000,static,0,50,1,0.577031,no,0.589,3.290,4.9,NA,NA,NA,NA,NA
16,100,sqrt,0,10000,static,0,50,1,1.904805,no,1.934,3.426,8.9,NA,NA,NA,NA,NA
20,10,statespace,0,10000,dynamic,10,50,1,0.009915,yes,0.020,0.621,64.8,NA,NA,NA,NA,NA
2,10,statespace,0,5000,static,0,0,1,0.003265,yes,0.013,1.350,32.5,NA,NA,NA,NA,NA
8,10,hogwild,0,5000,guided,1,0,1,0.002292,yes,0.010,0.722,0.0,NA,NA,NA,NA,NA
4,50,sqrt,0,10000,static,10,50,1,1.194976,no,1.205,3.342,4.8,NA,NA,NA,NA,NA
20,10,sqrt,1000,5000,dynamic,10,0,1,0.003672,yes,0.018,0.640,0.0,NA,NA,NA,NA,NA
8,50,hogwild,0,10000,dynamic,0,0,1,0.013698,yes,0.030,1.155,67.3,NA,NA,NA,NA,NA
8,50,sqrt,1000,10000,guided,0,0,1,0.025613,yes,0.036,1.306,29.1,NA,NA,NA,NA,NA
20,10,sqrt,1000,10000,static,0,0,1,0.004168,yes,0.023,0.708,0.0,NA,NA,NA,NA,NA
8,100,sqrt,0,5000,guided,10,50,1,3.747145,no,3.776,3.827,4.1,NA,NA,NA,NA,NA
20,100,statespace,0,10000,guided,0,50,1,1.023159,no,1.049,4.513,1.0,NA,NA,NA,NA,NA
40,100,statespace,0,10000,static,10,50,1,0.964766,no,0.990,2.435,2.5,NA,NA,NA,NA,NA
16,100,hogwild,0,10000,guided,10,0,1,0.025327,yes,0.038,0.860,92.9,NA,NA,NA,NA,NA
2,50,hogwild,0,5000,dynamic,0,50,1,0.690561,no,0.703,4.061,1.8,NA,NA,NA,NA,NA
20,50,sqrt,1000,10000,guided,1,50,1,0.252321,no,0.263,4.101,2.0,NA,NA,NA,NA,NA
8,10,statespace,0,5000,static,0,0,1,0.002547,yes,0.014,0.889,0.0,NA,NA,NA,NA,NA
2,100,sqrt,1000,10000,guided,10,0,1,0.135101,yes,0.152,1.377,12.1,NA,NA,NA,NA,NA
8,100,sqrt,0,5000,static,1,50,1,1.649066,no,1.685,3.746,4.7,NA,NA,NA,NA,NA
40,10,sqrt,0,5000,dynamic,1,50,1,0.012346,no,0.021,0.319,66.0,NA,NA,NA,NA,NA
20,10,sqrt,1000,5000,dynamic,1,50,1,0.004251,yes,0.015,1.011,0.0,NA,NA,NA,NA,NA
4,100,statespace,0,10000,dynamic,0,0,1,0.112372,no,0.132,1.327,13.0,NA,NA,NA,NA,NA
16,10,statespace,0,10000,dynamic,10,50,1,0.008379,yes,0.018,0.746,73.2,NA,NA,NA,NA,NA
40,10,statespace,0,5000,static,0,50,1,0.007961,no,0.017,0.457,31.5,NA,NA,NA,NA,NA
8,10,sqrt,10,10000,static,0,50,1,0.013842,yes,0.022,0.867,61.1,NA,NA,NA,NA,NA
16,10,sqrt,1000,10000,guided,0,50,1,0.004626,yes,0.019,1.263,44.8,NA,NA,NA,NA,NA
20,10,sqrt,1000,5000,dynamic,0,50,1,0.004077,yes,0.012,1.026,0.0,NA,NA,NA,NA,NA
16,100,sqrt,10,10000,static,0,0,1,0.352783,no,0.366,0.915,62.5,NA,NA,NA,NA,NA
16,100,sqrt,1000,5000,guided,0,50,1,0.655669,no,0.692,4.467,2.7,NA,NA,NA,NA,NA
4,50,sqrt,0,10000,static,0,50,1,0.893936,no,0.912,3.809,2.8,NA,NA,NA,NA,NA
40,10,sqrt,10,5000,dynamic,10,50,1,0.036531,yes,0.046,0.298,70.0,NA,NA,NA,NA,NA
8,100,sqrt,0,5000,static,0,50,1,1.649632,no,1.677,3.748,4.6,NA,NA,NA,NA,NA
40,100,statespace,0,10000,static,10,0,1,0.059905,no,0.072,0.834,37.6,NA,NA,NA,NA,NA
2,100,hogwild,0,5000,dynamic,0,0,1,0.074895,yes,0.085,1.257,14.7,NA,NA,NA,NA,NA
16,50,sqrt,1000,5000,dynamic,1,0,1,0.018251,no,0.031,1.117,37.4,NA,NA,NA,NA,NA
8,100,hogwild,0,5000,static,1,0,1,0.025372,yes,0.043,1.115,66.3,NA,NA,NA,NA,NA
40,10,hogwild,0,10000,dynamic,0,50,1,0.010250,no,0.026,0.259,76.6,NA,NA,NA,NA,NA
2,50,sqrt,10,10000,dynamic,0,50,1,1.378676,no,1.391,4.081,2.4,NA,NA,NA,NA,NA
8,10,sqrt,1000,10000,static,1,50,1,0.004702,yes,0.015,1.631,32.7,NA,NA,NA,NA,NA
4,50,sqrt,0,5000,guided,0,50,1,0.477720,no,0.488,3.978,2.4,NA,NA,NA,NA,NA
16,10,hogwild,0,10000,static,1,50,1,0.008909,yes,0.019,0.483,88.4,NA,NA,NA,NA,NA
8,100,sqrt,10,10000,dynamic,0,0,1,0.246888,no,0.257,1.507,41.3,NA,NA,NA,NA,NA
40,50,statespace,0,5000,static,10,50,1,0.151824,no,0.175,2.208,15.3,NA,NA,NA,NA,NA
8,50,sqrt,1000,5000,dynamic,10,50,1,0.296834,no,0.309,4.177,1.6,NA,NA,NA,NA,NA
4,10,sqrt,1000,5000,dynamic,0,0,1,0.001905,yes,0.009,1.224,0.0,NA,NA,NA,NA,NA
2,100,sqrt,10,10000,static,1,0,1,0.269785,yes,0.282,1.919,13.3,NA,NA,NA,NA,NA
40,100,sqrt,10,5000,dynamic,10,0,1,0.626807,no,0.651,0.410,43.8,NA,NA,NA,NA,NA
4,100,hogwild,0,10000,guided,1,0,1,0.062731,yes,0.071,1.273,16.3,NA,NA,NA,NA,NA
8,10,sqrt,10,10000,guided,1,0,1,0.013205,yes,0.021,0.518,80.5,NA,NA,NA,NA,NA
4,50,statespace,0,5000,dynamic,1,0,1,0.024825,yes,0.037,1.363,33.6,NA,NA,NA,NA,NA
16,50,sqrt,0,10000,dynamic,1,50,1,0.403453,no,0.412,2.866,12.0,NA,NA,NA,NA,NA
4,100,sqrt,1000,5000,guided,0,0,1,0.063215,no,0.072,1.323,8.4,NA,NA,NA,NA,NA
16,10,sqrt,0,10000,guided,0,50,1,0.017530,yes,0.024,0.406,100.0,NA,NA,NA,NA,NA
2,10,sqrt,1000,5000,dynamic,1,0,1,0.002650,yes,0.009,1.391,0.0,NA,NA,NA,NA,NA
40,50,sqrt,10,10000,guided,10,0,1,0.375521,no,0.388,0.399,40.9,NA,NA,NA,NA,NA
20,10,sqrt,0,5000,guided,1,0,1,0.012440,yes,0.023,0.228,93.7,NA,NA,NA,NA,NA
4,10,sqrt,1000,5000,static,10,0,1,0.001966,yes,0.012,1.273,0.0,NA,NA,NA,NA,NA
2,50,hogwild,0,10000,static,1,0,1,0.041350,yes,0.048,1.285,59.3,NA,NA,NA,NA,NA
20,10,sqrt,0,10000,guided,10,0,1,0.021468,yes,0.043,0.270,100.0,NA,NA,NA,NA,NA
4,100,sqrt,0,10000,guided,0,50,1,5.125284,no,5.167,4.411,1.5,NA,NA,NA,NA,NA
40,100,sqrt,1000,5000,static,10,0,1,0.055495,no,0.079,0.694,52.2,NA,NA,NA,NA,NA
4,100,hogwild,0,10000,static,1,0,1,0.064038,yes,0.076,1.211,20.3,NA,NA,NA,NA,NA
16,100,sqrt,10,10000,dynamic,1,50,1,2.355571,no,2.394,2.858,14.1,NA,NA,NA,NA,NA
2,10,sqrt,1000,10000,static,0,50,1,0.010904,yes,0.031,1.966,34.5,NA,NA,NA,NA,NA
4,50,hogwild,0,5000,guided,0,0,1,0.015055,yes,0.036,1.158,68.0,NA,NA,NA,NA,NA
40,100,sqrt,1000,5000,dynamic,1,0,1,0.053522,no,0.078,0.725,56.7,NA,NA,NA,NA,NA
16,10,statespace,0,5000,dynamic,10,0,1,0.004527,yes,0.020,0.503,0.0,NA,NA,NA,NA,NA
2,50,statespace,0,5000,dynamic,10,50,1,0.719527,no,0.736,4.310,0.8,NA,NA,NA,NA,NA
20,10,sqrt,0,10000,guided,0,50,1,0.021580,yes,0.032,0.323,100.0,NA,NA,NA,NA,NA
2,10,sqrt,0,5000,static,0,0,1,0.003006,yes,0.013,1.353,0.0,NA,NA,NA,NA,NA
2,50,statespace,0,5000,dynamic,1,50,1,0.716616,no,0.725,4.314,0.8,NA,NA,NA,NA,NA
20,10,sqrt,0,10000,guided,10,50,1,0.029973,yes,0.044,0.392,84.2,NA,NA,NA,NA,NA
16,50,sqrt,1000,5000,guided,0,0,1,0.018831,no,0.039,1.101,36.4,NA,NA,NA,NA,NA
40,10,statespace,0,10000,guided,0,50,1,0.011953,yes,0.023,0.381,84.4,NA,NA,NA,NA,NA
8,50,hogwild,0,10000,dynamic,1,0,1,0.014646,yes,0.027,1.056,76.8,NA,NA,NA,NA,NA
2,50,statespace,0,10000,static,0,50,1,1.319773,no,1.329,4.318,0.8,NA,NA,NA,NA,NA
2,50,sqrt,0,5000,guided,10,50,1,0.721788,no,0.737,4.182,1.3,NA,NA,NA,NA,NA
20,100,statespace,0,10000,static,1,50,1,1.055278,no,1.081,4.529,1.0,NA,NA,NA,NA,NA
4,50,hogwild,0,10000,dynamic,1,50,1,0.742842,no,0.755,4.027,3.7,NA,NA,NA,NA,NA
40,10,sqrt,0,5000,guided,10,50,1,0.017214,no,0.038,0.378,47.0,NA,NA,NA,NA,NA
16,10,hogwild,0,10000,dynamic,10,50,1,0.008907,yes,0.019,0.468,87.6,NA,NA,NA,NA,NA
20,50,sqrt,10,10000,guided,0,50,1,0.618445,no,0.633,1.585,22.5,NA,NA,NA,NA,NA
2,100,statespace,0,10000,dynamic,10,50,1,8.772483,no,8.799,4.603,0.5,NA,NA,NA,NA,NA
2,50,hogwild,0,10000,guided,0,50,1,1.307182,no,1.317,4.072,1.7,NA,NA,NA,NA,NA
8,100,sqrt,10,10000,guided,10,0,1,0.613493,no,0.637,0.888,23.5,NA,NA,NA,NA,NA
8,100,sqrt,10,5000,guided,0,50,1,2.089650,no,2.117,3.134,6.8,NA,NA,NA,NA,NA
2,100,sqrt,10,5000,static,10,0,1,0.247649,no,0.259,1.358,16.2,NA,NA,NA,NA,NA
16,50,statespace,0,5000,guided,1,50,1,0.171436,no,0.190,4.166,1.1,NA,NA,NA,NA,NA
4,100,sqrt,0,10000,guided,1,0,1,0.130337,no,0.141,1.472,22.8,NA,NA,NA,NA,NA
40,50,sqrt,1000,10000,dynamic,10,50,1,0.302613,no,0.316,2.248,9.8,NA,NA,NA,NA,NA
20,10,sqrt,0,10000,dynamic,10,50,1,0.030346,yes,0.043,0.391,85.1,NA,NA,NA,NA,NA
4,50,sqrt,1000,5000,guided,10,0,1,0.024340,yes,0.032,1.352,33.5,NA,NA,NA,NA,NA
8,50,sqrt,10,10000,static,1,50,1,0.826358,no,0.838,2.499,8.7,NA,NA,NA,NA,NA
4,100,sqrt,1000,5000,dynamic,0,0,1,0.063108,no,0.074,1.316,9.2,NA,NA,NA,NA,NA
20,50,sqrt,1000,5000,static,10,0,1,0.018464,no,0.028,1.050,41.8,NA,NA,NA,NA,NA
2,10,sqrt,10,5000,dynamic,0,50,1,0.008356,no,0.014,1.646,41.1,NA,NA,NA,NA,NA
20,100,sqrt,0,10000,static,10,50,1,8.489097,no,8.547,2.609,14.3,NA,NA,NA,NA,NA
16,50,sqrt,1000,5000,static,1,0,1,0.018928,no,0.031,1.100,37.4,NA,NA,NA,NA,NA
8,10,sqrt,10,5000,static,0,50,1,0.008641,yes,0.019,0.791,71.8,NA,NA,NA,NA,NA
2,10,sqrt,0,5000,dynamic,1,0,1,0.003158,yes,0.027,1.313,0.0,NA,NA,NA,NA,NA
40,50,sqrt,0,10000,dynamic,0,50,1,0.306005,no,0.329,1.937,13.2,NA,NA,NA,NA,NA
40,100,sqrt,1000,10000,guided,0,50,1,0.984803,no,1.012,2.412,2.9,NA,NA,NA,NA,NA
20,10,sqrt,1000,5000,guided,1,0,1,0.003743,yes,0.014,0.638,49.1,NA,NA,NA,NA,NA
4,100,sqrt,1000,5000,dynamic,1,50,1,2.427718,no,2.455,4.551,1.1,NA,NA,NA,NA,NA
2,50,statespace,0,5000,static,10,50,1,0.721623,no,0.734,4.312,0.8,NA,NA,NA,NA,NA
40,100,hogwild,0,10000,static,0,50,1,0.953599,no,0.981,2.432,3.1,NA,NA,NA,NA,NA
20,100,sqrt,1000,5000,guided,10,0,1,0.039499,no,0.052,1.025,46.3,NA,NA,NA,NA,NA
40,50,hogwild,0,5000,guided,1,0,1,0.008085,yes,0.030,0.444,66.8,NA,NA,NA,NA,NA
16,50,sqrt,10,10000,static,0,50,1,0.651598,no,0.664,1.801,18.0,NA,NA,NA,NA,NA
20,50,sqrt,10,10000,static,10,50,1,3.612179,no,3.633,0.836,16.5,NA,NA,NA,NA,NA
16,50,hogwild,0,10000,guided,0,0,1,0.010851,yes,0.026,0.814,71.6,NA,NA,NA,NA,NA
20,50,sqrt,10,10000,dynamic,1,50,1,0.639555,no,0.652,1.599,23.0,NA,NA,NA,NA,NA
2,10,statespace,0,10000,guided,1,50,1,0.010929,yes,0.032,1.978,35.1,NA,NA,NA,NA,NA
2,100,statespace,0,10000,dynamic,0,0,1,0.137960,no,0.161,1.383,11.1,NA,NA,NA,NA,NA
4,50,hogwild,0,5000,dynamic,0,50,1,0.402634,no,0.416,3.795,3.3,NA,NA,NA,NA,NA
4,50,sqrt,1000,10000,static,1,0,1,0.032663,yes,0.043,1.395,29.5,NA,NA,NA,NA,NA
16,10,sqrt,10,5000,static,10,0,1,0.020846,yes,0.032,0.280,97.9,NA,NA,NA,NA,NA
2,50,statespace,0,5000,guided,0,50,1,0.724821,no,0.737,4.310,1.0,NA,NA,NA,NA,NA
20,50,hogwild,0,5000,static,0,0,1,0.007551,no,0.015,0.693,56.7,NA,NA,NA,NA,NA
40,100,sqrt,1000,5000,dynamic,0,50,1,0.509818,no,0.544,2.396,2.4,NA,NA,NA,NA,NA
40,100,statespace,0,10000,static,0,0,1,0.060423,no,0.083,0.836,38.1,NA,NA,NA,NA,NA
40,50,statespace,0,10000,static,0,50,1,0.259517,no,0.277,2.270,7.6,NA,NA,NA,NA,NA
40,10,sqrt,0,10000,static,0,0,1,0.013018,yes,0.024,0.250,87.0,NA,NA,NA,NA,NA
40,50,statespace,0,5000,guided,10,50,1,0.145596,no,0.156,2.220,20.9,NA,NA,NA,NA,NA
16,100,sqrt,1000,10000,dynamic,10,50,1,1.404258,no,1.429,4.481,1.4,NA,NA,NA,NA,NA
40,100,statespace,0,10000,guided,0,0,1,0.058781,no,0.070,0.841,39.4,NA,NA,NA,NA,NA
40,50,hogwild,0,5000,static,0,50,1,0.093576,no,0.110,2.161,17.7,NA,NA,NA,NA,NA
16,10,sqrt,0,5000,guided,10,50,1,0.019959,yes,0.029,0.430,83.6,NA,NA,NA,NA,NA
20,50,statespace,0,5000,guided,1,0,1,0.017875,no,0.029,1.076,33.6,NA,NA,NA,NA,NA
4,10,hogwild,0,10000,guided,0,0,1,0.004723,yes,0.013,0.968,73.7,NA,NA,NA,NA,NA
8,100,statespace,0,5000,guided,1,50,1,1.287127,no,1.312,4.513,1.3,NA,NA,NA,NA,NA
20,50,statespace,0,10000,dynamic,0,50,1,0.250010,no,0.261,4.224,1.3,NA,NA,NA,NA,NA
40,50,statespace,0,5000,static,0,0,1,0.100646,no,0.121,0.600,30.4,NA,NA,NA,NA,NA
4,100,sqrt,10,5000,guided,0,50,1,2.965501,no,3.003,3.948,3.0,NA,NA,NA,NA,NA
2,50,sqrt,0,5000,dynamic,1,50,1,0.698948,no,0.711,4.246,1.2,NA,NA,NA,NA,NA
8,100,sqrt,1000,10000,dynamic,0,0,1,0.070604,no,0.087,1.303,11.7,NA,NA,NA,NA,NA
40,10,hogwild,0,10000,guided,1,0,1,0.008337,yes,0.029,0.194,68.1,NA,NA,NA,NA,NA
8,50,sqrt,0,10000,guided,0,0,1,0.038502,yes,0.046,1.290,53.4,NA,NA,NA,NA,NA
8,10,hogwild,0,5000,static,0,0,1,0.002682,yes,0.011,0.645,0.0,NA,NA,NA,NA,NA
4,10,sqrt,0,10000,static,10,50,1,0.011316,yes,0.026,1.321,35.4,NA,NA,NA,NA,NA
16,10,statespace,0,5000,guided,10,50,1,0.006310,yes,0.021,0.706,70.6,NA,NA,NA,NA,NA
4,10,statespace,0,10000,dynamic,1,0,1,0.004137,yes,0.018,1.198,57.2,NA,NA,NA,NA,NA
20,50,sqrt,10,10000,guided,0,0,1,0.137594,no,0.149,0.642,73.9,NA,NA,NA,NA,NA
8,50,hogwild,0,5000,dynamic,0,50,1,0.237458,no,0.247,3.427,11.4,NA,NA,NA,NA,NA
16,100,sqrt,10,10000,static,1,0,1,0.350699,no,0.397,0.919,63.1,NA,NA,NA,NA,NA
4,10,sqrt,10,10000,dynamic,0,50,1,0.012591,yes,0.026,1.354,46.7,NA,NA,NA,NA,NA
2,10,sqrt,0,10000,dynamic,0,50,1,0.011111,yes,0.021,1.959,42.1,NA,NA,NA,NA,NA
16,50,hogwild,0,5000,dynamic,1,50,1,0.124830,no,0.147,3.271,17.9,NA,NA,NA,NA,NA
2,10,sqrt,1000,10000,dynamic,10,50,1,0.010388,yes,0.024,2.016,31.5,NA,NA,NA,NA,NA
20,100,hogwild,0,10000,static,0,0,1,0.021343,no,0.036,0.827,94.4,NA,NA,NA,NA,NA
4,100,sqrt,0,10000,dynamic,0,50,1,5.089615,no,5.127,4.410,1.3,NA,NA,NA,NA,NA
2,100,hogwild,0,10000,guided,0,0,1,0.111594,yes,0.124,1.267,17.8,NA,NA,NA,NA,NA
40,50,sqrt,0,5000,dynamic,10,50,1,1.153772,no,1.164,1.039,18.6,NA,NA,NA,NA,NA
40,100,sqrt,1000,10000,static,10,0,1,0.068196,no,0.085,0.715,54.1,NA,NA,NA,NA,NA
16,100,hogwild,0,5000,dynamic,10,0,1,0.016744,yes,0.037,0.871,89.1,NA,NA,NA,NA,NA
40,10,hogwild,0,10000,static,10,0,1,0.008149,yes,0.026,0.200,79.4,NA,NA,NA,NA,NA
2,50,sqrt,1000,5000,dynamic,10,0,1,0.028921,yes,0.045,1.430,31.3,NA,NA,NA,NA,NA
40,50,sqrt,0,10000,guided,1,0,1,0.069745,no,0.087,0.452,65.7,NA,NA,NA,NA,NA
4,50,sqrt,0,5000,static,10,50,1,0.563226,no,0.580,3.612,3.8,NA,NA,NA,NA,NA
20,50,statespace,0,10000,dynamic,10,50,1,0.259399,no,0.281,4.161,1.9,NA,NA,NA,NA,NA
20,10,sqrt,0,5000,dynamic,10,0,1,0.014058,yes,0.021,0.283,86.3,NA,NA,NA,NA,NA
8,10,hogwild,0,5000,static,10,0,1,0.002847,yes,0.011,0.603,0.0,NA,NA,NA,NA,NA
4,10,sqrt,10,5000,guided,10,0,1,0.008354,yes,0.018,0.756,43.8,NA,NA,NA,NA,NA
16,100,sqrt,1000,10000,guided,0,50,1,1.339652,no,1.369,4.471,1.9,NA,NA,NA,NA,NA
4,10,hogwild,0,10000,dynamic,1,0,1,0.004338,yes,0.013,1.008,45.5,NA,NA,NA,NA,NA
16,10,hogwild,0,5000,static,0,50,1,0.004906,yes,0.017,0.541,26.3,NA,NA,NA,NA,NA
8,10,sqrt,10,5000,dynamic,10,0,1,0.011186,yes,0.019,0.527,58.1,NA,NA,NA,NA,NA
8,10,statespace,0,5000,guided,0,0,1,0.002662,yes,0.009,0.855,0.0,NA,NA,NA,NA,NA
2,50,sqrt,10,10000,guided,10,0,1,0.113637,yes,0.121,1.440,16.5,NA,NA,NA,NA,NA
4,100,sqrt,10,10000,static,1,50,1,5.974117,no,6.003,3.948,3.3,NA,NA,NA,NA,NA
8,50,sqrt,0,5000,static,1,50,1,0.360577,no,0.378,3.242,6.2,NA,NA,NA,NA,NA
16,10,hogwild,0,5000,guided,1,0,1,0.005108,yes,0.017,0.314,35.6,NA,NA,NA,NA,NA
16,100,sqrt,10,10000,static,0,50,1,2.405141,no,2.433,2.841,13.9,NA,NA,NA,NA,NA
40,10,sqrt,0,5000,guided,1,50,1,0.012408,no,0.020,0.321,82.3,NA,NA,NA,NA,NA
4,100,statespace,0,5000,static,1,0,1,0.063081,no,0.072,1.310,7.2,NA,NA,NA,NA,NA
8,100,statespace,0,5000,static,0,0,1,0.040111,no,0.049,1.246,33.3,NA,NA,NA,NA,NA
4,50,sqrt,10,10000,guided,0,50,1,1.048566,no,1.069,3.392,4.9,NA,NA,NA,NA,NA
16,10,sqrt,10,10000,guided,10,0,1,0.037686,yes,0.046,0.274,95.5,NA,NA,NA,NA,NA
8,50,sqrt,0,10000,guided,10,0,1,0.060613,yes,0.067,0.995,22.4,NA,NA,NA,NA,NA
40,50,statespace,0,5000,guided,0,50,1,0.137298,no,0.151,2.238,20.3,NA,NA,NA,NA,NA
4,100,sqrt,0,5000,guided,10,0,1,0.091058,no,0.102,1.408,19.1,NA,NA,NA,NA,NA
2,50,sqrt,1000,10000,static,1,50,1,1.326342,no,1.335,4.304,1.0,NA,NA,NA,NA,NA
40,50,sqrt,0,10000,guided,0,0,1,0.069102,no,0.077,0.451,57.6,NA,NA,NA,NA,NA
20,50,hogwild,0,10000,static,1,0,1,0.011042,yes,0.022,0.702,71.6,NA,NA,NA,NA,NA
16,100,sqrt,1000,10000,dynamic,0,50,1,1.286241,no,1.310,4.500,1.6,NA,NA,NA,NA,NA
8,50,sqrt,0,5000,static,10,50,1,0.878929,no,0.887,2.340,9.4,NA,NA,NA,NA,NA
8,50,sqrt,10,10000,dynamic,0,0,1,0.090879,yes,0.098,1.175,30.0,NA,NA,NA,NA,NA
4,100,sqrt,0,10000,dynamic,10,0,1,0.172525,yes,0.188,1.219,13.9,NA,NA,NA,NA,NA
4,100,statespace,0,10000,static,0,50,1,4.927453,no,4.951,4.538,0.8,NA,NA,NA,NA,NA
20,100,statespace,0,10000,guided,1,0,1,0.046468,no,0.056,1.195,23.0,NA,NA,NA,NA,NA
2,100,sqrt,1000,10000,guided,10,50,1,8.835169,no,8.872,4.557,0.8,NA,NA,NA,NA,NA
8,100,sqrt,10,5000,dynamic,0,0,1,0.131336,no,0.154,1.462,44.2,NA,NA,NA,NA,NA
40,100,hogwild,0,5000,guided,10,0,1,0.012107,yes,0.022,0.589,45.2,NA,NA,NA,NA,NA
16,50,hogwild,0,10000,static,10,50,1,0.238061,no,0.246,3.290,17.8,NA,NA,NA,NA,NA
16,100,sqrt,10,5000,guided,0,50,1,1.180008,no,1.209,2.855,14.1,NA,NA,NA,NA,NA
4,50,hogwild,0,10000,static,0,50,1,0.760523,no,0.770,4.008,4.3,NA,NA,NA,NA,NA
20,50,sqrt,10,10000,dynamic,0,50,1,0.633785,no,0.655,1.593,23.0,NA,NA,NA,NA,NA
8,50,sqrt,1000,5000,dynamic,1,0,1,0.020730,no,0.030,1.259,40.0,NA,NA,NA,NA,NA
20,10,statespace,0,5000,dynamic,10,50,1,0.006673,yes,0.012,0.643,67.5,NA,NA,NA,NA,NA
40,10,hogwild,0,10000,guided,10,0,1,0.009217,yes,0.025,0.170,93.8,NA,NA,NA,NA,NA
16,100,hogwild,0,10000,dynamic,1,50,1,1.492064,no,1.525,3.871,2.8,NA,NA,NA,NA,NA
16,50,sqrt,1000,5000,dynamic,1,50,1,0.170071,no,0.181,4.166,1.0,NA,NA,NA,NA,NA
40,100,sqrt,1000,5000,static,0,50,1,0.509875,no,0.535,2.394,2.6,NA,NA,NA,NA,NA
2,50,sqrt,10,5000,guided,10,0,1,0.071064,yes,0.089,1.308,14.9,NA,NA,NA,NA,NA
40,100,hogwild,0,10000,dynamic,1,50,1,0.951011,no,0.977,2.434,2.9,NA,NA,NA,NA,NA
40,10,sqrt,1000,10000,static,1,50,1,0.007007,yes,0.014,0.653,44.4,NA,NA,NA,NA,NA
4,50,sqrt,10,10000,dynamic,1,0,1,0.071599,yes,0.078,1.646,25.8,NA,NA,NA,NA,NA
4,50,sqrt,1000,5000,guided,1,0,1,0.024126,yes,0.039,1.364,32.1,NA,NA,NA,NA,NA
40,50,sqrt,1000,10000,static,10,50,1,0.309821,no,0.329,2.193,7.6,NA,NA,NA,NA,NA
2,100,hogwild,0,10000,static,10,0,1,0.112649,yes,0.125,1.293,17.7,NA,NA,NA,NA,NA
4,50,statespace,0,5000,dynamic,0,0,1,0.024848,yes,0.045,1.355,31.2,NA,NA,NA,NA,NA
2,100,sqrt,10,5000,guided,0,50,1,4.452087,no,4.475,4.554,1.1,NA,NA,NA,NA,NA
40,50,statespace,0,10000,dynamic,10,50,1,0.274746,no,0.286,2.270,7.7,NA,NA,NA,NA,NA
4,10,hogwild,0,10000,dynamic,0,50,1,0.008403,yes,0.024,1.439,74.2,NA,NA,NA,NA,NA
20,50,sqrt,1000,10000,static,0,50,1,0.257041,no,0.274,4.069,3.1,NA,NA,NA,NA,NA
16,10,sqrt,0,5000,dynamic,10,0,1,0.014109,yes,0.035,0.298,82.2,NA,NA,NA,NA,NA
2,50,statespace,0,5000,dynamic,10,0,1,0.028896,yes,0.044,1.429,26.2,NA,NA,NA,NA,NA
40,100,sqrt,1000,5000,guided,10,0,1,0.055301,no,0.068,0.698,53.1,NA,NA,NA,NA,NA
16,50,sqrt,1000,10000,static,1,50,1,0.313266,no,0.326,4.050,2.2,NA,NA,NA,NA,NA
2,10,sqrt,0,10000,static,1,0,1,0.005666,yes,0.012,1.455,44.1,NA,NA,NA,NA,NA
40,50,sqrt,1000,5000,static,10,50,1,0.163023,no,0.181,2.162,8.6,NA,NA,NA,NA,NA
4,100,sqrt,1000,10000,dynamic,10,0,1,0.108324,no,0.119,1.344,13.1,NA,NA,NA,NA,NA
4,100,statespace,0,10000,guided,10,0,1,0.110809,no,0.121,1.339,12.4,NA,NA,NA,NA,NA
2,50,sqrt,0,10000,static,10,0,1,0.050843,yes,0.072,1.478,21.1,NA,NA,NA,NA,NA
20,10,sqrt,10,5000,dynamic,0,50,1,0.019956,yes,0.030,0.268,95.7,NA,NA,NA,NA,NA
20,10,statespace,0,10000,dynamic,1,0,1,0.006870,yes,0.015,0.410,96.9,NA,NA,NA,NA,NA
40,50,hogwild,0,5000,dynamic,10,0,1,0.007964,yes,0.023,0.458,62.4,NA,NA,NA,NA,NA
40,50,sqrt,10,10000,guided,0,0,1,0.207291,no,0.219,0.397,56.8,NA,NA,NA,NA,NA
8,50,sqrt,1000,5000,guided,0,50,1,0.292449,no,0.303,4.186,1.9,NA,NA,NA,NA,NA
40,100,sqrt,0,10000,dynamic,0,50,1,1.142982,no,1.171,2.133,8.4,NA,NA,NA,NA,NA
2,50,statespace,0,5000,static,0,50,1,0.723343,no,0.741,4.312,1.0,NA,NA,NA,NA,NA
16,100,sqrt,0,10000,dynamic,0,0,1,0.172603,no,0.183,0.945,52.3,NA,NA,NA,NA,NA
2,10,hogwild,0,10000,guided,10,50,1,0.012407,yes,0.028,1.698,56.0,NA,NA,NA,NA,NA
2,50,sqrt,0,10000,guided,10,50,1,1.322417,no,1.331,4.167,1.4,NA,NA,NA,NA,NA
2,100,statespace,0,5000,guided,1,0,1,0.099714,no,0.109,1.347,8.4,NA,NA,NA,NA,NA
4,100,statespace,0,10000,dynamic,10,50,1,4.845965,no,4.871,4.606,0.4,NA,NA,NA,NA,NA
16,100,hogwild,0,10000,static,1,0,1,0.024516,no,0.044,0.896,92.7,NA,NA,NA,NA,NA
16,100,statespace,0,5000,static,0,0,1,0.032204,no,0.041,1.160,36.9,NA,NA,NA,NA,NA
20,50,hogwild,0,5000,dynamic,1,0,1,0.007524,yes,0.018,0.695,71.7,NA,NA,NA,NA,NA
20,50,sqrt,10,5000,static,1,50,1,0.338230,no,0.347,1.705,23.4,NA,NA,NA,NA,NA
8,10,sqrt,1000,5000,dynamic,1,0,1,0.002070,yes,0.010,1.038,0.0,NA,NA,NA,NA,NA
20,10,sqrt,0,5000,guided,1,50,1,0.014247,yes,0.027,0.339,89.0,NA,NA,NA,NA,NA
8,100,sqrt,10,10000,static,0,50,1,4.197191,no,4.223,3.139,6.8,NA,NA,NA,NA,NA
16,100,hogwild,0,5000,guided,0,50,1,0.721819,no,0.747,3.994,2.1,NA,NA,NA,NA,NA
8,100,sqrt,1000,5000,static,10,0,1,0.040703,no,0.063,1.250,35.0,NA,NA,NA,NA,NA
8,50,sqrt,1000,10000,static,1,0,1,0.025722,yes,0.040,1.294,29.6,NA,NA,NA,NA,NA
2,10,statespace,0,5000,dynamic,10,0,1,0.002736,yes,0.019,1.363,0.0,NA,NA,NA,NA,NA
8,50,sqrt,1000,5000,dynamic,1,50,1,0.288319,no,0.296,4.226,1.6,NA,NA,NA,NA,NA
16,100,sqrt,10,10000,dynamic,0,50,1,2.366934,no,2.389,2.848,13.9,NA,NA,NA,NA,NA
40,10,sqrt,0,10000,dynamic,10,0,1,0.015563,yes,0.023,0.278,70.0,NA,NA,NA,NA,NA
8,100,statespace,0,10000,static,0,0,1,0.068571,no,0.079,1.305,8.3,NA,NA,NA,NA,NA
8,100,sqrt,0,10000,guided,1,0,1,0.117269,no,0.128,1.440,28.3,NA,NA,NA,NA,NA
8,50,statespace,0,10000,guided,0,0,1,0.026350,yes,0.036,1.318,28.4,NA,NA,NA,NA,NA
40,100,sqrt,0,10000,static,0,50,1,1.144584,no,1.169,2.129,8.5,NA,NA,NA,NA,NA
20,100,hogwild,0,10000,dynamic,1,0,1,0.021117,yes,0.031,0.839,93.6,NA,NA,NA,NA,NA
4,100,hogwild,0,5000,static,10,0,1,0.042386,yes,0.056,1.234,55.2,NA,NA,NA,NA,NA
16,10,sqrt,10,5000,guided,1,0,1,0.018221,yes,0.030,0.210,94.8,NA,NA,NA,NA,NA
20,100,hogwild,0,10000,dynamic,0,0,1,0.020736,yes,0.033,0.848,80.1,NA,NA,NA,NA,NA
20,50,sqrt,10,5000,static,0,50,1,0.342611,no,0.356,1.688,24.3,NA,NA,NA,NA,NA
40,10,sqrt,10,10000,guided,10,0,1,0.043276,yes,0.054,0.235,92.5,NA,NA,NA,NA,NA
16,100,statespace,0,10000,guided,0,0,1,0.048248,no,0.061,1.228,31.9,NA,NA,NA,NA,NA
16,50,sqrt,10,10000,static,1,50,1,0.632231,no,0.645,1.845,18.3,NA,NA,NA,NA,NA
40,100,sqrt,1000,10000,static,0,0,1,0.065478,no,0.079,0.739,61.8,NA,NA,NA,NA,NA
8,10,sqrt,0,5000,dynamic,1,0,1,0.003377,yes,0.018,0.788,0.0,NA,NA,NA,NA,NA
16,50,sqrt,10,5000,dynamic,1,0,1,0.068240,no,0.080,0.770,58.2,NA,NA,NA,NA,NA
16,10,hogwild,0,5000,static,10,0,1,0.004728,yes,0.016,0.340,0.0,NA,NA,NA,NA,NA
2,100,sqrt,10,10000,guided,0,0,1,0.272815,yes,0.283,1.893,14.1,NA,NA,NA,NA,NA
40,100,sqrt,0,5000,dynamic,10,50,1,4.176715,no,4.205,1.765,9.3,NA,NA,NA,NA,NA
40,100,statespace,0,10000,dynamic,10,50,1,0.964909,no,0.989,2.435,2.5,NA,NA,NA,NA,NA
20,100,sqrt,0,5000,guided,10,50,1,4.550242,no,4.588,2.575,13.2,NA,NA,NA,NA,NA
20,50,sqrt,0,5000,guided,0,0,1,0.046750,no,0.056,0.713,45.0,NA,NA,NA,NA,NA
4,50,hogwild,0,10000,dynamic,10,0,1,0.023344,yes,0.034,1.255,73.9,NA,NA,NA,NA,NA
8,100,hogwild,0,5000,guided,10,50,1,1.335454,no,1.363,4.328,2.4,NA,NA,NA,NA,NA
16,100,sqrt,0,5000,static,0,50,1,1.297235,no,1.325,2.663,11.3,NA,NA,NA,NA,NA
8,100,hogwild,0,5000,guided,10,0,1,0.023433,yes,0.036,1.173,67.0,NA,NA,NA,NA,NA
40,100,statespace,0,10000,dynamic,0,0,1,0.059137,no,0.073,0.836,39.5,NA,NA,NA,NA,NA
16,100,statespace,0,10000,static,1,50,1,1.308235,no,1.345,4.505,1.6,NA,NA,NA,NA,NA
2,100,sqrt,10,5000,static,0,0,1,0.164415,no,0.185,1.793,14.4,NA,NA,NA,NA,NA
2,50,statespace,0,10000,dynamic,0,0,1,0.041480,yes,0.061,1.490,44.0,NA,NA,NA,NA,NA
20,100,sqrt,1000,5000,dynamic,10,50,1,0.539815,no,0.566,4.493,1.7,NA,NA,NA,NA,NA
8,100,sqrt,10,10000,static,10,50,1,17.906072,no,17.934,2.993,7.0,NA,NA,NA,NA,NA
40,10,sqrt,0,10000,dynamic,0,0,1,0.012806,yes,0.023,0.241,78.0,NA,NA,NA,NA,NA
40,100,sqrt,1000,5000,dynamic,10,50,1,0.595018,no,0.626,2.491,5.2,NA,NA,NA,NA,NA
40,100,statespace,0,10000,guided,10,0,1,0.059082,no,0.081,0.839,39.8,NA,NA,NA,NA,NA
4,50,sqrt,1000,5000,dynamic,1,50,1,0.459094,no,0.472,4.240,1.7,NA,NA,NA,NA,NA
2,10,hogwild,0,10000,guided,1,50,1,0.013526,yes,0.028,1.557,58.1,NA,NA,NA,NA,NA
40,10,sqrt,0,10000,dynamic,1,0,1,0.012807,yes,0.023,0.235,81.8,NA,NA,NA,NA,NA
4,10,statespace,0,10000,dynamic,0,0,1,0.003724,yes,0.013,1.303,46.3,NA,NA,NA,NA,NA
2,50,sqrt,0,10000,dynamic,10,0,1,0.049992,yes,0.065,1.488,17.1,NA,NA,NA,NA,NA
40,50,statespace,0,10000,guided,1,0,1,0.028132,no,0.051,0.800,46.0,NA,NA,NA,NA,NA
40,100,sqrt,0,10000,guided,10,50,1,7.842981,no,7.878,1.865,7.5,NA,NA,NA,NA,NA
4,50,statespace,0,5000,dynamic,1,50,1,0.457038,no,0.473,4.295,1.1,NA,NA,NA,NA,NA
40,100,hogwild,0,10000,guided,0,50,1,0.951311,no,0.990,2.434,3.0,NA,NA,NA,NA,NA
40,50,sqrt,10,5000,guided,1,50,1,0.570031,no,0.593,0.745,26.1,NA,NA,NA,NA,NA
4,50,sqrt,10,5000,dynamic,0,0,1,0.042899,yes,0.054,1.588,21.0,NA,NA,NA,NA,NA
8,10,sqrt,0,10000,guided,1,50,1,0.007087,yes,0.022,1.223,63.4,NA,NA,NA,NA,NA
40,100,sqrt,0,10000,guided,1,50,1,1.144861,no,1.170,2.130,8.7,NA,NA,NA,NA,NA
8,10,sqrt,1000,5000,dynamic,0,0,1,0.002037,yes,0.020,1.024,0.0,NA,NA,NA,NA,NA
20,50,hogwild,0,10000,guided,1,50,1,0.194615,no,0.207,3.208,13.5,NA,NA,NA,NA,NA
2,50,sqrt,0,5000,dynamic,10,50,1,0.801877,no,0.813,3.963,2.0,NA,NA,NA,NA,NA
16,10,statespace,0,5000,dynamic,1,50,1,0.004977,yes,0.015,0.779,0.0,NA,NA,NA,NA,NA
16,10,sqrt,0,10000,guided,1,0,1,0.014951,yes,0.035,0.258,90.3,NA,NA,NA,NA,NA
20,10,sqrt,10,5000,static,0,50,1,0.019940,yes,0.042,0.275,100.0,NA,NA,NA,NA,NA
16,10,sqrt,1000,10000,guided,0,0,1,0.003388,yes,0.015,0.788,0.0,NA,NA,NA,NA,NA
8,100,sqrt,1000,10000,static,0,0,1,0.069690,no,0.090,1.316,12.1,NA,NA,NA,NA,NA
4,50,sqrt,0,5000,dynamic,1,0,1,0.027269,yes,0.035,1.469,41.8,NA,NA,NA,NA,NA
40,10,hogwild,0,5000,dynamic,0,0,1,0.006009,yes,0.019,0.236,60.9,NA,NA,NA,NA,NA
16,10,statespace,0,10000,static,0,50,1,0.007503,yes,0.027,0.771,81.9,NA,NA,NA,NA,NA
2,100,hogwild,0,10000,dynamic,0,50,1,8.783336,no,8.816,4.586,0.8,NA,NA,NA,NA,NA
40,10,hogwild,0,10000,static,0,0,1,0.008200,yes,0.027,0.195,58.8,NA,NA,NA,NA,NA
2,50,statespace,0,10000,guided,10,50,1,1.317171,no,1.335,4.318,0.9,NA,NA,NA,NA,NA
20,10,hogwild,0,5000,static,10,0,1,0.005045,yes,0.017,0.300,33.9,NA,NA,NA,NA,NA
20,10,sqrt,0,10000,static,1,0,1,0.018079,yes,0.037,0.243,90.9,NA,NA,NA,NA,NA
20,10,sqrt,10,10000,guided,10,50,1,0.055880,yes,0.070,0.336,52.3,NA,NA,NA,NA,NA
40,50,hogwild,0,10000,dynamic,1,50,1,0.143894,no,0.166,2.219,20.8,NA,NA,NA,NA,NA
4,100,statespace,0,10000,static,10,0,1,0.111700,no,0.130,1.338,10.6,NA,NA,NA,NA,NA
20,100,statespace,0,5000,static,1,50,1,0.544902,no,0.572,4.475,1.7,NA,NA,NA,NA,NA
40,100,sqrt,10,10000,static,1,0,1,0.696804,no,0.710,0.421,59.8,NA,NA,NA,NA,NA
2,10,hogwild,0,5000,guided,10,0,1,0.003240,yes,0.011,1.114,0.0,NA,NA,NA,NA,NA
40,100,sqrt,10,10000,dynamic,1,50,1,4.451355,no,4.479,1.016,22.7,NA,NA,NA,NA,NA
20,100,sqrt,10,10000,guided,1,50,1,2.435680,no,2.467,2.338,18.4,NA,NA,NA,NA,NA
16,10,sqrt,1000,5000,static,0,0,1,0.002931,yes,0.011,0.719,0.0,NA,NA,NA,NA,NA
2,50,sqrt,1000,10000,guided,10,0,1,0.042267,yes,0.050,1.495,32.4,NA,NA,NA,NA,NA
16,50,sqrt,1000,5000,dynamic,0,0,1,0.018095,no,0.033,1.122,38.0,NA,NA,NA,NA,NA
20,100,hogwild,0,5000,dynamic,10,0,1,0.014647,yes,0.026,0.824,70.8,NA,NA,NA,NA,NA
4,100,sqrt,0,10000,guided,0,0,1,0.126338,no,0.139,1.515,22.6,NA,NA,NA,NA,NA
40,100,sqrt,1000,10000,dynamic,0,0,1,0.066991,no,0.080,0.741,58.9,NA,NA,NA,NA,NA
20,50,hogwild,0,5000,dynamic,10,50,1,0.103038,no,0.122,3.148,18.3,NA,NA,NA,NA,NA
16,10,sqrt,0,10000,static,10,0,1,0.016603,yes,0.027,0.336,78.7,NA,NA,NA,NA,NA
20,100,sqrt,10,10000,dynamic,10,50,1,18.282050,no,18.308,1.848,17.1,NA,NA,NA,NA,NA
2,100,sqrt,0,10000,guided,0,0,1,0.145179,yes,0.157,1.520,12.1,NA,NA,NA,NA,NA
40,10,hogwild,0,10000,static,10,50,1,0.010001,yes,0.025,0.265,82.3,NA,NA,NA,NA,NA
16,100,hogwild,0,5000,dynamic,10,50,1,0.732867,no,0.770,3.989,2.7,NA,NA,NA,NA,NA
20,10,sqrt,1000,10000,guided,1,0,1,0.003900,yes,0.014,0.690,0.0,NA,NA,NA,NA,NA
16,10,sqrt,10,5000,guided,10,0,1,0.019449,yes,0.027,0.292,93.7,NA,NA,NA,NA,NA
20,100,sqrt,0,5000,static,0,50,1,0.647908,no,0.673,3.744,15.8,NA,NA,NA,NA,NA
40,100,hogwild,0,5000,static,10,50,1,0.495226,no,0.523,2.425,4.2,NA,NA,NA,NA,NA
4,50,hogwild,0,10000,dynamic,0,50,1,0.781341,no,0.791,3.875,2.1,NA,NA,NA,NA,NA
20,10,hogwild,0,5000,dynamic,0,0,1,0.006669,yes,0.015,0.302,0.0,NA,NA,NA,NA,NA
2,10,statespace,0,10000,guided,1,0,1,0.005265,yes,0.020,1.465,0.0,NA,NA,NA,NA,NA
40,50,sqrt,1000,5000,guided,0,0,1,0.022317,no,0.032,0.717,40.0,NA,NA,NA,NA,NA
20,50,sqrt,0,5000,guided,1,0,1,0.049026,no,0.061,0.676,54.9,NA,NA,NA,NA,NA
40,100,sqrt,1000,5000,static,0,0,1,0.054811,no,0.078,0.711,54.2,NA,NA,NA,NA,NA
8,100,sqrt,10,5000,dynamic,1,0,1,0.127210,no,0.151,1.504,43.2,NA,NA,NA,NA,NA
4,100,sqrt,0,5000,static,0,50,1,2.519360,no,2.544,4.466,1.3,NA,NA,NA,NA,NA
4,100,hogwild,0,5000,static,1,50,1,2.501062,no,2.528,4.539,1.3,NA,NA,NA,NA,NA
16,50,sqrt,0,5000,static,10,0,1,0.110021,no,0.118,0.613,29.7,NA,NA,NA,NA,NA
40,100,sqrt,0,5000,guided,0,0,1,0.125700,no,0.147,0.464,67.7,NA,NA,NA,NA,NA
40,50,hogwild,0,10000,guided,10,50,1,0.145603,no,0.167,2.209,10.8,NA,NA,NA,NA,NA
2,50,sqrt,10,5000,guided,1,50,1,0.755632,no,0.772,4.012,2.7,NA,NA,NA,NA,NA
16,10,statespace,0,10000,static,1,0,1,0.005673,yes,0.016,0.500,91.1,NA,NA,NA,NA,NA
16,100,statespace,0,10000,dynamic,0,0,1,0.047096,no,0.058,1.233,29.6,NA,NA,NA,NA,NA
16,10,hogwild,0,10000,dynamic,10,0,1,0.006922,yes,0.017,0.280,90.3,NA,NA,NA,NA,NA
20,100,sqrt,10,5000,static,0,50,1,1.258225,no,1.283,2.336,16.8,NA,NA,NA,NA,NA
4,50,statespace,0,10000,static,10,0,1,0.032267,yes,0.040,1.409,31.5,NA,NA,NA,NA,NA
20,10,statespace,0,10000,static,10,0,1,0.007287,yes,0.016,0.422,83.5,NA,NA,NA,NA,NA
40,10,sqrt,10,5000,guided,10,0,1,0.024064,yes,0.034,0.244,89.4,NA,NA,NA,NA,NA
16,50,sqrt,0,5000,static,0,50,1,0.325408,no,0.333,2.304,14.5,NA,NA,NA,NA,NA
4,10,hogwild,0,10000,guided,10,0,1,0.004339,yes,0.024,1.001,0.0,NA,NA,NA,NA,NA
8,100,statespace,0,5000,guided,1,0,1,0.040351,no,0.064,1.241,33.5,NA,NA,NA,NA,NA
2,50,sqrt,10,5000,guided,1,0,1,0.046755,yes,0.058,1.765,18.0,NA,NA,NA,NA,NA
40,10,sqrt,0,5000,dynamic,0,50,1,0.011212,no,0.022,0.336,66.5,NA,NA,NA,NA,NA
20,100,statespace,0,5000,dynamic,10,0,1,0.034202,no,0.046,1.089,37.2,NA,NA,NA,NA,NA
2,100,hogwild,0,5000,static,0,50,1,4.424260,no,4.452,4.591,0.7,NA,NA,NA,NA,NA
2,50,sqrt,10,5000,static,10,0,1,0.069582,yes,0.078,1.342,12.8,NA,NA,NA,NA,NA
20,10,statespace,0,10000,guided,1,0,1,0.007906,yes,0.015,0.352,94.6,NA,NA,NA,NA,NA
8,100,sqrt,1000,5000,guided,0,0,1,0.039079,no,0.052,1.282,33.5,NA,NA,NA,NA,NA
40,100,sqrt,0,5000,dynamic,0,50,1,0.596165,no,0.624,2.109,10.9,NA,NA,NA,NA,NA
8,100,hogwild,0,5000,static,0,0,1,0.022932,no,0.035,1.202,59.9,NA,NA,NA,NA,NA
2,100,sqrt,0,5000,dynamic,1,0,1,0.107197,no,0.117,1.496,12.2,NA,NA,NA,NA,NA
2,10,sqrt,1000,10000,dynamic,10,0,1,0.004949,yes,0.021,1.505,66.9,NA,NA,NA,NA,NA
16,10,statespace,0,10000,guided,1,50,1,0.007800,yes,0.023,0.744,90.0,NA,NA,NA,NA,NA
4,10,sqrt,1000,10000,static,10,50,1,0.006990,yes,0.015,1.857,34.7,NA,NA,NA,NA,NA
16,50,sqrt,1000,10000,dynamic,1,50,1,0.284274,no,0.298,4.213,1.4,NA,NA,NA,NA,NA
20,100,statespace,0,10000,static,0,50,1,1.060104,no,1.083,4.536,0.9,NA,NA,NA,NA,NA
8,50,hogwild,0,5000,guided,1,0,1,0.009458,yes,0.021,1.040,67.4,NA,NA,NA,NA,NA
4,10,hogwild,0,5000,guided,1,0,1,0.002931,yes,0.011,0.842,0.0,NA,NA,NA,NA,NA
16,100,statespace,0,10000,guided,10,50,1,1.281481,no,1.309,4.521,1.4,NA,NA,NA,NA,NA
40,50,sqrt,0,5000,dynamic,0,50,1,0.160554,no,0.170,1.938,28.4,NA,NA,NA,NA,NA
16,100,sqrt,0,10000,guided,1,50,1,1.773567,no,1.802,3.540,8.9,NA,NA,NA,NA,NA
20,50,sqrt,0,5000,static,1,50,1,0.183974,no,0.201,3.202,15.2,NA,NA,NA,NA,NA
40,50,statespace,0,10000,static,0,0,1,0.028707,no,0.042,0.783,45.4,NA,NA,NA,NA,NA
2,10,hogwild,0,5000,dynamic,10,50,1,0.006580,yes,0.017,1.581,66.6,NA,NA,NA,NA,NA
8,50,sqrt,10,5000,static,0,50,1,0.474071,no,0.486,2.563,8.4,NA,NA,NA,NA,NA
16,50,sqrt,1000,10000,static,1,0,1,0.023734,no,0.035,1.144,39.0,NA,NA,NA,NA,NA
4,50,sqrt,1000,5000,static,0,50,1,0.462612,no,0.479,4.250,1.5,NA,NA,NA,NA,NA
40,100,sqrt,1000,10000,static,1,0,1,0.415751,no,0.427,0.523,29.4,NA,NA,NA,NA,NA
40,10,hogwild,0,5000,static,1,0,1,0.006189,yes,0.032,0.231,73.3,NA,NA,NA,NA,NA
4,100,sqrt,0,10000,static,0,0,1,0.128229,no,0.146,1.495,20.9,NA,NA,NA,NA,NA
4,10,sqrt,1000,10000,static,0,50,1,0.006551,yes,0.020,1.899,29.4,NA,NA,NA,NA,NA
2,50,sqrt,1000,10000,static,10,0,1,0.042060,yes,0.058,1.494,35.7,NA,NA,NA,NA,NA
20,100,sqrt,0,5000,dynamic,0,50,1,0.640889,no,0.678,3.786,14.6,NA,NA,NA,NA,NA
40,10,hogwild,0,10000,static,0,50,1,0.010057,yes,0.027,0.266,86.0,NA,NA,NA,NA,NA
20,10,statespace,0,10000,static,10,50,1,0.009746,yes,0.020,0.623,69.8,NA,NA,NA,NA,NA
40,10,sqrt,1000,5000,static,1,50,1,0.005996,no,0.016,0.590,28.7,NA,NA,NA,NA,NA
4,100,hogwild,0,10000,guided,10,0,1,0.063743,no,0.076,1.243,15.8,NA,NA,NA,NA,NA
8,10,sqrt,1000,10000,dynamic,1,0,1,0.002589,yes,0.014,1.195,0.0,NA,NA,NA,NA,NA
2,10,sqrt,1000,5000,dynamic,10,0,1,0.002586,yes,0.017,1.382,0.0,NA,NA,NA,NA,NA
4,100,statespace,0,10000,static,1,0,1,0.112138,no,0.137,1.333,13.2,NA,NA,NA,NA,NA
2,100,sqrt,1000,5000,dynamic,10,0,1,0.098021,no,0.121,1.349,5.4,NA,NA,NA,NA,NA
16,50,sqrt,10,10000,guided,1,0,1,0.123115,no,0.138,0.745,64.4,NA,NA,NA,NA,NA
16,100,hogwild,0,5000,dynamic,0,0,1,0.016160,no,0.034,0.890,64.0,NA,NA,NA,NA,NA
4,50,hogwild,0,5000,static,0,50,1,0.387575,no,0.407,4.062,3.2,NA,NA,NA,NA,NA
40,100,sqrt,10,10000,dynamic,10,50,1,19.951749,no,19.980,1.020,20.8,NA,NA,NA,NA,NA
2,100,hogwild,0,5000,static,1,0,1,0.072182,yes,0.095,1.296,10.5,NA,NA,NA,NA,NA
2,10,sqrt,1000,5000,guided,1,0,1,0.002526,yes,0.019,1.398,0.0,NA,NA,NA,NA,NA
40,100,sqrt,0,5000,guided,1,0,1,0.126256,no,0.140,0.462,67.4,NA,NA,NA,NA,NA
4,50,sqrt,0,10000,guided,10,50,1,0.995986,no,1.008,3.559,4.3,NA,NA,NA,NA,NA
16,50,statespace,0,10000,guided,10,50,1,0.299960,no,0.310,4.179,1.2,NA,NA,NA,NA,NA
2,10,sqrt,0,5000,guided,1,50,1,0.005966,yes,0.012,1.866,61.3,NA,NA,NA,NA,NA
8,10,sqrt,0,5000,guided,1,50,1,0.009807,yes,0.016,0.962,46.7,NA,NA,NA,NA,NA
8,100,statespace,0,10000,dynamic,1,0,1,0.067727,no,0.091,1.310,7.1,NA,NA,NA,NA,NA
40,100,sqrt,10,5000,guided,10,50,1,9.634405,no,9.669,1.042,18.8,NA,NA,NA,NA,NA
40,50,sqrt,1000,10000,dynamic,0,0,1,0.028997,no,0.051,0.763,54.0,NA,NA,NA,NA,NA
20,10,statespace,0,5000,static,1,50,1,0.006036,yes,0.022,0.664,86.3,NA,NA,NA,NA,NA
2,50,sqrt,0,10000,guided,10,0,1,0.046707,yes,0.053,1.572,12.0,NA,NA,NA,NA,NA
20,10,sqrt,0,5000,static,0,50,1,0.013986,yes,0.024,0.338,90.0,NA,NA,NA,NA,NA
4,50,sqrt,10,10000,static,1,0,1,0.071746,yes,0.079,1.661,20.1,NA,NA,NA,NA,NA
8,50,statespace,0,10000,static,0,0,1,0.027141,yes,0.038,1.287,34.3,NA,NA,NA,NA,NA
4,100,sqrt,0,5000,static,1,0,1,0.082514,no,0.099,1.516,15.3,NA,NA,NA,NA,NA
16,100,statespace,0,5000,guided,10,0,1,0.032894,no,0.046,1.139,41.1,NA,NA,NA,NA,NA
16,10,statespace,0,10000,static,0,0,1,0.005791,yes,0.023,0.486,92.1,NA,NA,NA,NA,NA
40,50,hogwild,0,10000,dynamic,10,0,1,0.010811,yes,0.028,0.439,74.9,NA,NA,NA,NA,NA
20,10,sqrt,0,5000,guided,10,0,1,0.013511,yes,0.034,0.288,85.4,NA,NA,NA,NA,NA
8,100,sqrt,0,5000,guided,0,0,1,0.076631,no,0.094,1.394,30.0,NA,NA,NA,NA,NA
16,50,sqrt,10,10000,guided,10,50,1,3.632089,no,3.655,0.930,15.8,NA,NA,NA,NA,NA
16,10,sqrt,1000,5000,guided,1,0,1,0.002868,yes,0.019,0.707,0.0,NA,NA,NA,NA,NA
40,100,sqrt,10,5000,static,1,0,1,0.371678,no,0.390,0.422,61.5,NA,NA,NA,NA,NA
4,10,hogwild,0,10000,dynamic,10,50,1,0.007872,no,0.028,1.496,53.6,NA,NA,NA,NA,NA
4,100,statespace,0,10000,static,1,50,1,4.838952,no,4.872,4.590,0.6,NA,NA,NA,NA,NA
20,50,statespace,0,5000,static,10,0,1,0.018004,no,0.030,1.072,33.7,NA,NA,NA,NA,NA
2,10,sqrt,1000,5000,guided,10,0,1,0.002799,yes,0.023,1.341,0.0,NA,NA,NA,NA,NA
20,50,hogwild,0,5000,static,1,50,1,0.105596,no,0.115,3.185,12.6,NA,NA,NA,NA,NA
20,100,statespace,0,10000,guided,10,0,1,0.046088,no,0.059,1.191,34.1,NA,NA,NA,NA,NA
20,100,sqrt,0,10000,guided,0,0,1,0.239314,no,0.253,0.709,66.6,NA,NA,NA,NA,NA
40,10,sqrt,1000,5000,static,10,0,1,0.004894,yes,0.026,0.471,41.9,NA,NA,NA,NA,NA
4,10,statespace,0,10000,static,1,0,1,0.003881,yes,0.009,1.298,0.0,NA,NA,NA,NA,NA
40,100,statespace,0,5000,guided,1,50,1,0.501506,no,0.535,2.414,3.1,NA,NA,NA,NA,NA
40,10,sqrt,1000,10000,dynamic,1,50,1,0.008852,yes,0.020,0.597,31.9,NA,NA,NA,NA,NA
16,10,statespace,0,5000,guided,1,50,1,0.005286,yes,0.022,0.756,78.3,NA,NA,NA,NA,NA
40,50,sqrt,0,5000,static,1,0,1,0.043258,no,0.059,0.458,97.8,NA,NA,NA,NA,NA
4,10,sqrt,0,10000,guided,10,50,1,0.009474,yes,0.016,1.528,38.6,NA,NA,NA,NA,NA
4,100,statespace,0,10000,guided,1,50,1,4.861057,no,4.888,4.555,0.6,NA,NA,NA,NA,NA
20,100,sqrt,10,10000,static,0,0,1,0.446600,no,0.459,0.691,69.3,NA,NA,NA,NA,NA
16,50,sqrt,10,5000,dynamic,1,50,1,0.329733,no,0.353,2.104,19.0,NA,NA,NA,NA,NA
4,10,sqrt,0,5000,guided,10,0,1,0.002904,yes,0.017,1.095,0.0,NA,NA,NA,NA,NA
16,10,sqrt,10,5000,guided,1,50,1,0.018081,yes,0.028,0.327,85.4,NA,NA,NA,NA,NA
40,10,sqrt,1000,10000,guided,1,50,1,0.006991,yes,0.018,0.665,56.2,NA,NA,NA,NA,NA
2,10,sqrt,10,5000,dynamic,10,50,1,0.012880,yes,0.020,1.224,32.1,NA,NA,NA,NA,NA
40,100,sqrt,10,10000,guided,0,0,1,0.706088,no,0.723,0.420,58.9,NA,NA,NA,NA,NA
40,50,hogwild,0,5000,guided,0,50,1,0.078423,no,0.089,2.140,18.1,NA,NA,NA,NA,NA
2,10,sqrt,10,10000,guided,0,50,1,0.015251,yes,0.029,1.717,35.3,NA,NA,NA,NA,NA
4,50,sqrt,1000,10000,dynamic,10,0,1,0.032181,yes,0.039,1.412,27.3,NA,NA,NA,NA,NA
4,100,sqrt,1000,10000,dynamic,1,0,1,0.107241,no,0.118,1.348,11.9,NA,NA,NA,NA,NA
16,50,sqrt,10,10000,dynamic,0,0,1,0.118753,yes,0.130,0.769,60.8,NA,NA,NA,NA,NA
20,10,statespace,0,5000,guided,0,50,1,0.006474,yes,0.022,0.610,92.1,NA,NA,NA,NA,NA
40,50,statespace,0,5000,dynamic,0,0,1,0.021396,no,0.034,0.727,33.4,NA,NA,NA,NA,NA
40,50,statespace,0,5000,dynamic,0,50,1,0.136520,no,0.145,2.242,21.2,NA,NA,NA,NA,NA
8,50,hogwild,0,5000,dynamic,1,50,1,0.214333,no,0.232,3.709,9.1,NA,NA,NA,NA,NA
4,10,sqrt,1000,5000,dynamic,1,0,1,0.001936,yes,0.009,1.280,0.0,NA,NA,NA,NA,NA
20,100,sqrt,10,5000,static,0,0,1,0.235477,no,0.245,0.690,70.3,NA,NA,NA,NA,NA
40,50,sqrt,10,5000,guided,10,50,1,2.579358,no,2.603,0.570,19.2,NA,NA,NA,NA,NA
16,50,sqrt,0,10000,guided,0,50,1,0.440103,no,0.451,2.735,13.0,NA,NA,NA,NA,NA
2,50,sqrt,10,10000,guided,10,50,1,2.645452,no,2.658,2.874,5.8,NA,NA,NA,NA,NA
2,50,sqrt,0,10000,static,1,50,1,1.351585,no,1.360,4.158,1.6,NA,NA,NA,NA,NA
2,50,sqrt,1000,5000,static,10,50,1,0.734521,no,0.744,4.297,1.3,NA,NA,NA,NA,NA
4,50,sqrt,0,10000,static,10,0,1,0.051506,yes,0.073,1.227,21.3,NA,NA,NA,NA,NA
16,10,hogwild,0,10000,static,10,0,1,0.006422,yes,0.013,0.301,89.6,NA,NA,NA,NA,NA
4,100,sqrt,1000,10000,dynamic,0,50,1,4.871820,no,4.896,4.553,0.9,NA,NA,NA,NA,NA
20,10,sqrt,10,10000,static,1,0,1,0.033860,yes,0.051,0.198,100.0,NA,NA,NA,NA,NA
16,50,sqrt,0,10000,guided,10,50,1,1.718884,no,1.731,1.564,13.5,NA,NA,NA,NA,NA
8,50,sqrt,1000,10000,guided,0,50,1,0.458341,no,0.471,4.280,1.2,NA,NA,NA,NA,NA
40,10,sqrt,10,5000,static,1,50,1,0.021795,yes,0.039,0.222,92.4,NA,NA,NA,NA,NA
40,10,hogwild,0,5000,guided,0,50,1,0.006935,yes,0.018,0.280,70.0,NA,NA,NA,NA,NA
40,50,statespace,0,5000,guided,1,0,1,0.021110,no,0.033,0.729,36.1,NA,NA,NA,NA,NA
4,100,hogwild,0,10000,dynamic,1,0,1,0.066545,yes,0.088,1.192,25.3,NA,NA,NA,NA,NA
16,100,statespace,0,5000,guided,1,50,1,0.639609,no,0.677,4.509,1.9,NA,NA,NA,NA,NA
8,50,statespace,0,5000,dynamic,0,0,1,0.021621,no,0.033,1.256,29.9,NA,NA,NA,NA,NA
4,50,sqrt,0,10000,guided,0,50,1,0.834255,no,0.846,4.015,2.7,NA,NA,NA,NA,NA
2,10,sqrt,0,10000,guided,10,0,1,0.005899,yes,0.020,1.411,0.0,NA,NA,NA,NA,NA
4,50,sqrt,1000,10000,dynamic,10,50,1,0.781345,no,0.800,4.248,1.4,NA,NA,NA,NA,NA
40,100,sqrt,1000,10000,dynamic,1,0,1,0.067536,no,0.081,0.740,59.2,NA,NA,NA,NA,NA
40,50,sqrt,10,5000,guided,0,50,1,0.565271,no,0.578,0.744,25.0,NA,NA,NA,NA,NA
2,100,sqrt,10,5000,static,1,0,1,0.169347,no,0.191,1.736,17.8,NA,NA,NA,NA,NA
20,100,sqrt,1000,5000,static,1,0,1,0.039772,no,0.053,0.990,40.9,NA,NA,NA,NA,NA
16,10,hogwild,0,5000,dynamic,0,50,1,0.005250,yes,0.017,0.498,84.2,NA,NA,NA,NA,NA
2,50,statespace,0,5000,guided,1,50,1,0.725114,no,0.734,4.308,1.2,NA,NA,NA,NA,NA
2,10,sqrt,10,5000,static,1,0,1,0.004903,yes,0.020,1.261,0.0,NA,NA,NA,NA,NA
16,50,sqrt,10,5000,static,0,50,1,0.325860,no,0.335,2.072,17.6,NA,NA,NA,NA,NA
20,100,statespace,0,10000,static,0,0,1,0.045602,no,0.056,1.191,25.3,NA,NA,NA,NA,NA
8,50,sqrt,1000,5000,static,10,50,1,0.310145,no,0.332,4.176,1.6,NA,NA,NA,NA,NA
2,10,sqrt,0,10000,static,0,0,1,0.005419,yes,0.023,1.469,36.9,NA,NA,NA,NA,NA
4,10,sqrt,10,10000,dynamic,0,0,1,0.008332,yes,0.028,1.054,58.8,NA,NA,NA,NA,NA
2,100,statespace,0,5000,static,10,50,1,4.367072,no,4.399,4.596,0.6,NA,NA,NA,NA,NA
2,10,hogwild,0,5000,dynamic,1,50,1,0.006862,yes,0.017,1.569,58.2,NA,NA,NA,NA,NA
20,100,sqrt,0,5000,static,10,50,1,4.599676,no,4.633,2.515,14.8,NA,NA,NA,NA,NA
2,10,hogwild,0,10000,dynamic,1,50,1,0.012228,yes,0.019,1.703,46.7,NA,NA,NA,NA,NA
2,10,hogwild,0,10000,static,0,0,1,0.006046,yes,0.016,1.194,61.4,NA,NA,NA,NA,NA
20,100,sqrt,10,5000,static,10,50,1,9.139621,no,9.171,1.797,21.4,NA,NA,NA,NA,NA
8,50,sqrt,0,10000,static,10,50,1,1.103350,no,1.112,2.572,7.2,NA,NA,NA,NA,NA
20,50,sqrt,10,5000,guided,10,0,1,0.186410,no,0.207,0.544,33.1,NA,NA,NA,NA,NA
20,50,hogwild,0,10000,dynamic,0,50,1,0.193512,no,0.203,3.210,8.7,NA,NA,NA,NA,NA
4,10,sqrt,1000,5000,guided,10,0,1,0.001897,yes,0.020,1.272,0.0,NA,NA,NA,NA,NA
40,100,sqrt,1000,10000,dynamic,10,50,1,1.161040,no,1.195,2.493,2.9,NA,NA,NA,NA,NA
40,10,sqrt,10,5000,static,10,50,1,0.035410,yes,0.052,0.310,68.0,NA,NA,NA,NA,NA
4,100,statespace,0,5000,static,10,0,1,0.062587,no,0.087,1.317,7.0,NA,NA,NA,NA,NA
8,50,statespace,0,10000,static,1,0,1,0.027166,yes,0.049,1.287,29.3,NA,NA,NA,NA,NA
2,100,sqrt,0,5000,static,10,0,1,0.123543,yes,0.140,1.347,14.2,NA,NA,NA,NA,NA
4,10,sqrt,10,10000,guided,10,50,1,0.029112,yes,0.036,0.863,35.4,NA,NA,NA,NA,NA
40,10,statespace,0,10000,static,1,50,1,0.011357,yes,0.026,0.406,70.0,NA,NA,NA,NA,NA
16,10,hogwild,0,10000,dynamic,0,0,1,0.006360,yes,0.021,0.303,78.4,NA,NA,NA,NA,NA
16,50,hogwild,0,10000,guided,10,0,1,0.011405,yes,0.030,0.780,70.3,NA,NA,NA,NA,NA
40,100,sqrt,10,5000,static,10,50,1,9.662049,no,9.694,1.023,23.1,NA,NA,NA,NA,NA
20,50,sqrt,0,10000,guided,1,50,1,0.463183,no,0.475,2.280,16.9,NA,NA,NA,NA,NA
4,100,sqrt,1000,5000,dynamic,10,50,1,2.429307,no,2.463,4.576,0.6,NA,NA,NA,NA,NA
16,100,sqrt,10,10000,static,1,50,1,2.464953,no,2.492,2.803,13.6,NA,NA,NA,NA,NA
2,100,hogwild,0,10000,static,0,0,1,0.106865,yes,0.125,1.303,15.4,NA,NA,NA,NA,NA
40,50,sqrt,10,5000,static,10,0,1,0.248660,no,0.260,0.401,40.2,NA,NA,NA,NA,NA
2,10,sqrt,0,5000,guided,0,0,1,0.003029,yes,0.024,1.341,0.0,NA,NA,NA,NA,NA
16,10,sqrt,0,10000,static,1,50,1,0.016631,yes,0.031,0.435,97.0,NA,NA,NA,NA,NA
40,10,hogwild,0,5000,static,0,50,1,0.006942,yes,0.014,0.290,80.9,NA,NA,NA,NA,NA
40,10,statespace,0,10000,static,0,0,1,0.007724,yes,0.015,0.337,86.4,NA,NA,NA,NA,NA
4,50,sqrt,1000,5000,static,1,0,1,0.025289,yes,0.034,1.334,31.7,NA,NA,NA,NA,NA
4,50,statespace,0,5000,dynamic,0,50,1,0.454881,no,0.470,4.302,1.0,NA,NA,NA,NA,NA
20,100,sqrt,0,5000,static,0,0,1,0.124918,no,0.134,0.748,70.5,NA,NA,NA,NA,NA
40,100,sqrt,0,10000,static,1,50,1,1.144104,no,1.169,2.131,8.7,NA,NA,NA,NA,NA
4,50,statespace,0,10000,dynamic,0,50,1,0.784638,no,0.797,4.314,0.9,NA,NA,NA,NA,NA
16,100,sqrt,1000,10000,guided,1,50,1,1.359134,no,1.386,4.466,1.8,NA,NA,NA,NA,NA
8,50,statespace,0,5000,dynamic,1,0,1,0.021525,no,0.033,1.262,29.8,NA,NA,NA,NA,NA
20,100,sqrt,1000,10000,guided,1,50,1,1.041408,no,1.066,4.505,0.8,NA,NA,NA,NA,NA
16,10,sqrt,10,10000,static,1,50,1,0.028984,yes,0.037,0.325,100.0,NA,NA,NA,NA,NA
20,50,statespace,0,5000,guided,1,50,1,0.140184,no,0.153,4.161,3.7,NA,NA,NA,NA,NA
8,50,sqrt,10,5000,static,1,50,1,0.474181,no,0.484,2.563,8.4,NA,NA,NA,NA,NA
16,50,hogwild,0,10000,dynamic,1,50,1,0.238520,no,0.246,3.315,10.4,NA,NA,NA,NA,NA
2,100,sqrt,0,5000,guided,1,50,1,4.387470,no,4.416,4.577,0.8,NA,NA,NA,NA,NA
40,10,sqrt,1000,5000,dynamic,10,50,1,0.005743,no,0.014,0.615,27.3,NA,NA,NA,NA,NA
16,10,sqrt,10,10000,static,10,50,1,0.053327,yes,0.063,0.373,53.3,NA,NA,NA,NA,NA
8,100,hogwild,0,10000,guided,10,50,1,2.735332,no,2.762,4.251,2.5,NA,NA,NA,NA,NA
2,50,statespace,0,10000,dynamic,1,50,1,1.311988,no,1.323,4.321,1.0,NA,NA,NA,NA,NA
16,10,statespace,0,5000,static,0,0,1,0.004532,yes,0.029,0.487,24.2,NA,NA,NA,NA,NA
20,100,statespace,0,5000,guided,10,50,1,0.523992,no,0.554,4.517,1.4,NA,NA,NA,NA,NA
8,50,statespace,0,10000,dynamic,1,0,1,0.025871,no,0.037,1.315,27.4,NA,NA,NA,NA,NA
8,100,sqrt,0,10000,static,10,50,1,5.561559,no,5.589,4.089,3.1,NA,NA,NA,NA,NA
4,50,hogwild,0,5000,static,1,50,1,0.394115,no,0.412,4.019,4.4,NA,NA,NA,NA,NA
20,50,sqrt,1000,5000,dynamic,0,50,1,0.139903,no,0.156,4.133,9.8,NA,NA,NA,NA,NA
2,50,hogwild,0,10000,guided,1,50,1,1.309937,no,1.319,3.998,1.9,NA,NA,NA,NA,NA
8,10,sqrt,0,10000,static,0,0,1,0.004819,yes,0.019,0.860,0.0,NA,NA,NA,NA,NA
2,100,statespace,0,10000,static,10,0,1,0.138306,no,0.151,1.384,10.4,NA,NA,NA,NA,NA
40,100,sqrt,10,5000,guided,10,0,1,0.631236,no,0.644,0.409,44.1,NA,NA,NA,NA,NA
16,10,sqrt,1000,10000,dynamic,0,0,1,0.003445,yes,0.025,0.750,44.1,NA,NA,NA,NA,NA
8,100,sqrt,10,10000,static,1,50,1,4.280654,no,4.314,3.122,7.0,NA,NA,NA,NA,NA
4,50,sqrt,10,10000,guided,10,50,1,3.090378,no,3.107,1.941,9.3,NA,NA,NA,NA,NA
16,100,statespace,0,5000,guided,10,50,1,0.638430,no,0.666,4.559,1.4,NA,NA,NA,NA,NA
16,100,hogwild,0,5000,guided,1,0,1,0.017330,no,0.036,0.858,79.3,NA,NA,NA,NA,NA
16,10,sqrt,10,10000,static,1,0,1,0.027383,yes,0.044,0.244,100.0,NA,NA,NA,NA,NA
4,50,sqrt,0,5000,guided,10,0,1,0.030771,yes,0.046,1.359,39.6,NA,NA,NA,NA,NA
2,10,sqrt,0,5000,dynamic,10,0,1,0.003290,yes,0.012,1.279,47.4,NA,NA,NA,NA,NA
40,50,statespace,0,5000,guided,10,0,1,0.022797,no,0.033,0.711,40.2,NA,NA,NA,NA,NA
16,10,statespace,0,10000,guided,1,0,1,0.006682,yes,0.028,0.428,95.6,NA,NA,NA,NA,NA
2,50,sqrt,0,5000,static,10,50,1,0.832747,no,0.852,3.938,2.3,NA,NA,NA,NA,NA
20,50,statespace,0,10000,guided,10,0,1,0.023695,no,0.042,1.131,32.2,NA,NA,NA,NA,NA
20,10,hogwild,0,10000,static,0,50,1,0.009303,yes,0.028,0.409,90.9,NA,NA,NA,NA,NA
16,50,hogwild,0,5000,guided,1,50,1,0.128415,no,0.140,3.249,25.6,NA,NA,NA,NA,NA
4,50,sqrt,10,5000,dynamic,1,50,1,0.525968,no,0.542,3.586,5.1,NA,NA,NA,NA,NA
20,50,sqrt,0,5000,dynamic,0,50,1,0.184042,no,0.197,3.201,16.7,NA,NA,NA,NA,NA
16,50,hogwild,0,5000,static,0,50,1,0.130682,no,0.152,3.240,26.9,NA,NA,NA,NA,NA
4,100,sqrt,0,10000,dynamic,1,0,1,0.123557,no,0.149,1.524,20.5,NA,NA,NA,NA,NA
20,10,sqrt,10,5000,guided,0,50,1,0.021284,yes,0.032,0.261,100.0,NA,NA,NA,NA,NA
40,10,sqrt,1000,10000,static,0,50,1,0.007377,yes,0.022,0.667,52.2,NA,NA,NA,NA,NA
40,100,hogwild,0,5000,guided,10,50,1,0.496114,no,0.535,2.428,2.8,NA,NA,NA,NA,NA
40,50,hogwild,0,5000,static,0,0,1,0.007890,yes,0.027,0.446,63.2,NA,NA,NA,NA,NA
40,100,sqrt,1000,10000,guided,0,0,1,0.066088,no,0.083,0.749,59.2,NA,NA,NA,NA,NA
40,100,sqrt,1000,5000,guided,0,50,1,0.509708,no,0.546,2.394,2.9,NA,NA,NA,NA,NA
4,10,sqrt,1000,10000,dynamic,0,0,1,0.003293,yes,0.013,1.374,63.0,NA,NA,NA,NA,NA
40,100,sqrt,10,10000,guided,1,50,1,4.457712,no,4.486,1.019,24.3,NA,NA,NA,NA,NA
4,10,sqrt,1000,10000,static,10,0,1,0.003278,yes,0.020,1.375,55.5,NA,NA,NA,NA,NA
4,100,sqrt,1000,10000,dynamic,0,0,1,0.106981,yes,0.117,1.354,11.2,NA,NA,NA,NA,NA
4,100,sqrt,0,5000,guided,10,50,1,2.759935,no,2.794,4.459,1.3,NA,NA,NA,NA,NA
4,10,sqrt,1000,5000,guided,0,50,1,0.003634,yes,0.021,1.838,31.8,NA,NA,NA,NA,NA
16,50,hogwild,0,10000,static,0,50,1,0.245637,no,0.261,3.246,8.7,NA,NA,NA,NA,NA
16,50,statespace,0,10000,static,0,0,1,0.023657,no,0.040,1.152,36.8,NA,NA,NA,NA,NA
20,100,hogwild,0,5000,static,10,50,1,0.623926,no,0.652,3.977,5.8,NA,NA,NA,NA,NA
4,10,statespace,0,5000,dynamic,0,0,1,0.002271,yes,0.021,1.228,0.0,NA,NA,NA,NA,NA
20,10,statespace,0,10000,static,1,50,1,0.008358,yes,0.015,0.662,88.6,NA,NA,NA,NA,NA
2,50,sqrt,10,10000,guided,0,0,1,0.075988,yes,0.087,1.910,11.1,NA,NA,NA,NA,NA
20,100,statespace,0,10000,guided,1,50,1,1.034603,no,1.062,4.510,1.2,NA,NA,NA,NA,NA
40,10,hogwild,0,5000,dynamic,0,50,1,0.006361,no,0.037,0.317,66.9,NA,NA,NA,NA,NA
20,10,sqrt,1000,5000,guided,0,0,1,0.003371,yes,0.013,0.643,0.0,NA,NA,NA,NA,NA
4,10,sqrt,0,10000,static,1,0,1,0.004697,yes,0.015,1.196,50.8,NA,NA,NA,NA,NA
16,10,sqrt,1000,10000,static,10,50,1,0.004853,yes,0.024,1.230,0.0,NA,NA,NA,NA,NA
20,50,sqrt,10,10000,dynamic,10,50,1,3.658376,no,3.680,0.839,16.8,NA,NA,NA,NA,NA
2,100,sqrt,0,5000,dynamic,10,50,1,5.246901,no,5.275,4.519,0.9,NA,NA,NA,NA,NA
8,50,sqrt,10,10000,static,0,0,1,0.079694,yes,0.091,1.295,35.2,NA,NA,NA,NA,NA
20,10,sqrt,0,10000,static,0,50,1,0.019818,yes,0.026,0.359,91.4,NA,NA,NA,NA,NA
4,100,sqrt,1000,5000,static,1,50,1,2.416773,no,2.455,4.586,0.7,NA,NA,NA,NA,NA
2,100,sqrt,0,5000,dynamic,10,0,1,0.126802,no,0.147,1.307,16.7,NA,NA,NA,NA,NA
40,100,sqrt,1000,5000,static,10,50,1,0.600336,no,0.639,2.387,5.0,NA,NA,NA,NA,NA
2,10,sqrt,10,5000,dynamic,10,0,1,0.006895,yes,0.013,1.061,37.3,NA,NA,NA,NA,NA
16,100,sqrt,0,10000,guided,10,0,1,0.318592,no,0.328,0.723,36.9,NA,NA,NA,NA,NA
2,50,sqrt,10,5000,dynamic,1,50,1,0.733871,no,0.757,4.088,2.7,NA,NA,NA,NA,NA
40,50,sqrt,10,5000,static,10,50,1,2.584983,no,2.599,0.570,19.3,NA,NA,NA,NA,NA
4,50,hogwild,0,10000,guided,10,50,1,0.791107,no,0.803,3.734,1.9,NA,NA,NA,NA,NA
8,10,sqrt,1000,5000,static,1,0,1,0.002056,yes,0.017,0.980,0.0,NA,NA,NA,NA,NA
20,50,sqrt,10,5000,static,10,0,1,0.184437,no,0.198,0.550,32.0,NA,NA,NA,NA,NA
20,10,sqrt,10,5000,guided,1,50,1,0.021106,yes,0.040,0.261,100.0,NA,NA,NA,NA,NA
16,100,hogwild,0,10000,dynamic,10,0,1,0.024263,yes,0.044,0.889,92.9,NA,NA,NA,NA,NA
8,10,sqrt,1000,10000,dynamic,10,0,1,0.002609,yes,0.017,1.194,0.0,NA,NA,NA,NA,NA
20,50,sqrt,1000,5000,dynamic,10,0,1,0.017919,no,0.029,1.052,38.3,NA,NA,NA,NA,NA
4,100,sqrt,1000,5000,static,1,0,1,0.062887,no,0.084,1.324,8.4,NA,NA,NA,NA,NA
40,100,sqrt,0,5000,static,0,0,1,0.126098,no,0.150,0.466,64.8,NA,NA,NA,NA,NA
4,50,hogwild,0,5000,guided,10,50,1,0.392221,no,0.404,3.972,2.2,NA,NA,NA,NA,NA
4,10,hogwild,0,10000,dynamic,10,0,1,0.004213,yes,0.014,1.023,67.2,NA,NA,NA,NA,NA
20,10,statespace,0,10000,dynamic,10,0,1,0.007434,yes,0.028,0.407,89.4,NA,NA,NA,NA,NA
20,100,sqrt,1000,10000,dynamic,10,50,1,1.094263,no,1.121,4.482,0.9,NA,NA,NA,NA,NA
20,50,sqrt,0,10000,guided,0,50,1,0.478053,no,0.489,2.245,14.3,NA,NA,NA,NA,NA
16,50,sqrt,0,5000,guided,1,50,1,0.323131,no,0.347,2.318,14.1,NA,NA,NA,NA,NA
40,50,hogwild,0,5000,dynamic,1,50,1,0.079383,no,0.089,2.162,18.7,NA,NA,NA,NA,NA
16,50,sqrt,1000,5000,static,0,0,1,0.018473,no,0.027,1.105,35.6,NA,NA,NA,NA,NA
16,100,statespace,0,10000,dynamic,10,0,1,0.047341,no,0.061,1.231,25.7,NA,NA,NA,NA,NA
40,10,sqrt,10,10000,static,10,50,1,0.065248,yes,0.076,0.290,96.7,NA,NA,NA,NA,NA
16,100,sqrt,0,5000,dynamic,10,0,1,0.240355,no,0.263,0.696,40.7,NA,NA,NA,NA,NA
4,100,hogwild,0,10000,dynamic,10,0,1,0.064733,no,0.073,1.224,16.6,NA,NA,NA,NA,NA
20,100,hogwild,0,10000,static,10,50,1,1.279508,no,1.318,3.798,6.1,NA,NA,NA,NA,NA
2,100,statespace,0,5000,guided,1,50,1,4.340619,no,4.368,4.602,0.5,NA,NA,NA,NA,NA
4,100,sqrt,10,10000,dynamic,0,50,1,5.942230,no,5.969,3.934,3.2,NA,NA,NA,NA,NA
20,100,sqrt,1000,5000,static,1,50,1,0.541425,no,0.569,4.477,2.1,NA,NA,NA,NA,NA
8,100,sqrt,1000,5000,guided,10,0,1,0.041359,no,0.053,1.242,23.8,NA,NA,NA,NA,NA
2,10,hogwild,0,5000,static,1,50,1,0.006403,yes,0.021,1.699,51.5,NA,NA,NA,NA,NA
20,100,sqrt,0,10000,dynamic,10,50,1,8.346686,no,8.380,2.677,12.4,NA,NA,NA,NA,NA
16,10,sqrt,1000,10000,dynamic,1,0,1,0.003374,yes,0.013,0.776,62.8,NA,NA,NA,NA,NA
16,50,sqrt,10,5000,static,10,0,1,0.173334,no,0.189,0.590,27.8,NA,NA,NA,NA,NA
8,10,sqrt,1000,10000,static,1,0,1,0.002703,yes,0.024,1.176,0.0,NA,NA,NA,NA,NA
4,10,sqrt,0,5000,static,0,0,1,0.002723,yes,0.027,1.119,0.0,NA,NA,NA,NA,NA
2,100,sqrt,1000,10000,dynamic,0,50,1,8.730332,no,8.758,4.597,0.5,NA,NA,NA,NA,NA
40,10,sqrt,1000,5000,guided,1,50,1,0.005929,no,0.027,0.597,27.1,NA,NA,NA,NA,NA
40,100,hogwild,0,5000,dynamic,10,0,1,0.012286,yes,0.032,0.582,48.9,NA,NA,NA,NA,NA
16,10,hogwild,0,5000,static,10,50,1,0.005448,yes,0.016,0.486,0.0,NA,NA,NA,NA,NA
20,100,statespace,0,10000,dynamic,1,50,1,1.014041,no,1.046,4.551,0.6,NA,NA,NA,NA,NA
20,100,sqrt,1000,5000,static,0,0,1,0.037593,no,0.051,1.051,53.6,NA,NA,NA,NA,NA
16,100,statespace,0,10000,dynamic,0,50,1,1.268846,no,1.308,4.534,1.3,NA,NA,NA,NA,NA
2,50,sqrt,1000,10000,static,10,50,1,1.326506,no,1.338,4.305,1.0,NA,NA,NA,NA,NA
2,50,sqrt,10,10000,static,1,0,1,0.079584,yes,0.090,1.870,10.2,NA,NA,NA,NA,NA
20,100,hogwild,0,5000,guided,0,50,1,0.591172,no,0.623,3.933,5.1,NA,NA,NA,NA,NA
16,50,statespace,0,10000,dynamic,1,50,1,0.291964,no,0.304,4.238,1.9,NA,NA,NA,NA,NA
16,50,statespace,0,10000,guided,0,0,1,0.023780,no,0.046,1.184,30.6,NA,NA,NA,NA,NA
40,100,hogwild,0,10000,guided,0,0,1,0.016568,yes,0.027,0.590,58.7,NA,NA,NA,NA,NA
2,50,sqrt,0,10000,static,0,50,1,1.343597,no,1.356,4.161,1.6,NA,NA,NA,NA,NA
16,100,sqrt,1000,10000,static,1,50,1,1.349560,no,1.373,4.496,1.8,NA,NA,NA,NA,NA
8,100,sqrt,0,10000,dynamic,1,0,1,0.116973,no,0.132,1.442,28.5,NA,NA,NA,NA,NA
16,100,statespace,0,10000,static,0,50,1,1.323818,no,1.356,4.501,1.5,NA,NA,NA,NA,NA
8,100,sqrt,1000,5000,dynamic,1,0,1,0.039741,no,0.053,1.277,35.0,NA,NA,NA,NA,NA
20,50,sqrt,10,5000,guided,10,50,1,2.189581,no,2.207,0.909,16.4,NA,NA,NA,NA,NA
4,10,sqrt,10,10000,dynamic,1,50,1,0.012669,yes,0.031,1.352,45.5,NA,NA,NA,NA,NA
40,50,statespace,0,10000,dynamic,1,50,1,0.256427,no,0.275,2.286,7.5,NA,NA,NA,NA,NA
16,50,sqrt,1000,10000,dynamic,1,0,1,0.022498,yes,0.034,1.177,43.9,NA,NA,NA,NA,NA
16,100,sqrt,10,5000,guided,1,0,1,0.189812,no,0.199,0.892,60.6,NA,NA,NA,NA,NA
40,50,sqrt,0,10000,static,10,50,1,2.288753,no,2.309,0.968,18.0,NA,NA,NA,NA,NA
16,10,sqrt,0,5000,dynamic,0,0,1,0.010116,yes,0.022,0.287,89.9,NA,NA,NA,NA,NA
20,100,sqrt,1000,5000,dynamic,1,0,1,0.035651,no,0.046,1.075,51.5,NA,NA,NA,NA,NA
2,50,hogwild,0,10000,dynamic,0,0,1,0.039418,yes,0.051,1.335,57.8,NA,NA,NA,NA,NA
8,50,sqrt,0,5000,guided,1,0,1,0.030384,no,0.041,1.234,55.4,NA,NA,NA,NA,NA
20,50,sqrt,1000,5000,dynamic,10,50,1,0.150952,no,0.170,3.977,5.2,NA,NA,NA,NA,NA
40,10,sqrt,0,5000,dynamic,1,0,1,0.009093,yes,0.027,0.270,79.8,NA,NA,NA,NA,NA
2,100,sqrt,10,10000,dynamic,10,50,1,17.826088,no,17.859,4.186,2.5,NA,NA,NA,NA,NA
4,50,sqrt,10,10000,guided,10,0,1,0.141440,yes,0.153,1.078,22.4,NA,NA,NA,NA,NA
2,10,hogwild,0,5000,static,1,0,1,0.003214,yes,0.024,1.150,0.0,NA,NA,NA,NA,NA
40,50,hogwild,0,5000,dynamic,1,0,1,0.007852,yes,0.017,0.446,68.6,NA,NA,NA,NA,NA
16,10,statespace,0,5000,static,1,50,1,0.005469,yes,0.019,0.740,80.3,NA,NA,NA,NA,NA
16,100,sqrt,10,5000,dynamic,0,0,1,0.187796,no,0.201,0.901,60.5,NA,NA,NA,NA,NA
40,10,hogwild,0,10000,dynamic,0,0,1,0.008146,yes,0.019,0.199,80.6,NA,NA,NA,NA,NA
2,10,statespace,0,10000,static,1,0,1,0.005226,yes,0.033,1.456,35.6,NA,NA,NA,NA,NA
2,10,sqrt,10,5000,dynamic,1,50,1,0.007693,yes,0.020,1.699,40.5,NA,NA,NA,NA,NA
4,100,sqrt,1000,10000,guided,0,0,1,0.106374,yes,0.121,1.350,11.3,NA,NA,NA,NA,NA
20,100,sqrt,10,10000,static,1,50,1,2.505240,no,2.538,2.342,16.8,NA,NA,NA,NA,NA
8,10,hogwild,0,10000,guided,1,50,1,0.005213,yes,0.013,1.282,58.5,NA,NA,NA,NA,NA
16,10,sqrt,0,5000,guided,0,50,1,0.013308,yes,0.038,0.379,89.4,NA,NA,NA,NA,NA
16,10,sqrt,0,10000,dynamic,1,0,1,0.013663,yes,0.034,0.297,88.3,NA,NA,NA,NA,NA
20,50,sqrt,10,10000,dynamic,10,0,1,0.275939,no,0.285,0.555,39.6,NA,NA,NA,NA,NA
8,10,sqrt,0,10000,dynamic,1,0,1,0.004663,yes,0.015,0.867,0.0,NA,NA,NA,NA,NA
4,10,sqrt,10,5000,static,1,0,1,0.004979,yes,0.026,0.950,60.4,NA,NA,NA,NA,NA
16,50,sqrt,1000,10000,guided,10,50,1,0.300898,no,0.314,4.084,2.1,NA,NA,NA,NA,NA
4,10,statespace,0,5000,guided,10,50,1,0.004686,yes,0.014,1.571,0.0,NA,NA,NA,NA,NA
16,100,sqrt,0,5000,dynamic,10,50,1,5.331271,no,5.369,2.660,10.7,NA,NA,NA,NA,NA
40,10,sqrt,10,5000,static,1,0,1,0.018936,yes,0.040,0.193,97.6,NA,NA,NA,NA,NA
16,50,statespace,0,5000,guided,0,50,1,0.169406,no,0.182,4.196,1.2,NA,NA,NA,NA,NA
40,100,sqrt,1000,5000,dynamic,10,0,1,0.054372,no,0.068,0.703,59.6,NA,NA,NA,NA,NA
4,100,sqrt,10,10000,static,10,50,1,17.933957,no,17.964,3.699,4.2,NA,NA,NA,NA,NA
20,100,sqrt,10,10000,guided,0,0,1,0.438514,no,0.452,0.703,69.8,NA,NA,NA,NA,NA
8,50,hogwild,0,5000,guided,0,0,1,0.008358,yes,0.023,1.142,59.0,NA,NA,NA,NA,NA
2,100,statespace,0,10000,guided,0,0,1,0.139555,no,0.161,1.380,10.1,NA,NA,NA,NA,NA
4,100,sqrt,0,5000,dynamic,1,0,1,0.081851,no,0.094,1.526,17.8,NA,NA,NA,NA,NA
8,100,sqrt,0,10000,static,0,0,1,0.118243,no,0.127,1.430,28.6,NA,NA,NA,NA,NA
40,10,sqrt,10,10000,dynamic,10,0,1,0.045416,yes,0.053,0.216,46.6,NA,NA,NA,NA,NA
2,50,sqrt,0,10000,dynamic,1,50,1,1.273643,no,1.291,4.286,1.3,NA,NA,NA,NA,NA
20,10,sqrt,0,10000,dynamic,0,0,1,0.019375,yes,0.033,0.241,100.0,NA,NA,NA,NA,NA
16,50,hogwild,0,10000,static,1,0,1,0.010995,yes,0.027,0.809,71.8,NA,NA,NA,NA,NA
40,100,sqrt,1000,10000,static,10,50,1,1.169760,no,1.198,2.397,3.6,NA,NA,NA,NA,NA
8,50,hogwild,0,5000,dynamic,1,0,1,0.008468,yes,0.020,1.128,59.0,NA,NA,NA,NA,NA
20,50,sqrt,10,5000,guided,1,0,1,0.083817,no,0.094,0.627,62.8,NA,NA,NA,NA,NA
4,50,sqrt,1000,5000,guided,0,50,1,0.454855,no,0.468,4.264,2.3,NA,NA,NA,NA,NA
4,100,statespace,0,5000,guided,0,50,1,2.411978,no,2.439,4.582,0.9,NA,NA,NA,NA,NA
20,10,statespace,0,5000,static,0,0,1,0.004807,yes,0.019,0.455,63.8,NA,NA,NA,NA,NA
16,50,hogwild,0,5000,static,10,0,1,0.011703,no,0.020,0.732,44.9,NA,NA,NA,NA,NA
40,10,statespace,0,10000,dynamic,1,0,1,0.008230,yes,0.023,0.310,86.4,NA,NA,NA,NA,NA
8,50,statespace,0,5000,guided,1,50,1,0.293739,no,0.316,4.264,1.7,NA,NA,NA,NA,NA
20,100,sqrt,0,10000,guided,10,0,1,0.438038,no,0.451,0.599,41.3,NA,NA,NA,NA,NA
8,50,sqrt,1000,10000,static,0,50,1,0.480741,no,0.493,4.194,1.5,NA,NA,NA,NA,NA
8,10,hogwild,0,10000,static,10,0,1,0.003932,yes,0.014,0.706,0.0,NA,NA,NA,NA,NA
2,100,sqrt,1000,10000,static,10,50,1,8.793404,no,8.820,4.592,0.5,NA,NA,NA,NA,NA
20,10,sqrt,0,10000,guided,1,50,1,0.021690,yes,0.029,0.319,100.0,NA,NA,NA,NA,NA
2,100,sqrt,1000,10000,dynamic,10,0,1,0.133351,yes,0.149,1.392,11.3,NA,NA,NA,NA,NA
40,100,hogwild,0,10000,static,0,0,1,0.016093,no,0.030,0.619,59.2,NA,NA,NA,NA,NA
2,10,sqrt,1000,5000,dynamic,10,50,1,0.005464,yes,0.016,1.917,26.0,NA,NA,NA,NA,NA
4,10,hogwild,0,5000,dynamic,0,50,1,0.004468,yes,0.023,1.472,59.0,NA,NA,NA,NA,NA
40,50,statespace,0,10000,static,1,0,1,0.027903,no,0.045,0.791,47.1,NA,NA,NA,NA,NA
40,50,hogwild,0,10000,static,0,50,1,0.147902,no,0.163,2.211,16.2,NA,NA,NA,NA,NA
4,50,statespace,0,10000,guided,10,50,1,0.791772,no,0.804,4.288,1.0,NA,NA,NA,NA,NA
4,50,sqrt,1000,10000,guided,1,0,1,0.031779,yes,0.043,1.417,31.5,NA,NA,NA,NA,NA
2,100,statespace,0,10000,dynamic,0,50,1,8.765364,no,8.792,4.598,0.6,NA,NA,NA,NA,NA
40,10,sqrt,1000,5000,guided,10,0,1,0.005226,yes,0.026,0.462,44.2,NA,NA,NA,NA,NA
20,100,hogwild,0,5000,dynamic,1,50,1,0.583579,no,0.611,3.954,2.3,NA,NA,NA,NA,NA
20,50,sqrt,10,10000,static,0,0,1,0.137642,yes,0.145,0.651,71.3,NA,NA,NA,NA,NA
16,10,statespace,0,5000,guided,10,0,1,0.004420,yes,0.015,0.492,0.0,NA,NA,NA,NA,NA
20,10,statespace,0,5000,static,10,0,1,0.005067,yes,0.019,0.450,65.0,NA,NA,NA,NA,NA
8,100,sqrt,1000,5000,static,1,50,1,1.385387,no,1.420,4.449,1.4,NA,NA,NA,NA,NA
40,10,sqrt,1000,5000,guided,10,50,1,0.005840,no,0.017,0.610,27.7,NA,NA,NA,NA,NA
16,10,hogwild,0,5000,dynamic,10,0,1,0.004605,yes,0.013,0.320,72.8,NA,NA,NA,NA,NA
8,10,sqrt,10,10000,static,0,0,1,0.012288,yes,0.020,0.582,78.0,NA,NA,NA,NA,NA
8,10,statespace,0,5000,guided,1,0,1,0.002315,yes,0.018,0.932,0.0,NA,NA,NA,NA,NA
40,100,sqrt,1000,5000,dynamic,0,0,1,0.053251,no,0.064,0.711,48.1,NA,NA,NA,NA,NA
16,50,hogwild,0,5000,guided,1,0,1,0.007582,yes,0.015,0.764,61.1,NA,NA,NA,NA,NA
16,100,sqrt,0,10000,guided,0,0,1,0.171375,no,0.189,0.944,52.9,NA,NA,NA,NA,NA
40,10,hogwild,0,5000,static,0,0,1,0.006110,yes,0.025,0.244,65.7,NA,NA,NA,NA,NA
4,50,statespace,0,5000,static,0,50,1,0.464577,no,0.479,4.286,1.6,NA,NA,NA,NA,NA
40,100,statespace,0,10000,dynamic,0,50,1,0.964041,no,0.998,2.436,2.5,NA,NA,NA,NA,NA
8,10,hogwild,0,10000,dynamic,10,0,1,0.003549,yes,0.018,0.762,66.8,NA,NA,NA,NA,NA
2,10,sqrt,10,10000,static,10,50,1,0.024705,yes,0.039,1.259,30.7,NA,NA,NA,NA,NA
2,100,statespace,0,5000,dynamic,10,0,1,0.098965,no,0.109,1.353,7.9,NA,NA,NA,NA,NA
2,100,sqrt,0,10000,guided,10,0,1,0.145997,yes,0.163,1.520,11.6,NA,NA,NA,NA,NA
40,50,sqrt,10,10000,static,1,50,1,1.046095,no,1.056,0.698,24.3,NA,NA,NA,NA,NA
4,100,sqrt,1000,10000,static,10,50,1,4.879179,no,4.902,4.588,0.5,NA,NA,NA,NA,NA
8,50,sqrt,1000,5000,dynamic,0,0,1,0.020408,no,0.030,1.262,30.7,NA,NA,NA,NA,NA
20,10,hogwild,0,10000,dynamic,1,0,1,0.007883,yes,0.031,0.231,92.5,NA,NA,NA,NA,NA
20,10,sqrt,10,10000,guided,10,0,1,0.043672,yes,0.064,0.239,63.8,NA,NA,NA,NA,NA
16,10,sqrt,0,5000,dynamic,0,50,1,0.012549,yes,0.019,0.378,93.6,NA,NA,NA,NA,NA
20,10,sqrt,1000,5000,static,10,50,1,0.004738,yes,0.015,0.995,0.0,NA,NA,NA,NA,NA
16,50,sqrt,0,10000,guided,1,0,1,0.064650,no,0.089,0.822,52.6,NA,NA,NA,NA,NA
2,100,sqrt,10,5000,guided,0,0,1,0.164070,no,0.173,1.789,16.3,NA,NA,NA,NA,NA
40,100,statespace,0,10000,guided,10,50,1,0.972157,no,1.000,2.438,2.7,NA,NA,NA,NA,NA
2,10,statespace,0,5000,dynamic,0,0,1,0.002863,yes,0.015,1.326,0.0,NA,NA,NA,NA,NA
40,10,sqrt,1000,5000,dynamic,1,50,1,0.005914,no,0.032,0.590,37.6,NA,NA,NA,NA,NA
20,10,hogwild,0,5000,dynamic,0,50,1,0.005780,no,0.020,0.439,24.6,NA,NA,NA,NA,NA
4,50,hogwild,0,5000,guided,1,0,1,0.014097,yes,0.031,1.237,61.7,NA,NA,NA,NA,NA
20,50,hogwild,0,10000,dynamic,1,0,1,0.010896,yes,0.026,0.697,74.6,NA,NA,NA,NA,NA
40,50,sqrt,10,10000,guided,0,50,1,1.051385,no,1.074,0.713,24.4,NA,NA,NA,NA,NA
40,100,statespace,0,10000,guided,1,50,1,1.044270,no,1.074,2.435,2.7,NA,NA,NA,NA,NA
4,10,hogwild,0,10000,static,10,50,1,0.007925,no,0.022,1.493,54.0,NA,NA,NA,NA,NA
8,100,sqrt,0,10000,dynamic,10,50,1,5.569343,no,5.602,4.093,2.9,NA,NA,NA,NA,NA
16,50,sqrt,0,5000,static,0,0,1,0.050150,no,0.067,0.801,56.1,NA,NA,NA,NA,NA
40,100,sqrt,0,10000,dynamic,1,0,1,0.209611,no,0.223,0.462,60.1,NA,NA,NA,NA,NA
20,50,sqrt,10,5000,static,1,0,1,0.080077,no,0.088,0.654,62.2,NA,NA,NA,NA,NA
40,50,hogwild,0,5000,static,10,0,1,0.008041,yes,0.030,0.433,62.1,NA,NA,NA,NA,NA
4,100,hogwild,0,10000,static,10,0,1,0.062610,yes,0.084,1.244,15.4,NA,NA,NA,NA,NA
8,50,hogwild,0,5000,guided,10,50,1,0.226496,no,0.243,3.554,11.9,NA,NA,NA,NA,NA
20,10,sqrt,1000,5000,guided,10,50,1,0.004186,yes,0.014,1.012,41.0,NA,NA,NA,NA,NA
40,10,statespace,0,10000,dynamic,10,0,1,0.009374,yes,0.029,0.325,81.3,NA,NA,NA,NA,NA
4,10,sqrt,10,10000,dynamic,1,0,1,0.008237,yes,0.023,1.062,56.2,NA,NA,NA,NA,NA
4,10,sqrt,10,5000,dynamic,0,50,1,0.006809,yes,0.021,1.317,48.1,NA,NA,NA,NA,NA
16,100,hogwild,0,5000,dynamic,1,50,1,0.714845,no,0.740,4.029,1.1,NA,NA,NA,NA,NA
40,100,statespace,0,5000,guided,10,0,1,0.051014,no,0.063,0.753,49.9,NA,NA,NA,NA,NA
40,10,sqrt,0,10000,dynamic,10,50,1,0.025760,yes,0.035,0.362,62.6,NA,NA,NA,NA,NA
16,50,hogwild,0,5000,dynamic,0,0,1,0.007565,yes,0.016,0.771,38.9,NA,NA,NA,NA,NA
20,10,sqrt,1000,10000,dynamic,1,50,1,0.004850,yes,0.012,1.114,0.0,NA,NA,NA,NA,NA
4,50,sqrt,1000,5000,static,10,50,1,0.459043,no,0.471,4.263,1.8,NA,NA,NA,NA,NA
16,100,statespace,0,10000,dynamic,10,50,1,1.280311,no,1.305,4.519,1.5,NA,NA,NA,NA,NA
8,50,sqrt,1000,10000,dynamic,0,50,1,0.456823,no,0.474,4.279,1.1,NA,NA,NA,NA,NA
8,10,sqrt,10,10000,static,10,50,1,0.033836,yes,0.049,0.634,45.1,NA,NA,NA,NA,NA
4,100,sqrt,1000,10000,guided,1,50,1,4.883786,no,4.908,4.548,0.8,NA,NA,NA,NA,NA
8,50,hogwild,0,10000,static,0,50,1,0.453929,no,0.463,3.465,4.6,NA,NA,NA,NA,NA
8,50,sqrt,10,5000,guided,0,50,1,0.451100,no,0.463,2.722,9.7,NA,NA,NA,NA,NA
2,50,sqrt,10,10000,static,1,50,1,1.469263,no,1.482,3.907,2.9,NA,NA,NA,NA,NA
2,50,sqrt,1000,5000,static,1,50,1,0.734189,no,0.746,4.296,0.8,NA,NA,NA,NA,NA
40,10,statespace,0,5000,static,10,50,1,0.010566,no,0.021,0.439,38.0,NA,NA,NA,NA,NA
20,10,hogwild,0,5000,static,1,0,1,0.005255,yes,0.026,0.293,92.3,NA,NA,NA,NA,NA
40,100,sqrt,10,10000,static,10,0,1,1.211143,no,1.221,0.409,43.2,NA,NA,NA,NA,NA
8,50,sqrt,1000,10000,guided,1,50,1,0.464216,no,0.477,4.239,1.5,NA,NA,NA,NA,NA
16,100,sqrt,0,5000,guided,0,50,1,1.300239,no,1.329,2.659,10.9,NA,NA,NA,NA,NA
4,100,statespace,0,10000,guided,0,0,1,0.112495,no,0.131,1.325,12.9,NA,NA,NA,NA,NA
16,100,statespace,0,5000,dynamic,1,50,1,0.641554,no,0.673,4.488,2.1,NA,NA,NA,NA,NA
8,100,sqrt,1000,5000,static,10,50,1,1.329899,no,1.358,4.554,0.7,NA,NA,NA,NA,NA
8,50,sqrt,1000,5000,static,0,50,1,0.313087,no,0.326,4.162,2.0,NA,NA,NA,NA,NA
8,100,sqrt,1000,10000,dynamic,10,50,1,2.601912,no,2.628,4.542,0.9,NA,NA,NA,NA,NA
8,50,sqrt,10,5000,guided,10,0,1,0.136827,no,0.158,0.748,24.8,NA,NA,NA,NA,NA
8,10,sqrt,1000,5000,guided,0,0,1,0.001871,yes,0.010,0.977,0.0,NA,NA,NA,NA,NA
16,100,sqrt,1000,10000,dynamic,0,0,1,0.050182,no,0.059,1.201,39.3,NA,NA,NA,NA,NA
2,10,sqrt,0,10000,dynamic,10,50,1,0.012089,yes,0.019,1.845,33.6,NA,NA,NA,NA,NA
40,50,statespace,0,10000,guided,0,50,1,0.256000,no,0.266,2.287,7.3,NA,NA,NA,NA,NA
40,100,sqrt,0,10000,guided,0,50,1,1.142895,no,1.181,2.132,8.4,NA,NA,NA,NA,NA
2,100,sqrt,10,5000,dynamic,1,50,1,4.464260,no,4.497,4.521,1.1,NA,NA,NA,NA,NA
2,10,hogwild,0,10000,static,1,50,1,0.012576,yes,0.046,1.680,45.6,NA,NA,NA,NA,NA
2,50,hogwild,0,10000,guided,10,0,1,0.038876,yes,0.054,1.358,54.6,NA,NA,NA,NA,NA
40,100,hogwild,0,5000,guided,1,50,1,0.477075,no,0.514,2.424,1.9,NA,NA,NA,NA,NA
16,50,sqrt,10,10000,dynamic,1,0,1,0.118815,no,0.134,0.771,59.5,NA,NA,NA,NA,NA
20,50,sqrt,1000,5000,guided,10,50,1,0.155696,no,0.172,3.961,5.3,NA,NA,NA,NA,NA
8,100,sqrt,0,10000,dynamic,0,0,1,0.116852,no,0.134,1.440,32.4,NA,NA,NA,NA,NA
40,100,sqrt,1000,10000,dynamic,10,0,1,0.068270,no,0.088,0.709,55.8,NA,NA,NA,NA,NA
4,10,hogwild,0,5000,guided,0,50,1,0.004339,yes,0.013,1.409,67.0,NA,NA,NA,NA,NA
4,50,sqrt,1000,5000,guided,0,0,1,0.024938,yes,0.042,1.354,30.7,NA,NA,NA,NA,NA
20,10,sqrt,0,10000,static,0,0,1,0.018266,yes,0.029,0.242,89.3,NA,NA,NA,NA,NA
8,50,sqrt,1000,5000,static,1,0,1,0.020926,no,0.032,1.230,29.1,NA,NA,NA,NA,NA
8,10,sqrt,10,5000,dynamic,0,0,1,0.005525,yes,0.016,0.671,0.0,NA,NA,NA,NA,NA
4,100,hogwild,0,5000,static,10,50,1,2.512946,no,2.550,4.484,1.0,NA,NA,NA,NA,NA
8,10,sqrt,0,10000,static,10,0,1,0.006420,yes,0.016,0.751,51.9,NA,NA,NA,NA,NA
40,10,sqrt,10,5000,static,0,50,1,0.021589,yes,0.031,0.234,99.9,NA,NA,NA,NA,NA
2,50,hogwild,0,10000,dynamic,0,50,1,1.283829,no,1.307,4.222,2.0,NA,NA,NA,NA,NA
20,100,sqrt,1000,10000,static,0,50,1,1.126910,no,1.154,4.448,1.3,NA,NA,NA,NA,NA
20,50,statespace,0,10000,dynamic,10,0,1,0.023440,no,0.032,1.137,34.2,NA,NA,NA,NA,NA
40,50,hogwild,0,5000,guided,10,50,1,0.082235,no,0.105,2.135,19.8,NA,NA,NA,NA,NA
16,100,sqrt,0,10000,dynamic,10,50,1,7.337016,no,7.365,3.106,9.1,NA,NA,NA,NA,NA
40,10,sqrt,0,5000,static,1,0,1,0.008698,yes,0.023,0.281,77.3,NA,NA,NA,NA,NA
4,10,sqrt,10,10000,static,0,0,1,0.008577,yes,0.024,1.033,54.5,NA,NA,NA,NA,NA
40,50,sqrt,10,10000,static,10,50,1,5.659180,no,5.689,0.527,19.2,NA,NA,NA,NA,NA
16,100,hogwild,0,5000,static,0,0,1,0.017284,no,0.042,0.860,85.2,NA,NA,NA,NA,NA
2,10,statespace,0,10000,dynamic,1,50,1,0.010810,no,0.021,1.947,33.1,NA,NA,NA,NA,NA
20,50,statespace,0,10000,static,10,0,1,0.024248,no,0.036,1.111,38.8,NA,NA,NA,NA,NA
20,10,hogwild,0,10000,dynamic,10,0,1,0.007767,yes,0.017,0.236,94.1,NA,NA,NA,NA,NA
8,50,hogwild,0,10000,static,0,0,1,0.012911,yes,0.023,1.188,58.8,NA,NA,NA,NA,NA
40,50,statespace,0,10000,static,10,50,1,0.287585,no,0.304,2.249,10.5,NA,NA,NA,NA,NA
2,10,sqrt,0,5000,dynamic,0,0,1,0.002989,yes,0.021,1.381,46.3,NA,NA,NA,NA,NA
40,100,hogwild,0,10000,dynamic,0,50,1,0.951863,no,0.977,2.435,2.7,NA,NA,NA,NA,NA
4,50,hogwild,0,5000,guided,10,0,1,0.014388,yes,0.024,1.244,56.9,NA,NA,NA,NA,NA
4,100,sqrt,0,5000,guided,1,50,1,2.526320,no,2.550,4.439,1.5,NA,NA,NA,NA,NA
16,50,sqrt,10,10000,guided,0,0,1,0.157221,no,0.175,0.690,54.2,NA,NA,NA,NA,NA
20,100,sqrt,10,5000,guided,10,50,1,9.108818,no,9.134,1.842,17.8,NA,NA,NA,NA,NA
2,50,sqrt,10,5000,dynamic,1,0,1,0.045421,yes,0.052,1.814,54.3,NA,NA,NA,NA,NA
16,50,sqrt,0,10000,guided,10,0,1,0.131344,no,0.141,0.641,40.5,NA,NA,NA,NA,NA
2,100,sqrt,0,5000,dynamic,0,50,1,4.372632,no,4.408,4.586,0.7,NA,NA,NA,NA,NA
20,50,sqrt,0,10000,static,10,50,1,2.085493,no,2.095,1.322,15.2,NA,NA,NA,NA,NA
2,100,sqrt,1000,10000,dynamic,0,0,1,0.133774,yes,0.158,1.397,11.5,NA,NA,NA,NA,NA
8,100,statespace,0,10000,guided,10,50,1,2.546353,no,2.577,4.525,1.3,NA,NA,NA,NA,NA
20,50,sqrt,0,10000,static,1,0,1,0.081309,no,0.093,0.710,53.1,NA,NA,NA,NA,NA
8,100,statespace,0,5000,static,10,50,1,1.298433,no,1.329,4.498,1.4,NA,NA,NA,NA,NA
4,100,sqrt,10,5000,dynamic,0,0,1,0.143208,no,0.163,1.646,34.0,NA,NA,NA,NA,NA
4,50,statespace,0,5000,dynamic,10,0,1,0.025109,yes,0.036,1.350,27.9,NA,NA,NA,NA,NA
16,50,statespace,0,5000,dynamic,10,0,1,0.018447,no,0.027,1.125,32.1,NA,NA,NA,NA,NA
16,10,statespace,0,5000,guided,0,0,1,0.004365,yes,0.015,0.457,0.0,NA,NA,NA,NA,NA
4,50,sqrt,1000,5000,dynamic,0,50,1,0.457461,no,0.467,4.298,1.4,NA,NA,NA,NA,NA
4,100,hogwild,0,10000,static,1,50,1,5.020586,no,5.050,4.468,1.2,NA,NA,NA,NA,NA
2,50,sqrt,10,5000,dynamic,10,50,1,1.418353,no,1.428,2.924,6.0,NA,NA,NA,NA,NA
4,10,statespace,0,5000,static,0,0,1,0.002230,yes,0.012,1.205,0.0,NA,NA,NA,NA,NA
20,10,sqrt,1000,10000,static,10,50,1,0.006517,yes,0.017,0.938,41.7,NA,NA,NA,NA,NA
16,100,sqrt,0,5000,guided,1,0,1,0.133409,no,0.144,0.882,62.4,NA,NA,NA,NA,NA
20,50,sqrt,1000,5000,dynamic,1,0,1,0.017523,no,0.039,1.077,32.4,NA,NA,NA,NA,NA
8,10,sqrt,10,5000,guided,0,0,1,0.005695,yes,0.016,0.655,54.4,NA,NA,NA,NA,NA
20,10,sqrt,1000,5000,static,1,50,1,0.004180,yes,0.019,1.011,0.0,NA,NA,NA,NA,NA
16,50,sqrt,0,5000,guided,10,0,1,0.115836,no,0.125,0.606,30.8,NA,NA,NA,NA,NA
2,50,hogwild,0,10000,static,10,50,1,1.328062,no,1.340,4.144,1.6,NA,NA,NA,NA,NA
2,10,sqrt,1000,5000,static,1,0,1,0.002590,yes,0.017,1.400,29.3,NA,NA,NA,NA,NA
4,100,sqrt,0,10000,guided,1,50,1,5.080988,no,5.109,4.438,1.2,NA,NA,NA,NA,NA
16,10,sqrt,10,5000,static,1,50,1,0.017285,yes,0.028,0.334,86.3,NA,NA,NA,NA,NA
2,10,statespace,0,5000,static,1,0,1,0.002808,yes,0.013,1.376,43.6,NA,NA,NA,NA,NA
8,100,hogwild,0,10000,static,0,50,1,2.780959,no,2.808,4.315,1.7,NA,NA,NA,NA,NA
20,50,hogwild,0,5000,dynamic,10,0,1,0.007750,yes,0.028,0.686,47.4,NA,NA,NA,NA,NA
8,50,sqrt,10,5000,dynamic,10,50,1,2.027499,no,2.039,1.462,12.6,NA,NA,NA,NA,NA
20,10,sqrt,10,10000,guided,0,50,1,0.035484,yes,0.053,0.249,100.0,NA,NA,NA,NA,NA
40,10,hogwild,0,10000,guided,1,50,1,0.010079,no,0.019,0.269,86.0,NA,NA,NA,NA,NA
4,10,statespace,0,10000,static,0,0,1,0.003733,yes,0.014,1.290,39.3,NA,NA,NA,NA,NA
20,100,sqrt,1000,5000,guided,1,0,1,0.037443,no,0.050,1.051,51.2,NA,NA,NA,NA,NA
20,100,sqrt,10,10000,dynamic,1,0,1,0.442312,no,0.460,0.698,69.3,NA,NA,NA,NA,NA
8,10,statespace,0,5000,dynamic,10,50,1,0.004452,yes,0.023,1.177,0.0,NA,NA,NA,NA,NA
40,10,hogwild,0,10000,dynamic,1,0,1,0.009192,yes,0.029,0.177,77.3,NA,NA,NA,NA,NA
8,10,sqrt,1000,10000,guided,10,0,1,0.002484,yes,0.013,1.203,0.0,NA,NA,NA,NA,NA
4,50,sqrt,0,10000,static,1,0,1,0.040086,yes,0.061,1.413,50.4,NA,NA,NA,NA,NA
20,100,statespace,0,5000,static,0,50,1,0.544524,no,0.577,4.489,1.6,NA,NA,NA,NA,NA
2,100,statespace,0,5000,dynamic,0,50,1,4.377536,no,4.414,4.555,0.7,NA,NA,NA,NA,NA
40,50,sqrt,1000,10000,static,1,0,1,0.211803,no,0.237,0.536,31.1,NA,NA,NA,NA,NA
4,100,sqrt,10,10000,guided,1,0,1,0.240532,yes,0.260,1.803,22.5,NA,NA,NA,NA,NA
4,10,statespace,0,5000,dynamic,1,0,1,0.002601,yes,0.024,1.056,54.4,NA,NA,NA,NA,NA
16,50,hogwild,0,5000,dynamic,10,50,1,0.127647,no,0.140,3.223,29.2,NA,NA,NA,NA,NA
20,50,sqrt,1000,5000,guided,10,0,1,0.019474,no,0.037,1.024,39.7,NA,NA,NA,NA,NA
40,100,sqrt,10,5000,dynamic,0,0,1,0.371164,no,0.382,0.422,60.7,NA,NA,NA,NA,NA
16,10,sqrt,0,10000,dynamic,0,50,1,0.017410,yes,0.028,0.407,100.0,NA,NA,NA,NA,NA
2,100,statespace,0,5000,static,1,50,1,4.341365,no,4.366,4.603,0.5,NA,NA,NA,NA,NA
2,50,hogwild,0,10000,dynamic,1,50,1,1.300439,no,1.319,4.077,1.5,NA,NA,NA,NA,NA
40,10,statespace,0,10000,dynamic,1,50,1,0.011416,yes,0.020,0.400,81.8,NA,NA,NA,NA,NA
8,10,statespace,0,10000,guided,1,50,1,0.005357,yes,0.011,1.497,48.3,NA,NA,NA,NA,NA
8,100,hogwild,0,10000,guided,1,50,1,2.680712,no,2.707,4.308,2.9,NA,NA,NA,NA,NA
2,100,statespace,0,10000,static,1,0,1,0.139803,no,0.153,1.370,11.0,NA,NA,NA,NA,NA
4,100,statespace,0,5000,dynamic,10,50,1,2.417984,no,2.450,4.571,0.8,NA,NA,NA,NA,NA
40,50,sqrt,1000,10000,guided,10,50,1,0.301569,no,0.311,2.193,8.8,NA,NA,NA,NA,NA
40,100,hogwild,0,10000,dynamic,10,0,1,0.016412,yes,0.034,0.610,57.7,NA,NA,NA,NA,NA
20,50,statespace,0,5000,dynamic,0,50,1,0.139722,no,0.149,4.162,6.7,NA,NA,NA,NA,NA
2,10,sqrt,10,5000,guided,1,0,1,0.004687,yes,0.017,1.310,0.0,NA,NA,NA,NA,NA
2,10,sqrt,1000,5000,static,1,50,1,0.005801,yes,0.017,1.841,34.0,NA,NA,NA,NA,NA
4,10,sqrt,1000,5000,dynamic,10,50,1,0.003631,yes,0.018,1.828,26.7,NA,NA,NA,NA,NA
4,100,sqrt,10,5000,dynamic,1,0,1,0.140662,no,0.154,1.677,33.9,NA,NA,NA,NA,NA
2,10,sqrt,10,5000,guided,10,0,1,0.006788,yes,0.021,1.072,34.5,NA,NA,NA,NA,NA
20,50,sqrt,1000,10000,guided,1,0,1,0.023148,no,0.047,1.116,43.7,NA,NA,NA,NA,NA
16,10,sqrt,1000,10000,static,0,50,1,0.004632,yes,0.019,1.247,45.8,NA,NA,NA,NA,NA
2,100,hogwild,0,10000,static,10,50,1,8.802913,no,8.830,4.572,0.9,NA,NA,NA,NA,NA
40,50,sqrt,1000,10000,guided,1,50,1,0.256189,no,0.265,2.270,13.6,NA,NA,NA,NA,NA
2,10,statespace,0,10000,static,1,50,1,0.011146,yes,0.025,1.921,34.2,NA,NA,NA,NA,NA
8,100,sqrt,0,5000,guided,1,0,1,0.075899,no,0.089,1.404,32.0,NA,NA,NA,NA,NA
8,100,sqrt,0,5000,guided,10,0,1,0.132532,no,0.151,0.998,26.3,NA,NA,NA,NA,NA
8,100,sqrt,0,5000,static,1,0,1,0.082655,no,0.100,1.298,33.5,NA,NA,NA,NA,NA
2,50,sqrt,10,5000,static,10,50,1,1.445978,no,1.454,2.946,6.0,NA,NA,NA,NA,NA
40,50,sqrt,1000,5000,static,0,0,1,0.022491,no,0.035,0.711,34.1,NA,NA,NA,NA,NA
4,100,sqrt,1000,10000,dynamic,10,50,1,4.908074,no,4.939,4.569,0.6,NA,NA,NA,NA,NA
8,100,sqrt,10,10000,static,10,0,1,0.618546,no,0.636,0.885,22.8,NA,NA,NA,NA,NA
16,100,sqrt,10,10000,guided,0,0,1,0.357258,no,0.368,0.905,63.6,NA,NA,NA,NA,NA
2,50,sqrt,1000,10000,static,0,50,1,1.337860,no,1.354,4.295,1.1,NA,NA,NA,NA,NA
2,50,hogwild,0,5000,static,0,0,1,0.025091,yes,0.033,1.290,58.7,NA,NA,NA,NA,NA
2,50,sqrt,0,5000,static,1,0,1,0.031363,yes,0.043,1.526,33.5,NA,NA,NA,NA,NA
2,10,sqrt,1000,10000,static,10,50,1,0.010705,yes,0.025,1.982,34.1,NA,NA,NA,NA,NA
8,10,statespace,0,5000,guided,1,50,1,0.003442,yes,0.011,1.404,0.0,NA,NA,NA,NA,NA
4,100,hogwild,0,5000,dynamic,10,0,1,0.045624,yes,0.062,1.161,31.4,NA,NA,NA,NA,NA
2,10,sqrt,0,5000,dynamic,1,50,1,0.006052,yes,0.027,1.830,36.8,NA,NA,NA,NA,NA
2,100,sqrt,10,5000,static,10,50,1,8.785205,no,8.821,4.228,2.2,NA,NA,NA,NA,NA
16,100,hogwild,0,5000,dynamic,0,50,1,0.724820,no,0.752,3.973,5.0,NA,NA,NA,NA,NA
20,100,statespace,0,10000,dynamic,0,50,1,1.026441,no,1.052,4.500,1.1,NA,NA,NA,NA,NA
4,10,sqrt,0,5000,guided,10,50,1,0.005250,yes,0.014,1.457,38.0,NA,NA,NA,NA,NA
4,10,sqrt,10,10000,dynamic,10,0,1,0.015358,yes,0.032,0.793,37.4,NA,NA,NA,NA,NA
4,10,sqrt,10,10000,guided,1,50,1,0.013132,yes,0.022,1.330,45.3,NA,NA,NA,NA,NA
8,50,sqrt,10,10000,dynamic,1,0,1,0.081550,yes,0.099,1.254,37.6,NA,NA,NA,NA,NA
8,10,hogwild,0,5000,dynamic,10,0,1,0.002910,yes,0.017,0.595,0.0,NA,NA,NA,NA,NA
2,100,sqrt,10,10000,guided,1,0,1,0.277185,yes,0.294,1.865,14.9,NA,NA,NA,NA,NA
16,100,sqrt,1000,10000,guided,10,0,1,0.051914,no,0.074,1.167,12.2,NA,NA,NA,NA,NA
2,10,sqrt,1000,10000,guided,10,0,1,0.004834,yes,0.012,1.517,0.0,NA,NA,NA,NA,NA
16,50,statespace,0,5000,dynamic,0,50,1,0.171864,no,0.181,4.153,1.4,NA,NA,NA,NA,NA
8,50,statespace,0,5000,guided,10,50,1,0.302773,no,0.322,4.197,0.5,NA,NA,NA,NA,NA
4,50,statespace,0,10000,guided,0,0,1,0.031909,yes,0.047,1.415,32.9,NA,NA,NA,NA,NA
40,100,statespace,0,10000,static,1,50,1,0.963660,no,0.991,2.436,2.9,NA,NA,NA,NA,NA
40,50,sqrt,1000,10000,guided,10,0,1,0.032282,no,0.044,0.729,46.5,NA,NA,NA,NA,NA
16,10,sqrt,10,5000,static,10,50,1,0.027979,yes,0.046,0.397,79.0,NA,NA,NA,NA,NA
8,10,sqrt,0,5000,static,1,50,1,0.005470,yes,0.020,1.020,66.0,NA,NA,NA,NA,NA
4,10,hogwild,0,5000,dynamic,10,50,1,0.004708,yes,0.014,1.320,72.3,NA,NA,NA,NA,NA
2,10,statespace,0,5000,dynamic,10,50,1,0.006140,yes,0.012,1.873,28.4,NA,NA,NA,NA,NA
40,10,sqrt,10,5000,dynamic,0,50,1,0.020958,yes,0.036,0.229,88.7,NA,NA,NA,NA,NA
20,10,sqrt,10,5000,dynamic,10,50,1,0.032795,yes,0.051,0.338,85.6,NA,NA,NA,NA,NA
8,100,sqrt,10,10000,guided,10,50,1,17.977809,no,18.011,2.987,7.3,NA,NA,NA,NA,NA
8,10,sqrt,0,10000,guided,1,0,1,0.005643,yes,0.020,0.725,34.8,NA,NA,NA,NA,NA
16,100,statespace,0,5000,dynamic,0,0,1,0.033261,no,0.049,1.155,32.3,NA,NA,NA,NA,NA
8,10,sqrt,10,10000,guided,10,0,1,0.018636,yes,0.038,0.578,56.5,NA,NA,NA,NA,NA
20,50,statespace,0,10000,static,0,50,1,0.258922,no,0.281,4.176,1.9,NA,NA,NA,NA,NA
20,100,sqrt,0,5000,dynamic,10,0,1,0.231543,no,0.253,0.614,43.6,NA,NA,NA,NA,NA
4,10,sqrt,0,5000,guided,0,0,1,0.002834,yes,0.013,1.093,51.8,NA,NA,NA,NA,NA
8,100,sqrt,1000,10000,dynamic,1,50,1,2.549696,no,2.584,4.511,1.0,NA,NA,NA,NA,NA
8,100,sqrt,0,10000,guided,0,50,1,2.924288,no,2.950,4.096,3.0,NA,NA,NA,NA,NA
16,50,sqrt,0,10000,dynamic,0,50,1,0.408817,no,0.422,2.877,10.7,NA,NA,NA,NA,NA
2,50,sqrt,1000,10000,guided,0,50,1,1.290958,no,1.311,4.310,1.3,NA,NA,NA,NA,NA
40,100,sqrt,0,5000,guided,10,0,1,0.197685,no,0.211,0.431,44.9,NA,NA,NA,NA,NA
16,50,hogwild,0,10000,dynamic,0,50,1,0.234921,no,0.244,3.219,9.7,NA,NA,NA,NA,NA
20,10,sqrt,1000,5000,guided,1,50,1,0.004128,yes,0.015,0.999,0.0,NA,NA,NA,NA,NA
2,10,sqrt,10,10000,static,0,0,1,0.009568,yes,0.022,1.291,47.1,NA,NA,NA,NA,NA
8,50,statespace,0,5000,static,1,0,1,0.022854,no,0.055,1.223,28.6,NA,NA,NA,NA,NA
8,50,sqrt,1000,10000,guided,10,0,1,0.025816,no,0.045,1.280,27.8,NA,NA,NA,NA,NA
16,50,statespace,0,10000,dynamic,0,0,1,0.023107,no,0.040,1.193,32.6,NA,NA,NA,NA,NA
8,100,hogwild,0,10000,guided,1,0,1,0.033525,yes,0.045,1.190,61.5,NA,NA,NA,NA,NA
8,100,sqrt,10,5000,guided,1,0,1,0.128357,no,0.140,1.488,43.6,NA,NA,NA,NA,NA
2,100,sqrt,10,10000,static,1,50,1,8.948381,no,8.986,4.546,1.2,NA,NA,NA,NA,NA
40,100,sqrt,0,5000,static,10,0,1,0.198634,no,0.211,0.431,44.7,NA,NA,NA,NA,NA
40,50,sqrt,10,10000,static,0,0,1,0.205946,yes,0.217,0.406,55.9,NA,NA,NA,NA,NA
16,100,sqrt,0,10000,static,10,0,1,0.319105,no,0.340,0.723,29.7,NA,NA,NA,NA,NA
20,100,sqrt,0,10000,guided,0,50,1,2.025833,no,2.053,2.689,12.9,NA,NA,NA,NA,NA
2,50,sqrt,1000,10000,dynamic,10,0,1,0.041990,yes,0.053,1.494,36.3,NA,NA,NA,NA,NA
4,100,sqrt,10,5000,static,10,50,1,8.921761,no,8.957,3.702,4.1,NA,NA,NA,NA,NA
2,10,sqrt,1000,10000,guided,1,0,1,0.004846,yes,0.015,1.516,29.9,NA,NA,NA,NA,NA
16,50,hogwild,0,5000,guided,0,0,1,0.007753,yes,0.020,0.750,67.0,NA,NA,NA,NA,NA
20,100,sqrt,1000,5000,guided,0,0,1,0.036571,no,0.049,1.062,52.6,NA,NA,NA,NA,NA
20,10,sqrt,0,5000,guided,0,0,1,0.013221,yes,0.020,0.220,92.9,NA,NA,NA,NA,NA
2,50,statespace,0,10000,static,0,0,1,0.042002,yes,0.052,1.482,10.0,NA,NA,NA,NA,NA
8,100,sqrt,10,5000,dynamic,10,0,1,0.318692,no,0.342,0.877,24.2,NA,NA,NA,NA,NA
16,100,statespace,0,10000,guided,0,50,1,1.275133,no,1.301,4.508,2.0,NA,NA,NA,NA,NA
20,100,statespace,0,10000,guided,10,50,1,1.029692,no,1.066,4.514,0.9,NA,NA,NA,NA,NA
20,100,hogwild,0,5000,guided,0,0,1,0.015003,yes,0.038,0.819,73.8,NA,NA,NA,NA,NA
2,100,hogwild,0,5000,dynamic,10,50,1,4.390081,no,4.413,4.582,0.8,NA,NA,NA,NA,NA
2,10,hogwild,0,10000,guided,1,0,1,0.006008,yes,0.025,1.227,58.5,NA,NA,NA,NA,NA
20,10,sqrt,10,5000,static,1,0,1,0.020005,yes,0.040,0.206,100.0,NA,NA,NA,NA,NA
40,50,sqrt,10,5000,static,0,0,1,0.118521,no,0.127,0.414,51.7,NA,NA,NA,NA,NA
20,50,sqrt,10,5000,static,10,50,1,2.176638,no,2.189,0.910,16.1,NA,NA,NA,NA,NA
16,100,sqrt,1000,10000,dynamic,1,50,1,1.286935,no,1.321,4.499,1.5,NA,NA,NA,NA,NA
8,50,hogwild,0,10000,dynamic,0,50,1,0.441512,no,0.460,3.435,9.1,NA,NA,NA,NA,NA
40,100,sqrt,10,5000,static,0,50,1,3.747672,no,3.775,0.907,21.9,NA,NA,NA,NA,NA
20,10,sqrt,0,10000,static,1,50,1,0.019562,yes,0.030,0.358,100.0,NA,NA,NA,NA,NA
16,100,hogwild,0,10000,dynamic,0,0,1,0.024423,yes,0.038,0.868,87.8,NA,NA,NA,NA,NA
20,50,hogwild,0,5000,static,0,50,1,0.106190,no,0.115,3.187,10.8,NA,NA,NA,NA,NA
4,10,statespace,0,10000,static,1,50,1,0.007455,yes,0.026,1.736,34.3,NA,NA,NA,NA,NA
2,10,hogwild,0,5000,guided,1,0,1,0.003236,yes,0.021,1.156,52.2,NA,NA,NA,NA,NA
16,10,sqrt,10,10000,guided,0,0,1,0.033198,yes,0.044,0.202,100.0,NA,NA,NA,NA,NA
2,10,sqrt,10,10000,guided,1,50,1,0.015273,yes,0.030,1.719,37.1,NA,NA,NA,NA,NA
8,10,sqrt,10,5000,static,1,50,1,0.009069,yes,0.023,0.764,72.8,NA,NA,NA,NA,NA
2,10,sqrt,10,5000,guided,1,50,1,0.008462,yes,0.019,1.589,53.3,NA,NA,NA,NA,NA
8,50,sqrt,1000,10000,dynamic,10,0,1,0.026085,yes,0.044,1.281,29.3,NA,NA,NA,NA,NA
4,100,sqrt,10,5000,guided,0,0,1,0.138330,no,0.159,1.704,28.8,NA,NA,NA,NA,NA
16,100,sqrt,1000,10000,guided,1,0,1,0.050174,no,0.062,1.199,12.0,NA,NA,NA,NA,NA
4,100,statespace,0,5000,dynamic,1,50,1,2.413052,no,2.444,4.579,0.7,NA,NA,NA,NA,NA
2,100,sqrt,0,10000,static,0,50,1,8.837062,no,8.868,4.596,0.6,NA,NA,NA,NA,NA
2,10,hogwild,0,10000,dynamic,10,0,1,0.006182,yes,0.020,1.188,64.6,NA,NA,NA,NA,NA
16,10,hogwild,0,5000,static,1,50,1,0.005321,yes,0.024,0.488,90.4,NA,NA,NA,NA,NA
20,50,statespace,0,5000,static,0,50,1,0.140529,no,0.162,4.143,7.1,NA,NA,NA,NA,NA
40,10,statespace,0,10000,dynamic,0,50,1,0.010953,yes,0.021,0.410,61.9,NA,NA,NA,NA,NA
8,50,statespace,0,5000,guided,0,50,1,0.295213,no,0.308,4.269,1.5,NA,NA,NA,NA,NA
2,100,sqrt,10,5000,static,0,50,1,4.439682,no,4.466,4.545,1.2,NA,NA,NA,NA,NA
2,10,sqrt,1000,10000,static,1,0,1,0.004853,yes,0.023,1.506,0.0,NA,NA,NA,NA,NA
40,50,hogwild,0,10000,dynamic,10,50,1,0.145420,no,0.159,2.191,15.7,NA,NA,NA,NA,NA
4,10,statespace,0,10000,static,10,50,1,0.008655,yes,0.016,1.595,35.5,NA,NA,NA,NA,NA
40,10,hogwild,0,5000,dynamic,10,0,1,0.006445,yes,0.023,0.226,93.0,NA,NA,NA,NA,NA
2,50,sqrt,1000,10000,dynamic,0,0,1,0.041939,yes,0.057,1.498,10.9,NA,NA,NA,NA,NA
2,50,sqrt,0,10000,dynamic,0,0,1,0.045895,yes,0.054,1.566,13.2,NA,NA,NA,NA,NA
40,100,sqrt,0,10000,dynamic,1,50,1,1.148407,no,1.179,2.126,8.8,NA,NA,NA,NA,NA
40,100,hogwild,0,10000,static,1,0,1,0.017261,yes,0.039,0.592,62.1,NA,NA,NA,NA,NA
4,100,hogwild,0,5000,guided,10,0,1,0.043654,yes,0.054,1.206,23.2,NA,NA,NA,NA,NA
40,50,sqrt,1000,5000,dynamic,1,0,1,0.021769,no,0.031,0.713,38.0,NA,NA,NA,NA,NA
20,100,sqrt,10,10000,static,10,0,1,0.859644,no,0.870,0.587,44.4,NA,NA,NA,NA,NA
40,100,statespace,0,10000,static,0,50,1,0.965928,no,0.991,2.435,2.4,NA,NA,NA,NA,NA
4,100,hogwild,0,10000,static,0,0,1,0.065191,yes,0.078,1.213,19.4,NA,NA,NA,NA,NA
20,10,sqrt,10,10000,static,10,50,1,0.057893,yes,0.068,0.322,53.9,NA,NA,NA,NA,NA
40,100,sqrt,1000,10000,guided,1,50,1,0.981427,no,1.017,2.416,2.7,NA,NA,NA,NA,NA
4,100,sqrt,0,5000,dynamic,0,50,1,2.508422,no,2.535,4.464,1.4,NA,NA,NA,NA,NA
40,50,sqrt,10,5000,static,1,50,1,0.567180,no,0.579,0.732,26.8,NA,NA,NA,NA,NA
20,10,sqrt,10,5000,guided,1,0,1,0.019635,yes,0.040,0.209,89.4,NA,NA,NA,NA,NA
4,50,hogwild,0,5000,dynamic,10,50,1,0.381751,no,0.391,4.017,2.4,NA,NA,NA,NA,NA
20,100,sqrt,10,5000,dynamic,10,50,1,9.100237,no,9.132,1.849,17.2,NA,NA,NA,NA,NA
2,50,sqrt,1000,10000,guided,0,0,1,0.042174,yes,0.049,1.492,39.9,NA,NA,NA,NA,NA
8,100,sqrt,0,5000,dynamic,1,0,1,0.081139,no,0.093,1.319,33.8,NA,NA,NA,NA,NA
2,100,sqrt,1000,5000,dynamic,10,50,1,4.381787,no,4.419,4.590,0.6,NA,NA,NA,NA,NA
2,50,hogwild,0,10000,static,10,0,1,0.042273,yes,0.057,1.246,28.9,NA,NA,NA,NA,NA
40,100,sqrt,0,10000,guided,1,0,1,0.209692,no,0.219,0.460,59.6,NA,NA,NA,NA,NA
16,100,hogwild,0,10000,dynamic,10,50,1,1.507477,no,1.531,3.844,6.7,NA,NA,NA,NA,NA
4,100,statespace,0,5000,static,0,50,1,2.465566,no,2.492,4.513,1.2,NA,NA,NA,NA,NA
16,10,hogwild,0,10000,static,0,50,1,0.007913,yes,0.014,0.521,89.5,NA,NA,NA,NA,NA
20,50,sqrt,0,5000,static,10,50,1,1.273306,no,1.286,1.368,13.9,NA,NA,NA,NA,NA
2,10,statespace,0,10000,static,0,50,1,0.011044,yes,0.021,1.935,29.3,NA,NA,NA,NA,NA
40,10,sqrt,0,5000,guided,1,0,1,0.009725,yes,0.016,0.240,92.3,NA,NA,NA,NA,NA
20,50,hogwild,0,5000,dynamic,0,50,1,0.102227,no,0.112,3.194,4.8,NA,NA,NA,NA,NA
16,10,sqrt,1000,5000,static,1,0,1,0.004246,yes,0.015,0.643,27.5,NA,NA,NA,NA,NA
4,50,statespace,0,10000,dynamic,10,0,1,0.031991,yes,0.040,1.418,31.4,NA,NA,NA,NA,NA
20,10,hogwild,0,5000,static,1,50,1,0.006251,yes,0.015,0.422,0.0,NA,NA,NA,NA,NA
4,50,sqrt,0,5000,static,0,0,1,0.028216,yes,0.045,1.426,43.2,NA,NA,NA,NA,NA
40,50,hogwild,0,5000,dynamic,10,50,1,0.106359,no,0.145,2.103,16.2,NA,NA,NA,NA,NA
16,100,statespace,0,10000,static,10,0,1,0.047780,no,0.060,1.232,25.8,NA,NA,NA,NA,NA
8,100,sqrt,10,5000,static,1,50,1,2.103658,no,2.129,3.132,7.0,NA,NA,NA,NA,NA
2,10,sqrt,0,10000,static,1,50,1,0.011347,yes,0.021,1.943,26.1,NA,NA,NA,NA,NA
2,10,sqrt,10,5000,dynamic,1,0,1,0.004700,yes,0.019,1.301,42.4,NA,NA,NA,NA,NA
2,10,sqrt,0,10000,guided,1,50,1,0.011102,yes,0.026,1.966,36.1,NA,NA,NA,NA,NA
4,100,sqrt,1000,5000,guided,10,50,1,2.422810,no,2.449,4.585,0.7,NA,NA,NA,NA,NA
40,50,hogwild,0,5000,static,1,0,1,0.009771,yes,0.025,0.432,50.9,NA,NA,NA,NA,NA
2,50,sqrt,0,5000,dynamic,10,0,1,0.035263,yes,0.046,1.401,28.9,NA,NA,NA,NA,NA
2,100,sqrt,0,5000,dynamic,0,0,1,0.106453,no,0.124,1.480,12.5,NA,NA,NA,NA,NA
40,10,hogwild,0,5000,static,10,50,1,0.006953,yes,0.019,0.282,90.4,NA,NA,NA,NA,NA
16,100,sqrt,0,10000,dynamic,1,0,1,0.176172,no,0.193,0.931,53.7,NA,NA,NA,NA,NA
2,100,hogwild,0,10000,dynamic,1,0,1,0.112307,yes,0.125,1.285,16.7,NA,NA,NA,NA,NA
4,50,hogwild,0,10000,guided,1,0,1,0.023138,yes,0.032,1.272,69.4,NA,NA,NA,NA,NA
8,50,sqrt,0,10000,dynamic,1,0,1,0.036538,yes,0.044,1.341,48.8,NA,NA,NA,NA,NA
2,10,sqrt,10,10000,guided,1,0,1,0.009026,yes,0.019,1.336,44.1,NA,NA,NA,NA,NA
4,10,hogwild,0,5000,guided,10,50,1,0.004479,yes,0.015,1.414,0.0,NA,NA,NA,NA,NA
16,100,statespace,0,10000,dynamic,1,50,1,1.279958,no,1.307,4.492,2.0,NA,NA,NA,NA,NA
8,100,sqrt,10,10000,dynamic,10,0,1,0.620443,no,0.630,0.880,23.6,NA,NA,NA,NA,NA
16,100,sqrt,1000,5000,static,10,50,1,0.733717,no,0.770,4.464,1.6,NA,NA,NA,NA,NA
16,50,sqrt,0,10000,dynamic,10,50,1,1.701798,no,1.711,1.554,13.6,NA,NA,NA,NA,NA
40,50,sqrt,10,5000,dynamic,1,0,1,0.120855,no,0.134,0.402,58.7,NA,NA,NA,NA,NA
8,50,sqrt,10,5000,guided,10,50,1,1.986990,no,2.000,1.445,12.7,NA,NA,NA,NA,NA
16,50,sqrt,10,10000,static,0,0,1,0.119111,yes,0.134,0.773,60.9,NA,NA,NA,NA,NA
20,50,hogwild,0,10000,dynamic,10,0,1,0.010741,yes,0.026,0.720,69.7,NA,NA,NA,NA,NA
2,100,hogwild,0,10000,guided,1,0,1,0.114754,no,0.126,1.300,17.8,NA,NA,NA,NA,NA
40,10,sqrt,10,5000,dynamic,0,0,1,0.024568,yes,0.045,0.172,95.3,NA,NA,NA,NA,NA
40,100,hogwild,0,10000,dynamic,1,0,1,0.016817,yes,0.030,0.611,60.7,NA,NA,NA,NA,NA
20,50,hogwild,0,10000,static,10,0,1,0.011693,yes,0.033,0.673,70.5,NA,NA,NA,NA,NA
4,10,sqrt,0,10000,dynamic,0,50,1,0.008550,yes,0.019,1.567,58.6,NA,NA,NA,NA,NA
4,50,hogwild,0,5000,dynamic,1,0,1,0.016736,yes,0.027,1.081,79.1,NA,NA,NA,NA,NA
16,10,statespace,0,10000,dynamic,10,0,1,0.006445,yes,0.016,0.478,86.6,NA,NA,NA,NA,NA
4,100,sqrt,10,10000,dynamic,10,0,1,0.481251,yes,0.494,1.137,18.2,NA,NA,NA,NA,NA
16,100,statespace,0,5000,dynamic,0,50,1,0.633905,no,0.664,4.549,1.6,NA,NA,NA,NA,NA
8,10,hogwild,0,5000,guided,10,0,1,0.003315,yes,0.018,0.507,0.0,NA,NA,NA,NA,NA
8,50,sqrt,0,10000,static,1,0,1,0.039744,yes,0.048,1.262,51.4,NA,NA,NA,NA,NA
4,100,sqrt,0,5000,dynamic,10,0,1,0.087748,no,0.100,1.454,15.8,NA,NA,NA,NA,NA
20,100,hogwild,0,10000,static,0,50,1,1.268656,no,1.296,3.835,6.4,NA,NA,NA,NA,NA
8,100,sqrt,1000,10000,guided,0,0,1,0.070888,no,0.080,1.302,10.8,NA,NA,NA,NA,NA
8,100,sqrt,1000,5000,dynamic,0,50,1,1.271185,no,1.299,4.514,1.5,NA,NA,NA,NA,NA
16,50,sqrt,1000,10000,guided,10,0,1,0.024597,no,0.036,1.128,36.3,NA,NA,NA,NA,NA
2,50,sqrt,10,10000,guided,1,50,1,1.437263,no,1.460,3.982,2.5,NA,NA,NA,NA,NA
20,10,sqrt,10,5000,guided,10,50,1,0.032758,yes,0.043,0.351,82.3,NA,NA,NA,NA,NA
8,10,sqrt,10,5000,static,10,0,1,0.012152,yes,0.028,0.497,62.8,NA,NA,NA,NA,NA
4,10,sqrt,10,5000,guided,0,50,1,0.007483,yes,0.018,1.217,58.0,NA,NA,NA,NA,NA
8,10,sqrt,1000,5000,guided,10,50,1,0.003230,yes,0.013,1.551,36.3,NA,NA,NA,NA,NA
4,50,statespace,0,10000,static,1,0,1,0.032539,yes,0.043,1.400,29.0,NA,NA,NA,NA,NA
40,10,sqrt,0,5000,guided,0,50,1,0.013378,no,0.022,0.301,69.9,NA,NA,NA,NA,NA
4,10,statespace,0,5000,dynamic,1,50,1,0.004201,yes,0.012,1.692,0.0,NA,NA,NA,NA,NA
4,50,sqrt,10,10000,guided,1,50,1,1.019751,no,1.029,3.392,5.1,NA,NA,NA,NA,NA
4,10,statespace,0,10000,static,0,50,1,0.007507,yes,0.013,1.711,44.4,NA,NA,NA,NA,NA
40,10,sqrt,1000,10000,static,1,0,1,0.005993,yes,0.018,0.481,54.0,NA,NA,NA,NA,NA
4,100,sqrt,10,10000,static,10,0,1,0.485247,yes,0.499,1.132,18.3,NA,NA,NA,NA,NA
20,50,sqrt,1000,10000,dynamic,1,0,1,0.023312,no,0.036,1.122,42.7,NA,NA,NA,NA,NA
20,100,sqrt,1000,5000,dynamic,10,0,1,0.036501,no,0.050,1.061,52.9,NA,NA,NA,NA,NA
8,10,statespace,0,10000,guided,10,50,1,0.007039,yes,0.016,1.228,45.8,NA,NA,NA,NA,NA
2,10,sqrt,10,5000,static,10,0,1,0.007041,yes,0.018,1.038,39.5,NA,NA,NA,NA,NA
16,50,sqrt,0,5000,guided,0,50,1,0.322835,no,0.332,2.307,14.1,NA,NA,NA,NA,NA
2,10,sqrt,10,5000,guided,0,50,1,0.008412,yes,0.019,1.569,47.9,NA,NA,NA,NA,NA
20,10,statespace,0,5000,dynamic,1,50,1,0.006130,yes,0.016,0.667,61.4,NA,NA,NA,NA,NA
20,10,sqrt,0,5000,static,1,50,1,0.013460,yes,0.020,0.367,89.3,NA,NA,NA,NA,NA
40,100,sqrt,0,5000,guided,1,50,1,0.593638,no,0.621,2.118,13.7,NA,NA,NA,NA,NA
20,100,hogwild,0,5000,guided,1,0,1,0.014929,yes,0.028,0.823,61.5,NA,NA,NA,NA,NA
8,100,sqrt,1000,5000,dynamic,1,50,1,1.270146,no,1.301,4.517,1.6,NA,NA,NA,NA,NA
20,10,statespace,0,10000,guided,1,50,1,0.008559,yes,0.027,0.630,86.6,NA,NA,NA,NA,NA
8,100,hogwild,0,10000,dynamic,1,50,1,2.640842,no,2.679,4.371,2.0,NA,NA,NA,NA,NA
2,100,statespace,0,10000,dynamic,1,50,1,8.747045,no,8.774,4.575,0.7,NA,NA,NA,NA,NA
20,10,sqrt,1000,10000,dynamic,1,0,1,0.004080,yes,0.011,0.666,0.0,NA,NA,NA,NA,NA
20,100,sqrt,1000,10000,static,10,0,1,0.050007,no,0.059,1.140,46.7,NA,NA,NA,NA,NA
40,10,sqrt,1000,5000,dynamic,0,50,1,0.006195,no,0.019,0.564,26.5,NA,NA,NA,NA,NA
2,100,sqrt,1000,5000,static,10,50,1,4.356397,no,4.384,4.591,0.6,NA,NA,NA,NA,NA
2,50,sqrt,1000,10000,dynamic,0,50,1,1.279183,no,1.291,4.323,1.1,NA,NA,NA,NA,NA
40,50,sqrt,0,5000,guided,0,50,1,1.144176,no,1.153,0.996,9.3,NA,NA,NA,NA,NA
20,10,hogwild,0,10000,guided,1,50,1,0.009424,yes,0.017,0.403,91.8,NA,NA,NA,NA,NA
16,50,hogwild,0,10000,static,10,0,1,0.011932,yes,0.019,0.748,73.5,NA,NA,NA,NA,NA
2,100,hogwild,0,10000,dynamic,0,0,1,0.109255,yes,0.118,1.313,15.7,NA,NA,NA,NA,NA
16,10,sqrt,1000,5000,dynamic,1,0,1,0.003225,yes,0.014,0.666,0.0,NA,NA,NA,NA,NA
20,100,sqrt,10,10000,dynamic,0,50,1,2.434202,no,2.463,2.340,18.8,NA,NA,NA,NA,NA
20,50,hogwild,0,10000,guided,0,50,1,0.191325,no,0.201,3.226,8.6,NA,NA,NA,NA,NA
8,10,hogwild,0,10000,dynamic,1,0,1,0.004130,yes,0.014,0.669,76.5,NA,NA,NA,NA,NA
20,50,statespace,0,5000,static,1,0,1,0.018696,no,0.031,1.065,33.1,NA,NA,NA,NA,NA
40,100,sqrt,0,10000,dynamic,10,0,1,0.348424,no,0.359,0.430,40.2,NA,NA,NA,NA,NA
4,50,sqrt,0,5000,guided,1,50,1,0.467745,no,0.485,3.953,2.5,NA,NA,NA,NA,NA
16,50,sqrt,1000,10000,static,10,0,1,0.025545,no,0.042,1.102,34.4,NA,NA,NA,NA,NA
8,100,statespace,0,10000,dynamic,10,50,1,2.527298,no,2.551,4.552,1.0,NA,NA,NA,NA,NA
2,50,statespace,0,10000,dynamic,1,0,1,0.042080,yes,0.053,1.485,11.1,NA,NA,NA,NA,NA
20,10,hogwild,0,10000,static,0,0,1,0.007673,yes,0.024,0.261,49.9,NA,NA,NA,NA,NA
2,50,sqrt,0,5000,dynamic,0,50,1,0.723246,no,0.734,4.262,1.4,NA,NA,NA,NA,NA
8,10,hogwild,0,10000,guided,1,0,1,0.004388,yes,0.022,0.624,80.6,NA,NA,NA,NA,NA
16,10,statespace,0,10000,static,10,0,1,0.013588,yes,0.028,0.503,24.4,NA,NA,NA,NA,NA
20,50,sqrt,10,5000,guided,0,50,1,0.330037,no,0.340,1.753,23.2,NA,NA,NA,NA,NA
2,10,sqrt,0,10000,dynamic,0,0,1,0.005478,yes,0.026,1.465,41.5,NA,NA,NA,NA,NA
4,10,hogwild,0,10000,static,10,0,1,0.005089,yes,0.016,0.877,75.6,NA,NA,NA,NA,NA
2,10,hogwild,0,5000,dynamic,0,0,1,0.003184,yes,0.019,1.168,0.0,NA,NA,NA,NA,NA
8,10,sqrt,0,10000,guided,0,50,1,0.008113,yes,0.026,1.103,70.2,NA,NA,NA,NA,NA
8,10,sqrt,10,10000,dynamic,10,0,1,0.022276,yes,0.029,0.486,73.9,NA,NA,NA,NA,NA
4,100,sqrt,1000,10000,guided,10,50,1,4.903976,no,4.936,4.564,0.7,NA,NA,NA,NA,NA
16,10,sqrt,1000,10000,static,1,0,1,0.003314,yes,0.016,0.806,0.0,NA,NA,NA,NA,NA
8,100,hogwild,0,10000,dynamic,0,0,1,0.033343,yes,0.042,1.208,63.9,NA,NA,NA,NA,NA
8,50,sqrt,10,5000,static,10,50,1,1.946276,no,1.962,1.430,12.6,NA,NA,NA,NA,NA
20,100,hogwild,0,5000,guided,10,0,1,0.014922,yes,0.025,0.820,66.8,NA,NA,NA,NA,NA
4,100,sqrt,0,5000,guided,0,0,1,0.085384,no,0.098,1.461,19.9,NA,NA,NA,NA,NA
16,10,sqrt,1000,10000,dynamic,10,0,1,0.003253,yes,0.017,0.794,0.0,NA,NA,NA,NA,NA
2,100,sqrt,1000,10000,static,0,50,1,8.756379,no,8.781,4.605,0.5,NA,NA,NA,NA,NA
8,100,sqrt,0,5000,dynamic,0,0,1,0.079616,no,0.103,1.343,32.5,NA,NA,NA,NA,NA
8,50,sqrt,10,5000,static,10,0,1,0.136325,yes,0.147,0.747,25.2,NA,NA,NA,NA,NA
16,100,sqrt,10,5000,dynamic,0,50,1,1.189415,no,1.218,2.844,14.2,NA,NA,NA,NA,NA
16,10,sqrt,1000,10000,dynamic,10,50,1,0.004916,yes,0.012,1.231,0.0,NA,NA,NA,NA,NA
4,10,hogwild,0,5000,guided,1,50,1,0.004289,yes,0.014,1.422,62.2,NA,NA,NA,NA,NA
16,50,sqrt,10,10000,dynamic,10,50,1,3.639652,no,3.649,0.932,16.1,NA,NA,NA,NA,NA
4,50,sqrt,0,10000,dynamic,1,50,1,0.810366,no,0.827,4.152,1.9,NA,NA,NA,NA,NA
4,50,sqrt,10,5000,guided,1,0,1,0.047613,yes,0.057,1.442,35.1,NA,NA,NA,NA,NA
8,100,sqrt,10,5000,guided,0,0,1,0.129081,no,0.140,1.493,43.2,NA,NA,NA,NA,NA
40,10,sqrt,1000,10000,static,0,0,1,0.005612,yes,0.022,0.487,58.0,NA,NA,NA,NA,NA
20,100,sqrt,1000,10000,static,10,50,1,1.068969,no,1.099,4.510,1.0,NA,NA,NA,NA,NA
4,50,statespace,0,10000,guided,1,50,1,0.788273,no,0.798,4.277,1.0,NA,NA,NA,NA,NA
40,10,statespace,0,10000,dynamic,0,0,1,0.009018,yes,0.019,0.300,76.8,NA,NA,NA,NA,NA
40,10,sqrt,0,10000,static,10,0,1,0.016879,yes,0.033,0.277,70.0,NA,NA,NA,NA,NA
2,10,sqrt,0,5000,guided,10,50,1,0.006189,yes,0.018,1.814,40.8,NA,NA,NA,NA,NA
2,100,sqrt,10,5000,dynamic,10,50,1,9.028799,no,9.068,4.129,2.4,NA,NA,NA,NA,NA
4,50,statespace,0,10000,static,0,50,1,0.797191,no,0.812,4.293,1.1,NA,NA,NA,NA,NA
8,10,sqrt,1000,5000,static,10,50,1,0.003373,yes,0.027,1.479,0.0,NA,NA,NA,NA,NA
2,100,sqrt,0,5000,static,1,0,1,0.108988,yes,0.130,1.438,16.6,NA,NA,NA,NA,NA
8,50,statespace,0,5000,dynamic,10,50,1,0.301000,no,0.313,4.243,0.4,NA,NA,NA,NA,NA
4,50,sqrt,0,10000,dynamic,0,50,1,0.814684,no,0.824,4.142,2.2,NA,NA,NA,NA,NA
16,100,hogwild,0,5000,guided,1,50,1,0.717821,no,0.745,4.011,1.1,NA,NA,NA,NA,NA
4,10,sqrt,10,5000,guided,0,0,1,0.005556,yes,0.017,0.840,61.2,NA,NA,NA,NA,NA
2,100,hogwild,0,5000,guided,0,0,1,0.074389,yes,0.087,1.273,12.2,NA,NA,NA,NA,NA
8,50,sqrt,10,5000,guided,0,0,1,0.050393,no,0.062,1.200,41.1,NA,NA,NA,NA,NA
16,10,sqrt,1000,5000,dynamic,10,0,1,0.003065,yes,0.024,0.702,0.0,NA,NA,NA,NA,NA
40,50,sqrt,1000,10000,dynamic,10,0,1,0.032590,no,0.045,0.724,48.3,NA,NA,NA,NA,NA
2,50,statespace,0,10000,guided,10,0,1,0.042235,yes,0.058,1.489,38.6,NA,NA,NA,NA,NA
4,50,sqrt,1000,5000,static,10,0,1,0.025418,yes,0.042,1.322,30.7,NA,NA,NA,NA,NA
40,10,statespace,0,5000,guided,1,50,1,0.014967,no,0.035,0.415,56.5,NA,NA,NA,NA,NA
40,100,statespace,0,5000,dynamic,10,0,1,0.052862,no,0.079,0.759,38.6,NA,NA,NA,NA,NA
40,50,sqrt,0,10000,dynamic,10,50,1,2.232679,no,2.256,1.026,17.4,NA,NA,NA,NA,NA
4,50,hogwild,0,10000,static,0,0,1,0.026934,yes,0.043,1.100,86.5,NA,NA,NA,NA,NA
2,50,sqrt,10,10000,static,10,0,1,0.113435,yes,0.129,1.435,18.1,NA,NA,NA,NA,NA
16,100,statespace,0,5000,static,1,50,1,0.654918,no,0.680,4.525,1.5,NA,NA,NA,NA,NA
16,50,sqrt,10,5000,static,0,0,1,0.070274,no,0.089,0.761,54.9,NA,NA,NA,NA,NA
8,100,hogwild,0,10000,static,1,50,1,2.861377,no,2.895,4.229,1.6,NA,NA,NA,NA,NA
20,50,sqrt,1000,10000,guided,0,50,1,0.250389,no,0.269,4.150,1.7,NA,NA,NA,NA,NA
20,100,sqrt,0,10000,static,10,0,1,0.402510,no,0.416,0.614,43.7,NA,NA,NA,NA,NA
16,50,sqrt,10,5000,guided,10,0,1,0.177877,no,0.194,0.579,29.6,NA,NA,NA,NA,NA
2,100,statespace,0,10000,guided,10,50,1,8.733394,no,8.772,4.584,0.6,NA,NA,NA,NA,NA
8,100,hogwild,0,10000,static,0,0,1,0.038528,yes,0.047,1.075,75.3,NA,NA,NA,NA,NA
2,50,statespace,0,5000,static,10,0,1,0.028878,yes,0.045,1.425,30.3,NA,NA,NA,NA,NA
8,100,hogwild,0,10000,static,1,0,1,0.034480,yes,0.043,1.183,67.5,NA,NA,NA,NA,NA
20,50,sqrt,1000,10000,guided,0,0,1,0.022334,no,0.034,1.124,39.6,NA,NA,NA,NA,NA
16,100,sqrt,10,5000,static,1,0,1,0.186940,no,0.197,0.900,61.0,NA,NA,NA,NA,NA
4,10,sqrt,0,10000,static,1,50,1,0.008712,yes,0.019,1.560,49.2,NA,NA,NA,NA,NA
2,100,sqrt,10,5000,dynamic,0,50,1,4.438897,no,4.466,4.549,1.1,NA,NA,NA,NA,NA
2,10,hogwild,0,5000,static,0,50,1,0.006276,yes,0.021,1.635,51.2,NA,NA,NA,NA,NA
20,100,sqrt,10,10000,dynamic,10,0,1,0.854262,no,0.866,0.590,43.8,NA,NA,NA,NA,NA
16,10,statespace,0,5000,static,0,50,1,0.007723,yes,0.016,0.753,0.0,NA,NA,NA,NA,NA
8,100,statespace,0,10000,guided,1,0,1,0.069454,no,0.079,1.298,10.0,NA,NA,NA,NA,NA
2,50,sqrt,0,10000,guided,0,50,1,1.290334,no,1.302,4.201,1.7,NA,NA,NA,NA,NA
4,100,sqrt,1000,10000,guided,0,50,1,4.876196,no,4.902,4.565,0.7,NA,NA,NA,NA,NA
8,100,sqrt,1000,10000,guided,1,50,1,2.571683,no,2.607,4.542,1.1,NA,NA,NA,NA,NA
8,50,sqrt,0,5000,static,1,0,1,0.031649,no,0.048,1.198,51.4,NA,NA,NA,NA,NA
4,100,sqrt,1000,10000,dynamic,1,50,1,4.870073,no,4.898,4.555,0.9,NA,NA,NA,NA,NA
20,100,sqrt,10,5000,guided,1,50,1,1.228840,no,1.257,2.328,19.6,NA,NA,NA,NA,NA
40,100,sqrt,10,5000,static,0,0,1,0.370958,no,0.385,0.423,61.9,NA,NA,NA,NA,NA
8,10,sqrt,10,5000,guided,1,50,1,0.007665,yes,0.022,0.871,68.4,NA,NA,NA,NA,NA
40,10,sqrt,0,10000,guided,0,50,1,0.074803,yes,0.085,0.348,20.4,NA,NA,NA,NA,NA
40,50,hogwild,0,5000,static,1,50,1,0.083343,no,0.096,2.140,22.1,NA,NA,NA,NA,NA
40,100,hogwild,0,5000,dynamic,1,50,1,0.477832,no,0.510,2.423,2.2,NA,NA,NA,NA,NA
20,100,sqrt,1000,10000,guided,1,0,1,0.050765,no,0.064,1.122,48.0,NA,NA,NA,NA,NA
2,10,sqrt,0,10000,guided,0,0,1,0.005306,yes,0.015,1.471,0.0,NA,NA,NA,NA,NA
2,100,statespace,0,10000,dynamic,1,0,1,0.138659,no,0.156,1.385,10.4,NA,NA,NA,NA,NA
16,10,sqrt,1000,10000,dynamic,0,50,1,0.005040,yes,0.020,1.220,0.0,NA,NA,NA,NA,NA
4,10,sqrt,1000,5000,static,0,50,1,0.003957,yes,0.014,1.776,28.4,NA,NA,NA,NA,NA
20,10,sqrt,0,5000,guided,10,50,1,0.019926,yes,0.030,0.406,81.1,NA,NA,NA,NA,NA
20,100,sqrt,1000,10000,dynamic,0,0,1,0.048570,no,0.065,1.149,49.6,NA,NA,NA,NA,NA
8,10,statespace,0,10000,static,10,0,1,0.004114,yes,0.018,0.911,0.0,NA,NA,NA,NA,NA
20,50,sqrt,0,5000,guided,1,50,1,0.179117,no,0.192,3.281,16.1,NA,NA,NA,NA,NA
16,50,statespace,0,10000,static,10,0,1,0.024613,no,0.037,1.146,34.1,NA,NA,NA,NA,NA
8,100,sqrt,10,5000,guided,10,50,1,8.931676,no,8.965,2.993,7.3,NA,NA,NA,NA,NA
16,50,sqrt,0,5000,dynamic,1,50,1,0.280211,no,0.300,2.604,13.2,NA,NA,NA,NA,NA
16,100,hogwild,0,10000,dynamic,1,0,1,0.024552,yes,0.038,0.890,87.7,NA,NA,NA,NA,NA
4,50,sqrt,1000,10000,static,0,0,1,0.032785,yes,0.054,1.388,30.2,NA,NA,NA,NA,NA
8,50,sqrt,1000,5000,dynamic,0,50,1,0.288880,no,0.301,4.257,1.5,NA,NA,NA,NA,NA
20,10,hogwild,0,5000,dynamic,10,50,1,0.006545,yes,0.020,0.408,96.0,NA,NA,NA,NA,NA
8,100,sqrt,1000,10000,dynamic,0,50,1,2.540751,no,2.579,4.526,0.9,NA,NA,NA,NA,NA
16,50,statespace,0,5000,static,1,50,1,0.179677,no,0.197,4.129,1.4,NA,NA,NA,NA,NA
16,100,sqrt,10,5000,guided,0,0,1,0.187469,no,0.200,0.902,58.7,NA,NA,NA,NA,NA
2,10,sqrt,0,5000,dynamic,0,50,1,0.006031,yes,0.026,1.812,40.7,NA,NA,NA,NA,NA
16,50,sqrt,0,10000,static,0,50,1,0.460726,no,0.473,2.570,11.7,NA,NA,NA,NA,NA
16,50,sqrt,10,5000,dynamic,0,50,1,0.333999,no,0.344,2.077,19.6,NA,NA,NA,NA,NA
4,100,hogwild,0,5000,guided,10,50,1,2.441079,no,2.468,4.567,0.8,NA,NA,NA,NA,NA
4,10,sqrt,10,5000,static,10,0,1,0.008263,yes,0.018,0.778,39.6,NA,NA,NA,NA,NA
4,100,sqrt,10,5000,dynamic,10,50,1,8.928785,no,8.960,3.704,4.1,NA,NA,NA,NA,NA
4,50,statespace,0,10000,static,10,50,1,0.804071,no,0.826,4.294,0.9,NA,NA,NA,NA,NA
16,50,sqrt,1000,10000,dynamic,0,50,1,0.287927,no,0.308,4.210,2.1,NA,NA,NA,NA,NA
8,50,sqrt,1000,5000,guided,10,50,1,0.295987,no,0.310,4.178,1.7,NA,NA,NA,NA,NA
20,10,sqrt,0,10000,guided,1,0,1,0.023466,yes,0.045,0.188,100.0,NA,NA,NA,NA,NA
16,50,sqrt,0,10000,static,10,50,1,1.726459,no,1.745,1.539,13.5,NA,NA,NA,NA,NA
4,100,sqrt,10,5000,dynamic,1,50,1,2.966394,no,2.994,3.948,3.2,NA,NA,NA,NA,NA
2,100,sqrt,10,10000,guided,1,50,1,8.905849,no,8.941,4.548,1.2,NA,NA,NA,NA,NA
4,10,hogwild,0,5000,static,1,50,1,0.004411,yes,0.015,1.397,0.0,NA,NA,NA,NA,NA
40,50,sqrt,10,5000,guided,0,0,1,0.118456,no,0.131,0.410,60.9,NA,NA,NA,NA,NA
2,100,sqrt,1000,5000,static,10,0,1,0.099401,no,0.118,1.353,6.1,NA,NA,NA,NA,NA
20,10,sqrt,0,10000,dynamic,1,0,1,0.019117,yes,0.034,0.224,100.0,NA,NA,NA,NA,NA
20,50,statespace,0,5000,static,0,0,1,0.019765,no,0.043,1.048,31.0,NA,NA,NA,NA,NA
2,10,hogwild,0,5000,guided,10,50,1,0.006303,yes,0.019,1.630,55.0,NA,NA,NA,NA,NA
8,100,sqrt,0,10000,guided,10,0,1,0.184372,no,0.195,1.083,20.9,NA,NA,NA,NA,NA
8,10,sqrt,10,5000,guided,1,0,1,0.005761,yes,0.012,0.645,79.0,NA,NA,NA,NA,NA
16,100,hogwild,0,5000,static,10,50,1,0.777504,no,0.811,4.117,6.1,NA,NA,NA,NA,NA
20,50,sqrt,10,5000,guided,0,0,1,0.081023,no,0.098,0.647,62.3,NA,NA,NA,NA,NA
8,10,sqrt,1000,10000,guided,1,50,1,0.004432,yes,0.012,1.716,0.0,NA,NA,NA,NA,NA
8,50,sqrt,1000,10000,dynamic,0,0,1,0.024656,yes,0.031,1.319,29.9,NA,NA,NA,NA,NA
16,50,sqrt,10,5000,dynamic,0,0,1,0.069618,no,0.086,0.759,58.4,NA,NA,NA,NA,NA
16,50,hogwild,0,5000,guided,10,0,1,0.007594,yes,0.017,0.769,71.4,NA,NA,NA,NA,NA
8,50,sqrt,10,10000,guided,0,0,1,0.076594,no,0.099,1.328,36.5,NA,NA,NA,NA,NA
2,50,sqrt,0,10000,static,0,0,1,0.046158,yes,0.063,1.580,11.0,NA,NA,NA,NA,NA
4,50,sqrt,0,5000,guided,1,0,1,0.027080,no,0.042,1.454,47.3,NA,NA,NA,NA,NA
20,100,statespace,0,10000,dynamic,10,0,1,0.046265,no,0.059,1.185,31.6,NA,NA,NA,NA,NA
20,50,sqrt,1000,10000,static,1,0,1,0.023718,no,0.036,1.108,42.2,NA,NA,NA,NA,NA
8,100,hogwild,0,10000,static,10,0,1,0.035510,yes,0.048,1.185,56.4,NA,NA,NA,NA,NA
16,50,statespace,0,5000,static,0,50,1,0.171480,no,0.180,4.162,1.1,NA,NA,NA,NA,NA
40,10,sqrt,0,5000,static,1,50,1,0.012848,no,0.036,0.337,61.9,NA,NA,NA,NA,NA
8,50,sqrt,10,5000,guided,1,0,1,0.048828,no,0.060,1.229,39.2,NA,NA,NA,NA,NA
16,10,hogwild,0,10000,guided,10,0,1,0.007549,yes,0.018,0.252,75.6,NA,NA,NA,NA,NA
40,100,sqrt,1000,10000,static,0,50,1,0.981915,no,1.016,2.417,2.6,NA,NA,NA,NA,NA
2,10,sqrt,0,10000,static,10,0,1,0.005934,yes,0.019,1.392,37.1,NA,NA,NA,NA,NA
20,10,sqrt,1000,10000,static,1,50,1,0.005457,yes,0.022,1.097,55.5,NA,NA,NA,NA,NA
20,100,sqrt,0,5000,guided,1,0,1,0.128663,no,0.142,0.731,72.7,NA,NA,NA,NA,NA
8,10,hogwild,0,5000,dynamic,1,0,1,0.002384,yes,0.013,0.700,0.0,NA,NA,NA,NA,NA
4,100,sqrt,0,10000,static,10,50,1,7.449707,no,7.492,4.377,1.4,NA,NA,NA,NA,NA
8,100,hogwild,0,5000,dynamic,0,0,1,0.022883,yes,0.036,1.171,66.6,NA,NA,NA,NA,NA
20,50,hogwild,0,10000,guided,10,0,1,0.011631,yes,0.020,0.686,70.1,NA,NA,NA,NA,NA
2,50,sqrt,10,5000,static,1,50,1,0.777999,no,0.791,3.938,3.3,NA,NA,NA,NA,NA
2,10,hogwild,0,5000,guided,0,50,1,0.006342,yes,0.013,1.617,58.5,NA,NA,NA,NA,NA
2,100,hogwild,0,5000,dynamic,0,50,1,4.431215,no,4.468,4.518,1.2,NA,NA,NA,NA,NA
8,100,hogwild,0,10000,dynamic,0,50,1,2.681301,no,2.707,4.308,2.6,NA,NA,NA,NA,NA
16,10,hogwild,0,10000,guided,1,50,1,0.008370,yes,0.020,0.495,72.4,NA,NA,NA,NA,NA
40,10,statespace,0,5000,guided,1,0,1,0.006857,no,0.023,0.317,54.3,NA,NA,NA,NA,NA
2,10,hogwild,0,5000,dynamic,1,0,1,0.003106,yes,0.017,1.174,0.0,NA,NA,NA,NA,NA
4,100,hogwild,0,10000,dynamic,1,50,1,4.884419,no,4.912,4.565,1.0,NA,NA,NA,NA,NA
16,50,statespace,0,10000,guided,10,0,1,0.023397,no,0.035,1.180,32.7,NA,NA,NA,NA,NA
20,10,sqrt,10,5000,dynamic,10,0,1,0.021871,yes,0.032,0.257,100.0,NA,NA,NA,NA,NA
2,50,hogwild,0,10000,dynamic,10,50,1,1.301389,no,1.314,4.019,3.4,NA,NA,NA,NA,NA
8,10,hogwild,0,5000,static,0,50,1,0.003241,yes,0.014,1.167,0.0,NA,NA,NA,NA,NA
16,100,statespace,0,5000,guided,0,50,1,0.640469,no,0.675,4.499,2.5,NA,NA,NA,NA,NA
40,10,sqrt,0,5000,guided,0,0,1,0.011105,yes,0.026,0.226,86.9,NA,NA,NA,NA,NA
40,10,statespace,0,5000,static,10,0,1,0.007550,yes,0.028,0.355,48.4,NA,NA,NA,NA,NA
4,10,sqrt,0,5000,guided,1,50,1,0.004740,yes,0.014,1.560,40.4,NA,NA,NA,NA,NA
2,100,sqrt,10,10000,guided,10,0,1,0.378257,yes,0.391,1.499,16.9,NA,NA,NA,NA,NA
16,50,sqrt,1000,10000,dynamic,10,50,1,0.309641,no,0.327,4.061,1.9,NA,NA,NA,NA,NA
2,10,statespace,0,10000,static,0,0,1,0.005248,yes,0.015,1.472,35.0,NA,NA,NA,NA,NA
20,100,statespace,0,5000,static,10,0,1,0.035691,no,0.049,1.088,36.2,NA,NA,NA,NA,NA
4,50,sqrt,10,5000,guided,0,0,1,0.044076,yes,0.054,1.548,20.0,NA,NA,NA,NA,NA
8,100,sqrt,10,5000,dynamic,1,50,1,2.079787,no,2.113,3.133,7.0,NA,NA,NA,NA,NA
2,100,sqrt,0,10000,dynamic,1,50,1,8.781376,no,8.815,4.588,0.7,NA,NA,NA,NA,NA
4,50,statespace,0,5000,static,1,50,1,0.465471,no,0.483,4.282,1.8,NA,NA,NA,NA,NA
16,10,sqrt,10,5000,guided,0,50,1,0.020120,yes,0.031,0.298,95.5,NA,NA,NA,NA,NA
4,100,sqrt,10,10000,dynamic,1,0,1,0.236789,no,0.249,1.828,22.5,NA,NA,NA,NA,NA
2,10,statespace,0,10000,guided,10,50,1,0.011802,yes,0.031,1.837,38.2,NA,NA,NA,NA,NA
40,100,sqrt,0,5000,guided,10,50,1,3.841097,no,3.870,1.865,7.8,NA,NA,NA,NA,NA
8,100,sqrt,10,5000,static,10,50,1,8.916092,no,8.953,2.997,7.6,NA,NA,NA,NA,NA
4,50,statespace,0,10000,dynamic,1,50,1,0.780186,no,0.799,4.315,0.8,NA,NA,NA,NA,NA
8,100,statespace,0,10000,static,0,50,1,2.586775,no,2.620,4.540,0.9,NA,NA,NA,NA,NA
20,10,sqrt,10,5000,dynamic,1,50,1,0.022359,yes,0.037,0.259,100.0,NA,NA,NA,NA,NA
40,10,sqrt,0,10000,static,1,50,1,0.019670,yes,0.027,0.280,95.1,NA,NA,NA,NA,NA
40,50,sqrt,1000,10000,guided,0,50,1,0.258540,no,0.271,2.262,9.5,NA,NA,NA,NA,NA
2,10,statespace,0,5000,guided,10,0,1,0.002931,yes,0.009,1.400,0.0,NA,NA,NA,NA,NA
20,100,hogwild,0,10000,static,1,50,1,1.276046,no,1.300,3.828,1.9,NA,NA,NA,NA,NA
40,50,sqrt,1000,10000,dynamic,1,0,1,0.029528,no,0.040,0.772,56.1,NA,NA,NA,NA,NA
40,50,sqrt,10,10000,static,1,0,1,0.210809,yes,0.218,0.401,56.1,NA,NA,NA,NA,NA
2,10,sqrt,10,10000,dynamic,10,50,1,0.025041,yes,0.033,1.246,34.0,NA,NA,NA,NA,NA
20,10,hogwild,0,10000,guided,10,50,1,0.009795,yes,0.018,0.397,85.3,NA,NA,NA,NA,NA
16,50,sqrt,10,5000,static,1,0,1,0.068797,no,0.085,0.764,58.7,NA,NA,NA,NA,NA
4,10,hogwild,0,5000,guided,0,0,1,0.002828,yes,0.011,0.837,0.0,NA,NA,NA,NA,NA
40,50,statespace,0,10000,static,10,0,1,0.031011,no,0.042,0.754,43.7,NA,NA,NA,NA,NA
2,10,sqrt,1000,5000,static,10,0,1,0.002655,yes,0.009,1.415,0.0,NA,NA,NA,NA,NA
4,10,sqrt,1000,5000,dynamic,0,50,1,0.003911,yes,0.014,1.784,0.0,NA,NA,NA,NA,NA
8,50,hogwild,0,5000,static,0,50,1,0.231472,no,0.241,3.702,9.6,NA,NA,NA,NA,NA
16,100,sqrt,10,5000,guided,10,0,1,0.398033,no,0.421,0.670,37.1,NA,NA,NA,NA,NA
4,50,sqrt,1000,5000,static,0,0,1,0.025874,yes,0.037,1.321,34.8,NA,NA,NA,NA,NA
8,100,sqrt,0,5000,dynamic,0,50,1,1.630482,no,1.665,3.753,4.5,NA,NA,NA,NA,NA
40,10,statespace,0,10000,guided,1,50,1,0.013283,yes,0.024,0.357,87.1,NA,NA,NA,NA,NA
8,10,hogwild,0,5000,guided,0,0,1,0.002810,yes,0.025,0.603,42.5,NA,NA,NA,NA,NA
40,10,sqrt,10,10000,static,0,0,1,0.034686,yes,0.053,0.182,100.0,NA,NA,NA,NA,NA
8,50,sqrt,0,10000,dynamic,0,0,1,0.036871,yes,0.047,1.337,48.2,NA,NA,NA,NA,NA
2,10,sqrt,10,10000,static,1,50,1,0.015299,yes,0.034,1.720,33.6,NA,NA,NA,NA,NA
40,100,sqrt,1000,5000,guided,10,50,1,0.586131,no,0.613,2.429,4.5,NA,NA,NA,NA,NA
8,50,hogwild,0,10000,static,10,0,1,0.013268,yes,0.024,1.186,68.3,NA,NA,NA,NA,NA
8,10,statespace,0,10000,dynamic,1,50,1,0.005534,yes,0.016,1.439,51.9,NA,NA,NA,NA,NA
4,100,sqrt,10,5000,static,10,0,1,0.293727,no,0.316,1.057,17.3,NA,NA,NA,NA,NA
16,10,statespace,0,5000,guided,0,50,1,0.005287,yes,0.022,0.747,91.2,NA,NA,NA,NA,NA
16,50,sqrt,10,10000,dynamic,0,50,1,0.632365,no,0.645,1.895,18.3,NA,NA,NA,NA,NA
2,10,hogwild,0,10000,dynamic,10,50,1,0.014080,yes,0.021,1.514,62.9,NA,NA,NA,NA,NA
40,50,sqrt,10,10000,static,0,50,1,1.045332,no,1.059,0.697,23.3,NA,NA,NA,NA,NA
40,100,sqrt,1000,10000,dynamic,0,50,1,0.985589,no,1.018,2.409,2.9,NA,NA,NA,NA,NA
20,50,statespace,0,5000,guided,0,0,1,0.019017,no,0.038,1.067,34.1,NA,NA,NA,NA,NA
8,100,sqrt,10,5000,guided,1,50,1,2.092627,no,2.126,3.130,7.1,NA,NA,NA,NA,NA
8,100,hogwild,0,5000,dynamic,10,50,1,1.332727,no,1.356,4.346,1.4,NA,NA,NA,NA,NA
8,10,sqrt,0,5000,guided,0,0,1,0.004834,yes,0.016,0.567,0.0,NA,NA,NA,NA,NA
16,100,sqrt,0,5000,static,10,50,1,5.364585,no,5.406,2.580,13.5,NA,NA,NA,NA,NA
40,50,sqrt,0,5000,dynamic,10,0,1,0.083055,no,0.105,0.422,67.6,NA,NA,NA,NA,NA
20,10,sqrt,1000,10000,static,1,0,1,0.003873,yes,0.020,0.730,0.0,NA,NA,NA,NA,NA
2,100,sqrt,10,10000,static,0,50,1,8.999008,no,9.024,4.509,1.3,NA,NA,NA,NA,NA
2,100,hogwild,0,10000,dynamic,1,50,1,8.826326,no,8.858,4.574,0.8,NA,NA,NA,NA,NA
4,10,sqrt,1000,10000,dynamic,0,50,1,0.006674,yes,0.025,1.851,36.5,NA,NA,NA,NA,NA
4,100,statespace,0,10000,static,0,0,1,0.126057,no,0.140,1.285,13.9,NA,NA,NA,NA,NA
2,100,sqrt,10,10000,dynamic,1,50,1,8.934970,no,8.959,4.551,1.1,NA,NA,NA,NA,NA
8,50,sqrt,0,5000,static,0,0,1,0.041227,no,0.050,1.050,51.2,NA,NA,NA,NA,NA
16,50,statespace,0,5000,static,1,0,1,0.019316,no,0.033,1.110,34.3,NA,NA,NA,NA,NA
16,50,hogwild,0,10000,dynamic,10,50,1,0.238812,no,0.252,3.259,17.6,NA,NA,NA,NA,NA
16,50,sqrt,10,5000,guided,1,0,1,0.072389,no,0.082,0.747,55.8,NA,NA,NA,NA,NA
8,50,statespace,0,10000,guided,10,50,1,0.489556,no,0.506,4.244,1.2,NA,NA,NA,NA,NA
8,100,statespace,0,5000,dynamic,1,0,1,0.039151,no,0.049,1.262,31.2,NA,NA,NA,NA,NA
16,10,sqrt,1000,10000,guided,10,0,1,0.003690,yes,0.014,0.770,0.0,NA,NA,NA,NA,NA
40,50,hogwild,0,10000,static,1,50,1,0.150689,no,0.175,2.196,16.0,NA,NA,NA,NA,NA
4,50,hogwild,0,5000,dynamic,10,0,1,0.015785,yes,0.026,1.143,69.3,NA,NA,NA,NA,NA
2,10,sqrt,10,10000,dynamic,0,0,1,0.009445,yes,0.020,1.321,48.8,NA,NA,NA,NA,NA
2,10,statespace,0,5000,guided,1,0,1,0.002776,yes,0.009,1.357,0.0,NA,NA,NA,NA,NA
8,10,sqrt,1000,5000,guided,1,50,1,0.002930,yes,0.011,1.581,0.0,NA,NA,NA,NA,NA
8,100,statespace,0,5000,static,1,50,1,1.274079,no,1.297,4.541,1.1,NA,NA,NA,NA,NA
8,100,sqrt,0,10000,dynamic,10,0,1,0.186901,no,0.198,1.072,21.5,NA,NA,NA,NA,NA
40,50,hogwild,0,10000,guided,0,50,1,0.147954,no,0.161,2.201,11.0,NA,NA,NA,NA,NA
20,100,sqrt,10,10000,guided,10,50,1,18.235147,no,18.262,1.853,17.2,NA,NA,NA,NA,NA
8,100,sqrt,1000,5000,guided,0,50,1,1.279066,no,1.304,4.492,1.1,NA,NA,NA,NA,NA
4,10,sqrt,0,10000,dynamic,10,50,1,0.010497,yes,0.021,1.399,37.1,NA,NA,NA,NA,NA
4,10,sqrt,0,5000,static,10,0,1,0.003329,yes,0.014,0.965,0.0,NA,NA,NA,NA,NA
8,100,statespace,0,10000,guided,0,0,1,0.069495,no,0.081,1.295,8.4,NA,NA,NA,NA,NA
8,100,sqrt,1000,10000,static,0,50,1,2.680380,no,2.707,4.500,1.3,NA,NA,NA,NA,NA
20,10,sqrt,0,5000,static,10,0,1,0.015456,yes,0.026,0.286,83.0,NA,NA,NA,NA,NA
2,100,sqrt,10,5000,dynamic,0,0,1,0.169071,no,0.182,1.748,17.9,NA,NA,NA,NA,NA
20,50,sqrt,0,10000,dynamic,1,0,1,0.076313,no,0.092,0.718,58.2,NA,NA,NA,NA,NA
2,100,sqrt,0,5000,guided,0,0,1,0.108916,yes,0.118,1.443,16.1,NA,NA,NA,NA,NA
20,10,sqrt,0,10000,guided,0,0,1,0.022579,yes,0.031,0.206,100.0,NA,NA,NA,NA,NA
20,50,sqrt,10,5000,dynamic,10,0,1,0.194640,no,0.216,0.534,33.2,NA,NA,NA,NA,NA
40,10,hogwild,0,5000,guided,1,0,1,0.007310,yes,0.014,0.223,80.5,NA,NA,NA,NA,NA
40,100,sqrt,10,10000,guided,10,0,1,1.213942,no,1.225,0.408,44.0,NA,NA,NA,NA,NA
16,10,sqrt,10,10000,guided,0,50,1,0.039698,yes,0.061,0.259,100.0,NA,NA,NA,NA,NA
16,100,statespace,0,5000,dynamic,10,50,1,0.646910,no,0.673,4.510,2.4,NA,NA,NA,NA,NA
16,10,sqrt,0,10000,guided,0,0,1,0.016555,yes,0.038,0.243,100.0,NA,NA,NA,NA,NA
20,100,hogwild,0,5000,guided,1,50,1,0.586440,no,0.611,3.935,1.5,NA,NA,NA,NA,NA
20,50,statespace,0,5000,dynamic,10,50,1,0.145211,no,0.168,4.114,2.6,NA,NA,NA,NA,NA
40,10,sqrt,10,10000,dynamic,0,50,1,0.039500,yes,0.052,0.201,100.0,NA,NA,NA,NA,NA
8,10,hogwild,0,5000,static,1,50,1,0.004092,yes,0.013,0.964,37.0,NA,NA,NA,NA,NA
40,50,sqrt,1000,10000,dynamic,1,50,1,0.258848,no,0.270,2.259,7.5,NA,NA,NA,NA,NA
40,100,statespace,0,10000,dynamic,1,50,1,0.967533,no,0.994,2.434,2.6,NA,NA,NA,NA,NA
4,10,statespace,0,10000,guided,10,50,1,0.008837,yes,0.028,1.507,42.1,NA,NA,NA,NA,NA
40,50,sqrt,10,5000,guided,10,0,1,0.251697,no,0.267,0.400,30.9,NA,NA,NA,NA,NA
40,50,hogwild,0,10000,dynamic,0,0,1,0.010417,yes,0.022,0.449,58.4,NA,NA,NA,NA,NA
16,100,statespace,0,5000,guided,1,0,1,0.032227,no,0.041,1.164,32.3,NA,NA,NA,NA,NA
40,100,hogwild,0,5000,dynamic,0,50,1,0.476767,no,0.505,2.426,2.2,NA,NA,NA,NA,NA
8,10,sqrt,10,10000,dynamic,10,50,1,0.033506,yes,0.047,0.631,47.3,NA,NA,NA,NA,NA
4,10,sqrt,0,5000,dynamic,0,50,1,0.004707,yes,0.018,1.524,48.3,NA,NA,NA,NA,NA
4,50,hogwild,0,5000,static,10,0,1,0.015943,yes,0.030,1.149,69.9,NA,NA,NA,NA,NA
16,100,hogwild,0,5000,guided,10,50,1,0.755204,no,0.783,3.991,5.3,NA,NA,NA,NA,NA
8,10,statespace,0,5000,dynamic,1,0,1,0.002215,yes,0.018,0.937,0.0,NA,NA,NA,NA,NA
2,100,sqrt,1000,10000,static,10,0,1,0.136430,yes,0.154,1.367,13.6,NA,NA,NA,NA,NA
40,50,statespace,0,5000,dynamic,10,0,1,0.022837,no,0.033,0.706,39.5,NA,NA,NA,NA,NA
8,50,sqrt,10,10000,static,10,0,1,0.193105,yes,0.217,0.813,22.5,NA,NA,NA,NA,NA
4,100,sqrt,1000,10000,guided,1,0,1,0.108608,no,0.119,1.340,13.7,NA,NA,NA,NA,NA
4,50,sqrt,10,10000,dynamic,1,50,1,0.934305,no,0.948,3.601,4.5,NA,NA,NA,NA,NA
40,50,hogwild,0,5000,guided,0,0,1,0.008589,yes,0.023,0.441,62.6,NA,NA,NA,NA,NA
16,100,sqrt,0,10000,guided,0,50,1,1.756030,no,1.794,3.559,8.8,NA,NA,NA,NA,NA
20,50,hogwild,0,5000,dynamic,0,0,1,0.007465,yes,0.019,0.701,65.1,NA,NA,NA,NA,NA
16,100,statespace,0,10000,dynamic,1,0,1,0.048954,no,0.063,1.218,29.3,NA,NA,NA,NA,NA
40,50,sqrt,0,5000,dynamic,0,0,1,0.043822,no,0.057,0.458,98.6,NA,NA,NA,NA,NA
4,10,sqrt,10,10000,static,1,50,1,0.013936,yes,0.020,1.255,52.5,NA,NA,NA,NA,NA
20,10,hogwild,0,10000,dynamic,10,50,1,0.009050,yes,0.025,0.412,80.3,NA,NA,NA,NA,NA
16,100,sqrt,1000,5000,dynamic,1,0,1,0.033572,no,0.048,1.144,48.5,NA,NA,NA,NA,NA
4,10,sqrt,0,10000,guided,1,50,1,0.008461,yes,0.015,1.554,47.7,NA,NA,NA,NA,NA
16,100,statespace,0,5000,static,1,0,1,0.033802,no,0.051,1.141,33.9,NA,NA,NA,NA,NA
2,50,hogwild,0,5000,static,0,50,1,0.680694,no,0.693,4.172,2.2,NA,NA,NA,NA,NA
40,100,sqrt,10,5000,dynamic,1,0,1,0.372833,no,0.382,0.421,61.6,NA,NA,NA,NA,NA
8,10,statespace,0,10000,guided,10,0,1,0.004329,yes,0.014,0.854,58.6,NA,NA,NA,NA,NA
2,50,sqrt,1000,5000,dynamic,10,50,1,0.706310,no,0.718,4.305,1.1,NA,NA,NA,NA,NA
20,100,sqrt,10,10000,guided,0,50,1,2.468228,no,2.497,2.324,18.4,NA,NA,NA,NA,NA
2,50,hogwild,0,5000,guided,10,0,1,0.026887,yes,0.038,1.209,67.2,NA,NA,NA,NA,NA
20,100,hogwild,0,5000,static,0,50,1,0.658425,no,0.686,3.902,6.8,NA,NA,NA,NA,NA
2,50,sqrt,10,5000,dynamic,10,0,1,0.072562,yes,0.084,1.286,16.7,NA,NA,NA,NA,NA
20,100,statespace,0,10000,static,10,0,1,0.048180,no,0.065,1.183,26.2,NA,NA,NA,NA,NA
20,100,sqrt,10,10000,dynamic,0,0,1,0.504523,no,0.513,0.677,59.9,NA,NA,NA,NA,NA
8,100,hogwild,0,5000,static,0,50,1,1.381985,no,1.406,4.382,2.5,NA,NA,NA,NA,NA
16,100,statespace,0,5000,dynamic,10,0,1,0.033102,no,0.046,1.147,36.3,NA,NA,NA,NA,NA
20,100,statespace,0,5000,dynamic,10,50,1,0.531823,no,0.555,4.467,1.1,NA,NA,NA,NA,NA
4,100,hogwild,0,10000,guided,1,50,1,4.888058,no,4.916,4.585,0.8,NA,NA,NA,NA,NA
2,10,hogwild,0,10000,dynamic,0,50,1,0.012384,no,0.033,1.694,51.4,NA,NA,NA,NA,NA
8,50,sqrt,0,10000,static,10,0,1,0.063878,no,0.080,0.949,21.5,NA,NA,NA,NA,NA
4,10,sqrt,1000,10000,guided,1,0,1,0.003350,yes,0.014,1.362,0.0,NA,NA,NA,NA,NA
8,100,statespace,0,10000,static,10,50,1,2.619106,no,2.656,4.477,0.9,NA,NA,NA,NA,NA
2,50,sqrt,10,10000,guided,1,0,1,0.077494,yes,0.094,1.889,11.8,NA,NA,NA,NA,NA
16,10,sqrt,1000,10000,static,10,0,1,0.003545,yes,0.013,0.791,48.7,NA,NA,NA,NA,NA
8,50,sqrt,1000,5000,static,1,50,1,0.298182,no,0.311,4.203,1.6,NA,NA,NA,NA,NA
40,10,sqrt,10,5000,dynamic,1,50,1,0.021584,yes,0.032,0.235,100.0,NA,NA,NA,NA,NA
2,50,sqrt,0,5000,guided,0,50,1,0.721310,no,0.733,4.204,1.6,NA,NA,NA,NA,NA
20,50,statespace,0,5000,static,1,50,1,0.141674,no,0.153,4.122,9.4,NA,NA,NA,NA,NA
4,50,sqrt,10,5000,guided,0,50,1,0.557987,no,0.566,3.420,4.5,NA,NA,NA,NA,NA
20,100,statespace,0,5000,guided,0,0,1,0.034302,no,0.047,1.106,42.5,NA,NA,NA,NA,NA
40,10,sqrt,1000,5000,static,0,50,1,0.005818,no,0.027,0.615,26.4,NA,NA,NA,NA,NA
2,50,hogwild,0,10000,dynamic,10,0,1,0.043275,yes,0.058,1.222,27.2,NA,NA,NA,NA,NA
8,50,sqrt,0,10000,guided,0,50,1,0.558735,no,0.571,3.546,4.7,NA,NA,NA,NA,NA
40,10,hogwild,0,5000,guided,0,0,1,0.006633,yes,0.018,0.225,92.8,NA,NA,NA,NA,NA
40,100,sqrt,10,10000,guided,1,0,1,0.698830,no,0.712,0.421,60.1,NA,NA,NA,NA,NA
40,50,hogwild,0,10000,static,0,0,1,0.010780,yes,0.022,0.460,53.5,NA,NA,NA,NA,NA
2,100,sqrt,0,10000,dynamic,0,0,1,0.145346,yes,0.158,1.531,14.7,NA,NA,NA,NA,NA
8,10,sqrt,1000,5000,dynamic,10,50,1,0.002956,yes,0.012,1.584,0.0,NA,NA,NA,NA,NA
2,100,sqrt,1000,10000,dynamic,1,50,1,8.758698,no,8.792,4.600,0.5,NA,NA,NA,NA,NA
4,10,statespace,0,10000,guided,1,50,1,0.007565,yes,0.018,1.719,49.5,NA,NA,NA,NA,NA
40,100,hogwild,0,5000,guided,0,50,1,0.726036,no,0.755,2.417,2.7,NA,NA,NA,NA,NA
20,50,sqrt,0,10000,dynamic,0,50,1,0.416124,no,0.428,2.485,15.8,NA,NA,NA,NA,NA
8,50,sqrt,0,10000,guided,1,50,1,0.553043,no,0.565,3.578,5.8,NA,NA,NA,NA,NA
4,100,sqrt,1000,10000,static,1,0,1,0.107613,no,0.131,1.347,11.2,NA,NA,NA,NA,NA
20,100,sqrt,10,5000,dynamic,0,50,1,1.229101,no,1.256,2.330,19.0,NA,NA,NA,NA,NA
16,100,sqrt,1000,10000,static,10,0,1,0.055086,no,0.068,1.141,71.1,NA,NA,NA,NA,NA
20,10,hogwild,0,10000,guided,0,50,1,0.008432,no,0.019,0.437,88.2,NA,NA,NA,NA,NA
40,100,sqrt,0,5000,dynamic,10,0,1,0.199733,no,0.223,0.429,44.9,NA,NA,NA,NA,NA
8,10,sqrt,0,10000,static,0,50,1,0.009029,yes,0.028,1.020,68.5,NA,NA,NA,NA,NA
40,10,sqrt,0,5000,dynamic,0,0,1,0.009557,yes,0.020,0.267,81.6,NA,NA,NA,NA,NA
16,10,sqrt,1000,5000,dynamic,1,50,1,0.003572,yes,0.013,1.122,65.9,NA,NA,NA,NA,NA
2,50,hogwild,0,5000,dynamic,1,0,1,0.024517,no,0.035,1.306,62.7,NA,NA,NA,NA,NA
8,100,sqrt,10,10000,dynamic,1,0,1,0.244482,no,0.268,1.519,39.7,NA,NA,NA,NA,NA
8,50,hogwild,0,10000,dynamic,1,50,1,0.431291,no,0.446,3.574,4.6,NA,NA,NA,NA,NA
16,50,hogwild,0,10000,guided,1,0,1,0.011531,yes,0.033,0.784,74.5,NA,NA,NA,NA,NA
4,50,sqrt,10,10000,static,0,0,1,0.072275,yes,0.087,1.644,19.2,NA,NA,NA,NA,NA
2,50,sqrt,0,5000,static,0,50,1,0.732896,no,0.742,4.133,2.2,NA,NA,NA,NA,NA
20,100,hogwild,0,10000,dynamic,10,50,1,1.189351,no,1.225,3.910,2.8,NA,NA,NA,NA,NA
40,100,statespace,0,10000,guided,1,0,1,0.061346,no,0.072,0.821,38.6,NA,NA,NA,NA,NA
4,10,sqrt,0,5000,guided,0,50,1,0.004846,yes,0.022,1.569,44.7,NA,NA,NA,NA,NA
20,50,sqrt,0,5000,static,0,50,1,0.187249,no,0.198,3.153,15.6,NA,NA,NA,NA,NA
20,50,sqrt,10,10000,dynamic,1,0,1,0.135331,yes,0.147,0.653,74.0,NA,NA,NA,NA,NA
8,10,sqrt,1000,5000,guided,10,0,1,0.002057,yes,0.009,1.003,0.0,NA,NA,NA,NA,NA
2,10,sqrt,0,10000,static,0,50,1,0.011334,yes,0.020,1.931,37.9,NA,NA,NA,NA,NA
16,10,hogwild,0,5000,dynamic,1,0,1,0.006563,yes,0.014,0.293,68.8,NA,NA,NA,NA,NA
20,50,sqrt,1000,10000,static,1,50,1,0.255589,no,0.265,4.090,5.4,NA,NA,NA,NA,NA
4,100,sqrt,0,10000,static,1,0,1,0.127096,no,0.139,1.505,19.7,NA,NA,NA,NA,NA
4,50,statespace,0,5000,guided,0,0,1,0.024828,yes,0.041,1.356,33.2,NA,NA,NA,NA,NA
8,100,statespace,0,10000,static,1,50,1,2.569087,no,2.606,4.562,0.6,NA,NA,NA,NA,NA
16,50,statespace,0,10000,static,1,0,1,0.024114,no,0.035,1.161,33.6,NA,NA,NA,NA,NA
20,10,sqrt,10,10000,dynamic,10,0,1,0.043191,yes,0.053,0.230,64.8,NA,NA,NA,NA,NA
40,50,sqrt,1000,5000,guided,1,50,1,0.137277,no,0.150,2.230,20.8,NA,NA,NA,NA,NA
8,10,sqrt,0,10000,dynamic,1,50,1,0.008003,yes,0.018,1.091,72.5,NA,NA,NA,NA,NA
16,50,sqrt,1000,5000,dynamic,10,50,1,0.186356,no,0.199,4.051,2.5,NA,NA,NA,NA,NA
16,50,sqrt,1000,10000,dynamic,0,0,1,0.023261,no,0.036,1.170,38.0,NA,NA,NA,NA,NA
4,10,sqrt,10,5000,guided,1,50,1,0.007676,yes,0.032,1.187,53.6,NA,NA,NA,NA,NA
40,10,sqrt,10,10000,guided,1,0,1,0.040492,yes,0.051,0.165,100.0,NA,NA,NA,NA,NA
20,100,sqrt,10,5000,dynamic,1,0,1,0.232571,no,0.249,0.697,68.6,NA,NA,NA,NA,NA
20,10,sqrt,10,5000,dynamic,1,0,1,0.018796,yes,0.025,0.224,100.0,NA,NA,NA,NA,NA
20,10,statespace,0,5000,dynamic,0,0,1,0.004957,yes,0.015,0.430,0.0,NA,NA,NA,NA,NA
40,100,sqrt,1000,10000,static,1,50,1,1.071711,no,1.099,2.394,3.7,NA,NA,NA,NA,NA
16,10,sqrt,10,10000,dynamic,10,50,1,0.054256,yes,0.065,0.353,62.0,NA,NA,NA,NA,NA
40,100,statespace,0,10000,dynamic,10,0,1,0.058550,no,0.072,0.836,38.7,NA,NA,NA,NA,NA
4,10,sqrt,10,10000,static,10,0,1,0.015498,yes,0.025,0.784,39.9,NA,NA,NA,NA,NA
8,50,statespace,0,5000,static,0,50,1,0.302864,no,0.315,4.231,1.0,NA,NA,NA,NA,NA
2,10,hogwild,0,10000,guided,0,0,1,0.005889,yes,0.026,1.246,64.9,NA,NA,NA,NA,NA
20,100,sqrt,10,5000,static,1,0,1,0.233381,no,0.246,0.696,68.8,NA,NA,NA,NA,NA
2,100,hogwild,0,10000,dynamic,10,50,1,8.778721,no,8.806,4.575,0.7,NA,NA,NA,NA,NA
4,100,hogwild,0,5000,guided,0,50,1,2.447627,no,2.474,4.546,0.9,NA,NA,NA,NA,NA
4,50,sqrt,1000,10000,dynamic,0,0,1,0.031980,yes,0.051,1.412,35.1,NA,NA,NA,NA,NA
20,100,sqrt,1000,5000,guided,0,50,1,0.529902,no,0.556,4.491,0.8,NA,NA,NA,NA,NA
40,10,statespace,0,5000,dynamic,10,0,1,0.006739,yes,0.028,0.365,43.8,NA,NA,NA,NA,NA
20,100,statespace,0,5000,dynamic,1,0,1,0.034544,no,0.053,1.107,31.5,NA,NA,NA,NA,NA
20,10,sqrt,10,10000,dynamic,0,50,1,0.034626,yes,0.044,0.267,100.0,NA,NA,NA,NA,NA
8,100,sqrt,0,5000,dynamic,10,50,1,3.734842,no,3.761,3.833,4.0,NA,NA,NA,NA,NA
8,50,sqrt,0,10000,static,0,0,1,0.038449,yes,0.046,1.298,50.2,NA,NA,NA,NA,NA
2,50,sqrt,10,5000,static,1,0,1,0.050130,yes,0.067,1.642,41.2,NA,NA,NA,NA,NA
40,10,hogwild,0,5000,static,10,0,1,0.006097,yes,0.016,0.240,69.4,NA,NA,NA,NA,NA
40,10,sqrt,0,5000,static,0,50,1,0.012033,no,0.027,0.325,69.2,NA,NA,NA,NA,NA
8,100,sqrt,0,5000,static,10,50,1,3.732782,no,3.759,3.827,4.2,NA,NA,NA,NA,NA
16,100,statespace,0,10000,static,10,50,1,1.338249,no,1.364,4.467,1.5,NA,NA,NA,NA,NA
16,10,sqrt,0,10000,dynamic,1,50,1,0.016857,yes,0.031,0.411,99.6,NA,NA,NA,NA,NA
20,10,sqrt,0,5000,dynamic,1,50,1,0.013018,yes,0.020,0.346,87.5,NA,NA,NA,NA,NA
20,10,sqrt,10,5000,static,1,50,1,0.021610,yes,0.031,0.262,100.0,NA,NA,NA,NA,NA
2,10,sqrt,1000,5000,dynamic,0,0,1,0.002569,yes,0.023,1.415,0.0,NA,NA,NA,NA,NA
4,10,sqrt,0,5000,dynamic,0,0,1,0.002567,yes,0.013,1.142,0.0,NA,NA,NA,NA,NA
16,50,statespace,0,10000,dynamic,1,0,1,0.022833,no,0.035,1.191,36.0,NA,NA,NA,NA,NA
2,50,hogwild,0,5000,guided,1,0,1,0.024949,yes,0.032,1.307,50.1,NA,NA,NA,NA,NA
16,10,statespace,0,10000,static,10,50,1,0.008346,yes,0.029,0.751,59.4,NA,NA,NA,NA,NA
20,50,sqrt,1000,10000,static,10,0,1,0.024430,no,0.047,1.080,41.4,NA,NA,NA,NA,NA
16,50,statespace,0,10000,dynamic,10,50,1,0.299298,no,0.323,4.189,1.2,NA,NA,NA,NA,NA
40,100,hogwild,0,10000,guided,1,0,1,0.016285,yes,0.030,0.598,72.7,NA,NA,NA,NA,NA
2,50,sqrt,0,10000,dynamic,10,50,1,1.408203,no,1.417,4.067,2.1,NA,NA,NA,NA,NA
2,10,sqrt,10,10000,dynamic,0,50,1,0.015208,yes,0.031,1.718,37.2,NA,NA,NA,NA,NA
16,10,sqrt,1000,5000,static,0,50,1,0.003625,yes,0.013,1.126,38.1,NA,NA,NA,NA,NA
40,10,sqrt,1000,10000,guided,0,50,1,0.006747,yes,0.028,0.655,46.8,NA,NA,NA,NA,NA
40,50,hogwild,0,10000,guided,1,50,1,0.142365,no,0.152,2.209,15.7,NA,NA,NA,NA,NA
8,10,sqrt,0,10000,dynamic,0,0,1,0.004418,yes,0.015,0.902,0.0,NA,NA,NA,NA,NA
2,100,sqrt,0,10000,static,1,0,1,0.146200,yes,0.158,1.524,10.4,NA,NA,NA,NA,NA
4,10,hogwild,0,10000,static,0,0,1,0.004420,yes,0.015,0.993,65.0,NA,NA,NA,NA,NA
2,100,hogwild,0,10000,guided,1,50,1,8.769069,no,8.807,4.585,0.8,NA,NA,NA,NA,NA
2,50,sqrt,1000,5000,guided,0,0,1,0.029185,yes,0.043,1.429,26.5,NA,NA,NA,NA,NA
16,50,hogwild,0,10000,dynamic,0,0,1,0.011323,yes,0.026,0.778,77.9,NA,NA,NA,NA,NA
16,50,statespace,0,10000,dynamic,10,0,1,0.023803,no,0.035,1.169,30.8,NA,NA,NA,NA,NA
16,10,statespace,0,10000,guided,10,50,1,0.008136,yes,0.015,0.759,71.1,NA,NA,NA,NA,NA
8,50,sqrt,10,5000,dynamic,0,0,1,0.046987,no,0.055,1.258,33.7,NA,NA,NA,NA,NA
8,50,statespace,0,10000,dynamic,0,50,1,0.468452,no,0.481,4.286,1.0,NA,NA,NA,NA,NA
8,100,statespace,0,10000,dynamic,0,50,1,2.520105,no,2.546,4.549,0.9,NA,NA,NA,NA,NA
8,50,statespace,0,10000,guided,1,0,1,0.026843,yes,0.048,1.297,28.0,NA,NA,NA,NA,NA
2,10,sqrt,0,5000,static,1,50,1,0.006201,yes,0.013,1.787,44.4,NA,NA,NA,NA,NA
2,100,sqrt,10,5000,static,1,50,1,4.459146,no,4.484,4.548,1.0,NA,NA,NA,NA,NA
4,100,hogwild,0,5000,static,1,0,1,0.043133,yes,0.071,1.216,17.1,NA,NA,NA,NA,NA
20,50,hogwild,0,5000,static,10,0,1,0.011261,yes,0.023,0.676,54.1,NA,NA,NA,NA,NA
8,100,hogwild,0,5000,dynamic,10,0,1,0.023818,yes,0.038,1.121,70.2,NA,NA,NA,NA,NA
8,10,sqrt,0,5000,static,10,0,1,0.005004,yes,0.013,0.674,46.8,NA,NA,NA,NA,NA
4,100,sqrt,10,10000,guided,10,0,1,0.481827,no,0.491,1.138,18.1,NA,NA,NA,NA,NA
2,50,hogwild,0,5000,dynamic,0,0,1,0.024240,yes,0.031,1.321,57.7,NA,NA,NA,NA,NA
2,50,hogwild,0,5000,guided,0,50,1,0.663467,no,0.675,4.120,1.5,NA,NA,NA,NA,NA
2,100,statespace,0,10000,static,1,50,1,8.721277,no,8.775,4.600,0.6,NA,NA,NA,NA,NA
16,50,statespace,0,5000,guided,1,0,1,0.018449,no,0.040,1.126,36.0,NA,NA,NA,NA,NA
40,100,sqrt,10,5000,static,1,50,1,2.326797,no,2.355,0.994,23.8,NA,NA,NA,NA,NA
8,10,statespace,0,10000,static,0,50,1,0.005753,yes,0.015,1.427,45.4,NA,NA,NA,NA,NA
4,50,sqrt,0,5000,static,1,50,1,0.485290,no,0.503,3.826,3.0,NA,NA,NA,NA,NA
4,10,sqrt,0,10000,guided,0,50,1,0.007767,yes,0.019,1.729,43.7,NA,NA,NA,NA,NA
2,100,hogwild,0,5000,static,10,50,1,4.389889,no,4.416,4.576,0.8,NA,NA,NA,NA,NA
4,50,sqrt,0,10000,guided,1,0,1,0.036796,yes,0.052,1.523,42.9,NA,NA,NA,NA,NA
2,100,sqrt,10,5000,guided,1,0,1,0.161445,no,0.171,1.816,10.9,NA,NA,NA,NA,NA
8,10,sqrt,10,10000,guided,1,50,1,0.013892,yes,0.022,0.846,68.5,NA,NA,NA,NA,NA
16,50,statespace,0,5000,dynamic,10,50,1,0.173503,no,0.184,4.168,1.2,NA,NA,NA,NA,NA
2,10,hogwild,0,10000,guided,0,50,1,0.012449,yes,0.024,1.673,62.8,NA,NA,NA,NA,NA
2,10,statespace,0,5000,static,10,0,1,0.002831,yes,0.010,1.369,0.0,NA,NA,NA,NA,NA
20,50,sqrt,0,10000,dynamic,0,0,1,0.077522,no,0.099,0.709,60.3,NA,NA,NA,NA,NA
40,10,statespace,0,10000,guided,0,0,1,0.009521,yes,0.026,0.262,80.4,NA,NA,NA,NA,NA
16,50,sqrt,1000,10000,guided,0,0,1,0.023335,no,0.040,1.146,54.8,NA,NA,NA,NA,NA
4,50,sqrt,0,10000,guided,1,50,1,0.833260,no,0.842,4.017,2.5,NA,NA,NA,NA,NA
40,50,sqrt,10,10000,dynamic,0,0,1,0.204265,yes,0.215,0.405,57.3,NA,NA,NA,NA,NA
40,50,sqrt,1000,10000,static,0,0,1,0.029794,no,0.042,0.752,50.9,NA,NA,NA,NA,NA
40,50,statespace,0,10000,static,1,50,1,0.260111,no,0.279,2.262,10.3,NA,NA,NA,NA,NA
40,50,sqrt,0,10000,static,0,0,1,0.069444,no,0.081,0.451,60.4,NA,NA,NA,NA,NA
40,50,sqrt,10,10000,static,10,0,1,0.378647,yes,0.398,0.399,41.4,NA,NA,NA,NA,NA
8,10,sqrt,1000,10000,static,0,0,1,0.002628,yes,0.016,1.175,0.0,NA,NA,NA,NA,NA
8,10,hogwild,0,10000,guided,0,0,1,0.003726,yes,0.018,0.724,0.0,NA,NA,NA,NA,NA
16,10,statespace,0,10000,dynamic,1,0,1,0.005638,yes,0.016,0.492,96.7,NA,NA,NA,NA,NA
20,10,sqrt,0,10000,static,10,50,1,0.031510,yes,0.039,0.387,85.5,NA,NA,NA,NA,NA
8,10,sqrt,10,5000,guided,10,0,1,0.010215,yes,0.018,0.568,53.0,NA,NA,NA,NA,NA
8,50,sqrt,0,5000,guided,0,50,1,0.350200,no,0.363,3.293,8.0,NA,NA,NA,NA,NA
8,50,sqrt,1000,10000,guided,1,0,1,0.024906,yes,0.036,1.326,34.6,NA,NA,NA,NA,NA
2,10,sqrt,1000,5000,dynamic,1,50,1,0.005526,yes,0.016,1.840,0.0,NA,NA,NA,NA,NA
4,50,sqrt,1000,10000,guided,10,50,1,0.794428,no,0.808,4.256,1.2,NA,NA,NA,NA,NA
8,100,sqrt,10,10000,dynamic,1,50,1,4.163587,no,4.196,3.138,6.8,NA,NA,NA,NA,NA
8,10,statespace,0,10000,dynamic,1,0,1,0.003245,yes,0.018,1.044,0.0,NA,NA,NA,NA,NA
16,100,sqrt,0,5000,guided,10,0,1,0.243250,no,0.260,0.690,39.9,NA,NA,NA,NA,NA
4,50,sqrt,10,10000,guided,0,0,1,0.069816,yes,0.081,1.694,21.5,NA,NA,NA,NA,NA
4,100,sqrt,0,5000,dynamic,10,50,1,2.761051,no,2.786,4.465,1.2,NA,NA,NA,NA,NA
2,10,statespace,0,10000,guided,10,0,1,0.005157,yes,0.019,1.472,0.0,NA,NA,NA,NA,NA
4,10,statespace,0,10000,guided,10,0,1,0.003906,yes,0.011,1.261,0.0,NA,NA,NA,NA,NA
4,10,sqrt,1000,10000,dynamic,1,0,1,0.003284,yes,0.020,1.412,0.0,NA,NA,NA,NA,NA
8,10,hogwild,0,10000,dynamic,10,50,1,0.005445,yes,0.015,1.247,64.7,NA,NA,NA,NA,NA
20,10,sqrt,1000,5000,guided,10,0,1,0.003471,yes,0.025,0.648,0.0,NA,NA,NA,NA,NA
40,10,sqrt,10,5000,guided,0,0,1,0.020740,yes,0.037,0.189,86.1,NA,NA,NA,NA,NA
40,50,hogwild,0,10000,static,1,0,1,0.010945,yes,0.034,0.453,57.8,NA,NA,NA,NA,NA
4,50,hogwild,0,10000,dynamic,0,0,1,0.023103,yes,0.040,1.275,71.1,NA,NA,NA,NA,NA
2,10,sqrt,1000,10000,static,0,0,1,0.004733,yes,0.033,1.463,55.3,NA,NA,NA,NA,NA
40,100,hogwild,0,10000,static,1,50,1,0.953248,no,0.991,2.432,2.9,NA,NA,NA,NA,NA
16,100,sqrt,10,10000,dynamic,10,50,1,18.178597,no,18.206,2.128,13.9,NA,NA,NA,NA,NA
40,10,sqrt,10,10000,static,1,0,1,0.034790,yes,0.049,0.187,100.0,NA,NA,NA,NA,NA
16,10,hogwild,0,10000,dynamic,1,50,1,0.009134,yes,0.020,0.445,92.7,NA,NA,NA,NA,NA
16,10,statespace,0,10000,dynamic,1,50,1,0.007339,yes,0.018,0.770,82.5,NA,NA,NA,NA,NA
8,10,hogwild,0,5000,dynamic,1,50,1,0.003250,yes,0.010,1.141,0.0,NA,NA,NA,NA,NA
4,50,sqrt,1000,5000,static,1,50,1,0.459827,no,0.471,4.262,1.8,NA,NA,NA,NA,NA
40,50,sqrt,0,5000,static,10,50,1,1.182251,no,1.192,0.976,18.6,NA,NA,NA,NA,NA
20,50,hogwild,0,10000,dynamic,10,50,1,0.193996,no,0.205,3.181,9.4,NA,NA,NA,NA,NA
40,10,statespace,0,10000,static,1,0,1,0.008102,yes,0.027,0.342,80.5,NA,NA,NA,NA,NA
40,50,statespace,0,10000,dynamic,0,0,1,0.028872,no,0.055,0.792,45.8,NA,NA,NA,NA,NA
2,100,sqrt,1000,5000,guided,1,50,1,4.360281,no,4.388,4.590,0.6,NA,NA,NA,NA,NA
8,50,hogwild,0,10000,dynamic,10,0,1,0.013049,yes,0.021,1.191,70.5,NA,NA,NA,NA,NA
40,50,sqrt,10,5000,dynamic,10,0,1,0.251222,no,0.263,0.399,40.4,NA,NA,NA,NA,NA
2,100,sqrt,0,5000,guided,1,0,1,0.106493,no,0.117,1.482,12.6,NA,NA,NA,NA,NA
16,10,sqrt,0,5000,static,0,50,1,0.011709,yes,0.026,0.437,86.0,NA,NA,NA,NA,NA
20,100,sqrt,1000,5000,dynamic,0,0,1,0.035891,no,0.046,1.068,49.4,NA,NA,NA,NA,NA
2,100,statespace,0,10000,guided,0,50,1,8.722265,no,8.746,4.606,0.5,NA,NA,NA,NA,NA
2,10,sqrt,1000,5000,guided,0,0,1,0.002562,yes,0.009,1.363,0.0,NA,NA,NA,NA,NA
8,100,hogwild,0,5000,guided,0,0,1,0.024564,no,0.035,1.122,69.5,NA,NA,NA,NA,NA
40,50,sqrt,1000,5000,static,1,0,1,0.022321,no,0.030,0.707,38.4,NA,NA,NA,NA,NA
20,50,sqrt,0,5000,static,1,0,1,0.046837,no,0.072,0.724,69.3,NA,NA,NA,NA,NA
4,100,statespace,0,5000,guided,10,50,1,2.461754,no,2.494,4.543,0.7,NA,NA,NA,NA,NA
2,10,statespace,0,10000,guided,0,0,1,0.005262,yes,0.013,1.477,44.3,NA,NA,NA,NA,NA
8,50,sqrt,0,5000,guided,10,0,1,0.061173,no,0.072,0.844,19.2,NA,NA,NA,NA,NA
16,10,hogwild,0,5000,dynamic,0,0,1,0.004574,yes,0.013,0.315,76.1,NA,NA,NA,NA,NA
16,100,statespace,0,10000,static,0,0,1,0.048781,no,0.059,1.226,28.4,NA,NA,NA,NA,NA
20,100,hogwild,0,5000,static,0,0,1,0.016581,no,0.034,0.808,63.4,NA,NA,NA,NA,NA
8,10,sqrt,1000,10000,guided,0,0,1,0.002527,yes,0.010,1.205,0.0,NA,NA,NA,NA,NA
8,50,sqrt,0,5000,guided,0,0,1,0.032762,no,0.051,1.134,58.4,NA,NA,NA,NA,NA
4,50,sqrt,1000,5000,dynamic,10,50,1,0.453553,no,0.463,4.268,2.4,NA,NA,NA,NA,NA
4,100,statespace,0,5000,dynamic,1,0,1,0.062008,no,0.081,1.319,7.3,NA,NA,NA,NA,NA
8,50,statespace,0,5000,dynamic,1,50,1,0.295342,no,0.308,4.274,1.6,NA,NA,NA,NA,NA
4,50,statespace,0,5000,guided,1,50,1,0.458740,no,0.468,4.273,2.5,NA,NA,NA,NA,NA
16,50,sqrt,10,10000,dynamic,10,0,1,0.273615,yes,0.289,0.604,34.1,NA,NA,NA,NA,NA
2,100,sqrt,10,10000,guided,0,50,1,8.938890,no,8.966,4.536,1.1,NA,NA,NA,NA,NA
2,50,hogwild,0,10000,static,0,0,1,0.039537,yes,0.050,1.318,54.7,NA,NA,NA,NA,NA
20,100,sqrt,0,5000,dynamic,1,50,1,0.665205,no,0.689,3.658,16.6,NA,NA,NA,NA,NA
4,50,sqrt,1000,5000,dynamic,10,0,1,0.024879,yes,0.045,1.340,30.3,NA,NA,NA,NA,NA
20,100,hogwild,0,5000,guided,10,50,1,0.609237,no,0.648,3.928,4.6,NA,NA,NA,NA,NA
16,100,statespace,0,5000,static,10,50,1,0.659836,no,0.693,4.507,1.4,NA,NA,NA,NA,NA
4,50,sqrt,0,5000,static,0,50,1,0.485508,no,0.498,3.828,2.9,NA,NA,NA,NA,NA
8,100,sqrt,0,10000,guided,0,0,1,0.117144,no,0.126,1.439,31.4,NA,NA,NA,NA,NA
40,50,sqrt,0,10000,static,1,50,1,0.307041,no,0.319,1.926,13.9,NA,NA,NA,NA,NA
20,100,sqrt,0,10000,dynamic,1,50,1,2.023183,no,2.049,2.680,13.0,NA,NA,NA,NA,NA
2,100,sqrt,10,5000,dynamic,10,0,1,0.247230,yes,0.261,1.361,17.8,NA,NA,NA,NA,NA
16,10,statespace,0,10000,guided,0,50,1,0.007606,yes,0.024,0.740,85.4,NA,NA,NA,NA,NA
40,100,statespace,0,10000,static,1,0,1,0.059446,no,0.071,0.829,37.7,NA,NA,NA,NA,NA
8,100,sqrt,0,10000,guided,1,50,1,2.946525,no,2.980,4.081,2.9,NA,NA,NA,NA,NA
4,10,statespace,0,5000,static,0,50,1,0.004120,yes,0.020,1.666,0.0,NA,NA,NA,NA,NA
20,10,hogwild,0,5000,dynamic,1,50,1,0.005524,yes,0.013,0.454,0.0,NA,NA,NA,NA,NA
2,50,hogwild,0,5000,dynamic,1,50,1,0.660536,no,0.680,4.229,2.3,NA,NA,NA,NA,NA
8,10,statespace,0,5000,dynamic,0,0,1,0.002250,yes,0.023,0.934,0.0,NA,NA,NA,NA,NA
2,10,hogwild,0,5000,static,10,0,1,0.003180,yes,0.009,1.154,53.5,NA,NA,NA,NA,NA
8,10,sqrt,1000,5000,static,10,0,1,0.002176,yes,0.011,0.993,0.0,NA,NA,NA,NA,NA
8,10,statespace,0,10000,static,10,50,1,0.008003,yes,0.019,1.118,49.5,NA,NA,NA,NA,NA
2,50,sqrt,1000,10000,dynamic,1,50,1,1.279469,no,1.292,4.321,1.1,NA,NA,NA,NA,NA
8,50,sqrt,10,10000,guided,0,50,1,0.795743,no,0.804,2.650,8.7,NA,NA,NA,NA,NA
4,10,sqrt,10,5000,dynamic,0,0,1,0.004521,yes,0.011,1.031,0.0,NA,NA,NA,NA,NA
4,10,hogwild,0,10000,static,1,0,1,0.004361,yes,0.015,1.001,66.2,NA,NA,NA,NA,NA
40,10,sqrt,1000,5000,static,1,0,1,0.004893,yes,0.016,0.468,27.5,NA,NA,NA,NA,NA
40,10,sqrt,10,5000,dynamic,1,0,1,0.022292,yes,0.043,0.204,89.1,NA,NA,NA,NA,NA
4,10,hogwild,0,10000,guided,1,0,1,0.004280,yes,0.021,1.007,72.0,NA,NA,NA,NA,NA
2,50,statespace,0,5000,dynamic,0,50,1,0.715172,no,0.732,4.316,1.2,NA,NA,NA,NA,NA
8,100,sqrt,10,10000,guided,0,50,1,4.190104,no,4.216,3.134,7.0,NA,NA,NA,NA,NA
16,50,statespace,0,10000,guided,1,50,1,0.296363,no,0.306,4.196,1.4,NA,NA,NA,NA,NA
4,10,sqrt,0,10000,static,10,0,1,0.005631,yes,0.026,1.067,35.9,NA,NA,NA,NA,NA
20,10,sqrt,0,10000,dynamic,1,50,1,0.021087,yes,0.031,0.323,100.0,NA,NA,NA,NA,NA
16,100,hogwild,0,5000,guided,10,0,1,0.016814,yes,0.026,0.861,86.0,NA,NA,NA,NA,NA
16,10,hogwild,0,5000,guided,10,50,1,0.006206,yes,0.012,0.455,71.1,NA,NA,NA,NA,NA
20,50,sqrt,1000,10000,static,0,0,1,0.023604,no,0.039,1.108,36.5,NA,NA,NA,NA,NA
8,10,sqrt,0,5000,static,10,50,1,0.008165,yes,0.018,0.844,41.7,NA,NA,NA,NA,NA
16,100,sqrt,1000,10000,static,0,50,1,1.311022,no,1.344,4.521,1.6,NA,NA,NA,NA,NA
16,100,sqrt,0,5000,guided,1,50,1,1.296515,no,1.323,2.665,11.4,NA,NA,NA,NA,NA
2,100,sqrt,1000,10000,static,1,0,1,0.135692,yes,0.148,1.370,11.7,NA,NA,NA,NA,NA
4,50,statespace,0,5000,guided,10,0,1,0.024913,yes,0.047,1.358,29.2,NA,NA,NA,NA,NA
20,50,sqrt,0,10000,dynamic,10,0,1,0.161918,no,0.169,0.584,31.7,NA,NA,NA,NA,NA
40,10,sqrt,10,5000,static,10,0,1,0.024486,yes,0.034,0.250,87.9,NA,NA,NA,NA,NA
16,100,hogwild,0,10000,guided,1,0,1,0.023346,yes,0.041,0.915,88.2,NA,NA,NA,NA,NA
20,100,sqrt,1000,10000,dynamic,1,50,1,1.036160,no,1.063,4.492,1.0,NA,NA,NA,NA,NA
2,100,sqrt,10,10000,dynamic,0,0,1,0.275455,yes,0.289,1.871,15.6,NA,NA,NA,NA,NA
2,10,sqrt,10,10000,guided,10,50,1,0.024854,yes,0.035,1.241,32.8,NA,NA,NA,NA,NA
4,10,sqrt,10,5000,static,0,0,1,0.004576,yes,0.015,1.005,53.0,NA,NA,NA,NA,NA
2,100,hogwild,0,10000,guided,0,50,1,8.806754,no,8.844,4.587,0.7,NA,NA,NA,NA,NA
2,10,hogwild,0,10000,static,1,0,1,0.005995,yes,0.016,1.224,55.9,NA,NA,NA,NA,NA
16,100,hogwild,0,10000,guided,0,50,1,1.512631,no,1.540,3.921,6.2,NA,NA,NA,NA,NA
20,100,sqrt,0,10000,dynamic,0,0,1,0.235877,no,0.255,0.715,65.6,NA,NA,NA,NA,NA
20,50,sqrt,0,5000,dynamic,1,50,1,0.173887,no,0.186,3.354,16.5,NA,NA,NA,NA,NA
20,10,sqrt,10,10000,guided,1,0,1,0.034934,yes,0.043,0.196,100.0,NA,NA,NA,NA,NA
8,10,hogwild,0,10000,guided,0,50,1,0.007019,yes,0.018,0.973,78.6,NA,NA,NA,NA,NA
8,50,statespace,0,5000,static,10,50,1,0.308095,no,0.327,4.231,0.7,NA,NA,NA,NA,NA
40,10,statespace,0,5000,static,1,50,1,0.008770,no,0.017,0.434,73.9,NA,NA,NA,NA,NA
4,50,statespace,0,10000,dynamic,1,0,1,0.032160,yes,0.043,1.422,33.3,NA,NA,NA,NA,NA
20,50,sqrt,0,5000,guided,10,50,1,1.261623,no,1.285,1.368,15.1,NA,NA,NA,NA,NA
4,10,hogwild,0,5000,static,10,0,1,0.002338,yes,0.016,1.004,0.0,NA,NA,NA,NA,NA
20,10,hogwild,0,10000,static,1,50,1,0.009674,yes,0.018,0.404,92.9,NA,NA,NA,NA,NA
16,10,sqrt,10,5000,dynamic,10,50,1,0.029712,yes,0.040,0.362,84.0,NA,NA,NA,NA,NA
40,100,hogwild,0,10000,dynamic,10,50,1,0.999166,no,1.029,2.435,2.3,NA,NA,NA,NA,NA
16,10,sqrt,0,10000,static,0,0,1,0.014019,yes,0.035,0.285,92.8,NA,NA,NA,NA,NA
2,10,statespace,0,10000,dynamic,10,0,1,0.005328,yes,0.013,1.463,41.5,NA,NA,NA,NA,NA
40,50,sqrt,1000,10000,static,1,50,1,0.261481,no,0.274,2.242,11.5,NA,NA,NA,NA,NA
4,100,hogwild,0,5000,guided,1,0,1,0.044951,yes,0.058,1.180,26.1,NA,NA,NA,NA,NA
4,50,statespace,0,10000,guided,0,50,1,0.781647,no,0.805,4.309,0.8,NA,NA,NA,NA,NA
40,10,sqrt,0,10000,guided,1,0,1,0.014333,yes,0.029,0.213,81.9,NA,NA,NA,NA,NA
8,50,sqrt,1000,5000,dynamic,10,0,1,0.020927,no,0.036,1.244,28.5,NA,NA,NA,NA,NA
8,100,sqrt,0,5000,dynamic,10,0,1,0.134811,no,0.147,0.986,28.2,NA,NA,NA,NA,NA
2,50,statespace,0,5000,guided,10,50,1,0.725051,no,0.737,4.308,1.0,NA,NA,NA,NA,NA
20,50,sqrt,1000,5000,guided,0,50,1,0.139793,no,0.158,4.122,6.7,NA,NA,NA,NA,NA
20,50,sqrt,10,5000,static,0,0,1,0.079211,no,0.091,0.648,62.0,NA,NA,NA,NA,NA
40,100,sqrt,0,10000,guided,10,0,1,0.343714,no,0.360,0.434,46.3,NA,NA,NA,NA,NA
8,10,statespace,0,10000,guided,0,0,1,0.003350,yes,0.024,1.014,0.0,NA,NA,NA,NA,NA
16,100,sqrt,0,10000,dynamic,1,50,1,1.751317,no,1.775,3.558,8.7,NA,NA,NA,NA,NA
4,100,sqrt,10,5000,guided,1,50,1,2.975168,no,3.007,3.940,3.3,NA,NA,NA,NA,NA
20,100,sqrt,10,10000,dynamic,1,50,1,2.435662,no,2.462,2.339,18.5,NA,NA,NA,NA,NA
8,50,sqrt,1000,5000,guided,1,50,1,0.286261,no,0.309,4.256,1.3,NA,NA,NA,NA,NA
20,100,sqrt,0,5000,dynamic,1,0,1,0.128152,no,0.143,0.736,71.4,NA,NA,NA,NA,NA
8,100,statespace,0,5000,guided,0,0,1,0.039195,no,0.052,1.264,44.2,NA,NA,NA,NA,NA
16,10,sqrt,10,10000,static,10,0,1,0.035609,yes,0.049,0.302,98.0,NA,NA,NA,NA,NA
2,100,statespace,0,5000,static,0,50,1,4.426962,no,4.450,4.551,0.8,NA,NA,NA,NA,NA
16,100,sqrt,10,5000,dynamic,1,50,1,1.183835,no,1.207,2.851,14.8,NA,NA,NA,NA,NA
40,10,statespace,0,5000,guided,10,0,1,0.006928,no,0.018,0.364,55.9,NA,NA,NA,NA,NA
16,10,sqrt,10,5000,dynamic,1,50,1,0.017705,yes,0.025,0.318,88.2,NA,NA,NA,NA,NA
16,10,hogwild,0,10000,dynamic,0,50,1,0.008472,yes,0.015,0.476,89.9,NA,NA,NA,NA,NA
4,100,statespace,0,5000,guided,1,50,1,2.416156,no,2.442,4.586,0.8,NA,NA,NA,NA,NA
2,100,sqrt,10,10000,dynamic,10,0,1,0.381789,yes,0.405,1.501,16.4,NA,NA,NA,NA,NA
4,50,sqrt,0,10000,static,0,0,1,0.037882,yes,0.053,1.488,38.8,NA,NA,NA,NA,NA
8,50,sqrt,1000,10000,guided,10,50,1,0.486052,no,0.511,4.170,1.3,NA,NA,NA,NA,NA
8,50,hogwild,0,10000,guided,0,0,1,0.013125,yes,0.024,1.195,68.5,NA,NA,NA,NA,NA
16,100,sqrt,10,5000,dynamic,10,0,1,0.394805,no,0.412,0.674,37.0,NA,NA,NA,NA,NA
4,100,sqrt,10,10000,static,1,0,1,0.243238,yes,0.253,1.792,28.3,NA,NA,NA,NA,NA
4,50,sqrt,1000,5000,dynamic,0,0,1,0.024336,yes,0.031,1.367,32.3,NA,NA,NA,NA,NA
40,100,sqrt,1000,5000,static,1,50,1,0.509561,no,0.547,2.398,2.3,NA,NA,NA,NA,NA
40,10,hogwild,0,10000,dynamic,10,50,1,0.011420,yes,0.023,0.247,87.4,NA,NA,NA,NA,NA
40,100,sqrt,10,10000,dynamic,0,50,1,4.453849,no,4.487,1.016,23.3,NA,NA,NA,NA,NA
8,10,sqrt,0,10000,dynamic,10,0,1,0.006389,yes,0.044,0.753,53.2,NA,NA,NA,NA,NA
20,100,sqrt,0,5000,guided,10,0,1,0.236212,no,0.253,0.603,45.5,NA,NA,NA,NA,NA
8,100,sqrt,1000,5000,static,0,0,1,0.039304,no,0.051,1.282,35.5,NA,NA,NA,NA,NA
8,100,sqrt,1000,5000,dynamic,10,0,1,0.041074,no,0.053,1.248,22.9,NA,NA,NA,NA,NA
2,50,sqrt,0,5000,guided,10,0,1,0.031407,yes,0.042,1.522,36.6,NA,NA,NA,NA,NA
8,50,statespace,0,10000,dynamic,1,50,1,0.470135,no,0.482,4.289,0.9,NA,NA,NA,NA,NA
4,50,statespace,0,10000,dynamic,0,0,1,0.032358,yes,0.040,1.417,33.3,NA,NA,NA,NA,NA
4,50,sqrt,0,5000,dynamic,0,50,1,0.457085,no,0.469,4.080,2.2,NA,NA,NA,NA,NA
8,100,statespace,0,5000,static,0,50,1,1.273262,no,1.301,4.563,0.9,NA,NA,NA,NA,NA
4,50,sqrt,0,10000,dynamic,10,50,1,1.173663,no,1.186,3.369,4.6,NA,NA,NA,NA,NA
8,100,sqrt,10,10000,dynamic,0,50,1,4.160053,no,4.183,3.139,6.8,NA,NA,NA,NA,NA
8,100,sqrt,0,5000,guided,0,50,1,1.646856,no,1.675,3.748,4.7,NA,NA,NA,NA,NA
16,100,sqrt,1000,5000,guided,10,50,1,0.681662,no,0.717,4.510,1.5,NA,NA,NA,NA,NA
16,50,statespace,0,5000,dynamic,1,0,1,0.018334,no,0.030,1.124,33.9,NA,NA,NA,NA,NA
4,10,sqrt,10,5000,guided,1,0,1,0.004529,yes,0.015,1.036,0.0,NA,NA,NA,NA,NA
20,50,sqrt,1000,5000,guided,1,50,1,0.139674,no,0.153,4.129,6.4,NA,NA,NA,NA,NA
20,100,hogwild,0,10000,guided,10,0,1,0.020148,yes,0.038,0.874,88.9,NA,NA,NA,NA,NA
8,50,sqrt,0,10000,dynamic,10,0,1,0.060661,yes,0.070,0.997,23.8,NA,NA,NA,NA,NA
40,100,sqrt,10,10000,static,10,50,1,19.377167,no,19.405,1.022,22.2,NA,NA,NA,NA,NA
2,10,statespace,0,10000,dynamic,1,0,1,0.005260,yes,0.013,1.453,75.1,NA,NA,NA,NA,NA
20,50,sqrt,0,10000,guided,0,0,1,0.079604,no,0.102,0.709,57.6,NA,NA,NA,NA,NA
4,10,sqrt,0,5000,static,1,0,1,0.002723,yes,0.014,1.149,0.0,NA,NA,NA,NA,NA
16,10,sqrt,0,10000,dynamic,0,0,1,0.013539,yes,0.032,0.300,90.8,NA,NA,NA,NA,NA
40,10,sqrt,10,5000,dynamic,10,0,1,0.024898,yes,0.040,0.228,94.2,NA,NA,NA,NA,NA
20,10,sqrt,10,5000,guided,10,0,1,0.023767,yes,0.034,0.248,100.0,NA,NA,NA,NA,NA
4,50,statespace,0,5000,dynamic,10,50,1,0.462502,no,0.475,4.291,2.0,NA,NA,NA,NA,NA
40,50,sqrt,0,10000,dynamic,0,0,1,0.069888,no,0.087,0.452,61.8,NA,NA,NA,NA,NA
20,50,hogwild,0,5000,guided,1,0,1,0.007237,yes,0.018,0.705,67.5,NA,NA,NA,NA,NA
8,100,sqrt,10,10000,static,1,0,1,0.246113,no,0.269,1.516,38.9,NA,NA,NA,NA,NA
16,50,sqrt,1000,5000,dynamic,0,50,1,0.170388,no,0.184,4.166,1.1,NA,NA,NA,NA,NA
4,100,statespace,0,5000,static,1,50,1,2.424182,no,2.448,4.568,0.8,NA,NA,NA,NA,NA
4,100,sqrt,0,5000,guided,1,0,1,0.081861,no,0.097,1.524,16.1,NA,NA,NA,NA,NA
8,10,sqrt,10,10000,guided,0,0,1,0.010257,yes,0.021,0.648,76.7,NA,NA,NA,NA,NA
8,10,statespace,0,10000,static,0,0,1,0.003478,yes,0.026,1.003,0.0,NA,NA,NA,NA,NA
2,10,sqrt,10,5000,guided,10,50,1,0.012873,yes,0.028,1.233,31.9,NA,NA,NA,NA,NA
8,50,statespace,0,10000,dynamic,0,0,1,0.026120,yes,0.036,1.323,28.4,NA,NA,NA,NA,NA
8,100,statespace,0,10000,guided,0,50,1,2.517486,no,2.544,4.554,0.9,NA,NA,NA,NA,NA
2,10,hogwild,0,5000,static,10,50,1,0.006872,yes,0.018,1.507,68.9,NA,NA,NA,NA,NA
8,10,statespace,0,10000,dynamic,0,0,1,0.003144,yes,0.009,1.048,56.2,NA,NA,NA,NA,NA
2,100,sqrt,10,10000,static,0,0,1,0.271871,yes,0.283,1.909,13.2,NA,NA,NA,NA,NA
40,50,statespace,0,10000,dynamic,0,50,1,0.256647,no,0.268,2.287,7.4,NA,NA,NA,NA,NA
8,10,sqrt,10,10000,dynamic,1,0,1,0.009919,yes,0.016,0.666,76.3,NA,NA,NA,NA,NA
8,50,hogwild,0,5000,guided,10,0,1,0.010083,yes,0.022,0.979,78.5,NA,NA,NA,NA,NA
40,10,sqrt,0,5000,dynamic,10,50,1,0.017199,no,0.026,0.377,48.0,NA,NA,NA,NA,NA
20,100,sqrt,10,5000,guided,0,50,1,1.571237,no,1.599,2.068,17.6,NA,NA,NA,NA,NA
16,50,sqrt,1000,5000,guided,0,50,1,0.170254,no,0.187,4.149,1.1,NA,NA,NA,NA,NA
16,50,statespace,0,5000,static,10,50,1,0.176664,no,0.202,4.130,1.5,NA,NA,NA,NA,NA
8,50,hogwild,0,5000,static,1,50,1,0.253478,no,0.281,3.450,4.6,NA,NA,NA,NA,NA
4,10,sqrt,10,10000,static,10,50,1,0.030840,yes,0.046,0.806,43.0,NA,NA,NA,NA,NA
40,50,sqrt,1000,5000,dynamic,1,50,1,0.138012,no,0.162,2.229,20.7,NA,NA,NA,NA,NA
8,100,sqrt,0,10000,dynamic,0,50,1,2.906469,no,2.940,4.099,3.0,NA,NA,NA,NA,NA
2,10,sqrt,1000,10000,guided,0,0,1,0.004849,yes,0.027,1.519,28.6,NA,NA,NA,NA,NA
20,100,statespace,0,10000,dynamic,1,0,1,0.048093,no,0.058,1.181,27.4,NA,NA,NA,NA,NA
2,10,sqrt,0,5000,static,1,0,1,0.003240,yes,0.027,1.305,0.0,NA,NA,NA,NA,NA
20,100,sqrt,10,10000,static,10,50,1,18.297373,no,18.334,1.805,19.0,NA,NA,NA,NA,NA
40,50,sqrt,10,10000,dynamic,10,0,1,0.375315,yes,0.384,0.398,29.8,NA,NA,NA,NA,NA
2,100,hogwild,0,5000,guided,10,0,1,0.073142,yes,0.083,1.285,11.8,NA,NA,NA,NA,NA
8,50,sqrt,0,5000,static,10,0,1,0.061004,no,0.070,0.845,18.6,NA,NA,NA,NA,NA
20,10,hogwild,0,10000,dynamic,0,0,1,0.008007,yes,0.024,0.232,97.0,NA,NA,NA,NA,NA
40,10,sqrt,0,10000,guided,10,50,1,0.025140,yes,0.036,0.370,63.5,NA,NA,NA,NA,NA
40,50,sqrt,10,10000,guided,1,50,1,1.042145,no,1.066,0.706,23.3,NA,NA,NA,NA,NA
4,10,statespace,0,10000,dynamic,10,0,1,0.004024,yes,0.014,1.246,37.9,NA,NA,NA,NA,NA
20,50,statespace,0,5000,guided,0,50,1,0.142566,no,0.167,4.086,2.6,NA,NA,NA,NA,NA
4,100,sqrt,1000,10000,static,0,50,1,4.958650,no,4.983,4.551,0.8,NA,NA,NA,NA,NA
2,50,statespace,0,10000,dynamic,10,50,1,1.303301,no,1.325,4.313,0.9,NA,NA,NA,NA,NA
2,100,sqrt,1000,10000,guided,1,0,1,0.133236,yes,0.143,1.389,11.1,NA,NA,NA,NA,NA
2,10,hogwild,0,10000,static,10,50,1,0.013247,yes,0.024,1.552,65.3,NA,NA,NA,NA,NA
16,50,sqrt,10,10000,static,10,0,1,0.255875,yes,0.276,0.608,36.4,NA,NA,NA,NA,NA
16,50,sqrt,10,10000,guided,10,0,1,0.259154,no,0.281,0.606,37.7,NA,NA,NA,NA,NA
20,50,sqrt,0,5000,static,0,0,1,0.045907,no,0.056,0.719,54.8,NA,NA,NA,NA,NA
8,100,statespace,0,5000,guided,0,50,1,1.268912,no,1.296,4.541,0.9,NA,NA,NA,NA,NA
16,50,sqrt,10,5000,dynamic,10,50,1,2.123549,no,2.147,1.002,15.7,NA,NA,NA,NA,NA
8,100,hogwild,0,5000,static,10,50,1,1.362875,no,1.391,4.357,1.4,NA,NA,NA,NA,NA
16,50,sqrt,10,5000,guided,1,50,1,0.327348,no,0.351,2.127,19.2,NA,NA,NA,NA,NA
40,10,sqrt,10,10000,dynamic,1,50,1,0.038491,yes,0.057,0.203,100.0,NA,NA,NA,NA,NA
2,100,sqrt,10,10000,static,10,0,1,0.395190,yes,0.419,1.456,18.8,NA,NA,NA,NA,NA
2,10,hogwild,0,10000,guided,10,0,1,0.007230,yes,0.021,1.015,68.2,NA,NA,NA,NA,NA
40,10,hogwild,0,10000,guided,0,50,1,0.010496,yes,0.025,0.250,85.8,NA,NA,NA,NA,NA
16,50,sqrt,1000,10000,guided,1,0,1,0.023597,no,0.032,1.160,39.1,NA,NA,NA,NA,NA
40,50,statespace,0,10000,dynamic,1,0,1,0.027240,no,0.039,0.804,40.1,NA,NA,NA,NA,NA
20,50,sqrt,1000,10000,guided,10,50,1,0.269323,no,0.285,4.007,3.8,NA,NA,NA,NA,NA
16,10,sqrt,1000,10000,guided,1,0,1,0.004248,yes,0.015,0.728,43.7,NA,NA,NA,NA,NA
8,50,sqrt,1000,5000,static,10,0,1,0.021624,no,0.032,1.219,29.9,NA,NA,NA,NA,NA
4,100,sqrt,0,5000,static,1,50,1,2.514754,no,2.539,4.464,1.4,NA,NA,NA,NA,NA
20,50,statespace,0,10000,guided,0,0,1,0.024019,no,0.033,1.155,33.5,NA,NA,NA,NA,NA
40,10,statespace,0,10000,guided,1,0,1,0.011458,yes,0.020,0.243,88.8,NA,NA,NA,NA,NA
2,10,statespace,0,5000,dynamic,1,50,1,0.005662,yes,0.016,1.900,0.0,NA,NA,NA,NA,NA
4,50,sqrt,0,10000,dynamic,0,0,1,0.038476,yes,0.047,1.457,52.9,NA,NA,NA,NA,NA
8,50,hogwild,0,5000,dynamic,0,0,1,0.008659,yes,0.030,1.143,67.0,NA,NA,NA,NA,NA
2,100,statespace,0,5000,static,0,0,1,0.101641,no,0.115,1.326,6.8,NA,NA,NA,NA,NA
20,10,sqrt,1000,5000,dynamic,1,0,1,0.003758,yes,0.020,0.610,0.0,NA,NA,NA,NA,NA
40,10,statespace,0,5000,guided,0,0,1,0.007036,yes,0.018,0.303,72.6,NA,NA,NA,NA,NA
2,50,hogwild,0,5000,static,1,50,1,0.675198,no,0.690,4.148,2.3,NA,NA,NA,NA,NA
8,100,hogwild,0,10000,guided,0,50,1,2.687861,no,2.715,4.295,1.4,NA,NA,NA,NA,NA
16,50,sqrt,1000,10000,static,10,50,1,0.326391,no,0.344,4.056,2.2,NA,NA,NA,NA,NA
16,100,sqrt,10,10000,dynamic,10,0,1,0.767771,no,0.781,0.673,38.6,NA,NA,NA,NA,NA
16,50,sqrt,10,10000,static,10,50,1,3.590452,no,3.609,0.928,15.8,NA,NA,NA,NA,NA
8,50,statespace,0,10000,static,0,50,1,0.491306,no,0.500,4.239,1.2,NA,NA,NA,NA,NA
4,100,sqrt,0,5000,dynamic,0,0,1,0.086799,no,0.100,1.446,23.0,NA,NA,NA,NA,NA
20,50,statespace,0,5000,guided,10,0,1,0.019120,no,0.038,1.058,32.5,NA,NA,NA,NA,NA
20,100,statespace,0,10000,dynamic,0,0,1,0.046268,no,0.060,1.190,24.2,NA,NA,NA,NA,NA
16,50,sqrt,0,5000,static,1,0,1,0.051663,no,0.060,0.790,55.2,NA,NA,NA,NA,NA
16,100,hogwild,0,5000,static,0,50,1,0.781128,no,0.810,3.974,5.9,NA,NA,NA,NA,NA
16,100,sqrt,10,10000,guided,10,0,1,0.772646,no,0.786,0.672,38.4,NA,NA,NA,NA,NA
40,10,statespace,0,5000,dynamic,0,0,1,0.007377,yes,0.025,0.334,69.1,NA,NA,NA,NA,NA
2,10,sqrt,1000,5000,guided,10,50,1,0.005534,yes,0.012,1.907,65.8,NA,NA,NA,NA,NA
16,100,sqrt,1000,5000,dynamic,0,0,1,0.034458,no,0.048,1.139,41.7,NA,NA,NA,NA,NA
16,50,statespace,0,10000,static,0,50,1,0.314290,no,0.327,4.162,1.2,NA,NA,NA,NA,NA
8,10,hogwild,0,10000,static,0,50,1,0.008508,yes,0.032,0.844,69.7,NA,NA,NA,NA,NA
16,50,sqrt,0,5000,guided,0,0,1,0.049519,no,0.078,0.810,53.6,NA,NA,NA,NA,NA
2,100,statespace,0,5000,dynamic,0,0,1,0.099866,no,0.109,1.333,9.7,NA,NA,NA,NA,NA
2,100,statespace,0,5000,static,1,0,1,0.101950,no,0.115,1.328,7.1,NA,NA,NA,NA,NA
20,100,hogwild,0,5000,static,1,50,1,0.625746,no,0.658,3.929,2.6,NA,NA,NA,NA,NA
2,50,sqrt,10,10000,dynamic,1,0,1,0.082984,yes,0.090,1.761,21.7,NA,NA,NA,NA,NA
8,10,statespace,0,10000,guided,1,0,1,0.004104,yes,0.010,0.871,0.0,NA,NA,NA,NA,NA
4,10,sqrt,1000,10000,dynamic,10,0,1,0.003256,yes,0.019,1.374,0.0,NA,NA,NA,NA,NA
2,50,statespace,0,5000,dynamic,0,0,1,0.029137,yes,0.046,1.420,30.1,NA,NA,NA,NA,NA
8,10,sqrt,1000,10000,static,10,50,1,0.004939,yes,0.025,1.610,45.2,NA,NA,NA,NA,NA
4,100,statespace,0,5000,guided,10,0,1,0.063473,no,0.085,1.293,8.0,NA,NA,NA,NA,NA
16,50,hogwild,0,10000,guided,1,50,1,0.242916,no,0.255,3.221,18.3,NA,NA,NA,NA,NA
40,50,sqrt,1000,10000,guided,0,0,1,0.029786,no,0.042,0.769,52.2,NA,NA,NA,NA,NA
4,50,statespace,0,5000,static,1,0,1,0.027669,yes,0.042,1.287,24.0,NA,NA,NA,NA,NA
20,100,sqrt,10,5000,guided,0,0,1,0.235481,no,0.249,0.688,70.1,NA,NA,NA,NA,NA
4,100,sqrt,10,10000,guided,1,50,1,5.956957,no,5.987,3.944,3.4,NA,NA,NA,NA,NA
40,10,sqrt,10,5000,guided,1,0,1,0.021697,yes,0.036,0.181,91.9,NA,NA,NA,NA,NA
8,10,statespace,0,10000,static,1,50,1,0.005721,yes,0.024,1.471,47.9,NA,NA,NA,NA,NA
4,10,sqrt,0,10000,dynamic,1,0,1,0.004567,yes,0.015,1.166,0.0,NA,NA,NA,NA,NA
40,100,sqrt,10,5000,guided,0,0,1,0.372661,no,0.396,0.421,61.5,NA,NA,NA,NA,NA
4,10,sqrt,1000,10000,guided,10,0,1,0.003438,yes,0.018,1.365,0.0,NA,NA,NA,NA,NA
40,50,statespace,0,5000,dynamic,1,0,1,0.022640,no,0.035,0.716,38.0,NA,NA,NA,NA,NA
20,100,hogwild,0,5000,dynamic,0,0,1,0.015542,no,0.032,0.817,72.4,NA,NA,NA,NA,NA
20,10,sqrt,0,5000,static,1,0,1,0.012138,yes,0.027,0.259,91.8,NA,NA,NA,NA,NA
20,100,hogwild,0,5000,dynamic,10,50,1,0.600788,no,0.638,3.902,4.7,NA,NA,NA,NA,NA
8,50,sqrt,0,5000,dynamic,1,0,1,0.031532,no,0.043,1.175,59.0,NA,NA,NA,NA,NA
4,10,sqrt,0,5000,dynamic,1,0,1,0.003084,yes,0.014,1.043,0.0,NA,NA,NA,NA,NA
20,10,sqrt,1000,5000,static,1,0,1,0.003620,yes,0.025,0.644,0.0,NA,NA,NA,NA,NA
8,10,sqrt,1000,10000,dynamic,1,50,1,0.004783,yes,0.011,1.671,0.0,NA,NA,NA,NA,NA
4,100,sqrt,10,10000,dynamic,10,50,1,17.863837,no,17.901,3.707,4.4,NA,NA,NA,NA,NA
16,10,sqrt,1000,5000,static,1,50,1,0.003866,yes,0.019,1.108,0.0,NA,NA,NA,NA,NA
8,10,hogwild,0,10000,dynamic,0,0,1,0.005465,yes,0.011,0.516,86.2,NA,NA,NA,NA,NA
4,100,hogwild,0,10000,guided,0,50,1,4.987449,no,5.030,4.461,1.0,NA,NA,NA,NA,NA
16,10,sqrt,10,5000,static,0,50,1,0.019318,yes,0.037,0.300,100.0,NA,NA,NA,NA,NA
20,50,statespace,0,10000,static,1,0,1,0.025397,no,0.042,1.099,35.8,NA,NA,NA,NA,NA
2,10,statespace,0,5000,static,10,50,1,0.005794,yes,0.021,1.855,70.7,NA,NA,NA,NA,NA
2,100,sqrt,0,10000,guided,1,0,1,0.147364,yes,0.159,1.495,16.5,NA,NA,NA,NA,NA
2,100,hogwild,0,5000,guided,1,50,1,4.381314,no,4.412,4.578,1.0,NA,NA,NA,NA,NA
2,50,sqrt,1000,5000,guided,10,50,1,0.704172,no,0.727,4.308,1.0,NA,NA,NA,NA,NA
8,100,sqrt,10,10000,guided,1,0,1,0.255214,no,0.268,1.466,40.0,NA,NA,NA,NA,NA
2,100,sqrt,0,10000,guided,0,50,1,8.815678,no,8.846,4.586,0.6,NA,NA,NA,NA,NA
16,100,sqrt,1000,10000,guided,0,0,1,0.051752,no,0.069,1.194,41.9,NA,NA,NA,NA,NA
16,50,sqrt,1000,5000,dynamic,10,0,1,0.020138,no,0.032,1.069,36.2,NA,NA,NA,NA,NA
8,10,sqrt,10,10000,static,1,0,1,0.015048,yes,0.022,0.490,86.0,NA,NA,NA,NA,NA
4,100,sqrt,1000,5000,static,10,0,1,0.063424,no,0.077,1.313,8.4,NA,NA,NA,NA,NA
16,10,sqrt,0,5000,guided,1,50,1,0.014123,yes,0.024,0.371,86.4,NA,NA,NA,NA,NA
2,50,sqrt,1000,10000,dynamic,1,0,1,0.041094,yes,0.052,1.500,30.7,NA,NA,NA,NA,NA
40,50,sqrt,10,10000,dynamic,0,50,1,1.054455,no,1.071,0.703,24.7,NA,NA,NA,NA,NA
16,50,sqrt,10,5000,guided,0,50,1,0.321297,no,0.338,2.105,18.1,NA,NA,NA,NA,NA
16,10,sqrt,1000,10000,guided,1,50,1,0.005013,yes,0.015,1.199,47.0,NA,NA,NA,NA,NA
16,100,hogwild,0,10000,guided,10,50,1,1.501136,no,1.528,3.865,6.1,NA,NA,NA,NA,NA
16,10,statespace,0,10000,dynamic,0,50,1,0.007817,yes,0.038,0.741,86.5,NA,NA,NA,NA,NA
16,50,sqrt,1000,10000,guided,0,50,1,0.316176,no,0.325,4.042,2.2,NA,NA,NA,NA,NA
40,100,sqrt,10,5000,guided,1,50,1,2.250211,no,2.275,1.017,24.2,NA,NA,NA,NA,NA
20,10,hogwild,0,5000,guided,10,50,1,0.006925,yes,0.015,0.397,95.8,NA,NA,NA,NA,NA
4,10,sqrt,0,10000,static,0,50,1,0.008745,yes,0.018,1.559,46.9,NA,NA,NA,NA,NA
20,50,hogwild,0,10000,guided,0,0,1,0.012598,yes,0.024,0.689,74.6,NA,NA,NA,NA,NA
2,10,sqrt,0,10000,static,10,50,1,0.012335,yes,0.020,1.804,32.0,NA,NA,NA,NA,NA
20,50,hogwild,0,5000,guided,0,50,1,0.101348,no,0.118,3.222,14.1,NA,NA,NA,NA,NA
2,10,sqrt,0,10000,guided,1,0,1,0.005313,yes,0.027,1.468,35.7,NA,NA,NA,NA,NA
2,10,sqrt,0,5000,guided,1,0,1,0.003223,yes,0.016,1.334,60.9,NA,NA,NA,NA,NA
20,50,hogwild,0,10000,static,10,50,1,0.200588,no,0.221,3.186,12.0,NA,NA,NA,NA,NA
4,50,sqrt,1000,10000,dynamic,1,0,1,0.031619,yes,0.053,1.412,30.4,NA,NA,NA,NA,NA
8,10,sqrt,10,5000,dynamic,1,50,1,0.010193,yes,0.026,0.659,80.1,NA,NA,NA,NA,NA
16,50,statespace,0,5000,guided,0,0,1,0.019006,no,0.026,1.125,33.4,NA,NA,NA,NA,NA
20,10,sqrt,10,10000,static,0,50,1,0.036818,yes,0.051,0.249,100.0,NA,NA,NA,NA,NA
40,100,sqrt,0,10000,dynamic,10,50,1,8.955588,no,8.983,1.677,9.7,NA,NA,NA,NA,NA
4,50,hogwild,0,5000,guided,0,50,1,0.401348,no,0.410,3.891,3.4,NA,NA,NA,NA,NA
20,10,sqrt,1000,10000,dynamic,0,0,1,0.004841,yes,0.021,0.618,64.5,NA,NA,NA,NA,NA
40,10,statespace,0,10000,guided,10,50,1,0.013864,yes,0.021,0.433,51.0,NA,NA,NA,NA,NA
16,50,hogwild,0,10000,static,1,50,1,0.248955,no,0.271,3.232,10.0,NA,NA,NA,NA,NA
16,100,sqrt,1000,10000,static,0,0,1,0.050215,no,0.072,1.208,40.7,NA,NA,NA,NA,NA
20,10,hogwild,0,5000,static,0,50,1,0.006521,yes,0.017,0.423,80.3,NA,NA,NA,NA,NA
8,50,sqrt,10,5000,dynamic,10,0,1,0.135037,no,0.146,0.749,25.9,NA,NA,NA,NA,NA
4,50,sqrt,10,5000,dynamic,10,0,1,0.095587,yes,0.111,0.965,16.9,NA,NA,NA,NA,NA
20,10,statespace,0,5000,dynamic,0,50,1,0.005618,yes,0.012,0.706,0.0,NA,NA,NA,NA,NA
4,10,sqrt,1000,10000,guided,0,50,1,0.006745,yes,0.013,1.848,29.8,NA,NA,NA,NA,NA
4,50,sqrt,1000,5000,guided,10,50,1,0.458076,no,0.477,4.259,1.3,NA,NA,NA,NA,NA
4,100,statespace,0,10000,guided,0,50,1,4.829270,no,4.853,4.602,0.5,NA,NA,NA,NA,NA
16,100,sqrt,0,10000,static,1,0,1,0.176678,no,0.186,0.936,51.1,NA,NA,NA,NA,NA
2,50,sqrt,0,5000,dynamic,0,0,1,0.032671,no,0.039,1.496,33.4,NA,NA,NA,NA,NA
4,50,hogwild,0,10000,static,1,0,1,0.023293,yes,0.031,1.261,72.4,NA,NA,NA,NA,NA
2,10,statespace,0,10000,dynamic,0,50,1,0.010909,yes,0.017,1.959,33.3,NA,NA,NA,NA,NA
8,100,hogwild,0,10000,guided,10,0,1,0.034849,no,0.059,1.189,59.8,NA,NA,NA,NA,NA
4,10,statespace,0,10000,static,10,0,1,0.004465,yes,0.016,1.152,0.0,NA,NA,NA,NA,NA
16,100,sqrt,1000,5000,guided,0,0,1,0.034003,no,0.045,1.135,47.4,NA,NA,NA,NA,NA
20,50,sqrt,0,5000,dynamic,10,50,1,1.271481,no,1.296,1.367,15.3,NA,NA,NA,NA,NA
40,50,hogwild,0,10000,static,10,0,1,0.010944,yes,0.019,0.448,72.1,NA,NA,NA,NA,NA
16,100,sqrt,1000,5000,static,10,0,1,0.037416,no,0.046,1.073,43.2,NA,NA,NA,NA,NA
16,100,hogwild,0,10000,static,0,50,1,1.594001,no,1.620,3.866,6.0,NA,NA,NA,NA,NA
20,100,sqrt,1000,10000,guided,10,0,1,0.051405,no,0.062,1.095,53.3,NA,NA,NA,NA,NA
4,50,sqrt,1000,10000,dynamic,0,50,1,0.771770,no,0.781,4.307,1.1,NA,NA,NA,NA,NA
2,50,sqrt,0,10000,guided,1,50,1,1.303148,no,1.313,4.190,1.4,NA,NA,NA,NA,NA
2,100,statespace,0,5000,dynamic,1,50,1,4.349367,no,4.373,4.587,0.7,NA,NA,NA,NA,NA
4,100,statespace,0,10000,guided,1,0,1,0.112240,no,0.122,1.329,10.7,NA,NA,NA,NA,NA
8,10,sqrt,1000,5000,static,0,50,1,0.003528,yes,0.015,1.470,0.0,NA,NA,NA,NA,NA
8,100,sqrt,10,10000,static,0,0,1,0.247170,no,0.262,1.508,36.0,NA,NA,NA,NA,NA
40,50,sqrt,10,10000,dynamic,10,50,1,4.413810,no,4.427,0.538,19.6,NA,NA,NA,NA,NA
40,100,hogwild,0,10000,guided,10,0,1,0.016698,yes,0.030,0.599,55.6,NA,NA,NA,NA,NA
20,50,sqrt,0,5000,dynamic,0,0,1,0.046589,no,0.058,0.713,41.8,NA,NA,NA,NA,NA
8,50,sqrt,1000,5000,guided,1,0,1,0.020717,no,0.036,1.253,37.9,NA,NA,NA,NA,NA
16,10,statespace,0,5000,dynamic,0,0,1,0.004150,yes,0.013,0.488,0.0,NA,NA,NA,NA,NA
8,10,hogwild,0,10000,static,10,50,1,0.006845,yes,0.015,1.009,75.7,NA,NA,NA,NA,NA
2,50,hogwild,0,10000,guided,0,0,1,0.039920,yes,0.051,1.329,59.1,NA,NA,NA,NA,NA
8,10,sqrt,1000,5000,dynamic,0,50,1,0.002909,yes,0.010,1.585,0.0,NA,NA,NA,NA,NA
20,50,sqrt,10,5000,dynamic,1,0,1,0.080010,no,0.091,0.652,61.6,NA,NA,NA,NA,NA
20,50,sqrt,1000,10000,dynamic,1,50,1,0.243174,no,0.267,4.193,5.7,NA,NA,NA,NA,NA
8,100,statespace,0,5000,guided,10,50,1,1.269594,no,1.302,4.516,1.5,NA,NA,NA,NA,NA
2,50,sqrt,1000,5000,dynamic,1,50,1,0.708635,no,0.721,4.314,1.1,NA,NA,NA,NA,NA
16,100,sqrt,10,5000,static,10,0,1,0.396519,no,0.409,0.672,37.1,NA,NA,NA,NA,NA
2,10,sqrt,0,5000,guided,10,0,1,0.003174,yes,0.014,1.338,0.0,NA,NA,NA,NA,NA
2,100,statespace,0,10000,guided,1,0,1,0.139111,no,0.152,1.384,10.4,NA,NA,NA,NA,NA
4,50,hogwild,0,10000,dynamic,10,50,1,0.740776,no,0.759,3.993,4.3,NA,NA,NA,NA,NA
20,100,sqrt,10,5000,guided,1,0,1,0.238402,no,0.252,0.681,71.2,NA,NA,NA,NA,NA
4,50,hogwild,0,5000,static,0,0,1,0.014591,yes,0.026,1.215,66.0,NA,NA,NA,NA,NA
16,100,sqrt,10,10000,guided,10,50,1,18.200582,no,18.228,2.121,14.5,NA,NA,NA,NA,NA
2,50,sqrt,0,5000,guided,0,0,1,0.032697,yes,0.040,1.450,44.8,NA,NA,NA,NA,NA
16,50,statespace,0,5000,guided,10,0,1,0.019769,no,0.027,1.100,32.9,NA,NA,NA,NA,NA
40,10,statespace,0,5000,guided,10,50,1,0.010892,no,0.019,0.427,55.6,NA,NA,NA,NA,NA
40,50,statespace,0,10000,dynamic,10,0,1,0.029117,no,0.037,0.780,44.4,NA,NA,NA,NA,NA
8,100,sqrt,10,10000,dynamic,10,50,1,17.875880,no,17.910,2.996,7.2,NA,NA,NA,NA,NA
8,10,statespace,0,10000,static,1,0,1,0.003501,yes,0.009,1.003,0.0,NA,NA,NA,NA,NA
4,50,sqrt,0,5000,static,1,0,1,0.028989,yes,0.036,1.394,48.0,NA,NA,NA,NA,NA
4,10,hogwild,0,10000,static,1,50,1,0.008910,yes,0.019,1.365,67.5,NA,NA,NA,NA,NA
8,10,sqrt,10,5000,dynamic,1,0,1,0.005565,yes,0.026,0.665,66.5,NA,NA,NA,NA,NA
8,50,sqrt,0,10000,guided,10,50,1,1.115950,no,1.125,2.593,7.4,NA,NA,NA,NA,NA
2,10,statespace,0,10000,static,10,0,1,0.005152,yes,0.015,1.485,0.0,NA,NA,NA,NA,NA
16,100,hogwild,0,5000,dynamic,1,0,1,0.015708,yes,0.025,0.919,63.8,NA,NA,NA,NA,NA
40,50,hogwild,0,10000,guided,1,0,1,0.011012,yes,0.023,0.446,69.1,NA,NA,NA,NA,NA
8,10,statespace,0,5000,static,10,50,1,0.005050,yes,0.015,1.063,48.4,NA,NA,NA,NA,NA
2,100,sqrt,1000,5000,static,0,50,1,4.362428,no,4.390,4.588,0.5,NA,NA,NA,NA,NA
16,10,statespace,0,10000,guided,0,0,1,0.006249,yes,0.013,0.432,96.2,NA,NA,NA,NA,NA
16,100,sqrt,1000,5000,static,1,0,1,0.033467,no,0.052,1.149,41.2,NA,NA,NA,NA,NA
2,50,hogwild,0,5000,guided,10,50,1,0.663646,no,0.673,4.205,2.2,NA,NA,NA,NA,NA
2,50,sqrt,10,5000,dynamic,0,0,1,0.050481,yes,0.058,1.651,38.9,NA,NA,NA,NA,NA
16,50,sqrt,0,5000,dynamic,10,50,1,1.457448,no,1.466,1.375,14.6,NA,NA,NA,NA,NA
20,100,sqrt,1000,5000,guided,10,50,1,0.563826,no,0.591,4.473,1.2,NA,NA,NA,NA,NA
4,10,sqrt,10,10000,static,0,50,1,0.014879,yes,0.037,1.179,56.2,NA,NA,NA,NA,NA
4,50,statespace,0,5000,guided,1,0,1,0.024933,yes,0.042,1.348,27.6,NA,NA,NA,NA,NA
2,50,sqrt,1000,5000,static,1,0,1,0.029191,yes,0.041,1.413,30.2,NA,NA,NA,NA,NA
20,10,sqrt,0,10000,static,10,0,1,0.023312,yes,0.034,0.277,93.8,NA,NA,NA,NA,NA
20,50,sqrt,0,10000,guided,10,0,1,0.171494,no,0.180,0.567,34.1,NA,NA,NA,NA,NA
4,100,statespace,0,10000,dynamic,10,0,1,0.115399,no,0.128,1.300,11.5,NA,NA,NA,NA,NA
2,100,statespace,0,10000,static,10,50,1,8.724455,no,8.747,4.604,0.5,NA,NA,NA,NA,NA
16,100,hogwild,0,5000,static,1,0,1,0.019894,yes,0.029,0.758,92.3,NA,NA,NA,NA,NA
4,100,hogwild,0,5000,dynamic,1,50,1,2.474822,no,2.498,4.487,1.4,NA,NA,NA,NA,NA
8,10,sqrt,0,10000,static,1,50,1,0.007403,yes,0.028,1.196,58.9,NA,NA,NA,NA,NA
40,50,sqrt,0,5000,guided,1,0,1,0.044669,no,0.053,0.447,97.1,NA,NA,NA,NA,NA
8,10,hogwild,0,10000,static,1,50,1,0.006767,no,0.028,0.992,71.7,NA,NA,NA,NA,NA
8,10,sqrt,0,5000,guided,0,50,1,0.005316,yes,0.014,1.052,61.1,NA,NA,NA,NA,NA
16,10,hogwild,0,10000,static,10,50,1,0.008850,yes,0.015,0.474,90.2,NA,NA,NA,NA,NA
8,100,statespace,0,5000,guided,10,0,1,0.039199,no,0.050,1.262,34.9,NA,NA,NA,NA,NA
8,10,sqrt,0,10000,guided,10,50,1,0.011512,yes,0.019,0.930,45.3,NA,NA,NA,NA,NA
4,10,sqrt,0,10000,guided,1,0,1,0.004246,yes,0.019,1.242,43.6,NA,NA,NA,NA,NA
16,100,sqrt,10,5000,guided,1,50,1,1.205842,no,1.239,2.820,14.7,NA,NA,NA,NA,NA
40,100,sqrt,10,10000,dynamic,0,0,1,0.703696,no,0.716,0.421,58.9,NA,NA,NA,NA,NA
2,10,hogwild,0,5000,guided,0,0,1,0.003176,yes,0.011,1.141,0.0,NA,NA,NA,NA,NA
2,50,hogwild,0,5000,guided,0,0,1,0.024783,no,0.045,1.309,59.9,NA,NA,NA,NA,NA
16,10,sqrt,0,5000,dynamic,1,0,1,0.011720,yes,0.023,0.273,87.8,NA,NA,NA,NA,NA
16,10,sqrt,1000,10000,static,1,50,1,0.004845,yes,0.011,1.196,39.5,NA,NA,NA,NA,NA
8,50,sqrt,1000,5000,static,0,0,1,0.021355,no,0.030,1.221,32.1,NA,NA,NA,NA,NA
40,50,sqrt,1000,5000,dynamic,10,50,1,0.161613,no,0.179,2.206,21.7,NA,NA,NA,NA,NA
2,10,sqrt,10,10000,dynamic,1,50,1,0.014924,yes,0.021,1.735,37.7,NA,NA,NA,NA,NA
4,10,sqrt,1000,5000,static,1,0,1,0.001969,yes,0.013,1.248,0.0,NA,NA,NA,NA,NA
16,50,hogwild,0,5000,static,1,50,1,0.130216,no,0.155,3.190,18.4,NA,NA,NA,NA,NA
4,10,sqrt,10,5000,dynamic,10,50,1,0.016766,yes,0.035,0.800,37.4,NA,NA,NA,NA,NA
16,100,sqrt,0,10000,dynamic,0,50,1,1.746744,no,1.771,3.569,8.4,NA,NA,NA,NA,NA
2,100,sqrt,0,10000,dynamic,1,0,1,0.144932,yes,0.165,1.520,11.6,NA,NA,NA,NA,NA
8,50,sqrt,1000,10000,dynamic,10,50,1,0.470667,no,0.493,4.194,1.6,NA,NA,NA,NA,NA
2,100,sqrt,10,10000,static,10,50,1,17.829603,no,17.859,4.186,2.2,NA,NA,NA,NA,NA
16,100,sqrt,1000,5000,dynamic,10,50,1,0.704921,no,0.729,4.490,2.0,NA,NA,NA,NA,NA
2,50,sqrt,1000,5000,static,0,0,1,0.028829,yes,0.049,1.422,30.1,NA,NA,NA,NA,NA
2,50,hogwild,0,5000,dynamic,10,50,1,0.694386,no,0.718,4.105,1.7,NA,NA,NA,NA,NA
40,100,sqrt,10,10000,static,0,50,1,4.603720,no,4.631,0.999,22.8,NA,NA,NA,NA,NA
2,10,sqrt,1000,10000,guided,10,50,1,0.010564,yes,0.024,1.976,29.0,NA,NA,NA,NA,NA
4,10,sqrt,0,10000,guided,10,0,1,0.005188,yes,0.016,1.088,0.0,NA,NA,NA,NA,NA
8,10,sqrt,10,10000,guided,10,50,1,0.033545,yes,0.054,0.631,47.1,NA,NA,NA,NA,NA
20,50,statespace,0,10000,guided,0,50,1,0.253678,no,0.265,4.184,1.8,NA,NA,NA,NA,NA
20,100,sqrt,0,5000,dynamic,10,50,1,4.556488,no,4.583,2.574,13.7,NA,NA,NA,NA,NA
4,100,sqrt,10,5000,guided,1,0,1,0.156155,no,0.176,1.517,37.7,NA,NA,NA,NA,NA
4,100,hogwild,0,5000,dynamic,0,0,1,0.041865,yes,0.050,1.233,18.6,NA,NA,NA,NA,NA
2,100,sqrt,0,10000,dynamic,0,50,1,8.795856,no,8.820,4.561,0.9,NA,NA,NA,NA,NA
4,10,sqrt,0,10000,dynamic,1,50,1,0.008294,yes,0.019,1.587,50.3,NA,NA,NA,NA,NA
16,10,hogwild,0,5000,guided,1,50,1,0.007901,yes,0.015,0.449,56.0,NA,NA,NA,NA,NA
16,10,sqrt,10,5000,dynamic,1,0,1,0.017874,yes,0.024,0.227,89.6,NA,NA,NA,NA,NA
20,50,sqrt,0,10000,static,10,0,1,0.165717,no,0.174,0.578,32.6,NA,NA,NA,NA,NA
8,10,sqrt,0,10000,dynamic,10,50,1,0.011440,yes,0.033,0.929,42.0,NA,NA,NA,NA,NA
20,10,hogwild,0,10000,guided,10,0,1,0.009635,yes,0.026,0.228,93.1,NA,NA,NA,NA,NA
16,50,hogwild,0,5000,guided,0,50,1,0.128036,no,0.138,3.212,27.0,NA,NA,NA,NA,NA
16,50,sqrt,0,5000,dynamic,1,0,1,0.048033,no,0.059,0.806,50.8,NA,NA,NA,NA,NA
40,10,sqrt,0,5000,static,10,50,1,0.019493,no,0.031,0.366,55.5,NA,NA,NA,NA,NA
40,100,hogwild,0,10000,guided,10,50,1,0.959436,no,0.988,2.436,3.7,NA,NA,NA,NA,NA
2,50,statespace,0,10000,static,1,0,1,0.041983,yes,0.054,1.490,37.0,NA,NA,NA,NA,NA
20,10,sqrt,0,5000,dynamic,1,0,1,0.011284,yes,0.026,0.255,91.7,NA,NA,NA,NA,NA
2,50,statespace,0,5000,static,1,0,1,0.029219,yes,0.036,1.428,25.3,NA,NA,NA,NA,NA
4,50,sqrt,1000,5000,dynamic,1,0,1,0.024449,yes,0.032,1.371,31.9,NA,NA,NA,NA,NA
16,100,sqrt,10,5000,static,0,50,1,1.200116,no,1.224,2.848,14.5,NA,NA,NA,NA,NA
20,100,sqrt,0,10000,static,1,0,1,0.230982,no,0.249,0.730,64.9,NA,NA,NA,NA,NA
2,10,sqrt,10,5000,static,0,0,1,0.004775,yes,0.021,1.258,53.6,NA,NA,NA,NA,NA
40,10,sqrt,1000,10000,dynamic,0,0,1,0.005430,yes,0.015,0.460,46.8,NA,NA,NA,NA,NA
20,10,hogwild,0,10000,static,10,50,1,0.009290,yes,0.022,0.414,91.1,NA,NA,NA,NA,NA
8,100,sqrt,1000,10000,static,10,50,1,2.676702,no,2.710,4.544,0.9,NA,NA,NA,NA,NA
40,50,hogwild,0,5000,dynamic,0,0,1,0.009564,yes,0.018,0.428,48.0,NA,NA,NA,NA,NA
20,10,hogwild,0,10000,static,1,0,1,0.007762,yes,0.017,0.251,85.3,NA,NA,NA,NA,NA
4,50,statespace,0,5000,static,10,50,1,0.467663,no,0.476,4.283,1.1,NA,NA,NA,NA,NA
16,100,sqrt,1000,5000,static,0,50,1,0.695952,no,0.723,4.472,2.3,NA,NA,NA,NA,NA
16,50,sqrt,0,10000,static,10,0,1,0.134149,no,0.143,0.642,39.6,NA,NA,NA,NA,NA
16,10,sqrt,0,10000,static,1,0,1,0.013740,yes,0.021,0.305,87.7,NA,NA,NA,NA,NA
16,100,sqrt,1000,10000,guided,10,50,1,1.363805,no,1.390,4.482,1.6,NA,NA,NA,NA,NA
40,100,hogwild,0,5000,static,1,0,1,0.011853,yes,0.036,0.598,48.0,NA,NA,NA,NA,NA
8,50,sqrt,1000,10000,dynamic,1,50,1,0.458748,no,0.478,4.282,1.2,NA,NA,NA,NA,NA
40,50,sqrt,10,10000,dynamic,1,50,1,1.044270,no,1.057,0.705,24.1,NA,NA,NA,NA,NA
40,10,sqrt,0,10000,static,10,50,1,0.026304,yes,0.038,0.365,62.8,NA,NA,NA,NA,NA
2,10,sqrt,0,5000,dynamic,10,50,1,0.006680,yes,0.023,1.701,32.3,NA,NA,NA,NA,NA
2,100,sqrt,10,5000,dynamic,1,0,1,0.161982,yes,0.175,1.810,11.2,NA,NA,NA,NA,NA
4,50,hogwild,0,5000,guided,1,50,1,0.381449,no,0.403,4.018,3.6,NA,NA,NA,NA,NA
40,10,hogwild,0,5000,dynamic,1,50,1,0.007635,yes,0.019,0.276,77.9,NA,NA,NA,NA,NA
8,10,sqrt,1000,10000,dynamic,0,0,1,0.002511,yes,0.019,1.203,0.0,NA,NA,NA,NA,NA
2,50,sqrt,10,5000,static,0,0,1,0.045760,yes,0.056,1.800,16.3,NA,NA,NA,NA,NA
2,100,sqrt,0,5000,dynamic,1,50,1,4.420681,no,4.447,4.563,0.8,NA,NA,NA,NA,NA
2,100,hogwild,0,5000,dynamic,10,0,1,0.072858,yes,0.095,1.299,11.5,NA,NA,NA,NA,NA
8,10,sqrt,1000,5000,guided,0,50,1,0.003042,yes,0.017,1.544,0.0,NA,NA,NA,NA,NA
16,100,hogwild,0,5000,static,10,0,1,0.016448,yes,0.033,0.889,67.5,NA,NA,NA,NA,NA
4,50,sqrt,10,10000,static,10,0,1,0.139149,yes,0.165,1.090,21.9,NA,NA,NA,NA,NA
20,100,sqrt,1000,10000,static,0,0,1,0.049112,no,0.062,1.134,44.2,NA,NA,NA,NA,NA
2,10,sqrt,10,5000,dynamic,0,0,1,0.005413,yes,0.016,1.135,44.4,NA,NA,NA,NA,NA
40,10,statespace,0,10000,static,10,50,1,0.013726,yes,0.025,0.439,61.0,NA,NA,NA,NA,NA
4,100,hogwild,0,5000,guided,1,50,1,2.461659,no,2.503,4.514,1.1,NA,NA,NA,NA,NA
20,50,hogwild,0,10000,dynamic,1,50,1,0.191443,no,0.205,3.195,12.1,NA,NA,NA,NA,NA
8,50,sqrt,10,10000,guided,1,50,1,0.783074,no,0.796,2.636,9.1,NA,NA,NA,NA,NA
20,10,statespace,0,5000,guided,0,0,1,0.005166,yes,0.012,0.417,77.6,NA,NA,NA,NA,NA
4,100,sqrt,1000,5000,guided,1,50,1,2.409486,no,2.447,4.591,0.7,NA,NA,NA,NA,NA
2,50,sqrt,10,10000,static,0,0,1,0.077393,yes,0.089,1.898,12.1,NA,NA,NA,NA,NA
16,100,sqrt,1000,5000,static,1,50,1,0.697647,no,0.721,4.465,1.9,NA,NA,NA,NA,NA
2,10,statespace,0,5000,guided,1,50,1,0.005870,yes,0.013,1.852,39.1,NA,NA,NA,NA,NA
20,10,hogwild,0,10000,dynamic,1,50,1,0.009121,no,0.030,0.405,90.6,NA,NA,NA,NA,NA
20,10,sqrt,0,5000,guided,0,50,1,0.014586,yes,0.027,0.335,90.4,NA,NA,NA,NA,NA
4,100,statespace,0,5000,dynamic,10,0,1,0.062457,no,0.075,1.317,8.2,NA,NA,NA,NA,NA
20,50,sqrt,1000,5000,static,10,50,1,0.142182,no,0.155,4.075,6.3,NA,NA,NA,NA,NA
2,50,statespace,0,5000,dynamic,1,0,1,0.029162,yes,0.047,1.425,29.3,NA,NA,NA,NA,NA
2,100,sqrt,0,10000,guided,10,50,1,8.765967,no,8.790,4.587,0.7,NA,NA,NA,NA,NA
20,10,hogwild,0,10000,guided,0,0,1,0.007911,yes,0.025,0.231,22.8,NA,NA,NA,NA,NA
20,50,sqrt,1000,10000,dynamic,0,50,1,0.243348,no,0.256,4.188,4.5,NA,NA,NA,NA,NA
40,100,statespace,0,5000,dynamic,10,50,1,0.517043,no,0.550,2.437,5.0,NA,NA,NA,NA,NA
4,10,sqrt,1000,5000,dynamic,1,50,1,0.003845,yes,0.014,1.796,28.8,NA,NA,NA,NA,NA
8,10,sqrt,0,5000,dynamic,10,50,1,0.008740,yes,0.023,0.814,42.6,NA,NA,NA,NA,NA
40,50,sqrt,0,10000,dynamic,1,0,1,0.065662,no,0.083,0.472,57.9,NA,NA,NA,NA,NA
20,100,hogwild,0,10000,static,10,0,1,0.021236,yes,0.032,0.850,86.3,NA,NA,NA,NA,NA
4,50,sqrt,1000,10000,guided,0,0,1,0.031281,yes,0.042,1.429,32.3,NA,NA,NA,NA,NA
8,10,statespace,0,5000,static,10,0,1,0.002715,yes,0.021,0.847,42.5,NA,NA,NA,NA,NA
8,10,sqrt,10,10000,static,10,0,1,0.018639,yes,0.038,0.580,53.7,NA,NA,NA,NA,NA
40,10,sqrt,1000,5000,dynamic,1,0,1,0.005064,yes,0.012,0.447,0.0,NA,NA,NA,NA,NA
40,50,statespace,0,5000,dynamic,10,50,1,0.146064,no,0.175,2.229,18.9,NA,NA,NA,NA,NA
20,10,hogwild,0,5000,guided,1,0,1,0.005140,yes,0.011,0.285,98.4,NA,NA,NA,NA,NA
40,100,statespace,0,5000,guided,1,0,1,0.051172,no,0.068,0.762,50.4,NA,NA,NA,NA,NA
16,50,sqrt,10,5000,static,10,50,1,2.165110,no,2.174,1.011,15.7,NA,NA,NA,NA,NA
2,50,statespace,0,10000,static,1,50,1,1.314816,no,1.327,4.319,0.9,NA,NA,NA,NA,NA
16,100,sqrt,1000,10000,static,1,0,1,0.051914,no,0.072,1.193,13.7,NA,NA,NA,NA,NA
4,100,statespace,0,5000,static,10,50,1,2.478533,no,2.505,4.532,0.9,NA,NA,NA,NA,NA
40,10,sqrt,0,10000,guided,10,0,1,0.015897,yes,0.023,0.275,70.0,NA,NA,NA,NA,NA
16,100,sqrt,1000,5000,static,0,0,1,0.033472,no,0.056,1.148,41.3,NA,NA,NA,NA,NA
8,100,statespace,0,10000,static,10,0,1,0.068469,no,0.078,1.304,8.0,NA,NA,NA,NA,NA
4,10,sqrt,10,10000,guided,0,50,1,0.012802,yes,0.021,1.328,45.9,NA,NA,NA,NA,NA
4,100,sqrt,0,5000,static,0,0,1,0.084415,no,0.097,1.508,16.5,NA,NA,NA,NA,NA
16,50,hogwild,0,10000,static,0,0,1,0.011404,yes,0.021,0.776,71.9,NA,NA,NA,NA,NA
40,50,sqrt,0,10000,guided,10,50,1,2.098833,no,2.118,1.041,17.0,NA,NA,NA,NA,NA
4,50,sqrt,1000,10000,guided,10,0,1,0.032364,yes,0.053,1.400,29.8,NA,NA,NA,NA,NA
8,100,sqrt,0,10000,static,10,0,1,0.184457,no,0.199,1.081,20.9,NA,NA,NA,NA,NA
2,10,sqrt,0,5000,static,10,50,1,0.007045,yes,0.018,1.646,38.1,NA,NA,NA,NA,NA
16,10,hogwild,0,10000,guided,0,0,1,0.007143,yes,0.027,0.264,56.6,NA,NA,NA,NA,NA
8,50,sqrt,10,10000,guided,10,50,1,3.394792,no,3.408,1.331,12.5,NA,NA,NA,NA,NA
16,50,hogwild,0,10000,guided,10,50,1,0.234210,no,0.247,3.254,18.6,NA,NA,NA,NA,NA
8,100,hogwild,0,5000,static,1,50,1,1.389581,no,1.427,4.324,1.5,NA,NA,NA,NA,NA
20,50,sqrt,0,5000,static,10,0,1,0.100434,no,0.120,0.575,10.4,NA,NA,NA,NA,NA
16,50,hogwild,0,10000,dynamic,1,0,1,0.011888,no,0.019,0.746,76.5,NA,NA,NA,NA,NA
4,10,sqrt,0,5000,dynamic,10,50,1,0.005699,yes,0.018,1.377,49.1,NA,NA,NA,NA,NA
4,50,sqrt,1000,10000,guided,1,50,1,0.778224,no,0.797,4.278,1.3,NA,NA,NA,NA,NA
40,100,hogwild,0,5000,static,1,50,1,0.509784,no,0.543,2.419,2.5,NA,NA,NA,NA,NA
4,100,hogwild,0,5000,guided,0,0,1,0.040647,yes,0.067,1.256,52.9,NA,NA,NA,NA,NA
40,50,sqrt,0,5000,guided,10,50,1,1.116632,no,1.130,1.044,18.5,NA,NA,NA,NA,NA
40,50,sqrt,0,5000,dynamic,1,0,1,0.040672,no,0.053,0.485,91.1,NA,NA,NA,NA,NA
16,100,sqrt,1000,5000,dynamic,10,0,1,0.035412,no,0.060,1.097,42.7,NA,NA,NA,NA,NA
16,10,sqrt,10,10000,guided,10,50,1,0.052798,yes,0.065,0.374,58.0,NA,NA,NA,NA,NA
20,10,sqrt,10,10000,guided,0,0,1,0.038920,yes,0.053,0.173,100.0,NA,NA,NA,NA,NA
40,50,sqrt,1000,5000,dynamic,0,0,1,0.024270,no,0.038,0.697,39.3,NA,NA,NA,NA,NA
40,100,sqrt,10,10000,guided,10,50,1,20.157404,no,20.191,1.010,20.2,NA,NA,NA,NA,NA
8,10,sqrt,1000,10000,guided,10,50,1,0.004817,yes,0.011,1.653,33.5,NA,NA,NA,NA,NA
40,10,sqrt,1000,10000,dynamic,1,0,1,0.006484,yes,0.021,0.434,68.0,NA,NA,NA,NA,NA
16,10,hogwild,0,10000,static,0,0,1,0.007086,yes,0.023,0.283,74.1,NA,NA,NA,NA,NA
40,50,sqrt,10,5000,dynamic,0,50,1,0.575005,no,0.588,0.743,26.5,NA,NA,NA,NA,NA
4,50,statespace,0,10000,static,0,0,1,0.032520,yes,0.048,1.406,33.3,NA,NA,NA,NA,NA
40,50,statespace,0,5000,static,1,0,1,0.021354,no,0.040,0.719,37.1,NA,NA,NA,NA,NA
40,50,statespace,0,10000,guided,10,50,1,0.270898,no,0.284,2.267,9.2,NA,NA,NA,NA,NA
4,100,hogwild,0,5000,static,0,0,1,0.043072,yes,0.054,1.221,19.1,NA,NA,NA,NA,NA
40,100,statespace,0,5000,static,10,0,1,0.050848,no,0.068,0.766,41.0,NA,NA,NA,NA,NA
40,50,statespace,0,10000,guided,1,50,1,0.256199,no,0.278,2.284,7.5,NA,NA,NA,NA,NA
2,10,statespace,0,10000,dynamic,0,0,1,0.005325,yes,0.020,1.460,47.4,NA,NA,NA,NA,NA
20,50,sqrt,1000,10000,dynamic,10,50,1,0.257393,no,0.280,4.083,2.2,NA,NA,NA,NA,NA
16,10,sqrt,0,10000,static,0,50,1,0.016347,yes,0.037,0.429,91.9,NA,NA,NA,NA,NA
16,100,sqrt,10,10000,dynamic,1,0,1,0.360953,no,0.374,0.902,63.4,NA,NA,NA,NA,NA
2,10,sqrt,1000,5000,static,10,50,1,0.006110,yes,0.020,1.899,100.0,NA,NA,NA,NA,NA
20,100,sqrt,1000,5000,static,10,0,1,0.040266,no,0.057,0.969,44.8,NA,NA,NA,NA,NA
40,10,sqrt,1000,5000,guided,0,50,1,0.005661,no,0.024,0.608,28.7,NA,NA,NA,NA,NA
40,100,sqrt,0,5000,static,10,50,1,4.294390,no,4.322,1.582,10.8,NA,NA,NA,NA,NA
4,50,sqrt,10,10000,dynamic,0,0,1,0.070432,yes,0.087,1.686,20.4,NA,NA,NA,NA,NA
40,10,sqrt,1000,10000,guided,1,0,1,0.005635,yes,0.023,0.453,31.1,NA,NA,NA,NA,NA
20,10,sqrt,1000,10000,guided,10,50,1,0.004953,yes,0.015,1.123,0.0,NA,NA,NA,NA,NA
40,100,sqrt,0,10000,static,1,0,1,0.209342,no,0.227,0.461,57.9,NA,NA,NA,NA,NA
2,10,sqrt,10,10000,guided,0,0,1,0.008975,yes,0.025,1.334,45.5,NA,NA,NA,NA,NA
4,10,hogwild,0,10000,guided,0,50,1,0.007846,yes,0.031,1.510,62.1,NA,NA,NA,NA,NA
8,100,sqrt,1000,10000,guided,0,50,1,2.601636,no,2.639,4.511,0.9,NA,NA,NA,NA,NA
8,50,sqrt,0,5000,dynamic,0,0,1,0.029124,no,0.037,1.257,59.5,NA,NA,NA,NA,NA
4,50,hogwild,0,10000,guided,1,50,1,0.735706,no,0.746,3.998,2.8,NA,NA,NA,NA,NA
20,10,statespace,0,5000,guided,1,0,1,0.007065,yes,0.018,0.420,73.1,NA,NA,NA,NA,NA
20,10,sqrt,1000,10000,dynamic,10,50,1,0.005009,yes,0.013,1.131,56.9,NA,NA,NA,NA,NA
4,10,hogwild,0,5000,dynamic,1,0,1,0.002292,yes,0.007,0.992,0.0,NA,NA,NA,NA,NA
4,50,sqrt,0,5000,guided,10,50,1,0.545975,no,0.558,3.599,4.9,NA,NA,NA,NA,NA
20,50,sqrt,0,10000,static,0,50,1,0.485105,no,0.494,2.197,14.6,NA,NA,NA,NA,NA
40,50,hogwild,0,10000,static,10,50,1,0.146942,no,0.175,2.209,13.2,NA,NA,NA,NA,NA
8,100,sqrt,1000,10000,guided,1,0,1,0.068763,no,0.081,1.327,8.8,NA,NA,NA,NA,NA
40,100,sqrt,10,10000,guided,0,50,1,4.457520,no,4.488,1.020,24.2,NA,NA,NA,NA,NA
4,10,sqrt,1000,10000,dynamic,1,50,1,0.006504,yes,0.026,1.882,30.0,NA,NA,NA,NA,NA
2,10,sqrt,1000,5000,guided,0,50,1,0.005863,yes,0.016,1.819,47.5,NA,NA,NA,NA,NA
40,50,sqrt,1000,5000,static,10,0,1,0.023382,no,0.046,0.688,35.5,NA,NA,NA,NA,NA
20,50,statespace,0,5000,static,10,50,1,0.150000,no,0.168,4.091,2.6,NA,NA,NA,NA,NA
2,100,statespace,0,10000,dynamic,10,0,1,0.138625,no,0.157,1.382,11.1,NA,NA,NA,NA,NA
8,10,sqrt,10,5000,guided,0,50,1,0.007740,yes,0.018,0.858,66.4,NA,NA,NA,NA,NA
16,50,hogwild,0,5000,dynamic,10,0,1,0.007633,yes,0.016,0.766,71.0,NA,NA,NA,NA,NA
16,10,statespace,0,5000,static,10,50,1,0.005719,yes,0.015,0.748,70.2,NA,NA,NA,NA,NA
16,100,sqrt,0,5000,static,1,50,1,1.284955,no,1.309,2.661,12.1,NA,NA,NA,NA,NA
16,10,statespace,0,5000,dynamic,1,0,1,0.004043,yes,0.023,0.496,0.0,NA,NA,NA,NA,NA
4,50,sqrt,1000,10000,dynamic,1,50,1,0.769253,no,0.781,4.306,1.0,NA,NA,NA,NA,NA
40,100,sqrt,0,10000,static,10,50,1,8.574987,no,8.615,1.584,11.4,NA,NA,NA,NA,NA
16,100,sqrt,0,5000,static,0,0,1,0.132187,no,0.145,0.882,62.6,NA,NA,NA,NA,NA
40,50,sqrt,1000,5000,guided,10,0,1,0.023903,no,0.042,0.666,44.4,NA,NA,NA,NA,NA
40,10,sqrt,1000,5000,static,0,0,1,0.004974,yes,0.026,0.467,34.1,NA,NA,NA,NA,NA
40,100,sqrt,10,5000,guided,1,0,1,0.371628,no,0.383,0.421,61.0,NA,NA,NA,NA,NA
40,100,sqrt,0,5000,static,1,0,1,0.126340,no,0.144,0.462,68.2,NA,NA,NA,NA,NA
4,10,sqrt,1000,5000,static,0,0,1,0.001936,yes,0.012,1.251,0.0,NA,NA,NA,NA,NA
40,10,sqrt,1000,10000,dynamic,0,50,1,0.006801,yes,0.018,0.643,83.9,NA,NA,NA,NA,NA
16,100,sqrt,0,10000,static,10,50,1,7.590984,no,7.623,3.022,10.9,NA,NA,NA,NA,NA
40,50,sqrt,1000,5000,static,1,50,1,0.138288,no,0.162,2.218,20.9,NA,NA,NA,NA,NA
40,50,hogwild,0,10000,guided,0,0,1,0.010427,yes,0.018,0.449,64.1,NA,NA,NA,NA,NA
40,100,sqrt,0,5000,static,1,50,1,0.590146,no,0.626,2.122,13.6,NA,NA,NA,NA,NA
8,100,sqrt,1000,5000,guided,1,50,1,1.273588,no,1.309,4.502,1.4,NA,NA,NA,NA,NA
8,10,hogwild,0,10000,static,1,0,1,0.003693,yes,0.025,0.744,68.8,NA,NA,NA,NA,NA
40,50,sqrt,0,10000,static,10,0,1,0.129016,no,0.147,0.423,33.3,NA,NA,NA,NA,NA
4,100,statespace,0,10000,dynamic,1,0,1,0.110601,no,0.129,1.344,12.0,NA,NA,NA,NA,NA
40,10,hogwild,0,10000,guided,0,0,1,0.008329,yes,0.028,0.181,92.1,NA,NA,NA,NA,NA
16,10,sqrt,10,5000,guided,10,50,1,0.029310,yes,0.039,0.385,79.5,NA,NA,NA,NA,NA
8,10,statespace,0,5000,guided,10,50,1,0.004029,yes,0.012,1.242,0.0,NA,NA,NA,NA,NA
4,50,sqrt,0,10000,guided,10,0,1,0.043565,yes,0.060,1.357,38.1,NA,NA,NA,NA,NA
20,50,sqrt,0,5000,dynamic,1,0,1,0.045858,no,0.057,0.725,62.0,NA,NA,NA,NA,NA
8,50,hogwild,0,5000,static,1,0,1,0.008447,yes,0.019,1.153,64.5,NA,NA,NA,NA,NA
4,100,sqrt,10,5000,static,0,0,1,0.136507,no,0.161,1.731,29.8,NA,NA,NA,NA,NA
2,50,sqrt,1000,10000,static,0,0,1,0.041833,yes,0.053,1.493,37.8,NA,NA,NA,NA,NA
20,10,sqrt,1000,10000,static,0,50,1,0.004884,yes,0.025,1.139,0.0,NA,NA,NA,NA,NA
4,100,statespace,0,5000,guided,1,0,1,0.062373,no,0.074,1.319,7.1,NA,NA,NA,NA,NA
4,10,statespace,0,5000,dynamic,0,50,1,0.004092,yes,0.018,1.708,0.0,NA,NA,NA,NA,NA
8,50,sqrt,10,10000,static,10,50,1,3.407607,no,3.425,1.337,12.5,NA,NA,NA,NA,NA
2,10,sqrt,0,10000,guided,10,50,1,0.011228,yes,0.032,1.927,34.5,NA,NA,NA,NA,NA
40,10,sqrt,0,10000,static,1,0,1,0.012793,yes,0.021,0.253,73.9,NA,NA,NA,NA,NA
16,100,statespace,0,5000,static,0,50,1,0.659580,no,0.694,4.535,1.2,NA,NA,NA,NA,NA
4,100,sqrt,0,5000,guided,0,50,1,2.515258,no,2.540,4.457,1.3,NA,NA,NA,NA,NA
20,100,sqrt,1000,10000,dynamic,1,0,1,0.048974,no,0.059,1.135,54.8,NA,NA,NA,NA,NA
16,100,sqrt,0,5000,guided,10,50,1,5.320323,no,5.347,2.662,11.3,NA,NA,NA,NA,NA
8,10,sqrt,0,5000,dynamic,10,0,1,0.004802,yes,0.019,0.682,0.0,NA,NA,NA,NA,NA
8,50,statespace,0,5000,static,10,0,1,0.022098,no,0.044,1.239,28.1,NA,NA,NA,NA,NA
20,100,sqrt,10,5000,dynamic,10,0,1,0.442616,no,0.454,0.588,43.8,NA,NA,NA,NA,NA
16,100,hogwild,0,10000,guided,1,50,1,1.507833,no,1.531,3.936,5.9,NA,NA,NA,NA,NA
20,100,sqrt,0,10000,dynamic,10,0,1,0.397247,no,0.411,0.619,43.3,NA,NA,NA,NA,NA
40,50,sqrt,10,5000,guided,1,0,1,0.117662,no,0.140,0.412,52.0,NA,NA,NA,NA,NA
40,10,hogwild,0,5000,guided,1,50,1,0.006850,yes,0.021,0.287,78.1,NA,NA,NA,NA,NA
16,50,sqrt,1000,10000,static,0,0,1,0.023953,no,0.046,1.145,39.4,NA,NA,NA,NA,NA
8,10,sqrt,1000,10000,dynamic,10,50,1,0.004417,yes,0.015,1.728,0.0,NA,NA,NA,NA,NA
20,10,statespace,0,10000,guided,0,50,1,0.008551,yes,0.027,0.608,93.2,NA,NA,NA,NA,NA
2,50,sqrt,0,5000,static,1,50,1,0.738073,no,0.747,4.136,2.0,NA,NA,NA,NA,NA
8,50,sqrt,0,10000,static,0,50,1,0.609117,no,0.618,3.360,5.3,NA,NA,NA,NA,NA
4,10,hogwild,0,5000,static,0,0,1,0.003695,yes,0.022,0.675,0.0,NA,NA,NA,NA,NA
20,10,statespace,0,5000,static,10,50,1,0.006854,yes,0.016,0.642,0.0,NA,NA,NA,NA,NA
8,100,sqrt,10,5000,static,0,50,1,2.093138,no,2.120,3.138,6.9,NA,NA,NA,NA,NA
16,10,statespace,0,10000,guided,10,0,1,0.007015,yes,0.030,0.430,81.6,NA,NA,NA,NA,NA
16,10,sqrt,0,5000,static,10,50,1,0.021009,yes,0.033,0.422,82.0,NA,NA,NA,NA,NA
2,10,sqrt,1000,10000,dynamic,1,50,1,0.011325,yes,0.019,2.008,38.3,NA,NA,NA,NA,NA
16,50,statespace,0,5000,static,0,0,1,0.019019,no,0.034,1.117,33.3,NA,NA,NA,NA,NA
8,50,hogwild,0,10000,guided,1,50,1,0.441043,no,0.451,3.454,4.6,NA,NA,NA,NA,NA
2,50,sqrt,1000,10000,guided,1,50,1,1.286356,no,1.293,4.315,1.2,NA,NA,NA,NA,NA
20,100,sqrt,0,5000,static,1,0,1,0.128452,no,0.142,0.729,73.0,NA,NA,NA,NA,NA
40,50,sqrt,10,10000,guided,1,0,1,0.210763,yes,0.231,0.396,39.8,NA,NA,NA,NA,NA
2,10,hogwild,0,5000,guided,1,50,1,0.007021,yes,0.015,1.501,70.3,NA,NA,NA,NA,NA
40,10,sqrt,10,10000,static,10,0,1,0.047209,yes,0.063,0.218,58.7,NA,NA,NA,NA,NA
20,50,statespace,0,10000,dynamic,0,0,1,0.022892,no,0.031,1.160,35.5,NA,NA,NA,NA,NA
16,50,hogwild,0,5000,dynamic,0,50,1,0.125663,no,0.143,3.231,20.1,NA,NA,NA,NA,NA
20,100,statespace,0,10000,static,1,0,1,0.045904,no,0.059,1.185,34.0,NA,NA,NA,NA,NA
20,100,sqrt,0,10000,dynamic,1,0,1,0.231250,no,0.242,0.727,65.5,NA,NA,NA,NA,NA
16,100,sqrt,1000,5000,guided,1,0,1,0.033720,no,0.044,1.143,41.6,NA,NA,NA,NA,NA
16,10,sqrt,1000,5000,guided,0,0,1,0.003721,yes,0.017,0.685,53.4,NA,NA,NA,NA,NA
2,50,sqrt,1000,5000,dynamic,0,0,1,0.029169,yes,0.040,1.437,25.7,NA,NA,NA,NA,NA
2,100,sqrt,10,5000,guided,1,50,1,4.445860,no,4.482,4.546,1.1,NA,NA,NA,NA,NA
40,50,sqrt,0,5000,guided,0,0,1,0.043703,no,0.065,0.453,95.7,NA,NA,NA,NA,NA
20,10,hogwild,0,5000,static,0,0,1,0.004838,yes,0.015,0.299,0.0,NA,NA,NA,NA,NA
40,50,hogwild,0,10000,guided,10,0,1,0.010655,yes,0.022,0.444,67.3,NA,NA,NA,NA,NA
20,100,sqrt,0,5000,dynamic,0,0,1,0.127983,no,0.145,0.734,68.2,NA,NA,NA,NA,NA
16,50,sqrt,0,5000,dynamic,0,50,1,0.285766,no,0.298,2.533,13.3,NA,NA,NA,NA,NA
40,100,sqrt,0,10000,dynamic,0,0,1,0.208393,no,0.231,0.461,58.3,NA,NA,NA,NA,NA
40,10,sqrt,0,5000,static,10,0,1,0.010619,yes,0.017,0.304,56.5,NA,NA,NA,NA,NA
2,10,statespace,0,10000,guided,0,50,1,0.010994,yes,0.022,1.968,36.0,NA,NA,NA,NA,NA
20,100,sqrt,1000,5000,guided,1,50,1,0.527076,no,0.550,4.447,1.0,NA,NA,NA,NA,NA
8,10,statespace,0,5000,dynamic,10,0,1,0.002574,yes,0.013,0.868,44.3,NA,NA,NA,NA,NA
2,100,statespace,0,10000,static,0,50,1,8.783423,no,8.822,4.601,0.5,NA,NA,NA,NA,NA
8,100,sqrt,10,5000,static,0,0,1,0.130440,no,0.143,1.473,42.4,NA,NA,NA,NA,NA
16,100,sqrt,0,5000,dynamic,0,50,1,1.280337,no,1.308,2.662,11.3,NA,NA,NA,NA,NA
8,50,hogwild,0,10000,guided,1,0,1,0.013330,yes,0.034,1.165,70.2,NA,NA,NA,NA,NA
40,10,sqrt,10,10000,dynamic,10,50,1,0.068779,yes,0.085,0.269,87.0,NA,NA,NA,NA,NA
16,50,sqrt,10,5000,dynamic,10,0,1,0.176051,no,0.194,0.586,29.2,NA,NA,NA,NA,NA
20,50,sqrt,1000,5000,static,0,0,1,0.018420,no,0.047,1.038,39.1,NA,NA,NA,NA,NA
16,100,sqrt,10,10000,static,10,0,1,0.769941,no,0.788,0.672,38.3,NA,NA,NA,NA,NA
2,100,sqrt,0,5000,static,1,50,1,4.389059,no,4.431,4.574,0.8,NA,NA,NA,NA,NA
40,10,sqrt,0,10000,dynamic,0,50,1,0.265657,yes,0.277,0.374,33.3,NA,NA,NA,NA,NA
16,100,sqrt,10,5000,static,1,50,1,1.218367,no,1.246,2.822,13.8,NA,NA,NA,NA,NA
16,10,sqrt,0,5000,static,10,0,1,0.014494,yes,0.029,0.291,84.0,NA,NA,NA,NA,NA
40,50,sqrt,10,10000,dynamic,1,0,1,0.209067,yes,0.227,0.397,56.4,NA,NA,NA,NA,NA
4,50,sqrt,0,10000,dynamic,10,0,1,0.050465,yes,0.071,1.247,23.6,NA,NA,NA,NA,NA
8,50,statespace,0,10000,static,10,50,1,0.491545,no,0.504,4.246,1.7,NA,NA,NA,NA,NA
8,10,sqrt,0,5000,dynamic,0,50,1,0.004805,yes,0.011,1.109,64.8,NA,NA,NA,NA,NA
2,10,sqrt,1000,10000,guided,1,50,1,0.010293,yes,0.021,2.014,28.4,NA,NA,NA,NA,NA
2,50,hogwild,0,10000,dynamic,1,0,1,0.039728,yes,0.057,1.343,62.7,NA,NA,NA,NA,NA
16,50,sqrt,1000,5000,static,1,50,1,0.170894,no,0.181,4.123,1.2,NA,NA,NA,NA,NA
8,10,hogwild,0,5000,static,1,0,1,0.002369,yes,0.012,0.725,0.0,NA,NA,NA,NA,NA
4,10,sqrt,1000,5000,dynamic,10,0,1,0.001831,yes,0.019,1.277,0.0,NA,NA,NA,NA,NA
2,100,sqrt,1000,5000,guided,1,0,1,0.097856,no,0.108,1.356,3.0,NA,NA,NA,NA,NA
2,50,sqrt,1000,5000,static,10,0,1,0.029246,yes,0.038,1.425,29.7,NA,NA,NA,NA,NA
2,50,sqrt,0,10000,guided,0,0,1,0.045778,yes,0.060,1.590,14.9,NA,NA,NA,NA,NA
16,100,sqrt,10,5000,dynamic,10,50,1,9.060117,no,9.090,2.126,13.9,NA,NA,NA,NA,NA
2,50,statespace,0,5000,static,1,50,1,0.727029,no,0.748,4.304,1.0,NA,NA,NA,NA,NA
2,50,hogwild,0,5000,static,10,0,1,0.024153,yes,0.032,1.328,54.4,NA,NA,NA,NA,NA
4,10,statespace,0,5000,guided,0,0,1,0.002134,yes,0.008,1.202,0.0,NA,NA,NA,NA,NA
40,100,sqrt,10,5000,dynamic,10,50,1,10.410865,no,10.444,0.994,18.4,NA,NA,NA,NA,NA
20,50,sqrt,10,5000,dynamic,0,50,1,0.329033,no,0.342,1.765,22.9,NA,NA,NA,NA,NA
2,100,sqrt,0,5000,static,0,50,1,4.403682,no,4.431,4.564,0.9,NA,NA,NA,NA,NA
16,100,sqrt,0,5000,static,10,0,1,0.242664,no,0.255,0.695,39.2,NA,NA,NA,NA,NA
16,50,sqrt,1000,10000,guided,1,50,1,0.294487,no,0.302,4.155,2.1,NA,NA,NA,NA,NA
4,10,hogwild,0,10000,dynamic,0,0,1,0.005665,yes,0.022,0.773,78.2,NA,NA,NA,NA,NA
4,50,sqrt,0,5000,dynamic,10,50,1,0.549838,no,0.573,3.617,3.9,NA,NA,NA,NA,NA
20,50,hogwild,0,5000,static,10,50,1,0.106388,no,0.117,3.147,18.5,NA,NA,NA,NA,NA
4,10,sqrt,10,10000,static,1,0,1,0.010001,yes,0.016,0.912,67.6,NA,NA,NA,NA,NA
16,100,sqrt,1000,10000,static,10,50,1,1.439039,no,1.474,4.500,1.3,NA,NA,NA,NA,NA
2,10,statespace,0,5000,static,0,50,1,0.005798,yes,0.016,1.839,30.4,NA,NA,NA,NA,NA
40,10,sqrt,1000,10000,guided,0,0,1,0.006361,yes,0.017,0.453,56.6,NA,NA,NA,NA,NA
40,10,sqrt,1000,10000,guided,10,50,1,0.007343,yes,0.017,0.664,48.8,NA,NA,NA,NA,NA
20,100,statespace,0,10000,guided,0,0,1,0.047965,no,0.071,1.180,32.8,NA,NA,NA,NA,NA
40,50,sqrt,1000,5000,dynamic,0,50,1,0.139191,no,0.156,2.222,21.9,NA,NA,NA,NA,NA
40,10,sqrt,1000,10000,guided,10,0,1,0.007470,yes,0.015,0.453,45.1,NA,NA,NA,NA,NA
8,10,statespace,0,5000,guided,10,0,1,0.002791,yes,0.012,0.832,0.0,NA,NA,NA,NA,NA
4,50,statespace,0,10000,static,1,50,1,0.796887,no,0.806,4.290,1.4,NA,NA,NA,NA,NA
4,50,sqrt,10,10000,static,0,50,1,1.082905,no,1.096,3.230,5.5,NA,NA,NA,NA,NA
2,10,statespace,0,5000,guided,0,50,1,0.005877,yes,0.022,1.873,34.8,NA,NA,NA,NA,NA
20,100,hogwild,0,5000,dynamic,1,0,1,0.014664,yes,0.028,0.826,65.0,NA,NA,NA,NA,NA
2,100,hogwild,0,10000,static,0,50,1,8.821488,no,8.853,4.573,0.8,NA,NA,NA,NA,NA
2,100,hogwild,0,5000,guided,1,0,1,0.072315,yes,0.082,1.294,10.8,NA,NA,NA,NA,NA
2,10,hogwild,0,5000,static,0,0,1,0.003183,yes,0.018,1.107,0.0,NA,NA,NA,NA,NA
4,10,sqrt,1000,5000,static,10,50,1,0.003802,yes,0.018,1.737,31.6,NA,NA,NA,NA,NA
4,50,hogwild,0,10000,static,1,50,1,0.778572,no,0.802,3.937,2.7,NA,NA,NA,NA,NA
8,50,hogwild,0,10000,dynamic,10,50,1,0.458674,no,0.475,3.378,6.2,NA,NA,NA,NA,NA
4,100,sqrt,1000,5000,guided,10,0,1,0.062906,no,0.075,1.323,8.6,NA,NA,NA,NA,NA
40,50,statespace,0,5000,static,1,50,1,0.139129,no,0.148,2.208,20.7,NA,NA,NA,NA,NA
2,50,statespace,0,10000,dynamic,10,0,1,0.042186,yes,0.050,1.474,39.2,NA,NA,NA,NA,NA
2,50,statespace,0,10000,static,10,0,1,0.041985,yes,0.054,1.485,36.3,NA,NA,NA,NA,NA
4,50,statespace,0,5000,guided,10,50,1,0.459914,no,0.471,4.279,1.3,NA,NA,NA,NA,NA
20,10,hogwild,0,10000,guided,1,0,1,0.007999,yes,0.035,0.229,89.4,NA,NA,NA,NA,NA
20,50,sqrt,10,10000,dynamic,0,0,1,0.139546,no,0.150,0.646,71.2,NA,NA,NA,NA,NA
4,50,sqrt,10,5000,static,1,50,1,0.577055,no,0.587,3.291,5.0,NA,NA,NA,NA,NA
16,100,hogwild,0,10000,dynamic,0,50,1,1.506511,no,1.533,3.834,5.6,NA,NA,NA,NA,NA
8,50,sqrt,10,10000,dynamic,1,50,1,0.716527,no,0.731,2.855,7.7,NA,NA,NA,NA,NA
20,50,statespace,0,5000,dynamic,1,50,1,0.140940,no,0.162,4.138,7.8,NA,NA,NA,NA,NA
2,100,hogwild,0,5000,static,10,0,1,0.073242,yes,0.085,1.293,11.3,NA,NA,NA,NA,NA
4,50,sqrt,0,5000,dynamic,1,50,1,0.454750,no,0.466,4.072,2.1,NA,NA,NA,NA,NA
20,100,statespace,0,5000,static,1,0,1,0.033617,no,0.044,1.102,38.9,NA,NA,NA,NA,NA
16,10,sqrt,10,10000,guided,1,0,1,0.029458,yes,0.049,0.217,100.0,NA,NA,NA,NA,NA
40,50,sqrt,1000,10000,dynamic,0,50,1,0.257904,no,0.269,2.264,11.0,NA,NA,NA,NA,NA
4,50,sqrt,0,5000,static,10,0,1,0.029858,yes,0.042,1.374,38.8,NA,NA,NA,NA,NA
4,10,statespace,0,5000,dynamic,10,0,1,0.002317,yes,0.016,1.156,0.0,NA,NA,NA,NA,NA
16,100,sqrt,10,10000,static,10,50,1,18.320857,no,18.349,2.062,16.4,NA,NA,NA,NA,NA
20,10,sqrt,0,5000,dynamic,0,50,1,0.015081,yes,0.036,0.312,92.3,NA,NA,NA,NA,NA
4,100,statespace,0,5000,static,0,0,1,0.062293,no,0.074,1.321,7.4,NA,NA,NA,NA,NA
16,10,sqrt,1000,10000,guided,10,50,1,0.004586,yes,0.015,1.261,0.0,NA,NA,NA,NA,NA
20,100,sqrt,0,10000,guided,1,0,1,0.233554,no,0.248,0.721,65.1,NA,NA,NA,NA,NA
8,50,sqrt,10,10000,dynamic,10,0,1,0.188121,no,0.196,0.823,22.5,NA,NA,NA,NA,NA
8,50,sqrt,0,10000,static,1,50,1,0.610203,no,0.622,3.355,5.3,NA,NA,NA,NA,NA
4,10,statespace,0,5000,static,1,50,1,0.004076,yes,0.015,1.687,0.0,NA,NA,NA,NA,NA
2,100,sqrt,1000,5000,static,0,0,1,0.099203,no,0.108,1.345,8.6,NA,NA,NA,NA,NA
8,10,sqrt,0,10000,static,10,50,1,0.011284,yes,0.033,0.940,41.1,NA,NA,NA,NA,NA
16,100,sqrt,10,5000,static,10,50,1,9.120709,no,9.160,2.054,17.1,NA,NA,NA,NA,NA
4,10,statespace,0,5000,static,10,50,1,0.004789,yes,0.019,1.496,0.0,NA,NA,NA,NA,NA
40,50,sqrt,0,5000,dynamic,1,50,1,0.159312,no,0.172,1.940,11.2,NA,NA,NA,NA,NA
20,10,sqrt,10,10000,guided,1,50,1,0.041289,yes,0.059,0.235,100.0,NA,NA,NA,NA,NA
20,50,sqrt,1000,5000,guided,1,0,1,0.017523,no,0.039,1.067,35.5,NA,NA,NA,NA,NA
20,100,statespace,0,10000,static,10,50,1,1.103620,no,1.130,4.495,1.3,NA,NA,NA,NA,NA
8,100,statespace,0,10000,static,1,0,1,0.085050,no,0.098,1.247,12.0,NA,NA,NA,NA,NA
8,50,sqrt,1000,5000,guided,10,0,1,0.020930,no,0.033,1.242,39.3,NA,NA,NA,NA,NA
40,10,sqrt,1000,10000,dynamic,10,50,1,0.006546,yes,0.018,0.698,56.2,NA,NA,NA,NA,NA
16,50,sqrt,10,5000,guided,10,50,1,2.155355,no,2.169,1.009,15.6,NA,NA,NA,NA,NA
40,50,sqrt,10,5000,dynamic,10,50,1,2.566448,no,2.585,0.568,19.9,NA,NA,NA,NA,NA
40,100,sqrt,10,5000,dynamic,0,50,1,2.252860,no,2.280,1.012,23.3,NA,NA,NA,NA,NA
16,10,sqrt,0,10000,guided,10,0,1,0.017122,yes,0.034,0.315,90.2,NA,NA,NA,NA,NA
40,10,hogwild,0,10000,static,1,50,1,0.009536,yes,0.019,0.274,85.1,NA,NA,NA,NA,NA
16,10,statespace,0,5000,guided,1,0,1,0.004586,yes,0.030,0.456,98.9,NA,NA,NA,NA,NA
16,10,sqrt,0,5000,guided,1,0,1,0.011113,yes,0.017,0.263,90.8,NA,NA,NA,NA,NA
8,50,sqrt,10,5000,dynamic,1,50,1,0.413007,no,0.421,2.860,7.6,NA,NA,NA,NA,NA
4,50,hogwild,0,10000,static,10,50,1,0.729079,no,0.737,4.034,2.2,NA,NA,NA,NA,NA
4,50,sqrt,0,10000,guided,0,0,1,0.037064,yes,0.053,1.502,35.1,NA,NA,NA,NA,NA
8,10,sqrt,1000,5000,dynamic,1,50,1,0.002978,yes,0.023,1.565,0.0,NA,NA,NA,NA,NA
20,10,sqrt,1000,10000,guided,0,50,1,0.005132,yes,0.015,1.068,37.1,NA,NA,NA,NA,NA
8,50,hogwild,0,5000,dynamic,10,0,1,0.008493,yes,0.016,1.133,69.7,NA,NA,NA,NA,NA
40,100,sqrt,1000,10000,guided,1,0,1,0.068968,no,0.079,0.734,58.1,NA,NA,NA,NA,NA
4,10,statespace,0,5000,static,1,0,1,0.002181,yes,0.012,1.206,0.0,NA,NA,NA,NA,NA
40,10,sqrt,1000,5000,guided,0,0,1,0.004879,yes,0.011,0.455,0.0,NA,NA,NA,NA,NA
20,100,sqrt,1000,10000,static,1,50,1,1.104805,no,1.133,4.478,0.8,NA,NA,NA,NA,NA
20,50,sqrt,1000,5000,static,1,50,1,0.140937,no,0.164,4.107,8.7,NA,NA,NA,NA,NA
20,50,sqrt,1000,10000,static,10,50,1,0.256916,no,0.270,4.071,2.5,NA,NA,NA,NA,NA
8,50,sqrt,1000,10000,static,1,50,1,0.480717,no,0.498,4.195,1.9,NA,NA,NA,NA,NA
2,100,sqrt,1000,10000,guided,1,50,1,8.759597,no,8.794,4.588,0.6,NA,NA,NA,NA,NA
8,100,hogwild,0,5000,dynamic,1,0,1,0.022967,yes,0.046,1.186,58.5,NA,NA,NA,NA,NA
16,10,sqrt,10,5000,dynamic,0,50,1,0.018107,yes,0.025,0.312,90.0,NA,NA,NA,NA,NA
2,100,hogwild,0,10000,guided,10,0,1,0.110528,yes,0.122,1.306,17.4,NA,NA,NA,NA,NA
4,10,sqrt,1000,10000,static,1,50,1,0.006522,yes,0.013,1.907,37.9,NA,NA,NA,NA,NA
40,10,statespace,0,10000,dynamic,10,50,1,0.013421,yes,0.035,0.436,51.7,NA,NA,NA,NA,NA
16,100,hogwild,0,5000,guided,0,0,1,0.016417,no,0.028,0.883,84.1,NA,NA,NA,NA,NA
8,10,sqrt,10,5000,static,10,50,1,0.018843,yes,0.028,0.627,48.2,NA,NA,NA,NA,NA
4,50,sqrt,10,10000,static,1,50,1,1.082746,no,1.092,3.237,5.5,NA,NA,NA,NA,NA
16,100,sqrt,10,5000,guided,10,50,1,9.081074,no,9.104,2.105,14.2,NA,NA,NA,NA,NA
8,100,statespace,0,5000,static,10,0,1,0.038946,no,0.055,1.263,29.2,NA,NA,NA,NA,NA
20,100,sqrt,0,5000,guided,0,0,1,0.128719,no,0.138,0.728,72.1,NA,NA,NA,NA,NA
8,10,sqrt,1000,5000,static,0,0,1,0.001878,yes,0.016,1.052,0.0,NA,NA,NA,NA,NA
4,10,statespace,0,10000,guided,1,0,1,0.003714,yes,0.017,1.308,0.0,NA,NA,NA,NA,NA
16,100,sqrt,10,10000,guided,1,0,1,0.353374,no,0.366,0.913,62.6,NA,NA,NA,NA,NA
4,10,sqrt,10,10000,dynamic,10,50,1,0.029403,yes,0.044,0.858,35.2,NA,NA,NA,NA,NA
20,10,statespace,0,5000,guided,1,50,1,0.006483,yes,0.022,0.604,93.2,NA,NA,NA,NA,NA
2,100,sqrt,1000,5000,static,1,50,1,4.382651,no,4.410,4.603,0.5,NA,NA,NA,NA,NA
4,50,sqrt,0,10000,static,1,50,1,0.887123,no,0.909,3.835,3.0,NA,NA,NA,NA,NA
40,100,sqrt,1000,10000,dynamic,1,50,1,0.986301,no,1.014,2.408,3.3,NA,NA,NA,NA,NA
4,10,sqrt,10,5000,dynamic,1,50,1,0.006828,yes,0.031,1.313,49.8,NA,NA,NA,NA,NA
8,50,sqrt,1000,10000,dynamic,1,0,1,0.025960,yes,0.037,1.295,30.0,NA,NA,NA,NA,NA
16,10,statespace,0,5000,dynamic,0,50,1,0.005184,yes,0.026,0.775,86.5,NA,NA,NA,NA,NA
40,100,sqrt,1000,10000,guided,10,50,1,1.161209,no,1.199,2.423,3.0,NA,NA,NA,NA,NA
4,10,sqrt,1000,5000,guided,0,0,1,0.001923,yes,0.019,1.251,0.0,NA,NA,NA,NA,NA
2,10,sqrt,10,10000,static,1,0,1,0.009179,yes,0.019,1.333,41.3,NA,NA,NA,NA,NA
20,100,sqrt,1000,10000,static,1,0,1,0.049230,no,0.062,1.130,51.2,NA,NA,NA,NA,NA
20,100,sqrt,0,5000,static,1,50,1,0.616723,no,0.653,3.918,14.6,NA,NA,NA,NA,NA
20,100,sqrt,0,10000,static,0,0,1,0.233231,no,0.250,0.726,65.5,NA,NA,NA,NA,NA
40,10,sqrt,1000,5000,guided,1,0,1,0.004950,yes,0.012,0.457,0.0,NA,NA,NA,NA,NA
20,50,hogwild,0,10000,static,1,50,1,0.197354,no,0.205,3.185,8.4,NA,NA,NA,NA,NA
8,100,sqrt,1000,5000,dynamic,10,50,1,1.295759,no,1.319,4.566,0.7,NA,NA,NA,NA,NA
16,100,sqrt,10,10000,guided,0,50,1,2.353377,no,2.389,2.856,14.2,NA,NA,NA,NA,NA
40,10,hogwild,0,5000,guided,10,0,1,0.006022,yes,0.017,0.238,58.4,NA,NA,NA,NA,NA
16,50,sqrt,0,10000,dynamic,10,0,1,0.134625,no,0.150,0.638,38.7,NA,NA,NA,NA,NA
2,100,sqrt,1000,10000,static,1,50,1,8.763570,no,8.790,4.589,0.6,NA,NA,NA,NA,NA
16,100,sqrt,10,10000,dynamic,0,0,1,0.354539,no,0.368,0.909,64.6,NA,NA,NA,NA,NA
16,100,hogwild,0,10000,static,10,50,1,1.556932,no,1.589,3.947,5.6,NA,NA,NA,NA,NA
20,50,hogwild,0,5000,dynamic,1,50,1,0.101436,no,0.122,3.202,7.4,NA,NA,NA,NA,NA
8,50,sqrt,0,5000,dynamic,10,50,1,0.875093,no,0.883,2.332,8.9,NA,NA,NA,NA,NA
20,10,sqrt,1000,5000,static,0,50,1,0.004228,yes,0.014,0.998,31.4,NA,NA,NA,NA,NA
20,10,sqrt,1000,5000,static,0,0,1,0.003432,yes,0.013,0.649,40.8,NA,NA,NA,NA,NA
40,100,sqrt,10,5000,static,10,0,1,0.630292,no,0.643,0.409,44.2,NA,NA,NA,NA,NA
40,100,statespace,0,5000,static,0,0,1,0.050604,no,0.061,0.753,42.6,NA,NA,NA,NA,NA
2,10,sqrt,0,10000,guided,0,50,1,0.011735,yes,0.022,1.936,27.3,NA,NA,NA,NA,NA
16,100,sqrt,1000,5000,dynamic,0,50,1,0.644550,no,0.671,4.513,1.8,NA,NA,NA,NA,NA
2,100,sqrt,1000,5000,static,1,0,1,0.099763,no,0.109,1.340,6.2,NA,NA,NA,NA,NA
4,10,hogwild,0,5000,dynamic,1,50,1,0.004287,yes,0.011,1.427,0.0,NA,NA,NA,NA,NA
2,50,hogwild,0,10000,guided,10,50,1,1.267006,no,1.279,4.123,2.0,NA,NA,NA,NA,NA
40,100,hogwild,0,5000,dynamic,1,0,1,0.013074,yes,0.027,0.571,47.4,NA,NA,NA,NA,NA
20,50,statespace,0,5000,dynamic,10,0,1,0.017936,no,0.040,1.075,34.1,NA,NA,NA,NA,NA
4,100,sqrt,10,5000,static,1,50,1,2.991121,no,3.018,3.935,3.5,NA,NA,NA,NA,NA
4,100,hogwild,0,10000,guided,10,50,1,4.985293,no,5.015,4.474,1.4,NA,NA,NA,NA,NA
4,100,sqrt,10,10000,guided,0,0,1,0.241770,no,0.255,1.794,27.1,NA,NA,NA,NA,NA
2,10,sqrt,10,10000,dynamic,10,0,1,0.014089,yes,0.021,1.013,42.3,NA,NA,NA,NA,NA
20,50,sqrt,0,10000,static,0,0,1,0.084932,no,0.106,0.678,59.1,NA,NA,NA,NA,NA
8,50,sqrt,0,10000,dynamic,1,50,1,0.507691,no,0.520,3.723,3.4,NA,NA,NA,NA,NA
2,10,sqrt,10,10000,static,0,50,1,0.016195,yes,0.033,1.597,41.8,NA,NA,NA,NA,NA
16,10,hogwild,0,5000,dynamic,10,50,1,0.005886,yes,0.016,0.479,0.0,NA,NA,NA,NA,NA
16,50,sqrt,1000,5000,static,10,50,1,0.206018,no,0.218,4.005,1.7,NA,NA,NA,NA,NA
20,50,statespace,0,10000,guided,10,50,1,0.259256,no,0.279,4.150,2.0,NA,NA,NA,NA,NA
8,50,statespace,0,5000,dynamic,10,0,1,0.021553,no,0.033,1.258,29.5,NA,NA,NA,NA,NA
40,10,hogwild,0,5000,dynamic,1,0,1,0.007482,yes,0.018,0.221,73.1,NA,NA,NA,NA,NA
40,50,hogwild,0,10000,dynamic,0,50,1,0.146407,no,0.164,2.207,11.2,NA,NA,NA,NA,NA
4,10,statespace,0,10000,guided,0,0,1,0.004178,yes,0.025,1.203,55.6,NA,NA,NA,NA,NA
16,10,sqrt,1000,5000,dynamic,0,50,1,0.004316,yes,0.026,1.063,31.3,NA,NA,NA,NA,NA
8,10,sqrt,0,5000,dynamic,1,50,1,0.005271,yes,0.016,1.077,68.6,NA,NA,NA,NA,NA
8,50,sqrt,1000,5000,guided,0,0,1,0.022293,yes,0.043,1.226,29.2,NA,NA,NA,NA,NA
2,10,sqrt,1000,10000,static,1,50,1,0.010475,yes,0.020,1.995,31.3,NA,NA,NA,NA,NA
16,10,sqrt,1000,10000,dynamic,1,50,1,0.005399,yes,0.013,1.174,56.6,NA,NA,NA,NA,NA
16,10,sqrt,10,10000,guided,1,50,1,0.036395,yes,0.056,0.274,100.0,NA,NA,NA,NA,NA
20,50,statespace,0,10000,dynamic,1,0,1,0.024422,no,0.033,1.136,35.0,NA,NA,NA,NA,NA
40,100,sqrt,0,5000,static,0,50,1,0.590558,no,0.624,2.122,13.3,NA,NA,NA,NA,NA
2,50,sqrt,0,5000,dynamic,1,0,1,0.031596,yes,0.038,1.529,31.5,NA,NA,NA,NA,NA
2,50,sqrt,10,10000,dynamic,10,0,1,0.123345,yes,0.135,1.333,24.4,NA,NA,NA,NA,NA
40,100,statespace,0,5000,guided,10,50,1,0.519504,no,0.547,2.421,4.6,NA,NA,NA,NA,NA
20,100,sqrt,1000,10000,guided,0,0,1,0.049713,no,0.063,1.132,51.9,NA,NA,NA,NA,NA
40,10,sqrt,1000,10000,static,10,50,1,0.007507,yes,0.029,0.664,45.9,NA,NA,NA,NA,NA
20,100,sqrt,0,5000,guided,1,50,1,0.920972,no,0.948,2.782,13.4,NA,NA,NA,NA,NA
2,100,sqrt,10,10000,dynamic,1,0,1,0.267464,yes,0.279,1.931,13.3,NA,NA,NA,NA,NA
16,50,sqrt,1000,5000,guided,10,0,1,0.019135,no,0.037,1.085,33.7,NA,NA,NA,NA,NA
20,10,hogwild,0,5000,dynamic,1,0,1,0.006184,yes,0.022,0.267,97.4,NA,NA,NA,NA,NA
2,50,sqrt,0,10000,guided,1,0,1,0.046518,yes,0.064,1.555,12.3,NA,NA,NA,NA,NA
16,10,sqrt,10,5000,guided,0,0,1,0.020202,yes,0.036,0.202,100.0,NA,NA,NA,NA,NA
2,50,statespace,0,10000,static,10,50,1,1.315704,no,1.328,4.317,0.8,NA,NA,NA,NA,NA
16,100,sqrt,1000,10000,dynamic,10,0,1,0.053253,no,0.067,1.139,12.9,NA,NA,NA,NA,NA
16,10,sqrt,1000,5000,guided,10,0,1,0.002898,yes,0.015,0.715,0.0,NA,NA,NA,NA,NA
16,10,sqrt,1000,5000,dynamic,10,50,1,0.003849,yes,0.015,1.104,0.0,NA,NA,NA,NA,NA
4,50,hogwild,0,10000,guided,0,50,1,0.726967,no,0.749,4.017,4.4,NA,NA,NA,NA,NA
8,100,sqrt,1000,10000,static,1,50,1,2.655694,no,2.682,4.524,1.3,NA,NA,NA,NA,NA
4,10,hogwild,0,10000,guided,1,50,1,0.009794,yes,0.016,1.231,78.3,NA,NA,NA,NA,NA
4,100,statespace,0,10000,dynamic,1,50,1,4.901378,no,4.928,4.517,1.1,NA,NA,NA,NA,NA
40,10,sqrt,10,5000,guided,10,50,1,0.038712,yes,0.054,0.295,70.6,NA,NA,NA,NA,NA
8,10,sqrt,0,5000,guided,10,50,1,0.009554,yes,0.040,0.754,51.4,NA,NA,NA,NA,NA
40,10,hogwild,0,10000,dynamic,10,0,1,0.009775,yes,0.017,0.167,93.5,NA,NA,NA,NA,NA
20,50,sqrt,0,10000,dynamic,10,50,1,2.049675,no,2.072,1.319,15.1,NA,NA,NA,NA,NA
16,100,hogwild,0,10000,static,1,50,1,1.565592,no,1.597,3.864,5.5,NA,NA,NA,NA,NA
4,50,hogwild,0,5000,static,1,0,1,0.016409,yes,0.024,1.088,73.4,NA,NA,NA,NA,NA
4,10,hogwild,0,10000,static,0,50,1,0.010292,yes,0.025,1.181,76.3,NA,NA,NA,NA,NA
20,10,sqrt,10,5000,static,10,50,1,0.032616,yes,0.043,0.341,84.5,NA,NA,NA,NA,NA
20,50,statespace,0,5000,guided,10,50,1,0.145294,no,0.168,4.096,3.9,NA,NA,NA,NA,NA
20,50,sqrt,1000,10000,guided,10,0,1,0.023862,no,0.045,1.091,42.7,NA,NA,NA,NA,NA
4,10,statespace,0,10000,dynamic,0,50,1,0.007576,yes,0.028,1.664,50.2,NA,NA,NA,NA,NA
20,100,hogwild,0,10000,dynamic,1,50,1,1.199518,no,1.234,3.854,1.6,NA,NA,NA,NA,NA
8,10,sqrt,1000,10000,static,0,50,1,0.004995,yes,0.026,1.637,36.5,NA,NA,NA,NA,NA
20,50,sqrt,1000,10000,dynamic,0,0,1,0.022418,no,0.047,1.133,45.7,NA,NA,NA,NA,NA
4,100,sqrt,0,10000,guided,10,50,1,6.386110,no,6.409,4.379,1.5,NA,NA,NA,NA,NA
8,50,hogwild,0,10000,guided,0,50,1,0.433883,no,0.452,3.554,4.7,NA,NA,NA,NA,NA
4,100,sqrt,0,5000,static,10,50,1,2.773423,no,2.801,4.446,1.3,NA,NA,NA,NA,NA
8,50,statespace,0,10000,guided,10,0,1,0.026293,yes,0.038,1.321,29.4,NA,NA,NA,NA,NA
4,50,sqrt,10,5000,guided,1,50,1,0.548941,no,0.561,3.418,5.6,NA,NA,NA,NA,NA
16,10,sqrt,10,10000,dynamic,0,50,1,0.030048,yes,0.050,0.305,100.0,NA,NA,NA,NA,NA
2,100,sqrt,1000,5000,dynamic,1,0,1,0.098911,no,0.111,1.347,5.7,NA,NA,NA,NA,NA
16,100,statespace,0,5000,dynamic,1,0,1,0.034982,no,0.053,1.136,31.1,NA,NA,NA,NA,NA
2,50,sqrt,0,5000,static,10,0,1,0.036703,yes,0.057,1.380,30.9,NA,NA,NA,NA,NA
8,100,sqrt,1000,10000,dynamic,1,0,1,0.069235,no,0.086,1.315,9.1,NA,NA,NA,NA,NA
8,10,hogwild,0,10000,dynamic,1,50,1,0.007142,yes,0.023,1.048,57.4,NA,NA,NA,NA,NA
2,100,statespace,0,10000,guided,1,50,1,8.721612,no,8.749,4.597,0.6,NA,NA,NA,NA,NA
40,100,sqrt,10,5000,guided,0,50,1,2.482607,no,2.521,0.999,22.8,NA,NA,NA,NA,NA
20,10,sqrt,1000,5000,dynamic,10,50,1,0.004116,yes,0.014,1.021,29.6,NA,NA,NA,NA,NA
20,10,statespace,0,10000,dynamic,1,50,1,0.009796,yes,0.020,0.585,87.5,NA,NA,NA,NA,NA
4,10,sqrt,1000,5000,static,1,50,1,0.003804,yes,0.014,1.749,28.1,NA,NA,NA,NA,NA
16,100,hogwild,0,10000,static,0,0,1,0.026265,yes,0.049,0.837,89.9,NA,NA,NA,NA,NA
2,50,sqrt,10,5000,guided,0,50,1,0.760137,no,0.781,3.999,3.0,NA,NA,NA,NA,NA
4,100,sqrt,1000,5000,static,0,50,1,2.429272,no,2.466,4.574,0.7,NA,NA,NA,NA,NA
4,10,statespace,0,5000,guided,1,0,1,0.002300,yes,0.023,1.194,0.0,NA,NA,NA,NA,NA
16,10,sqrt,0,5000,static,1,50,1,0.012219,yes,0.018,0.438,84.2,NA,NA,NA,NA,NA
16,10,sqrt,10,10000,static,0,0,1,0.027095,yes,0.035,0.254,100.0,NA,NA,NA,NA,NA
2,10,sqrt,10,10000,guided,10,0,1,0.012911,yes,0.020,1.096,34.7,NA,NA,NA,NA,NA
4,10,sqrt,1000,10000,guided,1,50,1,0.006359,yes,0.012,1.941,30.0,NA,NA,NA,NA,NA
4,100,sqrt,1000,5000,guided,0,50,1,2.415602,no,2.439,4.586,0.8,NA,NA,NA,NA,NA
4,100,sqrt,1000,5000,guided,1,0,1,0.063378,no,0.073,1.320,8.0,NA,NA,NA,NA,NA
8,100,statespace,0,5000,static,1,0,1,0.039290,no,0.047,1.260,44.8,NA,NA,NA,NA,NA
20,10,hogwild,0,10000,static,10,0,1,0.007548,yes,0.015,0.264,63.4,NA,NA,NA,NA,NA
40,10,sqrt,1000,5000,static,10,50,1,0.005844,no,0.025,0.610,24.3,NA,NA,NA,NA,NA
16,10,sqrt,1000,5000,guided,1,50,1,0.003646,yes,0.012,1.087,0.0,NA,NA,NA,NA,NA
16,100,sqrt,0,5000,dynamic,0,0,1,0.128094,no,0.142,0.913,59.0,NA,NA,NA,NA,NA
20,50,hogwild,0,5000,guided,1,50,1,0.101677,no,0.116,3.173,12.1,NA,NA,NA,NA,NA
20,100,sqrt,1000,5000,static,0,50,1,0.551013,no,0.576,4.468,1.6,NA,NA,NA,NA,NA
8,10,sqrt,1000,10000,guided,1,0,1,0.002618,yes,0.009,1.175,56.4,NA,NA,NA,NA,NA
40,50,sqrt,10,10000,guided,10,50,1,5.622977,no,5.636,0.529,18.6,NA,NA,NA,NA,NA
16,10,sqrt,0,10000,dynamic,10,0,1,0.017040,yes,0.037,0.300,82.1,NA,NA,NA,NA,NA
20,10,sqrt,1000,10000,dynamic,10,0,1,0.005550,yes,0.019,0.655,26.5,NA,NA,NA,NA,NA
20,100,sqrt,10,10000,guided,10,0,1,0.855596,no,0.865,0.589,44.1,NA,NA,NA,NA,NA
8,100,sqrt,10,5000,static,1,0,1,0.135009,no,0.146,1.428,46.6,NA,NA,NA,NA,NA
40,100,sqrt,10,10000,dynamic,1,0,1,0.858572,no,0.868,0.419,51.9,NA,NA,NA,NA,NA
16,50,statespace,0,10000,guided,1,0,1,0.023751,no,0.036,1.175,31.5,NA,NA,NA,NA,NA
2,100,sqrt,0,5000,guided,10,0,1,0.105223,no,0.116,1.489,11.6,NA,NA,NA,NA,NA
40,50,statespace,0,5000,guided,1,50,1,0.137889,no,0.149,2.238,20.2,NA,NA,NA,NA,NA
16,50,hogwild,0,5000,guided,10,50,1,0.124928,no,0.135,3.243,27.3,NA,NA,NA,NA,NA
4,50,sqrt,10,10000,dynamic,10,50,1,3.075090,no,3.085,1.935,9.2,NA,NA,NA,NA,NA
2,50,statespace,0,10000,guided,1,0,1,0.041775,yes,0.049,1.490,43.7,NA,NA,NA,NA,NA
20,10,sqrt,1000,10000,static,10,0,1,0.003884,yes,0.015,0.711,0.0,NA,NA,NA,NA,NA
16,100,sqrt,0,10000,guided,10,50,1,7.335859,no,7.360,3.102,9.1,NA,NA,NA,NA,NA
2,50,sqrt,1000,10000,guided,1,0,1,0.041926,yes,0.059,1.487,33.1,NA,NA,NA,NA,NA
20,100,sqrt,0,10000,static,0,50,1,2.035955,no,2.059,2.693,12.3,NA,NA,NA,NA,NA
20,10,sqrt,10,10000,static,0,0,1,0.033602,yes,0.044,0.213,100.0,NA,NA,NA,NA,NA
4,10,sqrt,10,10000,guided,10,0,1,0.016953,yes,0.025,0.716,48.3,NA,NA,NA,NA,NA
16,50,hogwild,0,5000,dynamic,1,0,1,0.008260,yes,0.030,0.722,70.5,NA,NA,NA,NA,NA
40,10,hogwild,0,10000,dynamic,1,50,1,0.010883,yes,0.022,0.241,94.2,NA,NA,NA,NA,NA
20,100,hogwild,0,10000,dynamic,0,50,1,1.204531,no,1.233,3.838,5.8,NA,NA,NA,NA,NA
8,50,statespace,0,5000,static,0,0,1,0.027500,no,0.039,1.118,33.6,NA,NA,NA,NA,NA
20,100,sqrt,1000,10000,guided,0,50,1,1.040061,no,1.063,4.508,0.9,NA,NA,NA,NA,NA
2,50,hogwild,0,5000,guided,1,50,1,0.685426,no,0.704,4.076,2.2,NA,NA,NA,NA,NA
2,10,hogwild,0,5000,dynamic,10,0,1,0.003953,yes,0.014,0.949,0.0,NA,NA,NA,NA,NA
4,100,statespace,0,10000,static,10,50,1,4.900564,no,4.923,4.555,0.9,NA,NA,NA,NA,NA
2,100,statespace,0,5000,guided,0,50,1,4.378842,no,4.402,4.588,0.6,NA,NA,NA,NA,NA
4,10,statespace,0,5000,static,10,0,1,0.002398,yes,0.013,1.140,0.0,NA,NA,NA,NA,NA
16,50,sqrt,1000,5000,guided,1,0,1,0.018058,no,0.031,1.121,36.7,NA,NA,NA,NA,NA
16,10,sqrt,10,10000,dynamic,0,0,1,0.030934,yes,0.038,0.210,100.0,NA,NA,NA,NA,NA
8,10,sqrt,10,5000,static,1,0,1,0.008091,yes,0.015,0.505,79.5,NA,NA,NA,NA,NA
8,10,hogwild,0,5000,dynamic,10,50,1,0.003952,yes,0.012,0.959,0.0,NA,NA,NA,NA,NA
8,10,sqrt,1000,10000,dynamic,0,50,1,0.004761,yes,0.020,1.659,0.0,NA,NA,NA,NA,NA
16,10,sqrt,0,5000,guided,10,0,1,0.014455,yes,0.031,0.288,85.9,NA,NA,NA,NA,NA
4,100,sqrt,10,10000,guided,0,50,1,5.975711,no,5.999,3.944,3.2,NA,NA,NA,NA,NA
8,10,sqrt,0,5000,guided,10,0,1,0.004806,yes,0.015,0.679,0.0,NA,NA,NA,NA,NA
8,100,hogwild,0,10000,dynamic,10,50,1,2.682895,no,2.714,4.319,1.3,NA,NA,NA,NA,NA
8,50,hogwild,0,5000,dynamic,10,50,1,0.221654,no,0.234,3.624,8.8,NA,NA,NA,NA,NA
20,10,hogwild,0,5000,guided,1,50,1,0.008676,yes,0.030,0.387,84.8,NA,NA,NA,NA,NA
16,100,sqrt,0,5000,dynamic,1,50,1,1.280144,no,1.318,2.657,11.6,NA,NA,NA,NA,NA
4,10,sqrt,0,10000,static,0,0,1,0.004359,yes,0.021,1.224,48.1,NA,NA,NA,NA,NA
16,10,statespace,0,5000,static,10,0,1,0.005126,yes,0.022,0.470,87.5,NA,NA,NA,NA,NA
8,100,sqrt,1000,10000,dynamic,10,0,1,0.072347,no,0.082,1.286,10.3,NA,NA,NA,NA,NA
4,10,sqrt,0,10000,dynamic,0,0,1,0.004334,yes,0.016,1.239,0.0,NA,NA,NA,NA,NA
40,100,hogwild,0,10000,static,10,0,1,0.016747,no,0.027,0.597,60.5,NA,NA,NA,NA,NA
40,100,sqrt,1000,10000,guided,10,0,1,0.392376,no,0.407,0.515,37.3,NA,NA,NA,NA,NA
16,50,hogwild,0,10000,guided,0,50,1,0.239636,no,0.252,3.243,10.4,NA,NA,NA,NA,NA
4,10,sqrt,1000,10000,dynamic,10,50,1,0.006486,yes,0.017,1.871,32.8,NA,NA,NA,NA,NA
4,100,sqrt,10,10000,guided,10,50,1,17.998777,no,18.033,3.687,4.1,NA,NA,NA,NA,NA
16,50,statespace,0,10000,guided,0,50,1,0.297091,no,0.307,4.195,1.8,NA,NA,NA,NA,NA
20,50,sqrt,10,5000,dynamic,10,50,1,2.137736,no,2.150,0.899,16.9,NA,NA,NA,NA,NA
4,10,hogwild,0,5000,dynamic,0,0,1,0.002359,yes,0.023,0.962,0.0,NA,NA,NA,NA,NA
8,100,sqrt,0,5000,guided,1,50,1,1.656410,no,1.684,3.744,4.3,NA,NA,NA,NA,NA
8,100,sqrt,1000,5000,guided,1,0,1,0.039552,no,0.058,1.277,35.7,NA,NA,NA,NA,NA
40,50,sqrt,10,5000,static,1,0,1,0.514941,no,0.526,0.399,37.4,NA,NA,NA,NA,NA
16,50,sqrt,1000,10000,dynamic,10,0,1,0.024302,yes,0.040,1.135,40.8,NA,NA,NA,NA,NA
4,100,sqrt,1000,5000,static,0,0,1,0.063114,no,0.080,1.320,8.0,NA,NA,NA,NA,NA
4,50,sqrt,0,5000,guided,0,0,1,0.027187,yes,0.033,1.474,38.1,NA,NA,NA,NA,NA
4,50,hogwild,0,5000,static,10,50,1,0.417686,no,0.426,3.787,4.0,NA,NA,NA,NA,NA
16,10,hogwild,0,5000,static,0,0,1,0.005057,yes,0.016,0.319,0.0,NA,NA,NA,NA,NA
8,100,hogwild,0,10000,guided,0,0,1,0.038667,no,0.049,1.077,74.2,NA,NA,NA,NA,NA
8,100,sqrt,0,10000,guided,10,50,1,5.576187,no,5.601,4.092,3.4,NA,NA,NA,NA,NA
2,10,statespace,0,5000,static,1,50,1,0.005967,yes,0.011,1.875,32.8,NA,NA,NA,NA,NA
40,100,sqrt,1000,5000,dynamic,1,50,1,0.508806,no,0.532,2.399,2.2,NA,NA,NA,NA,NA
16,10,sqrt,10,10000,dynamic,1,0,1,0.031615,yes,0.043,0.216,100.0,NA,NA,NA,NA,NA
8,10,statespace,0,10000,dynamic,0,50,1,0.005235,yes,0.012,1.497,0.0,NA,NA,NA,NA,NA
8,50,sqrt,1000,10000,static,10,0,1,0.026169,yes,0.044,1.276,29.4,NA,NA,NA,NA,NA
20,50,hogwild,0,5000,static,1,0,1,0.007461,yes,0.018,0.693,58.2,NA,NA,NA,NA,NA
4,100,sqrt,1000,10000,static,10,0,1,0.107235,no,0.119,1.353,11.0,NA,NA,NA,NA,NA
8,100,sqrt,1000,5000,guided,10,50,1,1.306796,no,1.331,4.525,1.3,NA,NA,NA,NA,NA
2,100,hogwild,0,5000,dynamic,1,50,1,4.419912,no,4.456,4.547,0.9,NA,NA,NA,NA,NA
4,100,sqrt,0,5000,dynamic,1,50,1,2.512090,no,2.539,4.456,1.5,NA,NA,NA,NA,NA
8,50,statespace,0,10000,dynamic,10,0,1,0.026299,yes,0.038,1.317,31.0,NA,NA,NA,NA,NA
16,50,sqrt,0,10000,guided,1,50,1,0.442485,no,0.452,2.715,13.8,NA,NA,NA,NA,NA
20,100,statespace,0,5000,dynamic,0,0,1,0.033537,no,0.043,1.109,33.2,NA,NA,NA,NA,NA
40,100,statespace,0,5000,dynamic,1,0,1,0.050829,no,0.070,0.773,40.4,NA,NA,NA,NA,NA
2,100,sqrt,0,10000,static,1,50,1,8.768598,no,8.802,4.586,0.7,NA,NA,NA,NA,NA
8,100,hogwild,0,5000,static,10,0,1,0.023270,yes,0.032,1.151,69.7,NA,NA,NA,NA,NA
2,50,sqrt,10,5000,dynamic,0,50,1,0.741261,no,0.753,4.079,2.6,NA,NA,NA,NA,NA
2,100,sqrt,1000,10000,static,0,0,1,0.134869,yes,0.147,1.393,10.5,NA,NA,NA,NA,NA
2,10,hogwild,0,10000,static,10,0,1,0.007763,yes,0.016,0.960,70.6,NA,NA,NA,NA,NA
16,50,sqrt,0,5000,static,10,50,1,1.424261,no,1.438,1.378,13.7,NA,NA,NA,NA,NA
8,10,sqrt,10,10000,dynamic,1,50,1,0.013307,yes,0.024,0.877,68.7,NA,NA,NA,NA,NA
20,50,statespace,0,5000,dynamic,1,0,1,0.017905,no,0.034,1.073,31.3,NA,NA,NA,NA,NA
40,10,sqrt,10,10000,static,1,50,1,0.037493,yes,0.044,0.207,100.0,NA,NA,NA,NA,NA
20,10,sqrt,1000,10000,guided,1,50,1,0.005314,yes,0.026,1.094,53.8,NA,NA,NA,NA,NA
8,50,sqrt,1000,10000,static,10,50,1,0.503464,no,0.517,4.188,1.7,NA,NA,NA,NA,NA
8,50,statespace,0,5000,guided,0,0,1,0.021521,no,0.030,1.253,32.9,NA,NA,NA,NA,NA
16,100,hogwild,0,10000,static,10,0,1,0.025173,yes,0.042,0.873,89.2,NA,NA,NA,NA,NA
40,50,sqrt,10,5000,static,0,50,1,0.566737,no,0.578,0.733,25.2,NA,NA,NA,NA,NA
4,10,sqrt,1000,10000,static,0,0,1,0.003274,yes,0.009,1.396,30.0,NA,NA,NA,NA,NA
8,10,statespace,0,10000,dynamic,10,0,1,0.003989,yes,0.011,0.909,0.0,NA,NA,NA,NA,NA
4,50,sqrt,1000,10000,static,0,50,1,0.793889,no,0.805,4.266,1.0,NA,NA,NA,NA,NA
20,50,sqrt,10,10000,static,10,0,1,0.276775,yes,0.286,0.558,38.6,NA,NA,NA,NA,NA
4,50,hogwild,0,5000,dynamic,1,50,1,0.377050,no,0.389,4.009,2.1,NA,NA,NA,NA,NA
20,10,sqrt,0,10000,dynamic,10,0,1,0.022826,yes,0.036,0.253,100.0,NA,NA,NA,NA,NA
20,50,sqrt,10,10000,guided,10,0,1,0.272787,no,0.280,0.562,38.4,NA,NA,NA,NA,NA
4,100,sqrt,10,5000,static,1,0,1,0.139003,no,0.152,1.702,32.3,NA,NA,NA,NA,NA
4,50,statespace,0,10000,dynamic,10,50,1,0.788802,no,0.798,4.301,1.0,NA,NA,NA,NA,NA
20,50,sqrt,0,10000,guided,10,50,1,2.017875,no,2.030,1.315,15.1,NA,NA,NA,NA,NA
20,50,sqrt,1000,5000,dynamic,0,0,1,0.018085,no,0.029,1.051,35.2,NA,NA,NA,NA,NA
40,100,sqrt,1000,5000,guided,1,0,1,0.053342,no,0.070,0.708,55.9,NA,NA,NA,NA,NA
20,50,sqrt,1000,5000,dynamic,1,50,1,0.139966,no,0.150,4.131,9.7,NA,NA,NA,NA,NA
8,10,hogwild,0,5000,guided,0,50,1,0.003731,yes,0.011,1.073,0.0,NA,NA,NA,NA,NA
16,10,hogwild,0,5000,dynamic,1,50,1,0.005337,yes,0.018,0.494,95.4,NA,NA,NA,NA,NA
4,50,statespace,0,5000,static,10,0,1,0.024883,yes,0.042,1.352,31.3,NA,NA,NA,NA,NA
8,10,hogwild,0,10000,static,0,0,1,0.003863,yes,0.010,0.705,71.4,NA,NA,NA,NA,NA
20,100,statespace,0,5000,dynamic,1,50,1,0.512009,no,0.539,4.545,1.0,NA,NA,NA,NA,NA
40,10,hogwild,0,5000,static,1,50,1,0.006968,yes,0.013,0.287,73.4,NA,NA,NA,NA,NA
16,10,hogwild,0,10000,guided,10,50,1,0.008140,yes,0.019,0.503,91.0,NA,NA,NA,NA,NA
2,100,sqrt,1000,10000,guided,0,0,1,0.134680,yes,0.147,1.365,12.0,NA,NA,NA,NA,NA
40,100,hogwild,0,5000,static,10,0,1,0.012378,yes,0.037,0.588,48.4,NA,NA,NA,NA,NA
20,10,sqrt,10,10000,dynamic,1,50,1,0.041310,yes,0.053,0.225,100.0,NA,NA,NA,NA,NA
4,100,sqrt,0,10000,dynamic,0,0,1,0.130899,no,0.150,1.459,25.3,NA,NA,NA,NA,NA
40,10,sqrt,0,10000,guided,0,0,1,0.015071,yes,0.035,0.203,84.6,NA,NA,NA,NA,NA
4,100,hogwild,0,10000,guided,0,0,1,0.063555,yes,0.079,1.224,17.2,NA,NA,NA,NA,NA
8,50,sqrt,10,5000,static,1,0,1,0.051162,no,0.063,1.192,45.2,NA,NA,NA,NA,NA
4,10,sqrt,1000,10000,guided,10,50,1,0.007113,yes,0.014,1.776,46.6,NA,NA,NA,NA,NA
2,50,sqrt,1000,5000,guided,0,50,1,0.704756,no,0.727,4.299,1.0,NA,NA,NA,NA,NA
8,100,hogwild,0,5000,guided,0,50,1,1.353134,no,1.381,4.373,2.0,NA,NA,NA,NA,NA
40,10,statespace,0,10000,guided,10,0,1,0.010258,no,0.036,0.308,71.5,NA,NA,NA,NA,NA
16,100,sqrt,0,10000,dynamic,10,0,1,0.321869,no,0.335,0.717,38.0,NA,NA,NA,NA,NA
16,50,sqrt,1000,5000,guided,10,50,1,0.180619,no,0.199,4.037,2.1,NA,NA,NA,NA,NA
8,10,sqrt,0,10000,guided,10,0,1,0.008248,yes,0.022,0.604,70.2,NA,NA,NA,NA,NA
16,50,statespace,0,5000,dynamic,1,50,1,0.169894,no,0.193,4.198,1.5,NA,NA,NA,NA,NA
40,50,sqrt,1000,5000,guided,0,50,1,0.138237,no,0.159,2.222,23.0,NA,NA,NA,NA,NA
40,10,sqrt,0,5000,guided,10,0,1,0.010797,yes,0.021,0.293,72.6,NA,NA,NA,NA,NA
16,100,sqrt,0,10000,static,1,50,1,1.848960,no,1.886,3.476,8.3,NA,NA,NA,NA,NA
16,10,sqrt,10,5000,static,1,0,1,0.017418,yes,0.028,0.235,90.2,NA,NA,NA,NA,NA
8,100,statespace,0,10000,dynamic,1,50,1,2.558575,no,2.596,4.482,1.3,NA,NA,NA,NA,NA
16,10,sqrt,10,5000,dynamic,0,0,1,0.016818,yes,0.027,0.227,90.3,NA,NA,NA,NA,NA
20,10,sqrt,0,5000,dynamic,0,0,1,0.010477,yes,0.021,0.268,90.5,NA,NA,NA,NA,NA
8,100,sqrt,0,5000,static,10,0,1,0.133779,no,0.152,0.992,26.8,NA,NA,NA,NA,NA
8,50,sqrt,0,10000,guided,1,0,1,0.037598,yes,0.045,1.321,54.3,NA,NA,NA,NA,NA
20,50,statespace,0,10000,guided,1,50,1,0.250010,no,0.263,4.218,1.6,NA,NA,NA,NA,NA
20,50,hogwild,0,10000,static,0,0,1,0.010939,yes,0.029,0.700,74.5,NA,NA,NA,NA,NA
20,50,sqrt,0,10000,guided,1,0,1,0.080169,no,0.090,0.705,56.6,NA,NA,NA,NA,NA
16,100,sqrt,1000,5000,dynamic,1,50,1,0.641518,no,0.674,4.521,2.2,NA,NA,NA,NA,NA
40,100,statespace,0,5000,static,0,50,1,0.500152,no,0.528,2.416,1.5,NA,NA,NA,NA,NA
20,50,sqrt,0,5000,dynamic,10,0,1,0.101668,no,0.109,0.572,10.8,NA,NA,NA,NA,NA
2,10,sqrt,0,10000,dynamic,10,0,1,0.005774,yes,0.021,1.371,84.6,NA,NA,NA,NA,NA
2,100,sqrt,0,10000,static,10,50,1,10.214495,no,10.239,4.482,1.0,NA,NA,NA,NA,NA
2,100,statespace,0,10000,guided,10,0,1,0.138549,no,0.164,1.385,9.8,NA,NA,NA,NA,NA
16,50,sqrt,1000,5000,static,10,0,1,0.019796,no,0.028,1.055,34.1,NA,NA,NA,NA,NA
20,100,sqrt,0,10000,guided,10,50,1,8.405536,no,8.430,2.663,12.4,NA,NA,NA,NA,NA
2,10,statespace,0,5000,guided,10,50,1,0.005914,yes,0.016,1.834,100.0,NA,NA,NA,NA,NA
2,100,statespace,0,10000,static,0,0,1,0.140352,no,0.160,1.381,10.2,NA,NA,NA,NA,NA
2,100,hogwild,0,10000,static,1,0,1,0.108253,yes,0.123,1.314,15.5,NA,NA,NA,NA,NA
20,10,sqrt,10,5000,static,0,0,1,0.018205,yes,0.030,0.229,91.8,NA,NA,NA,NA,NA
40,50,sqrt,10,5000,dynamic,1,50,1,0.563572,no,0.585,0.740,25.6,NA,NA,NA,NA,NA
8,10,sqrt,0,5000,static,0,50,1,0.005258,yes,0.011,1.090,61.5,NA,NA,NA,NA,NA
16,10,sqrt,0,10000,guided,10,50,1,0.024896,yes,0.032,0.444,82.7,NA,NA,NA,NA,NA
16,10,statespace,0,10000,static,1,50,1,0.007717,yes,0.014,0.758,84.2,NA,NA,NA,NA,NA
2,50,hogwild,0,5000,static,1,0,1,0.025535,yes,0.032,1.278,56.0,NA,NA,NA,NA,NA
8,100,hogwild,0,10000,static,10,50,1,2.789884,no,2.824,4.321,1.5,NA,NA,NA,NA,NA
40,50,sqrt,0,5000,static,0,50,1,0.161106,no,0.175,1.933,28.6,NA,NA,NA,NA,NA
2,50,sqrt,0,10000,static,10,50,1,1.469243,no,1.491,4.031,2.3,NA,NA,NA,NA,NA
2,50,sqrt,10,10000,dynamic,0,0,1,0.076491,yes,0.084,1.917,10.8,NA,NA,NA,NA,NA
8,100,hogwild,0,5000,dynamic,1,50,1,1.332471,no,1.356,4.321,2.5,NA,NA,NA,NA,NA
4,100,hogwild,0,10000,dynamic,0,0,1,0.071252,yes,0.081,1.148,25.5,NA,NA,NA,NA,NA
20,10,sqrt,10,10000,dynamic,10,50,1,0.059590,yes,0.065,0.315,58.2,NA,NA,NA,NA,NA
4,50,sqrt,1000,10000,static,1,50,1,0.793998,no,0.803,4.268,1.1,NA,NA,NA,NA,NA
20,100,hogwild,0,10000,guided,1,50,1,1.267411,no,1.291,3.783,1.5,NA,NA,NA,NA,NA
16,10,hogwild,0,10000,guided,0,50,1,0.008822,yes,0.016,0.479,83.4,NA,NA,NA,NA,NA
8,100,statespace,0,5000,dynamic,0,50,1,1.276687,no,1.300,4.476,1.2,NA,NA,NA,NA,NA
20,10,statespace,0,5000,static,0,50,1,0.005854,yes,0.017,0.677,30.2,NA,NA,NA,NA,NA
40,10,sqrt,10,10000,guided,0,0,1,0.038591,yes,0.049,0.169,100.0,NA,NA,NA,NA,NA
20,50,sqrt,10,10000,guided,10,50,1,3.708753,no,3.727,0.841,16.9,NA,NA,NA,NA,NA
4,100,sqrt,0,10000,guided,10,0,1,0.153279,yes,0.163,1.329,18.6,NA,NA,NA,NA,NA
40,50,sqrt,0,10000,dynamic,1,50,1,0.306680,no,0.316,1.931,13.5,NA,NA,NA,NA,NA
4,100,sqrt,10,10000,static,0,0,1,0.242344,yes,0.251,1.797,27.7,NA,NA,NA,NA,NA
20,50,sqrt,1000,5000,static,0,50,1,0.142444,no,0.156,4.090,8.9,NA,NA,NA,NA,NA
2,10,sqrt,1000,10000,static,10,0,1,0.004803,yes,0.012,1.493,0.0,NA,NA,NA,NA,NA
4,50,sqrt,10,5000,dynamic,0,50,1,0.533468,no,0.546,3.603,5.2,NA,NA,NA,NA,NA
16,50,sqrt,0,5000,guided,1,0,1,0.050329,no,0.066,0.788,54.0,NA,NA,NA,NA,NA
40,50,sqrt,0,10000,guided,1,50,1,0.311930,no,0.335,1.902,13.6,NA,NA,NA,NA,NA
40,10,statespace,0,5000,dynamic,0,50,1,0.008670,no,0.025,0.422,40.8,NA,NA,NA,NA,NA
40,10,sqrt,1000,10000,static,10,0,1,0.006165,yes,0.014,0.477,56.5,NA,NA,NA,NA,NA
4,50,sqrt,1000,10000,static,10,50,1,0.795515,no,0.808,4.265,1.2,NA,NA,NA,NA,NA
2,50,sqrt,1000,5000,guided,1,50,1,0.720963,no,0.733,4.306,0.9,NA,NA,NA,NA,NA
8,50,hogwild,0,5000,guided,1,50,1,0.227629,no,0.240,3.525,13.2,NA,NA,NA,NA,NA
4,100,hogwild,0,5000,dynamic,0,50,1,2.481864,no,2.505,4.475,1.1,NA,NA,NA,NA,NA
4,100,hogwild,0,5000,dynamic,10,50,1,2.447262,no,2.481,4.560,0.8,NA,NA,NA,NA,NA
8,50,statespace,0,5000,guided,10,0,1,0.021465,no,0.044,1.258,28.7,NA,NA,NA,NA,NA
4,10,statespace,0,5000,dynamic,10,50,1,0.004412,yes,0.012,1.582,36.7,NA,NA,NA,NA,NA
40,100,statespace,0,5000,static,1,50,1,0.866895,no,0.894,2.403,3.9,NA,NA,NA,NA,NA
40,10,sqrt,10,10000,guided,0,50,1,0.038086,yes,0.053,0.198,100.0,NA,NA,NA,NA,NA
2,10,hogwild,0,5000,dynamic,0,50,1,0.007014,yes,0.018,1.481,72.1,NA,NA,NA,NA,NA
8,100,sqrt,10,5000,dynamic,0,50,1,2.081460,no,2.109,3.135,7.0,NA,NA,NA,NA,NA
8,10,hogwild,0,5000,guided,10,50,1,0.003178,no,0.021,1.142,51.2,NA,NA,NA,NA,NA
2,100,hogwild,0,5000,guided,10,50,1,4.524370,no,4.547,4.510,1.0,NA,NA,NA,NA,NA
16,10,sqrt,0,5000,dynamic,10,50,1,0.018825,yes,0.029,0.450,79.3,NA,NA,NA,NA,NA
2,50,hogwild,0,5000,dynamic,10,0,1,0.027507,yes,0.038,1.162,70.2,NA,NA,NA,NA,NA
16,100,statespace,0,10000,guided,10,0,1,0.049931,no,0.061,1.214,31.9,NA,NA,NA,NA,NA
2,50,sqrt,1000,10000,dynamic,10,50,1,1.282030,no,1.291,4.308,1.2,NA,NA,NA,NA,NA
40,10,statespace,0,5000,dynamic,1,50,1,0.009191,no,0.019,0.423,63.7,NA,NA,NA,NA,NA
4,50,sqrt,10,5000,static,0,0,1,0.050771,yes,0.072,1.363,44.5,NA,NA,NA,NA,NA
20,100,statespace,0,5000,guided,10,0,1,0.036374,no,0.045,1.086,35.9,NA,NA,NA,NA,NA
2,10,statespace,0,5000,guided,0,0,1,0.003055,yes,0.010,1.319,0.0,NA,NA,NA,NA,NA
4,10,statespace,0,10000,dynamic,10,50,1,0.008041,yes,0.015,1.637,37.5,NA,NA,NA,NA,NA
8,10,hogwild,0,5000,static,10,50,1,0.003636,yes,0.023,1.077,0.0,NA,NA,NA,NA,NA
8,100,hogwild,0,10000,dynamic,10,0,1,0.034767,yes,0.047,1.184,59.7,NA,NA,NA,NA,NA
40,100,statespace,0,5000,dynamic,1,50,1,0.505189,no,0.528,2.414,1.5,NA,NA,NA,NA,NA
20,10,statespace,0,10000,static,0,50,1,0.008285,yes,0.023,0.654,77.6,NA,NA,NA,NA,NA
8,10,statespace,0,5000,static,1,50,1,0.003681,yes,0.018,1.325,0.0,NA,NA,NA,NA,NA
40,50,sqrt,1000,10000,guided,1,0,1,0.030416,no,0.042,0.760,52.5,NA,NA,NA,NA,NA
20,100,hogwild,0,10000,static,1,0,1,0.021556,yes,0.035,0.835,80.9,NA,NA,NA,NA,NA
2,50,sqrt,0,5000,guided,1,0,1,0.033073,yes,0.043,1.531,29.4,NA,NA,NA,NA,NA
8,10,sqrt,0,5000,dynamic,0,0,1,0.003272,yes,0.014,0.780,0.0,NA,NA,NA,NA,NA
2,100,sqrt,10,10000,dynamic,0,50,1,8.875154,no,8.909,4.552,1.1,NA,NA,NA,NA,NA
8,50,sqrt,10,5000,static,0,0,1,0.054636,no,0.077,1.125,39.8,NA,NA,NA,NA,NA
8,50,statespace,0,5000,dynamic,0,50,1,0.293472,no,0.306,4.273,1.6,NA,NA,NA,NA,NA
2,10,statespace,0,5000,dynamic,0,50,1,0.005619,no,0.012,1.847,49.1,NA,NA,NA,NA,NA
8,100,statespace,0,10000,guided,1,50,1,2.540426,no,2.568,4.512,1.2,NA,NA,NA,NA,NA
16,50,sqrt,0,10000,dynamic,1,0,1,0.064795,no,0.087,0.820,51.5,NA,NA,NA,NA,NA
40,10,hogwild,0,10000,static,1,0,1,0.008561,yes,0.030,0.219,83.1,NA,NA,NA,NA,NA
2,100,sqrt,0,5000,static,10,50,1,5.250815,no,5.278,4.510,1.0,NA,NA,NA,NA,NA
8,50,hogwild,0,5000,guided,0,50,1,0.228806,no,0.241,3.537,11.6,NA,NA,NA,NA,NA
4,100,statespace,0,10000,guided,10,50,1,4.885875,no,4.913,4.558,0.6,NA,NA,NA,NA,NA
40,50,sqrt,0,10000,static,1,0,1,0.070994,no,0.080,0.447,53.4,NA,NA,NA,NA,NA
2,50,statespace,0,5000,static,0,0,1,0.029519,yes,0.037,1.417,30.1,NA,NA,NA,NA,NA
4,100,sqrt,10,5000,dynamic,0,50,1,2.963386,no,2.991,3.941,3.3,NA,NA,NA,NA,NA
16,10,hogwild,0,5000,guided,10,0,1,0.004541,yes,0.011,0.310,93.9,NA,NA,NA,NA,NA
20,10,sqrt,1000,10000,guided,0,0,1,0.004757,yes,0.029,0.655,74.1,NA,NA,NA,NA,NA
8,50,sqrt,0,5000,guided,1,50,1,0.343586,no,0.360,3.307,7.9,NA,NA,NA,NA,NA
8,50,hogwild,0,10000,static,1,50,1,0.431638,no,0.440,3.696,7.2,NA,NA,NA,NA,NA
2,100,sqrt,0,10000,dynamic,10,0,1,0.163591,yes,0.180,1.397,11.1,NA,NA,NA,NA,NA
4,100,sqrt,1000,5000,dynamic,0,50,1,2.435238,no,2.467,4.537,0.9,NA,NA,NA,NA,NA
2,10,statespace,0,10000,dynamic,10,50,1,0.010865,yes,0.021,1.945,32.9,NA,NA,NA,NA,NA
4,50,hogwild,0,5000,dynamic,0,0,1,0.017741,yes,0.034,1.014,75.7,NA,NA,NA,NA,NA
2,10,sqrt,1000,10000,dynamic,0,50,1,0.010597,yes,0.033,1.975,46.6,NA,NA,NA,NA,NA
16,50,sqrt,1000,10000,static,0,50,1,0.296021,no,0.312,4.103,2.0,NA,NA,NA,NA,NA
8,100,hogwild,0,5000,guided,1,50,1,1.348938,no,1.386,4.270,3.1,NA,NA,NA,NA,NA
20,50,sqrt,0,5000,guided,10,0,1,0.105264,no,0.114,0.561,19.2,NA,NA,NA,NA,NA
16,50,hogwild,0,5000,static,0,0,1,0.008363,yes,0.020,0.714,64.9,NA,NA,NA,NA,NA
40,100,hogwild,0,10000,dynamic,0,0,1,0.016760,no,0.036,0.592,53.4,NA,NA,NA,NA,NA
2,50,hogwild,0,10000,static,1,50,1,1.252448,no,1.261,4.231,1.8,NA,NA,NA,NA,NA
1,100,sqrt,0,10000,static,0,0,1,0.252782,yes,0.264,1.380,8.7,NA,NA,NA,NA,NA
1,10,sqrt,0,5000,static,0,0,1,0.006453,yes,0.027,1.314,68.7,NA,NA,NA,NA,NA
1,10,sqrt,0,10000,static,0,50,1,0.041429,no,0.047,1.869,47.8,NA,NA,NA,NA,NA
1,100,sqrt,0,10000,static,0,50,1,17.795843,no,17.823,4.469,1.2,NA,NA,NA,NA,NA
1,10,sqrt,0,5000,static,0,50,1,0.021329,no,0.032,1.841,51.2,NA,NA,NA,NA,NA
1,100,sqrt,0,5000,static,0,0,1,0.173012,no,0.182,1.358,14.4,NA,NA,NA,NA,NA
1,50,sqrt,0,10000,static,0,50,1,1.780627,yes,1.792,4.251,2.3,NA,NA,NA,NA,NA
1,10,sqrt,0,10000,static,0,0,1,0.013865,yes,0.023,1.281,50.8,NA,NA,NA,NA,NA
1,100,sqrt,0,5000,static,0,50,1,8.804698,no,8.832,4.500,1.6,NA,NA,NA,NA,NA
1,50,sqrt,0,5000,static,0,50,1,1.129348,yes,1.155,4.254,2.1,NA,NA,NA,NA,NA
1,50,sqrt,0,5000,static,0,0,1,0.058122,yes,0.073,1.371,12.7,NA,NA,NA,NA,NA
1,50,sqrt,0,10000,static,0,0,1,0.092308,yes,0.098,1.433,15.1,NA,NA,NA,NA,NA
8,100,statespace,0,5000,static,0,0,2,0.040311,no,NA,NA,NA,NA,NA,NA,NA,NA
16,100,sqrt,10,10000,dynamic,0,50,2,2.353239,no,NA,NA,NA,NA,NA,NA,NA,NA
20,50,sqrt,10,5000,static,0,0,2,0.076093,no,NA,NA,NA,NA,NA,NA,NA,NA
16,100,sqrt,10,5000,guided,0,0,2,0.183311,no,NA,NA,NA,NA,NA,NA,NA,NA
4,10,sqrt,10,10000,guided,0,50,2,0.012640,yes,NA,NA,NA,NA,NA,NA,NA,NA
16,100,sqrt,0,5000,guided,0,50,2,1.294274,no,NA,NA,NA,NA,NA,NA,NA,NA
20,50,statespace,0,10000,dynamic,1,50,2,0.246791,no,NA,NA,NA,NA,NA,NA,NA,NA
8,50,sqrt,1000,5000,dynamic,10,0,2,0.020589,no,NA,NA,NA,NA,NA,NA,NA,NA
2,100,sqrt,0,10000,static,10,50,2,9.946083,no,NA,NA,NA,NA,NA,NA,NA,NA
16,50,hogwild,0,5000,static,0,0,2,0.006935,yes,NA,NA,NA,NA,NA,NA,NA,NA
4,10,sqrt,1000,5000,dynamic,0,50,2,0.003403,yes,NA,NA,NA,NA,NA,NA,NA,NA
8,10,sqrt,1000,10000,dynamic,0,0,2,0.002188,yes,NA,NA,NA,NA,NA,NA,NA,NA
8,50,hogwild,0,5000,guided,10,0,2,0.007737,yes,NA,NA,NA,NA,NA,NA,NA,NA
8,50,statespace,0,10000,guided,1,0,2,0.025884,yes,NA,NA,NA,NA,NA,NA,NA,NA
16,10,sqrt,1000,10000,static,0,0,2,0.002200,yes,NA,NA,NA,NA,NA,NA,NA,NA
8,50,sqrt,1000,5000,dynamic,10,50,2,0.298992,no,NA,NA,NA,NA,NA,NA,NA,NA
8,50,sqrt,0,5000,static,1,0,2,0.030496,no,NA,NA,NA,NA,NA,NA,NA,NA
8,50,statespace,0,10000,guided,0,0,2,0.025880,yes,NA,NA,NA,NA,NA,NA,NA,NA
8,10,sqrt,1000,5000,guided,0,0,2,0.001359,yes,NA,NA,NA,NA,NA,NA,NA,NA
16,10,statespace,0,5000,dynamic,10,0,2,0.003352,yes,NA,NA,NA,NA,NA,NA,NA,NA
40,10,hogwild,0,5000,static,10,50,2,0.005044,yes,NA,NA,NA,NA,NA,NA,NA,NA
2,50,sqrt,0,10000,static,1,50,2,1.349469,no,NA,NA,NA,NA,NA,NA,NA,NA
2,100,sqrt,0,10000,guided,10,0,2,0.145929,yes,NA,NA,NA,NA,NA,NA,NA,NA
40,100,sqrt,0,10000,static,10,0,2,0.345822,no,NA,NA,NA,NA,NA,NA,NA,NA
20,50,sqrt,1000,5000,dynamic,10,0,2,0.016416,no,NA,NA,NA,NA,NA,NA,NA,NA
40,100,sqrt,10,10000,guided,10,50,2,19.933352,no,NA,NA,NA,NA,NA,NA,NA,NA
40,50,hogwild,0,5000,dynamic,1,50,2,0.076742,no,NA,NA,NA,NA,NA,NA,NA,NA
2,50,sqrt,10,5000,static,0,0,2,0.046221,yes,NA,NA,NA,NA,NA,NA,NA,NA
2,100,statespace,0,5000,dynamic,0,0,2,0.098576,no,NA,NA,NA,NA,NA,NA,NA,NA
2,50,statespace,0,5000,static,10,50,2,0.727914,no,NA,NA,NA,NA,NA,NA,NA,NA
2,50,statespace,0,10000,guided,0,0,2,0.042065,yes,NA,NA,NA,NA,NA,NA,NA,NA
8,10,sqrt,0,5000,guided,1,0,2,0.002883,yes,NA,NA,NA,NA,NA,NA,NA,NA
4,10,sqrt,0,10000,static,0,0,2,0.004025,yes,NA,NA,NA,NA,NA,NA,NA,NA
16,100,sqrt,10,10000,guided,0,50,2,2.349345,no,NA,NA,NA,NA,NA,NA,NA,NA
8,50,statespace,0,5000,static,1,0,2,0.021584,no,NA,NA,NA,NA,NA,NA,NA,NA
8,50,sqrt,10,10000,dynamic,10,0,2,0.185200,no,NA,NA,NA,NA,NA,NA,NA,NA
4,50,sqrt,10,10000,static,10,50,2,3.028562,no,NA,NA,NA,NA,NA,NA,NA,NA
40,100,statespace,0,5000,dynamic,1,50,2,0.496983,no,NA,NA,NA,NA,NA,NA,NA,NA
16,50,hogwild,0,10000,static,1,50,2,0.242055,no,NA,NA,NA,NA,NA,NA,NA,NA
2,10,sqrt,0,5000,guided,1,0,2,0.002913,yes,NA,NA,NA,NA,NA,NA,NA,NA
40,100,hogwild,0,5000,guided,10,0,2,0.010300,yes,NA,NA,NA,NA,NA,NA,NA,NA
16,100,hogwild,0,5000,guided,0,50,2,0.753368,no,NA,NA,NA,NA,NA,NA,NA,NA
20,100,sqrt,0,5000,static,10,0,2,0.228951,no,NA,NA,NA,NA,NA,NA,NA,NA
2,10,hogwild,0,10000,static,0,50,2,0.012884,yes,NA,NA,NA,NA,NA,NA,NA,NA
8,10,sqrt,1000,5000,dynamic,1,0,2,0.001513,yes,NA,NA,NA,NA,NA,NA,NA,NA
40,100,sqrt,10,10000,dynamic,10,50,2,19.920046,no,NA,NA,NA,NA,NA,NA,NA,NA
2,10,sqrt,0,5000,guided,0,0,2,0.003190,yes,NA,NA,NA,NA,NA,NA,NA,NA
16,100,statespace,0,10000,guided,0,50,2,1.255574,no,NA,NA,NA,NA,NA,NA,NA,NA
4,100,hogwild,0,10000,static,1,0,2,0.062125,yes,NA,NA,NA,NA,NA,NA,NA,NA
16,10,sqrt,0,5000,static,1,0,2,0.008989,yes,NA,NA,NA,NA,NA,NA,NA,NA
4,50,sqrt,0,5000,dynamic,0,50,2,0.462086,no,NA,NA,NA,NA,NA,NA,NA,NA
20,10,sqrt,10,5000,dynamic,1,50,2,0.022495,yes,NA,NA,NA,NA,NA,NA,NA,NA
16,50,sqrt,1000,10000,static,1,0,2,0.022430,no,NA,NA,NA,NA,NA,NA,NA,NA
4,100,sqrt,0,5000,static,0,0,2,0.081005,no,NA,NA,NA,NA,NA,NA,NA,NA
20,10,hogwild,0,5000,dynamic,10,50,2,0.005196,yes,NA,NA,NA,NA,NA,NA,NA,NA
16,100,hogwild,0,5000,guided,1,50,2,0.733864,no,NA,NA,NA,NA,NA,NA,NA,NA
20,50,statespace,0,5000,dynamic,0,0,2,0.015878,no,NA,NA,NA,NA,NA,NA,NA,NA
4,100,sqrt,0,5000,guided,0,50,2,2.508502,no,NA,NA,NA,NA,NA,NA,NA,NA
2,50,sqrt,1000,5000,guided,0,0,2,0.029132,yes,NA,NA,NA,NA,NA,NA,NA,NA
2,100,hogwild,0,5000,dynamic,10,0,2,0.073819,yes,NA,NA,NA,NA,NA,NA,NA,NA
20,100,sqrt,0,10000,dynamic,0,50,2,2.012807,no,NA,NA,NA,NA,NA,NA,NA,NA
20,50,hogwild,0,10000,dynamic,0,0,2,0.008753,yes,NA,NA,NA,NA,NA,NA,NA,NA
40,100,hogwild,0,10000,guided,0,0,2,0.013361,yes,NA,NA,NA,NA,NA,NA,NA,NA
2,100,sqrt,1000,10000,dynamic,0,0,2,0.134158,yes,NA,NA,NA,NA,NA,NA,NA,NA
40,10,sqrt,1000,5000,guided,10,0,2,0.004360,yes,NA,NA,NA,NA,NA,NA,NA,NA
2,10,sqrt,1000,10000,guided,1,50,2,0.010452,yes,NA,NA,NA,NA,NA,NA,NA,NA
8,50,statespace,0,10000,dynamic,0,50,2,0.466345,no,NA,NA,NA,NA,NA,NA,NA,NA
8,10,hogwild,0,10000,dynamic,10,50,2,0.004827,yes,NA,NA,NA,NA,NA,NA,NA,NA
4,50,statespace,0,5000,static,0,50,2,0.462913,no,NA,NA,NA,NA,NA,NA,NA,NA
20,50,hogwild,0,10000,guided,1,0,2,0.009452,yes,NA,NA,NA,NA,NA,NA,NA,NA
20,100,sqrt,10,5000,dynamic,10,50,2,9.063547,no,NA,NA,NA,NA,NA,NA,NA,NA
4,100,hogwild,0,10000,dynamic,10,0,2,0.062244,yes,NA,NA,NA,NA,NA,NA,NA,NA
8,10,hogwild,0,10000,static,0,0,2,0.003351,yes,NA,NA,NA,NA,NA,NA,NA,NA
8,10,sqrt,0,5000,static,1,0,2,0.002962,yes,NA,NA,NA,NA,NA,NA,NA,NA
20,50,statespace,0,10000,static,1,0,2,0.022081,no,NA,NA,NA,NA,NA,NA,NA,NA
20,50,hogwild,0,5000,guided,10,0,2,0.005980,yes,NA,NA,NA,NA,NA,NA,NA,NA
4,10,hogwild,0,5000,dynamic,1,0,2,0.002345,yes,NA,NA,NA,NA,NA,NA,NA,NA
40,100,hogwild,0,5000,static,10,0,2,0.010146,yes,NA,NA,NA,NA,NA,NA,NA,NA
4,10,sqrt,10,5000,static,1,50,2,0.007049,yes,NA,NA,NA,NA,NA,NA,NA,NA
2,50,sqrt,10,10000,static,10,0,2,0.111256,yes,NA,NA,NA,NA,NA,NA,NA,NA
20,50,sqrt,10,10000,dynamic,0,50,2,0.635460,no,NA,NA,NA,NA,NA,NA,NA,NA
8,100,sqrt,1000,10000,guided,0,0,2,0.068113,no,NA,NA,NA,NA,NA,NA,NA,NA
16,100,sqrt,1000,5000,static,10,50,2,0.727162,no,NA,NA,NA,NA,NA,NA,NA,NA
16,50,hogwild,0,10000,static,10,0,2,0.010090,yes,NA,NA,NA,NA,NA,NA,NA,NA
8,50,sqrt,1000,10000,guided,0,0,2,0.024319,yes,NA,NA,NA,NA,NA,NA,NA,NA
2,50,sqrt,10,5000,static,1,0,2,0.045928,yes,NA,NA,NA,NA,NA,NA,NA,NA
8,10,hogwild,0,5000,static,1,50,2,0.002736,no,NA,NA,NA,NA,NA,NA,NA,NA
2,50,statespace,0,5000,dynamic,0,50,2,0.714518,no,NA,NA,NA,NA,NA,NA,NA,NA
2,50,statespace,0,10000,guided,1,0,2,0.041619,yes,NA,NA,NA,NA,NA,NA,NA,NA
40,50,hogwild,0,5000,guided,1,50,2,0.076943,no,NA,NA,NA,NA,NA,NA,NA,NA
8,50,sqrt,0,5000,guided,1,0,2,0.030143,no,NA,NA,NA,NA,NA,NA,NA,NA
40,10,hogwild,0,5000,dynamic,0,50,2,0.005834,no,NA,NA,NA,NA,NA,NA,NA,NA
4,50,statespace,0,5000,static,1,0,2,0.025029,yes,NA,NA,NA,NA,NA,NA,NA,NA
8,50,statespace,0,10000,dynamic,0,0,2,0.025409,yes,NA,NA,NA,NA,NA,NA,NA,NA
20,50,sqrt,10,10000,static,10,50,2,3.581526,no,NA,NA,NA,NA,NA,NA,NA,NA
2,100,sqrt,1000,5000,static,10,50,2,4.395263,no,NA,NA,NA,NA,NA,NA,NA,NA
16,10,sqrt,10,10000,guided,0,0,2,0.035191,yes,NA,NA,NA,NA,NA,NA,NA,NA
40,10,sqrt,10,5000,guided,1,0,2,0.019371,yes,NA,NA,NA,NA,NA,NA,NA,NA
20,10,hogwild,0,10000,static,10,0,2,0.006616,yes,NA,NA,NA,NA,NA,NA,NA,NA
4,100,hogwild,0,5000,dynamic,1,50,2,2.462454,no,NA,NA,NA,NA,NA,NA,NA,NA
40,100,sqrt,10,5000,guided,0,0,2,0.369994,no,NA,NA,NA,NA,NA,NA,NA,NA
8,10,sqrt,0,5000,dynamic,10,0,2,0.004526,yes,NA,NA,NA,NA,NA,NA,NA,NA
4,100,sqrt,10,5000,guided,1,0,2,0.135519,no,NA,NA,NA,NA,NA,NA,NA,NA
8,10,sqrt,0,10000,static,10,0,2,0.005691,yes,NA,NA,NA,NA,NA,NA,NA,NA
4,50,hogwild,0,10000,static,1,50,2,0.718789,no,NA,NA,NA,NA,NA,NA,NA,NA
8,100,sqrt,1000,5000,static,0,50,2,1.285628,no,NA,NA,NA,NA,NA,NA,NA,NA
4,50,sqrt,1000,10000,guided,0,0,2,0.031758,yes,NA,NA,NA,NA,NA,NA,NA,NA
8,50,hogwild,0,10000,static,10,0,2,0.012432,yes,NA,NA,NA,NA,NA,NA,NA,NA
40,50,sqrt,1000,5000,dynamic,0,50,2,0.135840,no,NA,NA,NA,NA,NA,NA,NA,NA
20,10,sqrt,1000,5000,static,0,0,2,0.001939,yes,NA,NA,NA,NA,NA,NA,NA,NA
2,100,sqrt,1000,5000,guided,10,50,2,4.361897,no,NA,NA,NA,NA,NA,NA,NA,NA
8,10,sqrt,1000,10000,static,10,0,2,0.002125,yes,NA,NA,NA,NA,NA,NA,NA,NA
8,50,statespace,0,5000,dynamic,1,50,2,0.294293,no,NA,NA,NA,NA,NA,NA,NA,NA
2,100,sqrt,0,10000,guided,0,50,2,8.790629,no,NA,NA,NA,NA,NA,NA,NA,NA
2,50,hogwild,0,10000,guided,10,50,2,1.290103,no,NA,NA,NA,NA,NA,NA,NA,NA
8,100,sqrt,0,5000,static,1,0,2,0.074583,no,NA,NA,NA,NA,NA,NA,NA,NA
8,100,sqrt,10,10000,guided,1,0,2,0.244564,no,NA,NA,NA,NA,NA,NA,NA,NA
4,10,hogwild,0,5000,dynamic,10,0,2,0.002121,yes,NA,NA,NA,NA,NA,NA,NA,NA
4,50,sqrt,10,10000,dynamic,10,50,2,3.088132,no,NA,NA,NA,NA,NA,NA,NA,NA
4,10,sqrt,1000,10000,guided,0,0,2,0.002867,yes,NA,NA,NA,NA,NA,NA,NA,NA
40,50,sqrt,1000,5000,static,10,0,2,0.165113,no,NA,NA,NA,NA,NA,NA,NA,NA
16,10,hogwild,0,5000,static,0,50,2,0.004089,no,NA,NA,NA,NA,NA,NA,NA,NA
40,100,sqrt,10,5000,guided,1,0,2,0.664573,no,NA,NA,NA,NA,NA,NA,NA,NA
40,10,statespace,0,5000,dynamic,1,50,2,0.005896,no,NA,NA,NA,NA,NA,NA,NA,NA
16,100,sqrt,0,10000,static,10,50,2,7.559792,no,NA,NA,NA,NA,NA,NA,NA,NA
4,10,hogwild,0,5000,dynamic,0,50,2,0.004100,yes,NA,NA,NA,NA,NA,NA,NA,NA
4,10,sqrt,10,5000,guided,10,50,2,0.015095,yes,NA,NA,NA,NA,NA,NA,NA,NA
4,10,sqrt,1000,10000,static,10,0,2,0.002985,yes,NA,NA,NA,NA,NA,NA,NA,NA
4,100,hogwild,0,5000,static,10,50,2,2.440740,no,NA,NA,NA,NA,NA,NA,NA,NA
16,50,hogwild,0,10000,static,0,0,2,0.010868,yes,NA,NA,NA,NA,NA,NA,NA,NA
40,50,sqrt,1000,5000,guided,1,50,2,0.135534,no,NA,NA,NA,NA,NA,NA,NA,NA
4,100,hogwild,0,5000,static,1,0,2,0.042008,yes,NA,NA,NA,NA,NA,NA,NA,NA
20,100,sqrt,1000,5000,guided,1,50,2,0.523994,no,NA,NA,NA,NA,NA,NA,NA,NA
8,100,sqrt,10,10000,guided,10,0,2,0.610369,no,NA,NA,NA,NA,NA,NA,NA,NA
4,10,hogwild,0,5000,static,10,0,2,0.002196,yes,NA,NA,NA,NA,NA,NA,NA,NA
16,50,hogwild,0,10000,guided,10,50,2,0.239831,no,NA,NA,NA,NA,NA,NA,NA,NA
2,100,sqrt,0,10000,dynamic,1,50,2,8.899704,no,NA,NA,NA,NA,NA,NA,NA,NA
40,10,statespace,0,10000,static,1,0,2,0.006876,yes,NA,NA,NA,NA,NA,NA,NA,NA
16,100,hogwild,0,10000,dynamic,0,50,2,1.483792,no,NA,NA,NA,NA,NA,NA,NA,NA
20,100,sqrt,0,5000,guided,1,50,2,0.677455,no,NA,NA,NA,NA,NA,NA,NA,NA
8,50,sqrt,0,5000,static,1,50,2,0.354776,no,NA,NA,NA,NA,NA,NA,NA,NA
20,50,sqrt,10,10000,static,0,0,2,0.135880,yes,NA,NA,NA,NA,NA,NA,NA,NA
4,50,sqrt,1000,5000,guided,1,50,2,0.459946,no,NA,NA,NA,NA,NA,NA,NA,NA
4,50,sqrt,10,10000,dynamic,10,0,2,0.139560,yes,NA,NA,NA,NA,NA,NA,NA,NA
8,100,statespace,0,5000,guided,1,50,2,1.259825,no,NA,NA,NA,NA,NA,NA,NA,NA
20,10,hogwild,0,5000,static,0,50,2,0.004632,yes,NA,NA,NA,NA,NA,NA,NA,NA
2,50,hogwild,0,5000,guided,1,0,2,0.023885,yes,NA,NA,NA,NA,NA,NA,NA,NA
8,50,sqrt,1000,5000,static,0,50,2,0.297304,no,NA,NA,NA,NA,NA,NA,NA,NA
16,10,sqrt,0,10000,dynamic,10,50,2,0.024755,yes,NA,NA,NA,NA,NA,NA,NA,NA
20,50,sqrt,0,5000,guided,10,0,2,0.103217,no,NA,NA,NA,NA,NA,NA,NA,NA
2,100,hogwild,0,10000,dynamic,1,0,2,0.109446,yes,NA,NA,NA,NA,NA,NA,NA,NA
16,100,hogwild,0,10000,static,1,50,2,1.562639,no,NA,NA,NA,NA,NA,NA,NA,NA
20,100,hogwild,0,10000,static,10,0,2,0.019206,yes,NA,NA,NA,NA,NA,NA,NA,NA
4,10,statespace,0,10000,static,10,50,2,0.008309,yes,NA,NA,NA,NA,NA,NA,NA,NA
8,100,statespace,0,10000,guided,10,0,2,0.066869,no,NA,NA,NA,NA,NA,NA,NA,NA
20,50,statespace,0,10000,dynamic,10,50,2,0.260098,no,NA,NA,NA,NA,NA,NA,NA,NA
2,10,statespace,0,5000,dynamic,1,50,2,0.005657,yes,NA,NA,NA,NA,NA,NA,NA,NA
2,100,sqrt,1000,10000,static,10,50,2,8.812831,no,NA,NA,NA,NA,NA,NA,NA,NA
40,100,sqrt,1000,10000,static,0,0,2,0.065663,no,NA,NA,NA,NA,NA,NA,NA,NA
2,10,statespace,0,5000,dynamic,0,50,2,0.006102,yes,NA,NA,NA,NA,NA,NA,NA,NA
40,50,sqrt,10,10000,guided,1,0,2,0.205294,yes,NA,NA,NA,NA,NA,NA,NA,NA
16,50,sqrt,1000,10000,dynamic,10,0,2,0.023084,no,NA,NA,NA,NA,NA,NA,NA,NA
20,50,hogwild,0,10000,guided,0,50,2,0.198590,no,NA,NA,NA,NA,NA,NA,NA,NA
16,100,hogwild,0,10000,dynamic,0,0,2,0.021184,yes,NA,NA,NA,NA,NA,NA,NA,NA
2,100,statespace,0,10000,dynamic,0,50,2,8.686147,no,NA,NA,NA,NA,NA,NA,NA,NA
40,10,sqrt,1000,10000,dynamic,0,50,2,0.005029,yes,NA,NA,NA,NA,NA,NA,NA,NA
4,100,sqrt,10,10000,guided,1,0,2,0.241264,yes,NA,NA,NA,NA,NA,NA,NA,NA
2,10,sqrt,10,5000,guided,0,0,2,0.004851,yes,NA,NA,NA,NA,NA,NA,NA,NA
4,50,statespace,0,5000,guided,1,50,2,0.458898,no,NA,NA,NA,NA,NA,NA,NA,NA
2,100,sqrt,10,5000,guided,0,0,2,0.162507,yes,NA,NA,NA,NA,NA,NA,NA,NA
4,50,sqrt,1000,5000,static,1,50,2,0.458118,no,NA,NA,NA,NA,NA,NA,NA,NA
16,100,sqrt,10,10000,static,0,0,2,0.349129,no,NA,NA,NA,NA,NA,NA,NA,NA
16,10,statespace,0,10000,guided,10,50,2,0.007234,yes,NA,NA,NA,NA,NA,NA,NA,NA
20,50,statespace,0,10000,static,10,0,2,0.022406,no,NA,NA,NA,NA,NA,NA,NA,NA
20,10,statespace,0,10000,dynamic,0,0,2,0.004909,yes,NA,NA,NA,NA,NA,NA,NA,NA
2,50,sqrt,10,10000,dynamic,1,0,2,0.075907,yes,NA,NA,NA,NA,NA,NA,NA,NA
16,50,sqrt,1000,5000,static,0,50,2,0.169282,no,NA,NA,NA,NA,NA,NA,NA,NA
2,50,sqrt,1000,10000,guided,10,0,2,0.042135,yes,NA,NA,NA,NA,NA,NA,NA,NA
8,100,statespace,0,10000,guided,10,50,2,2.550046,no,NA,NA,NA,NA,NA,NA,NA,NA
40,50,sqrt,0,5000,guided,0,0,2,0.042421,no,NA,NA,NA,NA,NA,NA,NA,NA
4,100,sqrt,10,10000,static,10,50,2,17.764803,no,NA,NA,NA,NA,NA,NA,NA,NA
20,100,sqrt,10,10000,static,10,50,2,18.256947,no,NA,NA,NA,NA,NA,NA,NA,NA
20,10,sqrt,0,5000,static,1,50,2,0.013048,yes,NA,NA,NA,NA,NA,NA,NA,NA
20,10,sqrt,10,10000,guided,1,0,2,0.040599,yes,NA,NA,NA,NA,NA,NA,NA,NA
20,10,sqrt,1000,5000,static,10,50,2,0.002667,yes,NA,NA,NA,NA,NA,NA,NA,NA
2,10,sqrt,0,5000,static,10,0,2,0.003337,yes,NA,NA,NA,NA,NA,NA,NA,NA
20,100,sqrt,1000,5000,static,1,0,2,0.034064,no,NA,NA,NA,NA,NA,NA,NA,NA
20,100,sqrt,1000,5000,guided,0,0,2,0.033300,no,NA,NA,NA,NA,NA,NA,NA,NA
2,100,statespace,0,10000,dynamic,1,0,2,0.138687,no,NA,NA,NA,NA,NA,NA,NA,NA
20,100,sqrt,10,10000,static,0,0,2,0.435475,no,NA,NA,NA,NA,NA,NA,NA,NA
4,10,hogwild,0,10000,guided,0,50,2,0.007475,yes,NA,NA,NA,NA,NA,NA,NA,NA
8,50,hogwild,0,10000,dynamic,1,50,2,0.455090,no,NA,NA,NA,NA,NA,NA,NA,NA
8,10,sqrt,0,5000,static,1,50,2,0.004515,yes,NA,NA,NA,NA,NA,NA,NA,NA
2,100,sqrt,1000,10000,guided,0,0,2,0.133670,no,NA,NA,NA,NA,NA,NA,NA,NA
4,50,sqrt,0,5000,guided,10,50,2,0.547611,no,NA,NA,NA,NA,NA,NA,NA,NA
40,10,hogwild,0,5000,dynamic,10,0,2,0.035836,yes,NA,NA,NA,NA,NA,NA,NA,NA
4,100,statespace,0,10000,guided,0,0,2,0.112255,no,NA,NA,NA,NA,NA,NA,NA,NA
20,10,sqrt,10,5000,guided,10,0,2,0.021232,yes,NA,NA,NA,NA,NA,NA,NA,NA
40,50,sqrt,1000,5000,dynamic,10,0,2,0.021108,no,NA,NA,NA,NA,NA,NA,NA,NA
16,50,sqrt,1000,10000,guided,10,0,2,0.022526,no,NA,NA,NA,NA,NA,NA,NA,NA
8,100,statespace,0,10000,static,10,50,2,2.519797,no,NA,NA,NA,NA,NA,NA,NA,NA
4,50,sqrt,1000,5000,dynamic,10,50,2,0.453920,no,NA,NA,NA,NA,NA,NA,NA,NA
2,50,sqrt,10,10000,guided,10,0,2,0.111261,yes,NA,NA,NA,NA,NA,NA,NA,NA
4,100,sqrt,0,5000,dynamic,1,0,2,0.080733,no,NA,NA,NA,NA,NA,NA,NA,NA
40,10,hogwild,0,5000,dynamic,1,0,2,0.004214,yes,NA,NA,NA,NA,NA,NA,NA,NA
20,100,sqrt,10,5000,static,10,50,2,9.105661,no,NA,NA,NA,NA,NA,NA,NA,NA
16,10,statespace,0,5000,dynamic,1,50,2,0.004223,yes,NA,NA,NA,NA,NA,NA,NA,NA
2,50,statespace,0,5000,static,0,0,2,0.029056,yes,NA,NA,NA,NA,NA,NA,NA,NA
20,50,sqrt,10,10000,guided,0,0,2,0.135929,no,NA,NA,NA,NA,NA,NA,NA,NA
2,50,sqrt,1000,10000,guided,10,50,2,1.271786,no,NA,NA,NA,NA,NA,NA,NA,NA
16,10,sqrt,10,5000,guided,10,0,2,0.021216,yes,NA,NA,NA,NA,NA,NA,NA,NA
16,100,hogwild,0,10000,static,1,0,2,0.024074,yes,NA,NA,NA,NA,NA,NA,NA,NA
2,50,sqrt,10,5000,dynamic,10,50,2,1.430642,no,NA,NA,NA,NA,NA,NA,NA,NA
2,50,sqrt,1000,10000,static,10,0,2,0.041673,yes,NA,NA,NA,NA,NA,NA,NA,NA
16,10,hogwild,0,5000,guided,10,50,2,0.004577,no,NA,NA,NA,NA,NA,NA,NA,NA
8,10,sqrt,1000,5000,static,10,50,2,0.002547,yes,NA,NA,NA,NA,NA,NA,NA,NA
40,50,sqrt,10,10000,dynamic,0,50,2,1.057023,no,NA,NA,NA,NA,NA,NA,NA,NA
8,50,sqrt,10,5000,guided,1,0,2,0.047569,no,NA,NA,NA,NA,NA,NA,NA,NA
20,50,sqrt,1000,5000,dynamic,1,0,2,0.015830,no,NA,NA,NA,NA,NA,NA,NA,NA
4,10,sqrt,10,5000,static,0,50,2,0.007021,yes,NA,NA,NA,NA,NA,NA,NA,NA
8,50,sqrt,0,5000,dynamic,0,50,2,0.321707,no,NA,NA,NA,NA,NA,NA,NA,NA
20,10,hogwild,0,10000,guided,1,0,2,0.006758,yes,NA,NA,NA,NA,NA,NA,NA,NA
8,100,sqrt,0,10000,guided,1,50,2,2.922907,no,NA,NA,NA,NA,NA,NA,NA,NA
8,10,hogwild,0,10000,static,1,50,2,0.004796,no,NA,NA,NA,NA,NA,NA,NA,NA
16,10,sqrt,10,10000,dynamic,0,50,2,0.035805,yes,NA,NA,NA,NA,NA,NA,NA,NA
2,50,sqrt,0,10000,dynamic,10,50,2,1.406269,no,NA,NA,NA,NA,NA,NA,NA,NA
40,100,hogwild,0,10000,dynamic,10,50,2,0.948955,no,NA,NA,NA,NA,NA,NA,NA,NA
8,50,sqrt,10,5000,dynamic,1,0,2,0.044751,no,NA,NA,NA,NA,NA,NA,NA,NA
4,50,sqrt,1000,5000,dynamic,1,0,2,0.023916,yes,NA,NA,NA,NA,NA,NA,NA,NA
4,10,sqrt,0,5000,guided,10,50,2,0.005102,yes,NA,NA,NA,NA,NA,NA,NA,NA
2,50,hogwild,0,10000,guided,1,50,2,1.317529,no,NA,NA,NA,NA,NA,NA,NA,NA
2,100,hogwild,0,5000,static,1,0,2,0.075695,no,NA,NA,NA,NA,NA,NA,NA,NA
16,100,hogwild,0,5000,static,1,0,2,0.015952,yes,NA,NA,NA,NA,NA,NA,NA,NA
16,100,statespace,0,10000,dynamic,1,50,2,1.258600,no,NA,NA,NA,NA,NA,NA,NA,NA
4,100,sqrt,0,10000,static,1,0,2,0.126852,no,NA,NA,NA,NA,NA,NA,NA,NA
20,10,sqrt,10,10000,dynamic,0,0,2,0.036593,yes,NA,NA,NA,NA,NA,NA,NA,NA
16,10,sqrt,0,10000,dynamic,10,0,2,0.015397,yes,NA,NA,NA,NA,NA,NA,NA,NA
16,100,hogwild,0,5000,guided,10,0,2,0.014840,yes,NA,NA,NA,NA,NA,NA,NA,NA
16,100,statespace,0,10000,static,0,0,2,0.046228,no,NA,NA,NA,NA,NA,NA,NA,NA
20,50,sqrt,10,10000,dynamic,10,0,2,0.268834,yes,NA,NA,NA,NA,NA,NA,NA,NA
8,50,statespace,0,5000,dynamic,10,50,2,0.299849,no,NA,NA,NA,NA,NA,NA,NA,NA
20,50,hogwild,0,5000,guided,10,50,2,0.104313,no,NA,NA,NA,NA,NA,NA,NA,NA
20,50,sqrt,1000,5000,guided,10,50,2,0.151635,no,NA,NA,NA,NA,NA,NA,NA,NA
2,100,sqrt,0,10000,static,1,50,2,8.875872,no,NA,NA,NA,NA,NA,NA,NA,NA
8,10,sqrt,0,10000,guided,1,50,2,0.006727,yes,NA,NA,NA,NA,NA,NA,NA,NA
4,10,hogwild,0,5000,guided,1,50,2,0.003999,yes,NA,NA,NA,NA,NA,NA,NA,NA
40,10,sqrt,0,10000,static,1,50,2,0.017534,yes,NA,NA,NA,NA,NA,NA,NA,NA
2,100,hogwild,0,5000,guided,0,50,2,4.389171,no,NA,NA,NA,NA,NA,NA,NA,NA
16,50,sqrt,0,5000,static,10,0,2,0.112386,no,NA,NA,NA,NA,NA,NA,NA,NA
20,50,sqrt,10,10000,static,10,0,2,0.268242,yes,NA,NA,NA,NA,NA,NA,NA,NA
40,10,hogwild,0,10000,dynamic,1,50,2,0.007364,yes,NA,NA,NA,NA,NA,NA,NA,NA
16,10,statespace,0,10000,dynamic,10,50,2,0.006885,yes,NA,NA,NA,NA,NA,NA,NA,NA
16,10,hogwild,0,10000,dynamic,0,0,2,0.005578,yes,NA,NA,NA,NA,NA,NA,NA,NA
4,50,sqrt,10,5000,dynamic,10,50,2,1.638962,no,NA,NA,NA,NA,NA,NA,NA,NA
20,100,sqrt,0,10000,dynamic,0,0,2,0.229635,no,NA,NA,NA,NA,NA,NA,NA,NA
2,50,hogwild,0,10000,static,1,0,2,0.039855,yes,NA,NA,NA,NA,NA,NA,NA,NA
2,100,statespace,0,10000,static,1,0,2,0.139935,no,NA,NA,NA,NA,NA,NA,NA,NA
16,10,sqrt,1000,10000,dynamic,10,0,2,0.002325,yes,NA,NA,NA,NA,NA,NA,NA,NA
16,50,sqrt,1000,5000,guided,10,50,2,0.178812,no,NA,NA,NA,NA,NA,NA,NA,NA
4,100,hogwild,0,5000,dynamic,0,50,2,2.446752,no,NA,NA,NA,NA,NA,NA,NA,NA
16,50,statespace,0,10000,static,1,50,2,0.299250,no,NA,NA,NA,NA,NA,NA,NA,NA
20,100,sqrt,0,5000,static,0,50,2,0.639147,no,NA,NA,NA,NA,NA,NA,NA,NA
8,100,hogwild,0,10000,static,0,0,2,0.032163,no,NA,NA,NA,NA,NA,NA,NA,NA
2,100,sqrt,10,10000,static,1,50,2,8.883629,no,NA,NA,NA,NA,NA,NA,NA,NA
20,50,hogwild,0,10000,static,0,50,2,0.196401,no,NA,NA,NA,NA,NA,NA,NA,NA
40,10,sqrt,1000,5000,guided,10,50,2,0.003695,no,NA,NA,NA,NA,NA,NA,NA,NA
20,100,sqrt,0,5000,guided,1,0,2,0.123017,no,NA,NA,NA,NA,NA,NA,NA,NA
4,10,sqrt,1000,10000,guided,10,50,2,0.006223,yes,NA,NA,NA,NA,NA,NA,NA,NA
16,100,sqrt,1000,5000,guided,0,0,2,0.032023,no,NA,NA,NA,NA,NA,NA,NA,NA
2,10,sqrt,1000,5000,static,10,0,2,0.002498,yes,NA,NA,NA,NA,NA,NA,NA,NA
20,50,statespace,0,5000,static,10,0,2,0.016435,no,NA,NA,NA,NA,NA,NA,NA,NA
2,10,sqrt,1000,10000,static,1,50,2,0.010499,yes,NA,NA,NA,NA,NA,NA,NA,NA
8,10,sqrt,10,5000,dynamic,1,50,2,0.006960,yes,NA,NA,NA,NA,NA,NA,NA,NA
16,50,sqrt,0,5000,static,10,50,2,1.410031,no,NA,NA,NA,NA,NA,NA,NA,NA
2,50,sqrt,1000,5000,guided,10,50,2,0.703860,no,NA,NA,NA,NA,NA,NA,NA,NA
8,10,statespace,0,5000,dynamic,10,50,2,0.003729,yes,NA,NA,NA,NA,NA,NA,NA,NA
2,50,statespace,0,10000,static,10,50,2,1.314952,no,NA,NA,NA,NA,NA,NA,NA,NA
4,50,hogwild,0,5000,dynamic,0,0,2,0.014277,yes,NA,NA,NA,NA,NA,NA,NA,NA
20,50,sqrt,1000,5000,static,0,0,2,0.017021,no,NA,NA,NA,NA,NA,NA,NA,NA
20,100,statespace,0,10000,guided,1,0,2,0.044049,no,NA,NA,NA,NA,NA,NA,NA,NA
16,50,statespace,0,5000,static,1,0,2,0.016920,no,NA,NA,NA,NA,NA,NA,NA,NA
16,10,sqrt,0,5000,dynamic,10,0,2,0.011590,yes,NA,NA,NA,NA,NA,NA,NA,NA
16,50,sqrt,10,10000,dynamic,10,50,2,3.635730,no,NA,NA,NA,NA,NA,NA,NA,NA
2,10,statespace,0,10000,dynamic,1,0,2,0.005161,yes,NA,NA,NA,NA,NA,NA,NA,NA
40,100,hogwild,0,5000,static,1,50,2,0.473579,no,NA,NA,NA,NA,NA,NA,NA,NA
20,50,sqrt,0,5000,static,0,50,2,0.199047,no,NA,NA,NA,NA,NA,NA,NA,NA
40,10,hogwild,0,10000,static,0,50,2,0.007336,yes,NA,NA,NA,NA,NA,NA,NA,NA
4,50,sqrt,10,10000,static,0,0,2,0.070051,yes,NA,NA,NA,NA,NA,NA,NA,NA
4,100,statespace,0,5000,dynamic,1,50,2,2.406132,no,NA,NA,NA,NA,NA,NA,NA,NA
4,50,hogwild,0,10000,static,1,0,2,0.023135,yes,NA,NA,NA,NA,NA,NA,NA,NA
2,10,sqrt,0,10000,dynamic,1,50,2,0.011089,yes,NA,NA,NA,NA,NA,NA,NA,NA
20,10,sqrt,10,5000,static,10,0,2,0.024365,yes,NA,NA,NA,NA,NA,NA,NA,NA
4,10,sqrt,10,10000,static,10,0,2,0.015107,yes,NA,NA,NA,NA,NA,NA,NA,NA
20,50,sqrt,0,5000,guided,1,0,2,0.044720,no,NA,NA,NA,NA,NA,NA,NA,NA
20,100,hogwild,0,5000,static,1,50,2,0.622011,no,NA,NA,NA,NA,NA,NA,NA,NA
4,100,sqrt,10,10000,dynamic,0,0,2,0.237398,no,NA,NA,NA,NA,NA,NA,NA,NA
2,100,sqrt,10,10000,static,10,0,2,0.386441,yes,NA,NA,NA,NA,NA,NA,NA,NA
8,10,hogwild,0,5000,dynamic,10,50,2,0.002686,yes,NA,NA,NA,NA,NA,NA,NA,NA
20,10,sqrt,1000,5000,dynamic,0,50,2,0.003080,yes,NA,NA,NA,NA,NA,NA,NA,NA
16,50,sqrt,0,10000,dynamic,1,0,2,0.061189,no,NA,NA,NA,NA,NA,NA,NA,NA
8,10,statespace,0,5000,static,0,0,2,0.001784,yes,NA,NA,NA,NA,NA,NA,NA,NA
4,100,sqrt,10,10000,static,0,0,2,0.240888,yes,NA,NA,NA,NA,NA,NA,NA,NA
2,50,statespace,0,5000,guided,1,50,2,0.724979,no,NA,NA,NA,NA,NA,NA,NA,NA
4,100,statespace,0,5000,dynamic,0,50,2,2.398637,no,NA,NA,NA,NA,NA,NA,NA,NA
2,100,sqrt,1000,5000,guided,1,50,2,4.356208,no,NA,NA,NA,NA,NA,NA,NA,NA
8,50,hogwild,0,10000,guided,1,0,2,0.012572,yes,NA,NA,NA,NA,NA,NA,NA,NA
4,10,sqrt,0,5000,dynamic,1,50,2,0.004377,yes,NA,NA,NA,NA,NA,NA,NA,NA
16,100,hogwild,0,5000,dynamic,1,50,2,0.701775,no,NA,NA,NA,NA,NA,NA,NA,NA
4,10,hogwild,0,10000,guided,10,50,2,0.007356,yes,NA,NA,NA,NA,NA,NA,NA,NA
20,100,hogwild,0,5000,guided,1,50,2,0.607987,no,NA,NA,NA,NA,NA,NA,NA,NA
2,10,sqrt,1000,10000,static,10,0,2,0.004668,yes,NA,NA,NA,NA,NA,NA,NA,NA
20,100,sqrt,0,10000,guided,0,50,2,2.023609,no,NA,NA,NA,NA,NA,NA,NA,NA
8,50,statespace,0,10000,dynamic,1,0,2,0.025294,no,NA,NA,NA,NA,NA,NA,NA,NA
40,100,statespace,0,5000,guided,10,50,2,0.509260,no,NA,NA,NA,NA,NA,NA,NA,NA
40,100,hogwild,0,10000,dynamic,0,50,2,0.946463,no,NA,NA,NA,NA,NA,NA,NA,NA
8,100,statespace,0,5000,dynamic,10,0,2,0.038120,no,NA,NA,NA,NA,NA,NA,NA,NA
20,100,sqrt,0,5000,dynamic,1,0,2,0.124591,no,NA,NA,NA,NA,NA,NA,NA,NA
4,100,sqrt,10,5000,static,1,50,2,2.998962,no,NA,NA,NA,NA,NA,NA,NA,NA
8,100,sqrt,0,10000,static,1,0,2,0.116670,no,NA,NA,NA,NA,NA,NA,NA,NA
16,10,sqrt,1000,10000,guided,10,0,2,0.002319,yes,NA,NA,NA,NA,NA,NA,NA,NA
40,100,hogwild,0,5000,dynamic,1,50,2,0.473631,no,NA,NA,NA,NA,NA,NA,NA,NA
40,10,statespace,0,10000,guided,10,0,2,0.006867,yes,NA,NA,NA,NA,NA,NA,NA,NA
16,100,sqrt,0,10000,dynamic,1,0,2,0.169878,no,NA,NA,NA,NA,NA,NA,NA,NA
2,50,sqrt,1000,5000,static,1,50,2,0.734601,no,NA,NA,NA,NA,NA,NA,NA,NA
2,100,sqrt,0,10000,dynamic,10,0,2,0.161907,yes,NA,NA,NA,NA,NA,NA,NA,NA
4,100,sqrt,1000,10000,guided,1,0,2,0.106258,no,NA,NA,NA,NA,NA,NA,NA,NA
16,50,sqrt,10,10000,static,10,50,2,3.573361,no,NA,NA,NA,NA,NA,NA,NA,NA
20,100,sqrt,0,10000,dynamic,10,50,2,8.349903,no,NA,NA,NA,NA,NA,NA,NA,NA
16,10,hogwild,0,5000,static,0,0,2,0.003245,yes,NA,NA,NA,NA,NA,NA,NA,NA
8,10,sqrt,10,5000,guided,10,50,2,0.018166,yes,NA,NA,NA,NA,NA,NA,NA,NA
2,100,hogwild,0,10000,guided,10,0,2,0.109844,no,NA,NA,NA,NA,NA,NA,NA,NA
4,50,sqrt,10,5000,guided,0,0,2,0.042642,no,NA,NA,NA,NA,NA,NA,NA,NA
40,50,statespace,0,5000,static,0,0,2,0.020157,no,NA,NA,NA,NA,NA,NA,NA,NA
4,10,hogwild,0,10000,static,10,0,2,0.004118,yes,NA,NA,NA,NA,NA,NA,NA,NA
4,50,sqrt,10,5000,guided,10,0,2,0.092467,yes,NA,NA,NA,NA,NA,NA,NA,NA
4,10,sqrt,10,10000,guided,0,0,2,0.008150,yes,NA,NA,NA,NA,NA,NA,NA,NA
40,100,sqrt,0,10000,guided,1,50,2,1.136638,no,NA,NA,NA,NA,NA,NA,NA,NA
16,10,sqrt,0,5000,guided,10,0,2,0.011185,yes,NA,NA,NA,NA,NA,NA,NA,NA
8,100,sqrt,0,5000,guided,0,50,2,1.642220,no,NA,NA,NA,NA,NA,NA,NA,NA
40,50,statespace,0,10000,static,10,50,2,0.285111,no,NA,NA,NA,NA,NA,NA,NA,NA
16,10,statespace,0,10000,static,1,0,2,0.004348,yes,NA,NA,NA,NA,NA,NA,NA,NA
40,100,hogwild,0,5000,static,0,50,2,0.473098,no,NA,NA,NA,NA,NA,NA,NA,NA
8,100,sqrt,1000,10000,static,0,50,2,2.610389,no,NA,NA,NA,NA,NA,NA,NA,NA
2,10,statespace,0,10000,static,0,0,2,0.005099,yes,NA,NA,NA,NA,NA,NA,NA,NA
20,100,sqrt,1000,10000,guided,1,0,2,0.047889,no,NA,NA,NA,NA,NA,NA,NA,NA
4,50,sqrt,10,5000,static,10,0,2,0.093278,yes,NA,NA,NA,NA,NA,NA,NA,NA
8,100,hogwild,0,5000,static,10,0,2,0.022402,yes,NA,NA,NA,NA,NA,NA,NA,NA
40,100,sqrt,0,10000,guided,0,50,2,1.136046,no,NA,NA,NA,NA,NA,NA,NA,NA
4,10,sqrt,10,5000,dynamic,10,0,2,0.008164,yes,NA,NA,NA,NA,NA,NA,NA,NA
2,100,sqrt,0,10000,guided,1,0,2,0.145278,yes,NA,NA,NA,NA,NA,NA,NA,NA
20,100,hogwild,0,5000,guided,10,50,2,0.582656,no,NA,NA,NA,NA,NA,NA,NA,NA
20,100,hogwild,0,5000,guided,0,0,2,0.012698,yes,NA,NA,NA,NA,NA,NA,NA,NA
2,10,sqrt,1000,10000,static,1,0,2,0.004827,yes,NA,NA,NA,NA,NA,NA,NA,NA
40,100,sqrt,0,5000,static,10,0,2,0.192419,no,NA,NA,NA,NA,NA,NA,NA,NA
4,10,sqrt,10,5000,guided,1,50,2,0.007239,yes,NA,NA,NA,NA,NA,NA,NA,NA
20,10,hogwild,0,10000,dynamic,0,0,2,0.006362,yes,NA,NA,NA,NA,NA,NA,NA,NA
4,100,sqrt,1000,5000,static,0,0,2,0.062172,no,NA,NA,NA,NA,NA,NA,NA,NA
20,100,sqrt,1000,10000,dynamic,10,0,2,0.047774,no,NA,NA,NA,NA,NA,NA,NA,NA
8,100,statespace,0,10000,static,0,50,2,2.522691,no,NA,NA,NA,NA,NA,NA,NA,NA
4,10,hogwild,0,5000,guided,0,50,2,0.003956,yes,NA,NA,NA,NA,NA,NA,NA,NA
40,10,sqrt,1000,10000,static,10,50,2,0.005045,yes,NA,NA,NA,NA,NA,NA,NA,NA
16,10,sqrt,1000,10000,static,1,50,2,0.006191,yes,NA,NA,NA,NA,NA,NA,NA,NA
40,10,hogwild,0,10000,dynamic,0,50,2,0.009861,yes,NA,NA,NA,NA,NA,NA,NA,NA
4,100,sqrt,0,10000,dynamic,10,50,2,7.421723,no,NA,NA,NA,NA,NA,NA,NA,NA
16,10,statespace,0,10000,dynamic,1,0,2,0.005222,yes,NA,NA,NA,NA,NA,NA,NA,NA
4,10,hogwild,0,10000,static,0,0,2,0.003962,yes,NA,NA,NA,NA,NA,NA,NA,NA
2,10,sqrt,0,10000,guided,0,0,2,0.005276,yes,NA,NA,NA,NA,NA,NA,NA,NA
40,10,sqrt,0,10000,static,1,0,2,0.011917,yes,NA,NA,NA,NA,NA,NA,NA,NA
8,10,hogwild,0,10000,dynamic,0,0,2,0.003102,yes,NA,NA,NA,NA,NA,NA,NA,NA
16,10,statespace,0,5000,guided,10,0,2,0.003345,yes,NA,NA,NA,NA,NA,NA,NA,NA
40,10,sqrt,0,5000,dynamic,1,0,2,0.008415,yes,NA,NA,NA,NA,NA,NA,NA,NA
16,50,statespace,0,5000,dynamic,10,0,2,0.017588,no,NA,NA,NA,NA,NA,NA,NA,NA
20,100,sqrt,10,5000,static,10,0,2,0.440341,no,NA,NA,NA,NA,NA,NA,NA,NA
4,50,sqrt,0,10000,guided,10,50,2,0.976883,no,NA,NA,NA,NA,NA,NA,NA,NA
16,100,statespace,0,5000,static,10,50,2,0.666186,no,NA,NA,NA,NA,NA,NA,NA,NA
40,50,hogwild,0,5000,dynamic,1,0,2,0.005628,yes,NA,NA,NA,NA,NA,NA,NA,NA
4,100,sqrt,0,5000,guided,0,0,2,0.081107,no,NA,NA,NA,NA,NA,NA,NA,NA
4,10,sqrt,10,5000,static,0,0,2,0.004457,yes,NA,NA,NA,NA,NA,NA,NA,NA
20,100,sqrt,1000,5000,dynamic,10,50,2,0.558269,no,NA,NA,NA,NA,NA,NA,NA,NA
16,50,sqrt,1000,5000,dynamic,10,50,2,0.184289,no,NA,NA,NA,NA,NA,NA,NA,NA
4,10,sqrt,1000,5000,guided,10,0,2,0.001681,yes,NA,NA,NA,NA,NA,NA,NA,NA
2,10,statespace,0,10000,guided,10,0,2,0.005129,yes,NA,NA,NA,NA,NA,NA,NA,NA
4,50,hogwild,0,5000,static,10,0,2,0.013693,yes,NA,NA,NA,NA,NA,NA,NA,NA
2,100,sqrt,10,10000,dynamic,1,0,2,0.267655,yes,NA,NA,NA,NA,NA,NA,NA,NA
16,50,statespace,0,5000,dynamic,0,50,2,0.172692,no,NA,NA,NA,NA,NA,NA,NA,NA
20,50,sqrt,1000,5000,guided,1,50,2,0.160898,no,NA,NA,NA,NA,NA,NA,NA,NA
20,100,hogwild,0,5000,guided,10,0,2,0.014168,yes,NA,NA,NA,NA,NA,NA,NA,NA
16,50,hogwild,0,10000,static,1,0,2,0.011573,yes,NA,NA,NA,NA,NA,NA,NA,NA
40,10,statespace,0,10000,static,0,50,2,0.146599,yes,NA,NA,NA,NA,NA,NA,NA,NA
2,100,hogwild,0,5000,static,10,0,2,0.073131,yes,NA,NA,NA,NA,NA,NA,NA,NA
40,100,sqrt,1000,10000,guided,10,0,2,0.253440,no,NA,NA,NA,NA,NA,NA,NA,NA
8,10,sqrt,10,5000,guided,1,50,2,0.007674,yes,NA,NA,NA,NA,NA,NA,NA,NA
40,100,sqrt,0,10000,guided,0,0,2,0.359021,no,NA,NA,NA,NA,NA,NA,NA,NA
8,50,sqrt,1000,10000,guided,1,0,2,0.024405,yes,NA,NA,NA,NA,NA,NA,NA,NA
20,10,sqrt,10,5000,static,1,50,2,0.017476,yes,NA,NA,NA,NA,NA,NA,NA,NA
40,100,statespace,0,10000,dynamic,0,50,2,0.958139,no,NA,NA,NA,NA,NA,NA,NA,NA
16,100,sqrt,0,5000,static,1,50,2,1.292691,no,NA,NA,NA,NA,NA,NA,NA,NA
2,100,sqrt,10,5000,static,0,0,2,0.163052,no,NA,NA,NA,NA,NA,NA,NA,NA
4,100,sqrt,10,10000,guided,10,50,2,17.843845,no,NA,NA,NA,NA,NA,NA,NA,NA
40,100,sqrt,10,5000,dynamic,1,0,2,0.368889,no,NA,NA,NA,NA,NA,NA,NA,NA
4,50,sqrt,1000,10000,guided,10,50,2,0.781440,no,NA,NA,NA,NA,NA,NA,NA,NA
8,10,sqrt,10,10000,guided,0,50,2,0.013705,yes,NA,NA,NA,NA,NA,NA,NA,NA
16,50,sqrt,10,10000,static,0,0,2,0.118488,yes,NA,NA,NA,NA,NA,NA,NA,NA
16,100,hogwild,0,10000,dynamic,1,0,2,0.021622,yes,NA,NA,NA,NA,NA,NA,NA,NA
20,10,sqrt,10,10000,guided,1,50,2,0.033821,yes,NA,NA,NA,NA,NA,NA,NA,NA
40,10,sqrt,0,5000,dynamic,0,0,2,0.006350,no,NA,NA,NA,NA,NA,NA,NA,NA
20,10,hogwild,0,10000,dynamic,1,50,2,0.006917,yes,NA,NA,NA,NA,NA,NA,NA,NA
8,100,sqrt,10,10000,static,0,50,2,4.190886,no,NA,NA,NA,NA,NA,NA,NA,NA
20,50,sqrt,0,10000,static,1,0,2,0.080363,no,NA,NA,NA,NA,NA,NA,NA,NA
4,100,sqrt,10,10000,dynamic,10,50,2,17.773868,no,NA,NA,NA,NA,NA,NA,NA,NA
2,50,sqrt,10,10000,dynamic,10,50,2,2.619547,no,NA,NA,NA,NA,NA,NA,NA,NA
4,50,hogwild,0,10000,dynamic,1,0,2,0.023260,yes,NA,NA,NA,NA,NA,NA,NA,NA
40,10,statespace,0,10000,guided,0,0,2,0.008369,yes,NA,NA,NA,NA,NA,NA,NA,NA
2,100,hogwild,0,5000,guided,1,0,2,0.073201,no,NA,NA,NA,NA,NA,NA,NA,NA
40,100,sqrt,0,10000,dynamic,0,50,2,1.139075,no,NA,NA,NA,NA,NA,NA,NA,NA
2,100,statespace,0,5000,dynamic,1,50,2,4.341377,no,NA,NA,NA,NA,NA,NA,NA,NA
20,10,sqrt,1000,10000,dynamic,0,0,2,0.002946,yes,NA,NA,NA,NA,NA,NA,NA,NA
8,50,sqrt,1000,5000,dynamic,0,50,2,0.283157,no,NA,NA,NA,NA,NA,NA,NA,NA
8,50,statespace,0,10000,static,0,0,2,0.026471,yes,NA,NA,NA,NA,NA,NA,NA,NA
16,50,sqrt,0,10000,guided,10,0,2,0.130476,no,NA,NA,NA,NA,NA,NA,NA,NA
20,100,hogwild,0,10000,guided,0,50,2,1.257715,no,NA,NA,NA,NA,NA,NA,NA,NA
2,50,sqrt,10,10000,guided,1,50,2,1.413326,no,NA,NA,NA,NA,NA,NA,NA,NA
4,10,sqrt,0,10000,guided,1,0,2,0.004137,yes,NA,NA,NA,NA,NA,NA,NA,NA
2,50,sqrt,0,5000,guided,0,50,2,0.719632,no,NA,NA,NA,NA,NA,NA,NA,NA
2,50,sqrt,1000,5000,static,0,50,2,0.732209,no,NA,NA,NA,NA,NA,NA,NA,NA
4,100,hogwild,0,10000,guided,0,0,2,0.062937,yes,NA,NA,NA,NA,NA,NA,NA,NA
40,10,sqrt,0,5000,static,0,50,2,0.010450,no,NA,NA,NA,NA,NA,NA,NA,NA
16,10,sqrt,0,5000,guided,0,0,2,0.012996,yes,NA,NA,NA,NA,NA,NA,NA,NA
4,100,sqrt,10,5000,dynamic,1,50,2,2.977926,no,NA,NA,NA,NA,NA,NA,NA,NA
40,100,sqrt,1000,5000,static,10,0,2,0.154535,no,NA,NA,NA,NA,NA,NA,NA,NA
2,10,hogwild,0,10000,static,1,50,2,0.012572,yes,NA,NA,NA,NA,NA,NA,NA,NA
20,10,sqrt,1000,10000,static,1,50,2,0.004888,yes,NA,NA,NA,NA,NA,NA,NA,NA
40,50,sqrt,0,5000,dynamic,10,0,2,0.084767,no,NA,NA,NA,NA,NA,NA,NA,NA
8,50,sqrt,0,10000,guided,10,50,2,1.125540,no,NA,NA,NA,NA,NA,NA,NA,NA
2,10,sqrt,0,5000,static,1,50,2,0.006168,yes,NA,NA,NA,NA,NA,NA,NA,NA
8,10,statespace,0,10000,dynamic,10,0,2,0.003457,yes,NA,NA,NA,NA,NA,NA,NA,NA
8,100,statespace,0,5000,static,1,50,2,1.263599,no,NA,NA,NA,NA,NA,NA,NA,NA
4,100,statespace,0,5000,guided,0,0,2,0.061719,no,NA,NA,NA,NA,NA,NA,NA,NA
2,10,hogwild,0,5000,static,0,0,2,0.003107,yes,NA,NA,NA,NA,NA,NA,NA,NA
20,50,sqrt,10,5000,guided,0,50,2,0.333663,no,NA,NA,NA,NA,NA,NA,NA,NA
8,10,statespace,0,10000,dynamic,10,50,2,0.006257,yes,NA,NA,NA,NA,NA,NA,NA,NA
4,50,sqrt,1000,5000,static,0,50,2,0.461172,no,NA,NA,NA,NA,NA,NA,NA,NA
40,50,hogwild,0,5000,dynamic,0,50,2,0.076796,no,NA,NA,NA,NA,NA,NA,NA,NA
40,50,statespace,0,10000,dynamic,0,0,2,0.025585,no,NA,NA,NA,NA,NA,NA,NA,NA
40,10,sqrt,10,10000,static,10,50,2,0.063451,yes,NA,NA,NA,NA,NA,NA,NA,NA
20,50,sqrt,10,10000,dynamic,1,50,2,0.631788,no,NA,NA,NA,NA,NA,NA,NA,NA
2,10,statespace,0,10000,dynamic,0,0,2,0.005223,yes,NA,NA,NA,NA,NA,NA,NA,NA
20,50,sqrt,1000,5000,static,0,50,2,0.138471,no,NA,NA,NA,NA,NA,NA,NA,NA
4,10,sqrt,0,5000,guided,0,0,2,0.002438,yes,NA,NA,NA,NA,NA,NA,NA,NA
8,10,statespace,0,5000,guided,1,50,2,0.002965,yes,NA,NA,NA,NA,NA,NA,NA,NA
2,10,sqrt,0,10000,static,1,0,2,0.005530,yes,NA,NA,NA,NA,NA,NA,NA,NA
4,50,hogwild,0,10000,static,0,50,2,0.730664,no,NA,NA,NA,NA,NA,NA,NA,NA
40,50,sqrt,10,10000,dynamic,10,50,2,4.374845,no,NA,NA,NA,NA,NA,NA,NA,NA
20,100,hogwild,0,5000,static,0,50,2,0.611759,no,NA,NA,NA,NA,NA,NA,NA,NA
8,50,sqrt,1000,10000,static,0,50,2,0.479123,no,NA,NA,NA,NA,NA,NA,NA,NA
4,10,statespace,0,10000,static,1,0,2,0.003575,yes,NA,NA,NA,NA,NA,NA,NA,NA
20,50,sqrt,1000,10000,guided,0,50,2,0.248583,no,NA,NA,NA,NA,NA,NA,NA,NA
8,50,hogwild,0,10000,dynamic,1,0,2,0.012685,yes,NA,NA,NA,NA,NA,NA,NA,NA
40,100,sqrt,1000,10000,guided,1,0,2,0.061727,no,NA,NA,NA,NA,NA,NA,NA,NA
4,10,sqrt,10,10000,static,0,0,2,0.008342,yes,NA,NA,NA,NA,NA,NA,NA,NA
2,50,sqrt,0,5000,static,10,50,2,0.829665,no,NA,NA,NA,NA,NA,NA,NA,NA
20,100,statespace,0,5000,static,10,0,2,0.032868,no,NA,NA,NA,NA,NA,NA,NA,NA
16,100,sqrt,0,10000,static,10,0,2,0.317410,no,NA,NA,NA,NA,NA,NA,NA,NA
4,100,sqrt,1000,5000,static,1,0,2,0.062214,no,NA,NA,NA,NA,NA,NA,NA,NA
8,10,statespace,0,10000,guided,10,0,2,0.003253,yes,NA,NA,NA,NA,NA,NA,NA,NA
2,50,statespace,0,10000,guided,1,50,2,1.312183,no,NA,NA,NA,NA,NA,NA,NA,NA
16,100,sqrt,0,5000,dynamic,10,0,2,0.237583,no,NA,NA,NA,NA,NA,NA,NA,NA
8,50,sqrt,0,10000,guided,1,0,2,0.036475,yes,NA,NA,NA,NA,NA,NA,NA,NA
8,10,sqrt,0,10000,guided,1,0,2,0.004206,yes,NA,NA,NA,NA,NA,NA,NA,NA
2,100,sqrt,0,5000,static,1,0,2,0.106052,yes,NA,NA,NA,NA,NA,NA,NA,NA
8,100,sqrt,1000,5000,dynamic,10,0,2,0.039718,no,NA,NA,NA,NA,NA,NA,NA,NA
2,10,sqrt,1000,10000,static,0,50,2,0.010370,yes,NA,NA,NA,NA,NA,NA,NA,NA
8,100,sqrt,1000,10000,static,10,50,2,2.660695,no,NA,NA,NA,NA,NA,NA,NA,NA
20,100,statespace,0,10000,static,0,50,2,1.043360,no,NA,NA,NA,NA,NA,NA,NA,NA
20,100,hogwild,0,10000,dynamic,10,0,2,0.018337,yes,NA,NA,NA,NA,NA,NA,NA,NA
8,100,sqrt,0,10000,guided,10,0,2,0.183072,no,NA,NA,NA,NA,NA,NA,NA,NA
8,100,statespace,0,5000,dynamic,10,50,2,1.265310,no,NA,NA,NA,NA,NA,NA,NA,NA
16,50,hogwild,0,5000,dynamic,10,0,2,0.008626,yes,NA,NA,NA,NA,NA,NA,NA,NA
8,10,sqrt,0,10000,dynamic,10,50,2,0.010877,yes,NA,NA,NA,NA,NA,NA,NA,NA
20,50,sqrt,0,10000,guided,10,50,2,2.001319,no,NA,NA,NA,NA,NA,NA,NA,NA
40,50,sqrt,10,5000,dynamic,0,50,2,0.567255,no,NA,NA,NA,NA,NA,NA,NA,NA
16,50,hogwild,0,5000,guided,0,50,2,0.124681,no,NA,NA,NA,NA,NA,NA,NA,NA
4,50,statespace,0,5000,static,10,50,2,0.468045,no,NA,NA,NA,NA,NA,NA,NA,NA
20,10,statespace,0,5000,static,0,50,2,0.004642,yes,NA,NA,NA,NA,NA,NA,NA,NA
40,50,sqrt,10,10000,static,10,50,2,4.406586,no,NA,NA,NA,NA,NA,NA,NA,NA
20,50,sqrt,10,5000,guided,1,0,2,0.078431,no,NA,NA,NA,NA,NA,NA,NA,NA
16,100,hogwild,0,5000,static,0,50,2,0.744057,no,NA,NA,NA,NA,NA,NA,NA,NA
20,100,sqrt,10,5000,guided,0,50,2,1.582953,no,NA,NA,NA,NA,NA,NA,NA,NA
20,50,hogwild,0,10000,guided,10,50,2,0.198582,no,NA,NA,NA,NA,NA,NA,NA,NA
40,100,hogwild,0,10000,static,1,0,2,0.020779,yes,NA,NA,NA,NA,NA,NA,NA,NA
16,50,sqrt,10,10000,guided,10,0,2,0.257226,yes,NA,NA,NA,NA,NA,NA,NA,NA
8,100,statespace,0,5000,static,0,50,2,1.261399,no,NA,NA,NA,NA,NA,NA,NA,NA
2,50,hogwild,0,5000,static,0,0,2,0.024085,yes,NA,NA,NA,NA,NA,NA,NA,NA
40,100,hogwild,0,5000,static,0,0,2,0.011214,yes,NA,NA,NA,NA,NA,NA,NA,NA
2,100,hogwild,0,10000,dynamic,0,0,2,0.107684,yes,NA,NA,NA,NA,NA,NA,NA,NA
20,10,hogwild,0,10000,guided,10,0,2,0.006671,yes,NA,NA,NA,NA,NA,NA,NA,NA
16,10,sqrt,0,10000,static,1,50,2,0.015014,yes,NA,NA,NA,NA,NA,NA,NA,NA
16,10,sqrt,1000,5000,guided,1,0,2,0.001749,yes,NA,NA,NA,NA,NA,NA,NA,NA
2,10,hogwild,0,10000,dynamic,0,0,2,0.005824,yes,NA,NA,NA,NA,NA,NA,NA,NA
2,10,sqrt,10,10000,static,1,0,2,0.009065,yes,NA,NA,NA,NA,NA,NA,NA,NA
2,10,sqrt,1000,5000,guided,0,0,2,0.002456,yes,NA,NA,NA,NA,NA,NA,NA,NA
20,10,sqrt,10,10000,dynamic,10,0,2,0.041170,yes,NA,NA,NA,NA,NA,NA,NA,NA
40,10,sqrt,0,5000,static,1,0,2,0.006359,yes,NA,NA,NA,NA,NA,NA,NA,NA
2,10,sqrt,0,5000,static,1,0,2,0.002917,yes,NA,NA,NA,NA,NA,NA,NA,NA
2,50,statespace,0,5000,guided,10,50,2,0.724540,no,NA,NA,NA,NA,NA,NA,NA,NA
20,50,hogwild,0,10000,dynamic,0,50,2,0.189910,no,NA,NA,NA,NA,NA,NA,NA,NA
2,100,sqrt,10,5000,dynamic,10,50,2,8.774102,no,NA,NA,NA,NA,NA,NA,NA,NA
40,50,sqrt,0,5000,static,0,50,2,0.162187,no,NA,NA,NA,NA,NA,NA,NA,NA
2,50,sqrt,1000,10000,static,0,50,2,1.324346,no,NA,NA,NA,NA,NA,NA,NA,NA
40,100,sqrt,0,5000,guided,10,50,2,4.072217,no,NA,NA,NA,NA,NA,NA,NA,NA
16,50,sqrt,0,10000,guided,0,50,2,0.438940,no,NA,NA,NA,NA,NA,NA,NA,NA
40,10,sqrt,1000,10000,guided,1,0,2,0.003346,yes,NA,NA,NA,NA,NA,NA,NA,NA
40,10,sqrt,1000,5000,static,0,50,2,0.003626,no,NA,NA,NA,NA,NA,NA,NA,NA
20,100,hogwild,0,10000,static,1,50,2,1.288063,no,NA,NA,NA,NA,NA,NA,NA,NA
8,10,sqrt,0,10000,dynamic,1,50,2,0.006415,yes,NA,NA,NA,NA,NA,NA,NA,NA
8,50,statespace,0,10000,dynamic,1,50,2,0.462117,no,NA,NA,NA,NA,NA,NA,NA,NA
8,10,hogwild,0,10000,dynamic,1,0,2,0.003162,yes,NA,NA,NA,NA,NA,NA,NA,NA
2,100,statespace,0,10000,guided,10,50,2,8.756758,no,NA,NA,NA,NA,NA,NA,NA,NA
16,100,statespace,0,5000,dynamic,1,50,2,0.634619,no,NA,NA,NA,NA,NA,NA,NA,NA
16,10,sqrt,0,10000,guided,10,50,2,0.022479,yes,NA,NA,NA,NA,NA,NA,NA,NA
40,50,hogwild,0,5000,guided,10,0,2,0.008118,yes,NA,NA,NA,NA,NA,NA,NA,NA
2,50,statespace,0,10000,dynamic,0,0,2,0.041764,yes,NA,NA,NA,NA,NA,NA,NA,NA
20,100,sqrt,10,10000,dynamic,10,50,2,18.157542,no,NA,NA,NA,NA,NA,NA,NA,NA
2,10,hogwild,0,10000,guided,10,50,2,0.012522,yes,NA,NA,NA,NA,NA,NA,NA,NA
2,50,sqrt,0,5000,dynamic,0,0,2,0.031728,yes,NA,NA,NA,NA,NA,NA,NA,NA
40,10,hogwild,0,5000,guided,1,50,2,0.004856,yes,NA,NA,NA,NA,NA,NA,NA,NA
4,50,sqrt,0,5000,dynamic,1,50,2,0.465446,no,NA,NA,NA,NA,NA,NA,NA,NA
2,10,statespace,0,10000,static,1,0,2,0.005162,yes,NA,NA,NA,NA,NA,NA,NA,NA
2,100,sqrt,0,10000,static,1,0,2,0.147857,yes,NA,NA,NA,NA,NA,NA,NA,NA
16,50,sqrt,0,10000,dynamic,1,50,2,0.403701,no,NA,NA,NA,NA,NA,NA,NA,NA
16,10,statespace,0,10000,dynamic,10,0,2,0.004879,yes,NA,NA,NA,NA,NA,NA,NA,NA
2,50,sqrt,0,10000,dynamic,10,0,2,0.049323,yes,NA,NA,NA,NA,NA,NA,NA,NA
2,10,sqrt,1000,5000,guided,1,50,2,0.005396,yes,NA,NA,NA,NA,NA,NA,NA,NA
40,10,sqrt,0,10000,dynamic,10,0,2,0.012972,yes,NA,NA,NA,NA,NA,NA,NA,NA
2,10,statespace,0,10000,dynamic,1,50,2,0.010732,yes,NA,NA,NA,NA,NA,NA,NA,NA
40,10,sqrt,0,5000,guided,10,50,2,0.014435,no,NA,NA,NA,NA,NA,NA,NA,NA
40,50,sqrt,1000,5000,dynamic,1,0,2,0.019665,no,NA,NA,NA,NA,NA,NA,NA,NA
2,10,statespace,0,5000,guided,1,50,2,0.005674,yes,NA,NA,NA,NA,NA,NA,NA,NA
40,50,hogwild,0,10000,dynamic,1,50,2,0.142748,no,NA,NA,NA,NA,NA,NA,NA,NA
20,50,sqrt,0,10000,dynamic,10,0,2,0.163711,no,NA,NA,NA,NA,NA,NA,NA,NA
16,10,statespace,0,5000,dynamic,0,50,2,0.003754,yes,NA,NA,NA,NA,NA,NA,NA,NA
4,50,sqrt,10,10000,guided,1,0,2,0.070600,yes,NA,NA,NA,NA,NA,NA,NA,NA
16,100,hogwild,0,10000,dynamic,10,0,2,0.021946,yes,NA,NA,NA,NA,NA,NA,NA,NA
2,100,hogwild,0,10000,static,1,0,2,0.108935,yes,NA,NA,NA,NA,NA,NA,NA,NA
8,50,sqrt,10,5000,static,0,50,2,0.472460,no,NA,NA,NA,NA,NA,NA,NA,NA
8,50,sqrt,0,5000,static,0,0,2,0.030262,no,NA,NA,NA,NA,NA,NA,NA,NA
4,50,statespace,0,10000,guided,0,50,2,0.794617,no,NA,NA,NA,NA,NA,NA,NA,NA
8,100,statespace,0,10000,guided,0,0,2,0.067762,no,NA,NA,NA,NA,NA,NA,NA,NA
20,100,hogwild,0,10000,guided,10,50,2,1.228903,no,NA,NA,NA,NA,NA,NA,NA,NA
4,50,sqrt,0,10000,static,1,0,2,0.037299,yes,NA,NA,NA,NA,NA,NA,NA,NA
20,10,sqrt,0,5000,guided,10,50,2,0.017928,yes,NA,NA,NA,NA,NA,NA,NA,NA
40,10,sqrt,0,10000,dynamic,0,0,2,0.010206,yes,NA,NA,NA,NA,NA,NA,NA,NA
4,10,sqrt,0,5000,static,1,0,2,0.002548,yes,NA,NA,NA,NA,NA,NA,NA,NA
8,10,sqrt,0,10000,guided,10,0,2,0.005727,yes,NA,NA,NA,NA,NA,NA,NA,NA
4,50,sqrt,10,10000,guided,0,50,2,1.035554,no,NA,NA,NA,NA,NA,NA,NA,NA
20,10,sqrt,10,10000,static,10,50,2,0.061222,yes,NA,NA,NA,NA,NA,NA,NA,NA
20,10,sqrt,1000,10000,dynamic,1,50,2,0.003428,yes,NA,NA,NA,NA,NA,NA,NA,NA
4,50,sqrt,0,10000,static,10,50,2,1.191265,no,NA,NA,NA,NA,NA,NA,NA,NA
2,10,statespace,0,5000,dynamic,0,0,2,0.002723,yes,NA,NA,NA,NA,NA,NA,NA,NA
20,100,sqrt,1000,10000,static,0,50,2,1.139770,no,NA,NA,NA,NA,NA,NA,NA,NA
4,100,statespace,0,10000,static,10,50,2,4.826039,no,NA,NA,NA,NA,NA,NA,NA,NA
2,50,sqrt,0,10000,static,0,0,2,0.046398,yes,NA,NA,NA,NA,NA,NA,NA,NA
20,50,sqrt,1000,5000,dynamic,0,0,2,0.016328,no,NA,NA,NA,NA,NA,NA,NA,NA
4,10,sqrt,0,10000,dynamic,0,0,2,0.005375,yes,NA,NA,NA,NA,NA,NA,NA,NA
2,100,sqrt,0,5000,guided,0,50,2,4.401089,no,NA,NA,NA,NA,NA,NA,NA,NA
16,50,statespace,0,5000,dynamic,0,0,2,0.017127,no,NA,NA,NA,NA,NA,NA,NA,NA
4,50,statespace,0,10000,static,1,0,2,0.032231,yes,NA,NA,NA,NA,NA,NA,NA,NA
2,100,sqrt,10,5000,static,1,0,2,0.162613,no,NA,NA,NA,NA,NA,NA,NA,NA
2,50,sqrt,10,5000,guided,0,50,2,0.750878,no,NA,NA,NA,NA,NA,NA,NA,NA
20,10,sqrt,10,10000,static,0,0,2,0.040002,yes,NA,NA,NA,NA,NA,NA,NA,NA
16,10,sqrt,10,10000,guided,10,0,2,0.037903,yes,NA,NA,NA,NA,NA,NA,NA,NA
2,100,hogwild,0,10000,static,0,0,2,0.106981,yes,NA,NA,NA,NA,NA,NA,NA,NA
8,50,sqrt,10,5000,guided,10,50,2,1.958329,no,NA,NA,NA,NA,NA,NA,NA,NA
40,10,sqrt,0,5000,guided,0,50,2,0.011227,no,NA,NA,NA,NA,NA,NA,NA,NA
2,10,statespace,0,5000,guided,0,50,2,0.005725,no,NA,NA,NA,NA,NA,NA,NA,NA
20,50,sqrt,1000,10000,guided,10,0,2,0.022563,no,NA,NA,NA,NA,NA,NA,NA,NA
4,100,sqrt,0,10000,static,10,50,2,7.430939,no,NA,NA,NA,NA,NA,NA,NA,NA
8,50,hogwild,0,10000,static,1,0,2,0.012797,yes,NA,NA,NA,NA,NA,NA,NA,NA
20,10,sqrt,0,10000,guided,10,0,2,0.021894,yes,NA,NA,NA,NA,NA,NA,NA,NA
16,10,statespace,0,5000,guided,0,50,2,0.004153,yes,NA,NA,NA,NA,NA,NA,NA,NA
8,10,sqrt,0,10000,static,10,50,2,0.012524,yes,NA,NA,NA,NA,NA,NA,NA,NA
2,100,statespace,0,5000,static,0,0,2,0.099356,no,NA,NA,NA,NA,NA,NA,NA,NA
4,50,statespace,0,10000,guided,1,50,2,0.787134,no,NA,NA,NA,NA,NA,NA,NA,NA
2,50,sqrt,1000,5000,guided,10,0,2,0.028765,yes,NA,NA,NA,NA,NA,NA,NA,NA
16,100,sqrt,1000,10000,guided,0,50,2,1.307328,no,NA,NA,NA,NA,NA,NA,NA,NA
4,10,sqrt,0,10000,dynamic,0,50,2,0.007447,yes,NA,NA,NA,NA,NA,NA,NA,NA
8,10,hogwild,0,5000,guided,1,0,2,0.001869,yes,NA,NA,NA,NA,NA,NA,NA,NA
40,10,sqrt,10,5000,static,0,0,2,0.016543,yes,NA,NA,NA,NA,NA,NA,NA,NA
2,100,sqrt,10,5000,static,1,50,2,4.473764,no,NA,NA,NA,NA,NA,NA,NA,NA
8,10,sqrt,0,10000,dynamic,1,0,2,0.004112,yes,NA,NA,NA,NA,NA,NA,NA,NA
8,50,hogwild,0,5000,static,0,50,2,0.241778,no,NA,NA,NA,NA,NA,NA,NA,NA
8,50,statespace,0,10000,guided,1,50,2,0.476316,no,NA,NA,NA,NA,NA,NA,NA,NA
4,10,statespace,0,10000,guided,10,0,2,0.003716,yes,NA,NA,NA,NA,NA,NA,NA,NA
20,50,sqrt,10,10000,guided,0,50,2,0.631634,no,NA,NA,NA,NA,NA,NA,NA,NA
40,10,hogwild,0,10000,dynamic,10,0,2,0.005633,yes,NA,NA,NA,NA,NA,NA,NA,NA
40,50,sqrt,1000,5000,static,0,50,2,0.135977,no,NA,NA,NA,NA,NA,NA,NA,NA
40,50,sqrt,0,10000,dynamic,1,50,2,0.301413,no,NA,NA,NA,NA,NA,NA,NA,NA
16,50,hogwild,0,10000,dynamic,10,0,2,0.009824,yes,NA,NA,NA,NA,NA,NA,NA,NA
8,100,sqrt,1000,5000,dynamic,0,50,2,1.262379,no,NA,NA,NA,NA,NA,NA,NA,NA
20,10,statespace,0,10000,dynamic,10,0,2,0.006498,yes,NA,NA,NA,NA,NA,NA,NA,NA
4,10,sqrt,1000,10000,dynamic,1,0,2,0.002934,yes,NA,NA,NA,NA,NA,NA,NA,NA
20,50,sqrt,0,5000,guided,0,50,2,0.172793,no,NA,NA,NA,NA,NA,NA,NA,NA
8,50,sqrt,10,10000,static,0,0,2,0.077555,yes,NA,NA,NA,NA,NA,NA,NA,NA
2,50,sqrt,10,5000,static,1,50,2,0.777090,no,NA,NA,NA,NA,NA,NA,NA,NA
2,100,sqrt,10,10000,guided,1,0,2,0.266010,yes,NA,NA,NA,NA,NA,NA,NA,NA
16,50,sqrt,10,5000,static,1,50,2,0.314766,no,NA,NA,NA,NA,NA,NA,NA,NA
40,50,sqrt,1000,5000,static,10,50,2,0.164072,no,NA,NA,NA,NA,NA,NA,NA,NA
4,10,sqrt,1000,10000,static,0,0,2,0.002915,yes,NA,NA,NA,NA,NA,NA,NA,NA
4,50,sqrt,0,10000,guided,0,0,2,0.037005,yes,NA,NA,NA,NA,NA,NA,NA,NA
40,10,sqrt,10,5000,dynamic,0,0,2,0.035724,yes,NA,NA,NA,NA,NA,NA,NA,NA
16,100,sqrt,0,5000,dynamic,0,0,2,0.127796,no,NA,NA,NA,NA,NA,NA,NA,NA
40,50,sqrt,0,10000,guided,1,50,2,0.363253,no,NA,NA,NA,NA,NA,NA,NA,NA
40,100,sqrt,1000,10000,guided,10,50,2,1.273068,no,NA,NA,NA,NA,NA,NA,NA,NA
40,50,statespace,0,5000,guided,0,50,2,0.252212,no,NA,NA,NA,NA,NA,NA,NA,NA
4,10,hogwild,0,10000,dynamic,1,50,2,0.007576,yes,NA,NA,NA,NA,NA,NA,NA,NA
40,10,sqrt,1000,5000,static,10,50,2,0.196859,no,NA,NA,NA,NA,NA,NA,NA,NA
16,50,statespace,0,10000,static,0,50,2,0.452020,no,NA,NA,NA,NA,NA,NA,NA,NA
8,10,sqrt,1000,5000,dynamic,1,50,2,0.002566,yes,NA,NA,NA,NA,NA,NA,NA,NA
2,100,sqrt,0,5000,static,0,50,2,4.381121,no,NA,NA,NA,NA,NA,NA,NA,NA
16,100,statespace,0,10000,guided,10,50,2,1.283086,no,NA,NA,NA,NA,NA,NA,NA,NA
4,10,sqrt,10,10000,static,10,50,2,0.029096,yes,NA,NA,NA,NA,NA,NA,NA,NA
4,100,sqrt,1000,10000,dynamic,1,0,2,0.105906,no,NA,NA,NA,NA,NA,NA,NA,NA
2,50,sqrt,10,5000,dynamic,10,0,2,0.068785,yes,NA,NA,NA,NA,NA,NA,NA,NA
16,10,hogwild,0,10000,dynamic,10,0,2,0.006348,yes,NA,NA,NA,NA,NA,NA,NA,NA
4,50,sqrt,0,10000,guided,0,50,2,0.850469,no,NA,NA,NA,NA,NA,NA,NA,NA
20,10,sqrt,10,10000,static,1,50,2,0.041056,yes,NA,NA,NA,NA,NA,NA,NA,NA
8,50,hogwild,0,5000,guided,10,50,2,0.223306,no,NA,NA,NA,NA,NA,NA,NA,NA
16,100,hogwild,0,10000,guided,0,50,2,1.537455,no,NA,NA,NA,NA,NA,NA,NA,NA
2,50,sqrt,10,10000,dynamic,10,0,2,0.111503,yes,NA,NA,NA,NA,NA,NA,NA,NA
16,10,sqrt,1000,10000,guided,1,0,2,0.002250,yes,NA,NA,NA,NA,NA,NA,NA,NA
40,50,sqrt,10,5000,dynamic,10,0,2,0.247523,no,NA,NA,NA,NA,NA,NA,NA,NA
16,10,sqrt,0,10000,dynamic,1,50,2,0.014035,yes,NA,NA,NA,NA,NA,NA,NA,NA
2,100,hogwild,0,10000,dynamic,1,50,2,8.803744,no,NA,NA,NA,NA,NA,NA,NA,NA
2,50,sqrt,10,5000,dynamic,1,50,2,0.730611,no,NA,NA,NA,NA,NA,NA,NA,NA
20,50,sqrt,10,5000,guided,10,50,2,2.134695,no,NA,NA,NA,NA,NA,NA,NA,NA
2,50,sqrt,1000,5000,dynamic,1,0,2,0.029219,yes,NA,NA,NA,NA,NA,NA,NA,NA
2,100,sqrt,10,10000,dynamic,10,0,2,0.381930,yes,NA,NA,NA,NA,NA,NA,NA,NA
16,10,sqrt,1000,5000,guided,0,0,2,0.001803,yes,NA,NA,NA,NA,NA,NA,NA,NA
2,10,hogwild,0,5000,dynamic,1,0,2,0.003026,yes,NA,NA,NA,NA,NA,NA,NA,NA
4,10,sqrt,0,10000,dynamic,10,0,2,0.005092,yes,NA,NA,NA,NA,NA,NA,NA,NA
4,100,statespace,0,5000,guided,10,0,2,0.061560,no,NA,NA,NA,NA,NA,NA,NA,NA
8,100,sqrt,1000,10000,static,1,50,2,2.647489,no,NA,NA,NA,NA,NA,NA,NA,NA
2,50,hogwild,0,5000,static,10,0,2,0.024707,yes,NA,NA,NA,NA,NA,NA,NA,NA
20,100,statespace,0,10000,dynamic,1,0,2,0.045237,no,NA,NA,NA,NA,NA,NA,NA,NA
16,100,statespace,0,10000,guided,1,0,2,0.044939,no,NA,NA,NA,NA,NA,NA,NA,NA
16,50,sqrt,10,10000,static,1,0,2,0.116041,yes,NA,NA,NA,NA,NA,NA,NA,NA
8,50,sqrt,0,10000,guided,10,0,2,0.060123,yes,NA,NA,NA,NA,NA,NA,NA,NA
4,100,hogwild,0,5000,static,10,0,2,0.040946,yes,NA,NA,NA,NA,NA,NA,NA,NA
2,50,hogwild,0,5000,static,10,50,2,0.678605,no,NA,NA,NA,NA,NA,NA,NA,NA
4,50,sqrt,1000,10000,dynamic,10,50,2,0.776487,no,NA,NA,NA,NA,NA,NA,NA,NA
16,100,sqrt,1000,5000,guided,1,50,2,0.645602,no,NA,NA,NA,NA,NA,NA,NA,NA
40,10,sqrt,1000,10000,dynamic,0,0,2,0.003440,yes,NA,NA,NA,NA,NA,NA,NA,NA
8,100,sqrt,1000,5000,dynamic,10,50,2,1.295776,no,NA,NA,NA,NA,NA,NA,NA,NA
40,50,sqrt,0,5000,guided,0,50,2,0.689810,no,NA,NA,NA,NA,NA,NA,NA,NA
40,100,sqrt,10,5000,dynamic,1,50,2,2.233197,no,NA,NA,NA,NA,NA,NA,NA,NA
4,10,statespace,0,5000,guided,10,50,2,0.004385,yes,NA,NA,NA,NA,NA,NA,NA,NA
20,50,hogwild,0,5000,static,0,50,2,0.103588,no,NA,NA,NA,NA,NA,NA,NA,NA
16,10,sqrt,1000,5000,guided,0,50,2,0.002418,yes,NA,NA,NA,NA,NA,NA,NA,NA
40,100,sqrt,10,5000,static,0,0,2,0.365936,no,NA,NA,NA,NA,NA,NA,NA,NA
40,100,sqrt,1000,5000,static,10,50,2,0.596151,no,NA,NA,NA,NA,NA,NA,NA,NA
40,10,hogwild,0,10000,static,1,0,2,0.006236,yes,NA,NA,NA,NA,NA,NA,NA,NA
20,50,sqrt,0,5000,static,0,0,2,0.043426,no,NA,NA,NA,NA,NA,NA,NA,NA
8,50,statespace,0,10000,static,10,50,2,0.490124,no,NA,NA,NA,NA,NA,NA,NA,NA
20,50,statespace,0,5000,dynamic,10,50,2,0.142721,no,NA,NA,NA,NA,NA,NA,NA,NA
16,100,hogwild,0,5000,dynamic,0,0,2,0.014302,yes,NA,NA,NA,NA,NA,NA,NA,NA
40,10,sqrt,1000,5000,guided,1,50,2,0.003565,no,NA,NA,NA,NA,NA,NA,NA,NA
16,100,sqrt,1000,5000,static,0,50,2,0.678816,no,NA,NA,NA,NA,NA,NA,NA,NA
4,10,statespace,0,5000,guided,0,0,2,0.001905,yes,NA,NA,NA,NA,NA,NA,NA,NA
20,10,statespace,0,5000,dynamic,10,0,2,0.003539,yes,NA,NA,NA,NA,NA,NA,NA,NA
2,10,sqrt,1000,5000,static,10,50,2,0.005497,yes,NA,NA,NA,NA,NA,NA,NA,NA
4,10,hogwild,0,5000,dynamic,1,50,2,0.003955,yes,NA,NA,NA,NA,NA,NA,NA,NA
40,100,sqrt,1000,10000,dynamic,10,0,2,0.064800,no,NA,NA,NA,NA,NA,NA,NA,NA
16,100,sqrt,10,5000,dynamic,10,50,2,8.998307,no,NA,NA,NA,NA,NA,NA,NA,NA
20,100,sqrt,1000,5000,dynamic,1,50,2,0.521723,no,NA,NA,NA,NA,NA,NA,NA,NA
20,100,sqrt,0,5000,static,0,0,2,0.121553,no,NA,NA,NA,NA,NA,NA,NA,NA
16,50,sqrt,0,10000,guided,10,50,2,1.679923,no,NA,NA,NA,NA,NA,NA,NA,NA
8,100,sqrt,0,5000,dynamic,1,50,2,1.622779,no,NA,NA,NA,NA,NA,NA,NA,NA
40,100,statespace,0,5000,static,10,0,2,0.048991,no,NA,NA,NA,NA,NA,NA,NA,NA
8,50,sqrt,0,5000,guided,1,50,2,0.347422,no,NA,NA,NA,NA,NA,NA,NA,NA
16,100,sqrt,10,5000,dynamic,1,0,2,0.186312,no,NA,NA,NA,NA,NA,NA,NA,NA
40,10,sqrt,10,10000,guided,1,50,2,0.034685,yes,NA,NA,NA,NA,NA,NA,NA,NA
16,50,sqrt,0,5000,static,0,50,2,0.321812,no,NA,NA,NA,NA,NA,NA,NA,NA
20,100,sqrt,0,10000,dynamic,1,50,2,2.012948,no,NA,NA,NA,NA,NA,NA,NA,NA
16,100,sqrt,1000,5000,dynamic,10,50,2,0.701345,no,NA,NA,NA,NA,NA,NA,NA,NA
16,50,sqrt,10,5000,static,10,50,2,2.139833,no,NA,NA,NA,NA,NA,NA,NA,NA
20,50,sqrt,0,10000,static,10,0,2,0.160007,no,NA,NA,NA,NA,NA,NA,NA,NA
40,50,sqrt,10,10000,dynamic,1,0,2,0.201309,yes,NA,NA,NA,NA,NA,NA,NA,NA
4,100,sqrt,10,5000,static,0,0,2,0.136323,no,NA,NA,NA,NA,NA,NA,NA,NA
2,100,sqrt,0,5000,static,0,0,2,0.105640,yes,NA,NA,NA,NA,NA,NA,NA,NA
8,10,sqrt,10,10000,guided,10,50,2,0.032600,yes,NA,NA,NA,NA,NA,NA,NA,NA
40,50,sqrt,0,10000,guided,10,0,2,0.131041,no,NA,NA,NA,NA,NA,NA,NA,NA
8,50,sqrt,10,5000,guided,0,50,2,0.460499,no,NA,NA,NA,NA,NA,NA,NA,NA
40,100,hogwild,0,5000,guided,0,50,2,0.474205,no,NA,NA,NA,NA,NA,NA,NA,NA
20,50,sqrt,10,5000,static,10,0,2,0.180476,no,NA,NA,NA,NA,NA,NA,NA,NA
4,50,statespace,0,10000,static,10,50,2,0.802015,no,NA,NA,NA,NA,NA,NA,NA,NA
8,100,sqrt,0,5000,guided,10,50,2,3.730771,no,NA,NA,NA,NA,NA,NA,NA,NA
2,50,sqrt,10,5000,guided,0,0,2,0.045973,yes,NA,NA,NA,NA,NA,NA,NA,NA
20,10,sqrt,0,5000,dynamic,0,0,2,0.011864,yes,NA,NA,NA,NA,NA,NA,NA,NA
40,10,sqrt,0,5000,guided,1,0,2,0.008055,yes,NA,NA,NA,NA,NA,NA,NA,NA
8,100,sqrt,10,5000,guided,1,50,2,2.099204,no,NA,NA,NA,NA,NA,NA,NA,NA
40,10,hogwild,0,10000,guided,0,50,2,0.008302,yes,NA,NA,NA,NA,NA,NA,NA,NA
4,100,sqrt,1000,5000,guided,1,50,2,2.414809,no,NA,NA,NA,NA,NA,NA,NA,NA
40,100,hogwild,0,5000,static,1,0,2,0.012584,yes,NA,NA,NA,NA,NA,NA,NA,NA
16,50,statespace,0,5000,static,10,50,2,0.173280,no,NA,NA,NA,NA,NA,NA,NA,NA
2,10,statespace,0,5000,guided,10,0,2,0.002665,yes,NA,NA,NA,NA,NA,NA,NA,NA
20,10,sqrt,10,10000,static,1,0,2,0.029592,yes,NA,NA,NA,NA,NA,NA,NA,NA
4,10,sqrt,0,10000,guided,10,50,2,0.009044,yes,NA,NA,NA,NA,NA,NA,NA,NA
2,50,hogwild,0,5000,guided,0,50,2,0.679279,no,NA,NA,NA,NA,NA,NA,NA,NA
16,50,statespace,0,10000,dynamic,1,0,2,0.021739,no,NA,NA,NA,NA,NA,NA,NA,NA
20,10,sqrt,0,10000,guided,1,50,2,0.022653,yes,NA,NA,NA,NA,NA,NA,NA,NA
20,10,sqrt,0,10000,dynamic,0,50,2,0.022730,yes,NA,NA,NA,NA,NA,NA,NA,NA
2,100,sqrt,10,10000,dynamic,0,0,2,0.265475,yes,NA,NA,NA,NA,NA,NA,NA,NA
8,100,sqrt,0,10000,static,0,50,2,2.925096,no,NA,NA,NA,NA,NA,NA,NA,NA
2,10,sqrt,10,10000,dynamic,10,0,2,0.012859,yes,NA,NA,NA,NA,NA,NA,NA,NA
40,10,sqrt,0,10000,static,0,50,2,0.017276,yes,NA,NA,NA,NA,NA,NA,NA,NA
16,10,sqrt,10,10000,static,10,50,2,0.054640,yes,NA,NA,NA,NA,NA,NA,NA,NA
40,100,hogwild,0,5000,guided,10,50,2,0.489643,no,NA,NA,NA,NA,NA,NA,NA,NA
20,10,sqrt,0,10000,static,10,0,2,0.019226,yes,NA,NA,NA,NA,NA,NA,NA,NA
40,10,statespace,0,5000,dynamic,0,50,2,0.005818,no,NA,NA,NA,NA,NA,NA,NA,NA
2,10,sqrt,0,10000,static,0,50,2,0.011402,yes,NA,NA,NA,NA,NA,NA,NA,NA
40,50,sqrt,10,10000,guided,1,50,2,1.033802,no,NA,NA,NA,NA,NA,NA,NA,NA
8,100,hogwild,0,10000,dynamic,0,50,2,2.675942,no,NA,NA,NA,NA,NA,NA,NA,NA
40,10,sqrt,10,5000,static,1,0,2,0.019444,yes,NA,NA,NA,NA,NA,NA,NA,NA
4,10,sqrt,10,5000,guided,10,0,2,0.007767,yes,NA,NA,NA,NA,NA,NA,NA,NA
8,50,sqrt,10,10000,dynamic,0,0,2,0.074009,no,NA,NA,NA,NA,NA,NA,NA,NA
2,50,sqrt,0,10000,guided,0,0,2,0.045993,yes,NA,NA,NA,NA,NA,NA,NA,NA
20,50,sqrt,10,5000,dynamic,1,50,2,0.332242,no,NA,NA,NA,NA,NA,NA,NA,NA
20,10,sqrt,10,10000,dynamic,10,50,2,0.053538,yes,NA,NA,NA,NA,NA,NA,NA,NA
8,10,sqrt,1000,5000,static,1,50,2,0.002502,yes,NA,NA,NA,NA,NA,NA,NA,NA
2,100,statespace,0,5000,static,10,0,2,0.100684,no,NA,NA,NA,NA,NA,NA,NA,NA
40,50,sqrt,1000,10000,static,10,0,2,0.030106,no,NA,NA,NA,NA,NA,NA,NA,NA
16,50,sqrt,1000,5000,dynamic,1,50,2,0.167933,no,NA,NA,NA,NA,NA,NA,NA,NA
20,100,hogwild,0,10000,dynamic,0,50,2,1.220929,no,NA,NA,NA,NA,NA,NA,NA,NA
20,10,statespace,0,5000,dynamic,1,50,2,0.004017,yes,NA,NA,NA,NA,NA,NA,NA,NA
8,50,sqrt,0,10000,static,1,0,2,0.037603,yes,NA,NA,NA,NA,NA,NA,NA,NA
2,10,sqrt,10,10000,guided,10,0,2,0.013203,yes,NA,NA,NA,NA,NA,NA,NA,NA
16,100,sqrt,1000,10000,static,10,0,2,0.051537,no,NA,NA,NA,NA,NA,NA,NA,NA
2,100,sqrt,0,5000,dynamic,1,0,2,0.106767,yes,NA,NA,NA,NA,NA,NA,NA,NA
20,50,hogwild,0,5000,static,1,50,2,0.110846,no,NA,NA,NA,NA,NA,NA,NA,NA
40,10,hogwild,0,10000,guided,1,50,2,0.007773,yes,NA,NA,NA,NA,NA,NA,NA,NA
4,50,sqrt,1000,5000,static,10,50,2,0.458302,no,NA,NA,NA,NA,NA,NA,NA,NA
20,100,hogwild,0,5000,guided,0,50,2,0.616006,no,NA,NA,NA,NA,NA,NA,NA,NA
20,10,statespace,0,5000,guided,10,0,2,0.003622,yes,NA,NA,NA,NA,NA,NA,NA,NA
40,100,statespace,0,5000,guided,10,0,2,0.048829,no,NA,NA,NA,NA,NA,NA,NA,NA
40,50,sqrt,10,10000,dynamic,0,0,2,0.201424,no,NA,NA,NA,NA,NA,NA,NA,NA
40,100,sqrt,10,5000,dynamic,0,50,2,2.230031,no,NA,NA,NA,NA,NA,NA,NA,NA
8,100,sqrt,10,5000,guided,0,0,2,0.126401,no,NA,NA,NA,NA,NA,NA,NA,NA
20,50,sqrt,0,5000,dynamic,1,50,2,0.190742,no,NA,NA,NA,NA,NA,NA,NA,NA
2,50,hogwild,0,10000,dynamic,10,50,2,1.283411,no,NA,NA,NA,NA,NA,NA,NA,NA
4,100,statespace,0,10000,static,1,50,2,4.835212,no,NA,NA,NA,NA,NA,NA,NA,NA
4,10,sqrt,1000,10000,static,1,50,2,0.006905,yes,NA,NA,NA,NA,NA,NA,NA,NA
2,10,sqrt,0,10000,guided,1,50,2,0.011120,yes,NA,NA,NA,NA,NA,NA,NA,NA
2,50,hogwild,0,10000,guided,0,0,2,0.039736,yes,NA,NA,NA,NA,NA,NA,NA,NA
20,50,sqrt,0,5000,dynamic,10,0,2,0.105188,no,NA,NA,NA,NA,NA,NA,NA,NA
20,100,hogwild,0,5000,dynamic,1,50,2,0.561197,no,NA,NA,NA,NA,NA,NA,NA,NA
8,100,hogwild,0,10000,dynamic,1,0,2,0.033108,yes,NA,NA,NA,NA,NA,NA,NA,NA
2,10,hogwild,0,10000,dynamic,10,0,2,0.006106,yes,NA,NA,NA,NA,NA,NA,NA,NA
2,10,sqrt,1000,10000,guided,10,0,2,0.004908,yes,NA,NA,NA,NA,NA,NA,NA,NA
4,10,hogwild,0,5000,static,10,50,2,0.004029,yes,NA,NA,NA,NA,NA,NA,NA,NA
40,10,sqrt,1000,10000,static,1,0,2,0.003393,yes,NA,NA,NA,NA,NA,NA,NA,NA
16,50,sqrt,0,10000,static,10,0,2,0.130554,no,NA,NA,NA,NA,NA,NA,NA,NA
2,100,sqrt,0,10000,guided,10,50,2,8.802550,no,NA,NA,NA,NA,NA,NA,NA,NA
4,50,sqrt,10,5000,dynamic,10,0,2,0.093548,no,NA,NA,NA,NA,NA,NA,NA,NA
16,10,sqrt,0,5000,guided,1,0,2,0.012245,yes,NA,NA,NA,NA,NA,NA,NA,NA
2,10,hogwild,0,10000,guided,0,50,2,0.011777,yes,NA,NA,NA,NA,NA,NA,NA,NA
20,10,statespace,0,5000,guided,10,50,2,0.005650,yes,NA,NA,NA,NA,NA,NA,NA,NA
8,10,sqrt,1000,5000,guided,1,50,2,0.002544,yes,NA,NA,NA,NA,NA,NA,NA,NA
16,50,statespace,0,10000,dynamic,0,50,2,0.288097,no,NA,NA,NA,NA,NA,NA,NA,NA
8,100,sqrt,1000,10000,static,1,0,2,0.068695,no,NA,NA,NA,NA,NA,NA,NA,NA
8,100,sqrt,0,10000,dynamic,10,50,2,5.551360,no,NA,NA,NA,NA,NA,NA,NA,NA
4,50,sqrt,0,10000,guided,1,50,2,0.837526,no,NA,NA,NA,NA,NA,NA,NA,NA
4,100,sqrt,0,10000,guided,1,50,2,5.064615,no,NA,NA,NA,NA,NA,NA,NA,NA
8,50,sqrt,10,10000,guided,0,50,2,0.800439,no,NA,NA,NA,NA,NA,NA,NA,NA
40,100,statespace,0,10000,dynamic,1,0,2,0.057544,no,NA,NA,NA,NA,NA,NA,NA,NA
20,100,sqrt,1000,5000,guided,1,0,2,0.033447,no,NA,NA,NA,NA,NA,NA,NA,NA
40,10,sqrt,0,5000,guided,0,0,2,0.007782,yes,NA,NA,NA,NA,NA,NA,NA,NA
20,100,sqrt,10,10000,guided,1,50,2,2.431928,no,NA,NA,NA,NA,NA,NA,NA,NA
16,100,statespace,0,10000,static,1,0,2,0.045665,no,NA,NA,NA,NA,NA,NA,NA,NA
16,10,sqrt,10,10000,dynamic,0,0,2,0.026984,yes,NA,NA,NA,NA,NA,NA,NA,NA
4,50,sqrt,10,5000,guided,0,50,2,0.577527,no,NA,NA,NA,NA,NA,NA,NA,NA
16,50,statespace,0,10000,static,1,0,2,0.022889,no,NA,NA,NA,NA,NA,NA,NA,NA
20,10,sqrt,0,10000,static,0,50,2,0.020959,yes,NA,NA,NA,NA,NA,NA,NA,NA
8,50,statespace,0,10000,static,1,50,2,0.482007,no,NA,NA,NA,NA,NA,NA,NA,NA
8,50,sqrt,10,5000,guided,0,0,2,0.047423,no,NA,NA,NA,NA,NA,NA,NA,NA
2,50,sqrt,10,10000,static,1,50,2,1.464807,no,NA,NA,NA,NA,NA,NA,NA,NA
20,50,sqrt,1000,10000,guided,1,0,2,0.021957,no,NA,NA,NA,NA,NA,NA,NA,NA
16,100,hogwild,0,10000,static,10,50,2,1.567469,no,NA,NA,NA,NA,NA,NA,NA,NA
16,10,sqrt,10,5000,guided,10,50,2,0.026907,yes,NA,NA,NA,NA,NA,NA,NA,NA
16,10,sqrt,10,10000,guided,10,50,2,0.048221,yes,NA,NA,NA,NA,NA,NA,NA,NA
2,100,sqrt,0,10000,dynamic,10,50,2,10.019232,no,NA,NA,NA,NA,NA,NA,NA,NA
2,100,hogwild,0,10000,static,10,50,2,8.838881,no,NA,NA,NA,NA,NA,NA,NA,NA
20,100,sqrt,0,10000,guided,10,50,2,8.261924,no,NA,NA,NA,NA,NA,NA,NA,NA
20,50,sqrt,0,5000,static,1,50,2,0.179705,no,NA,NA,NA,NA,NA,NA,NA,NA
16,100,sqrt,0,5000,static,10,0,2,0.237772,no,NA,NA,NA,NA,NA,NA,NA,NA
20,10,hogwild,0,10000,static,10,50,2,0.007503,yes,NA,NA,NA,NA,NA,NA,NA,NA
40,100,hogwild,0,10000,dynamic,1,0,2,0.013944,yes,NA,NA,NA,NA,NA,NA,NA,NA
2,10,hogwild,0,5000,guided,0,50,2,0.006593,yes,NA,NA,NA,NA,NA,NA,NA,NA
2,10,sqrt,1000,10000,dynamic,10,0,2,0.004661,yes,NA,NA,NA,NA,NA,NA,NA,NA
40,100,statespace,0,10000,static,10,0,2,0.056329,no,NA,NA,NA,NA,NA,NA,NA,NA
40,50,sqrt,0,5000,dynamic,0,0,2,0.039833,no,NA,NA,NA,NA,NA,NA,NA,NA
4,50,sqrt,10,10000,guided,1,50,2,1.046066,no,NA,NA,NA,NA,NA,NA,NA,NA
16,100,statespace,0,5000,dynamic,10,0,2,0.032084,no,NA,NA,NA,NA,NA,NA,NA,NA
20,10,hogwild,0,5000,static,10,50,2,0.004767,yes,NA,NA,NA,NA,NA,NA,NA,NA
4,50,hogwild,0,5000,static,10,50,2,0.409139,no,NA,NA,NA,NA,NA,NA,NA,NA
2,10,hogwild,0,5000,guided,10,0,2,0.003015,yes,NA,NA,NA,NA,NA,NA,NA,NA
40,10,sqrt,1000,10000,static,1,50,2,0.005769,yes,NA,NA,NA,NA,NA,NA,NA,NA
4,100,statespace,0,10000,static,10,0,2,0.112011,no,NA,NA,NA,NA,NA,NA,NA,NA
2,10,hogwild,0,10000,dynamic,1,0,2,0.006012,yes,NA,NA,NA,NA,NA,NA,NA,NA
2,10,sqrt,10,5000,static,1,50,2,0.008059,yes,NA,NA,NA,NA,NA,NA,NA,NA
8,100,sqrt,1000,5000,static,1,50,2,1.337750,no,NA,NA,NA,NA,NA,NA,NA,NA
16,50,statespace,0,10000,guided,1,50,2,0.322469,no,NA,NA,NA,NA,NA,NA,NA,NA
16,100,sqrt,10,10000,dynamic,1,0,2,0.350734,no,NA,NA,NA,NA,NA,NA,NA,NA
20,100,statespace,0,10000,dynamic,0,50,2,1.020087,no,NA,NA,NA,NA,NA,NA,NA,NA
20,50,sqrt,10,5000,guided,0,0,2,0.075761,no,NA,NA,NA,NA,NA,NA,NA,NA
40,100,statespace,0,10000,guided,10,0,2,0.056512,no,NA,NA,NA,NA,NA,NA,NA,NA
20,10,sqrt,1000,5000,dynamic,10,0,2,0.002023,yes,NA,NA,NA,NA,NA,NA,NA,NA
20,100,statespace,0,10000,static,0,0,2,0.043474,no,NA,NA,NA,NA,NA,NA,NA,NA
40,50,statespace,0,10000,guided,0,50,2,0.255618,no,NA,NA,NA,NA,NA,NA,NA,NA
2,10,hogwild,0,5000,dynamic,1,50,2,0.006227,yes,NA,NA,NA,NA,NA,NA,NA,NA
16,50,sqrt,1000,10000,guided,0,0,2,0.021023,no,NA,NA,NA,NA,NA,NA,NA,NA
40,10,statespace,0,5000,guided,1,0,2,0.005397,yes,NA,NA,NA,NA,NA,NA,NA,NA
2,10,sqrt,1000,10000,dynamic,1,50,2,0.010878,yes,NA,NA,NA,NA,NA,NA,NA,NA
8,100,sqrt,10,5000,guided,0,50,2,2.099766,no,NA,NA,NA,NA,NA,NA,NA,NA
16,10,sqrt,10,5000,guided,0,50,2,0.019817,yes,NA,NA,NA,NA,NA,NA,NA,NA
8,10,hogwild,0,10000,guided,1,50,2,0.004884,yes,NA,NA,NA,NA,NA,NA,NA,NA
4,50,sqrt,1000,5000,guided,0,0,2,0.024351,yes,NA,NA,NA,NA,NA,NA,NA,NA
2,100,hogwild,0,5000,dynamic,0,0,2,0.073046,yes,NA,NA,NA,NA,NA,NA,NA,NA
4,100,sqrt,10,10000,dynamic,1,0,2,0.236051,yes,NA,NA,NA,NA,NA,NA,NA,NA
40,50,sqrt,10,10000,guided,0,0,2,0.205583,yes,NA,NA,NA,NA,NA,NA,NA,NA
40,10,sqrt,1000,5000,static,0,0,2,0.003026,yes,NA,NA,NA,NA,NA,NA,NA,NA
8,50,sqrt,0,10000,guided,0,0,2,0.036230,yes,NA,NA,NA,NA,NA,NA,NA,NA
16,50,statespace,0,10000,guided,1,0,2,0.021641,no,NA,NA,NA,NA,NA,NA,NA,NA
16,100,sqrt,1000,10000,static,1,0,2,0.048471,no,NA,NA,NA,NA,NA,NA,NA,NA
8,50,sqrt,1000,5000,static,1,0,2,0.020697,no,NA,NA,NA,NA,NA,NA,NA,NA
20,100,sqrt,0,5000,guided,10,0,2,0.228439,no,NA,NA,NA,NA,NA,NA,NA,NA
2,100,statespace,0,5000,dynamic,10,0,2,0.098901,no,NA,NA,NA,NA,NA,NA,NA,NA
4,100,sqrt,10,5000,static,10,50,2,8.861506,no,NA,NA,NA,NA,NA,NA,NA,NA
4,100,sqrt,1000,10000,static,10,0,2,0.107367,no,NA,NA,NA,NA,NA,NA,NA,NA
20,50,sqrt,0,10000,dynamic,1,50,2,0.415188,no,NA,NA,NA,NA,NA,NA,NA,NA
8,10,sqrt,1000,5000,static,0,50,2,0.002508,yes,NA,NA,NA,NA,NA,NA,NA,NA
8,10,sqrt,0,5000,static,10,0,2,0.004381,yes,NA,NA,NA,NA,NA,NA,NA,NA
16,50,statespace,0,10000,dynamic,10,50,2,0.300424,no,NA,NA,NA,NA,NA,NA,NA,NA
8,10,sqrt,1000,10000,static,0,0,2,0.002134,yes,NA,NA,NA,NA,NA,NA,NA,NA
4,100,sqrt,1000,5000,dynamic,0,0,2,0.062363,no,NA,NA,NA,NA,NA,NA,NA,NA
20,50,sqrt,10,5000,dynamic,1,0,2,0.076946,no,NA,NA,NA,NA,NA,NA,NA,NA
16,100,sqrt,1000,10000,static,0,50,2,1.359905,no,NA,NA,NA,NA,NA,NA,NA,NA
4,50,sqrt,1000,10000,guided,10,0,2,0.031620,yes,NA,NA,NA,NA,NA,NA,NA,NA
16,50,sqrt,1000,10000,static,0,0,2,0.022367,no,NA,NA,NA,NA,NA,NA,NA,NA
8,100,statespace,0,5000,dynamic,1,50,2,1.251185,no,NA,NA,NA,NA,NA,NA,NA,NA
16,50,sqrt,0,10000,static,1,0,2,0.064707,no,NA,NA,NA,NA,NA,NA,NA,NA
8,10,hogwild,0,5000,dynamic,1,50,2,0.002729,yes,NA,NA,NA,NA,NA,NA,NA,NA
16,10,hogwild,0,10000,dynamic,10,50,2,0.007806,yes,NA,NA,NA,NA,NA,NA,NA,NA
16,50,sqrt,1000,10000,dynamic,0,50,2,0.286254,no,NA,NA,NA,NA,NA,NA,NA,NA
20,100,sqrt,10,5000,dynamic,0,0,2,0.227565,no,NA,NA,NA,NA,NA,NA,NA,NA
20,100,statespace,0,5000,static,0,0,2,0.031027,no,NA,NA,NA,NA,NA,NA,NA,NA
2,100,sqrt,1000,10000,guided,10,50,2,8.726341,no,NA,NA,NA,NA,NA,NA,NA,NA
40,50,sqrt,10,5000,guided,0,0,2,0.122234,no,NA,NA,NA,NA,NA,NA,NA,NA
16,10,sqrt,1000,10000,guided,0,0,2,0.002353,yes,NA,NA,NA,NA,NA,NA,NA,NA
40,50,sqrt,1000,10000,static,0,50,2,0.257856,no,NA,NA,NA,NA,NA,NA,NA,NA
4,50,sqrt,1000,10000,static,0,50,2,0.802717,no,NA,NA,NA,NA,NA,NA,NA,NA
4,10,hogwild,0,10000,static,0,50,2,0.007936,yes,NA,NA,NA,NA,NA,NA,NA,NA
20,10,sqrt,10,5000,guided,1,0,2,0.022097,yes,NA,NA,NA,NA,NA,NA,NA,NA
4,10,sqrt,0,5000,dynamic,10,50,2,0.005248,yes,NA,NA,NA,NA,NA,NA,NA,NA
40,50,sqrt,1000,10000,dynamic,0,50,2,0.586971,no,NA,NA,NA,NA,NA,NA,NA,NA
8,50,sqrt,0,10000,guided,0,50,2,0.550849,no,NA,NA,NA,NA,NA,NA,NA,NA
20,10,sqrt,0,10000,static,10,50,2,0.027776,yes,NA,NA,NA,NA,NA,NA,NA,NA
40,100,hogwild,0,10000,static,10,0,2,0.041462,yes,NA,NA,NA,NA,NA,NA,NA,NA
8,100,hogwild,0,5000,static,0,0,2,0.021845,yes,NA,NA,NA,NA,NA,NA,NA,NA
20,100,hogwild,0,5000,guided,1,0,2,0.012836,yes,NA,NA,NA,NA,NA,NA,NA,NA
16,10,hogwild,0,5000,dynamic,1,0,2,0.003553,yes,NA,NA,NA,NA,NA,NA,NA,NA
2,10,statespace,0,10000,dynamic,10,0,2,0.005302,yes,NA,NA,NA,NA,NA,NA,NA,NA
8,50,statespace,0,5000,static,1,50,2,0.298630,no,NA,NA,NA,NA,NA,NA,NA,NA
16,10,statespace,0,10000,guided,0,0,2,0.005601,yes,NA,NA,NA,NA,NA,NA,NA,NA
8,50,sqrt,10,5000,static,10,50,2,1.927505,no,NA,NA,NA,NA,NA,NA,NA,NA
4,100,sqrt,10,10000,static,1,50,2,5.972207,no,NA,NA,NA,NA,NA,NA,NA,NA
2,50,hogwild,0,10000,static,0,50,2,1.362479,no,NA,NA,NA,NA,NA,NA,NA,NA
4,50,sqrt,10,10000,static,1,50,2,1.080911,no,NA,NA,NA,NA,NA,NA,NA,NA
8,10,hogwild,0,5000,guided,0,50,2,0.002801,yes,NA,NA,NA,NA,NA,NA,NA,NA
40,10,sqrt,10,5000,guided,10,50,2,0.036834,yes,NA,NA,NA,NA,NA,NA,NA,NA
8,10,sqrt,10,5000,static,0,0,2,0.005244,yes,NA,NA,NA,NA,NA,NA,NA,NA
4,50,statespace,0,10000,dynamic,1,50,2,0.783010,no,NA,NA,NA,NA,NA,NA,NA,NA
16,50,sqrt,0,5000,dynamic,0,50,2,0.286956,no,NA,NA,NA,NA,NA,NA,NA,NA
4,100,statespace,0,5000,static,0,0,2,0.062056,no,NA,NA,NA,NA,NA,NA,NA,NA
8,100,sqrt,10,5000,static,1,50,2,2.102180,no,NA,NA,NA,NA,NA,NA,NA,NA
40,100,sqrt,0,5000,guided,1,0,2,0.125662,no,NA,NA,NA,NA,NA,NA,NA,NA
4,10,sqrt,10,5000,guided,0,0,2,0.004256,yes,NA,NA,NA,NA,NA,NA,NA,NA
16,100,sqrt,1000,10000,guided,1,0,2,0.048262,no,NA,NA,NA,NA,NA,NA,NA,NA
4,100,statespace,0,10000,dynamic,1,50,2,4.828569,no,NA,NA,NA,NA,NA,NA,NA,NA
16,10,sqrt,1000,10000,static,10,0,2,0.002306,yes,NA,NA,NA,NA,NA,NA,NA,NA
2,10,sqrt,0,5000,guided,10,0,2,0.002990,yes,NA,NA,NA,NA,NA,NA,NA,NA
16,50,sqrt,10,5000,guided,1,0,2,0.069335,no,NA,NA,NA,NA,NA,NA,NA,NA
8,50,hogwild,0,10000,static,0,50,2,0.447348,no,NA,NA,NA,NA,NA,NA,NA,NA
2,100,sqrt,1000,10000,static,1,0,2,0.133510,yes,NA,NA,NA,NA,NA,NA,NA,NA
4,50,hogwild,0,5000,dynamic,1,50,2,0.369100,no,NA,NA,NA,NA,NA,NA,NA,NA
4,10,sqrt,10,10000,static,1,0,2,0.008511,yes,NA,NA,NA,NA,NA,NA,NA,NA
4,10,statespace,0,10000,guided,0,0,2,0.003438,yes,NA,NA,NA,NA,NA,NA,NA,NA
8,100,sqrt,10,10000,static,10,0,2,0.615614,no,NA,NA,NA,NA,NA,NA,NA,NA
4,10,statespace,0,10000,static,0,50,2,0.007195,yes,NA,NA,NA,NA,NA,NA,NA,NA
2,10,statespace,0,5000,guided,1,0,2,0.002706,yes,NA,NA,NA,NA,NA,NA,NA,NA
16,50,sqrt,10,10000,dynamic,0,50,2,0.616828,no,NA,NA,NA,NA,NA,NA,NA,NA
4,100,sqrt,10,10000,guided,0,50,2,5.965356,no,NA,NA,NA,NA,NA,NA,NA,NA
8,50,statespace,0,5000,static,10,0,2,0.021541,no,NA,NA,NA,NA,NA,NA,NA,NA
20,10,sqrt,1000,10000,dynamic,10,50,2,0.003711,yes,NA,NA,NA,NA,NA,NA,NA,NA
20,10,sqrt,10,10000,guided,0,50,2,0.042159,yes,NA,NA,NA,NA,NA,NA,NA,NA
8,50,hogwild,0,5000,static,1,0,2,0.007778,no,NA,NA,NA,NA,NA,NA,NA,NA
20,100,sqrt,0,10000,static,10,0,2,0.414857,no,NA,NA,NA,NA,NA,NA,NA,NA
20,100,statespace,0,10000,dynamic,0,0,2,0.044389,no,NA,NA,NA,NA,NA,NA,NA,NA
20,50,hogwild,0,10000,dynamic,10,0,2,0.009839,yes,NA,NA,NA,NA,NA,NA,NA,NA
40,50,sqrt,10,5000,guided,1,0,2,1.315904,no,NA,NA,NA,NA,NA,NA,NA,NA
40,100,sqrt,0,5000,dynamic,1,0,2,0.121073,no,NA,NA,NA,NA,NA,NA,NA,NA
8,100,statespace,0,10000,static,1,50,2,2.562666,no,NA,NA,NA,NA,NA,NA,NA,NA
8,100,hogwild,0,5000,dynamic,1,50,2,1.332952,no,NA,NA,NA,NA,NA,NA,NA,NA
4,10,sqrt,0,5000,dynamic,1,0,2,0.002359,yes,NA,NA,NA,NA,NA,NA,NA,NA
20,10,statespace,0,10000,static,1,50,2,0.007475,yes,NA,NA,NA,NA,NA,NA,NA,NA
2,50,statespace,0,5000,guided,0,0,2,0.029063,yes,NA,NA,NA,NA,NA,NA,NA,NA
20,10,hogwild,0,5000,guided,0,0,2,0.003736,yes,NA,NA,NA,NA,NA,NA,NA,NA
4,10,sqrt,0,10000,guided,0,50,2,0.007638,yes,NA,NA,NA,NA,NA,NA,NA,NA
2,50,sqrt,0,5000,guided,1,0,2,0.030997,no,NA,NA,NA,NA,NA,NA,NA,NA
16,50,statespace,0,10000,guided,10,0,2,0.022204,no,NA,NA,NA,NA,NA,NA,NA,NA
40,10,sqrt,10,5000,static,0,50,2,0.019581,yes,NA,NA,NA,NA,NA,NA,NA,NA
40,50,sqrt,10,5000,dynamic,0,0,2,0.117708,no,NA,NA,NA,NA,NA,NA,NA,NA
4,100,sqrt,1000,10000,guided,0,50,2,4.845756,no,NA,NA,NA,NA,NA,NA,NA,NA
8,10,sqrt,10,5000,dynamic,0,50,2,0.006964,yes,NA,NA,NA,NA,NA,NA,NA,NA
16,50,sqrt,0,5000,guided,1,50,2,0.326494,no,NA,NA,NA,NA,NA,NA,NA,NA
40,10,statespace,0,5000,static,1,0,2,0.004163,yes,NA,NA,NA,NA,NA,NA,NA,NA
2,50,statespace,0,5000,guided,0,50,2,0.723449,no,NA,NA,NA,NA,NA,NA,NA,NA
4,50,sqrt,0,5000,guided,1,0,2,0.026859,yes,NA,NA,NA,NA,NA,NA,NA,NA
40,100,sqrt,1000,5000,guided,1,50,2,0.506324,no,NA,NA,NA,NA,NA,NA,NA,NA
16,10,sqrt,0,10000,guided,0,0,2,0.012752,yes,NA,NA,NA,NA,NA,NA,NA,NA
20,10,sqrt,0,5000,dynamic,0,50,2,0.010543,yes,NA,NA,NA,NA,NA,NA,NA,NA
8,50,sqrt,1000,10000,dynamic,0,0,2,0.024286,yes,NA,NA,NA,NA,NA,NA,NA,NA
40,100,hogwild,0,10000,guided,10,50,2,0.956958,no,NA,NA,NA,NA,NA,NA,NA,NA
8,100,sqrt,10,10000,dynamic,10,50,2,17.806485,no,NA,NA,NA,NA,NA,NA,NA,NA
20,10,sqrt,1000,10000,dynamic,1,0,2,0.002791,yes,NA,NA,NA,NA,NA,NA,NA,NA
40,50,statespace,0,5000,dynamic,10,50,2,0.147195,no,NA,NA,NA,NA,NA,NA,NA,NA
4,100,sqrt,1000,5000,dynamic,0,50,2,2.409255,no,NA,NA,NA,NA,NA,NA,NA,NA
16,10,sqrt,0,5000,guided,10,50,2,0.020463,yes,NA,NA,NA,NA,NA,NA,NA,NA
16,50,sqrt,10,10000,dynamic,1,50,2,0.631630,no,NA,NA,NA,NA,NA,NA,NA,NA
8,50,sqrt,1000,10000,guided,0,50,2,0.465589,no,NA,NA,NA,NA,NA,NA,NA,NA
4,100,sqrt,0,10000,guided,10,0,2,0.150205,no,NA,NA,NA,NA,NA,NA,NA,NA
20,50,hogwild,0,5000,guided,1,50,2,0.100683,no,NA,NA,NA,NA,NA,NA,NA,NA
16,100,hogwild,0,10000,guided,10,50,2,1.480586,no,NA,NA,NA,NA,NA,NA,NA,NA
40,10,statespace,0,5000,dynamic,10,50,2,0.007877,no,NA,NA,NA,NA,NA,NA,NA,NA
20,50,hogwild,0,5000,static,1,0,2,0.005946,yes,NA,NA,NA,NA,NA,NA,NA,NA
20,100,statespace,0,5000,dynamic,1,50,2,0.513999,no,NA,NA,NA,NA,NA,NA,NA,NA
8,100,sqrt,0,10000,dynamic,0,0,2,0.114621,no,NA,NA,NA,NA,NA,NA,NA,NA
8,10,sqrt,1000,10000,dynamic,0,50,2,0.003880,yes,NA,NA,NA,NA,NA,NA,NA,NA
16,50,sqrt,0,10000,static,10,50,2,1.714990,no,NA,NA,NA,NA,NA,NA,NA,NA
8,50,sqrt,1000,10000,static,0,0,2,0.025356,yes,NA,NA,NA,NA,NA,NA,NA,NA
8,10,sqrt,1000,10000,dynamic,10,50,2,0.004093,yes,NA,NA,NA,NA,NA,NA,NA,NA
4,100,sqrt,10,5000,dynamic,10,0,2,0.291513,no,NA,NA,NA,NA,NA,NA,NA,NA
8,50,sqrt,0,10000,dynamic,1,50,2,0.518017,no,NA,NA,NA,NA,NA,NA,NA,NA
20,50,sqrt,1000,5000,guided,0,50,2,0.138763,no,NA,NA,NA,NA,NA,NA,NA,NA
16,100,sqrt,10,10000,static,10,0,2,0.762295,no,NA,NA,NA,NA,NA,NA,NA,NA
40,100,sqrt,1000,10000,dynamic,0,0,2,0.061096,no,NA,NA,NA,NA,NA,NA,NA,NA
4,50,hogwild,0,5000,dynamic,0,50,2,0.379921,no,NA,NA,NA,NA,NA,NA,NA,NA
8,50,statespace,0,5000,guided,10,0,2,0.020739,no,NA,NA,NA,NA,NA,NA,NA,NA
40,100,sqrt,10,5000,static,1,0,2,0.368359,no,NA,NA,NA,NA,NA,NA,NA,NA
20,100,sqrt,1000,5000,static,10,50,2,0.541467,no,NA,NA,NA,NA,NA,NA,NA,NA
2,50,statespace,0,10000,static,0,50,2,1.314799,no,NA,NA,NA,NA,NA,NA,NA,NA
16,50,sqrt,0,10000,static,0,50,2,0.434584,no,NA,NA,NA,NA,NA,NA,NA,NA
20,10,sqrt,1000,5000,static,1,50,2,0.002639,yes,NA,NA,NA,NA,NA,NA,NA,NA
8,100,sqrt,10,10000,dynamic,0,50,2,4.175826,no,NA,NA,NA,NA,NA,NA,NA,NA
16,10,hogwild,0,10000,guided,1,0,2,0.006482,yes,NA,NA,NA,NA,NA,NA,NA,NA
4,50,sqrt,10,5000,static,0,50,2,0.580420,no,NA,NA,NA,NA,NA,NA,NA,NA
4,100,sqrt,1000,10000,guided,0,0,2,0.106688,no,NA,NA,NA,NA,NA,NA,NA,NA
2,10,statespace,0,5000,dynamic,1,0,2,0.002931,yes,NA,NA,NA,NA,NA,NA,NA,NA
16,50,sqrt,0,10000,dynamic,10,0,2,0.132871,no,NA,NA,NA,NA,NA,NA,NA,NA
4,10,sqrt,0,10000,dynamic,1,50,2,0.007630,yes,NA,NA,NA,NA,NA,NA,NA,NA
20,10,sqrt,10,5000,guided,10,50,2,0.029867,yes,NA,NA,NA,NA,NA,NA,NA,NA
16,50,sqrt,10,10000,guided,1,0,2,0.117606,yes,NA,NA,NA,NA,NA,NA,NA,NA
16,10,sqrt,0,5000,dynamic,0,0,2,0.008752,yes,NA,NA,NA,NA,NA,NA,NA,NA
2,50,sqrt,10,10000,static,0,0,2,0.076508,yes,NA,NA,NA,NA,NA,NA,NA,NA
20,100,sqrt,1000,10000,dynamic,10,50,2,1.090510,no,NA,NA,NA,NA,NA,NA,NA,NA
40,100,statespace,0,5000,guided,1,50,2,0.496159,no,NA,NA,NA,NA,NA,NA,NA,NA
4,10,hogwild,0,5000,static,1,0,2,0.002122,yes,NA,NA,NA,NA,NA,NA,NA,NA
8,10,sqrt,0,5000,guided,1,50,2,0.004571,yes,NA,NA,NA,NA,NA,NA,NA,NA
16,50,sqrt,0,10000,dynamic,0,50,2,0.401967,no,NA,NA,NA,NA,NA,NA,NA,NA
16,100,sqrt,10,5000,static,1,0,2,0.180829,no,NA,NA,NA,NA,NA,NA,NA,NA
2,10,sqrt,0,10000,dynamic,1,0,2,0.005500,yes,NA,NA,NA,NA,NA,NA,NA,NA
40,50,statespace,0,5000,guided,1,0,2,0.018471,no,NA,NA,NA,NA,NA,NA,NA,NA
2,100,sqrt,0,5000,dynamic,10,0,2,0.122906,no,NA,NA,NA,NA,NA,NA,NA,NA
4,10,statespace,0,5000,guided,10,0,2,0.002726,yes,NA,NA,NA,NA,NA,NA,NA,NA
20,50,hogwild,0,10000,guided,1,50,2,0.189703,no,NA,NA,NA,NA,NA,NA,NA,NA
2,100,statespace,0,10000,dynamic,10,0,2,0.137783,no,NA,NA,NA,NA,NA,NA,NA,NA
40,50,statespace,0,10000,static,1,50,2,0.256004,no,NA,NA,NA,NA,NA,NA,NA,NA
40,100,sqrt,0,5000,static,1,0,2,0.120867,no,NA,NA,NA,NA,NA,NA,NA,NA
40,10,hogwild,0,5000,dynamic,10,50,2,0.004853,yes,NA,NA,NA,NA,NA,NA,NA,NA
16,100,sqrt,1000,5000,static,1,0,2,0.031829,no,NA,NA,NA,NA,NA,NA,NA,NA
20,10,statespace,0,5000,static,10,0,2,0.003677,yes,NA,NA,NA,NA,NA,NA,NA,NA
4,10,sqrt,10,10000,dynamic,0,50,2,0.012497,yes,NA,NA,NA,NA,NA,NA,NA,NA
40,10,hogwild,0,10000,static,0,0,2,0.006137,yes,NA,NA,NA,NA,NA,NA,NA,NA
2,10,hogwild,0,10000,dynamic,0,50,2,0.012048,no,NA,NA,NA,NA,NA,NA,NA,NA
2,50,sqrt,0,5000,static,0,50,2,0.733922,no,NA,NA,NA,NA,NA,NA,NA,NA
4,10,sqrt,10,5000,guided,0,50,2,0.006734,yes,NA,NA,NA,NA,NA,NA,NA,NA
40,100,sqrt,1000,5000,guided,0,50,2,0.505460,no,NA,NA,NA,NA,NA,NA,NA,NA
20,50,hogwild,0,10000,static,1,0,2,0.008893,yes,NA,NA,NA,NA,NA,NA,NA,NA
4,10,statespace,0,10000,guided,1,50,2,0.006994,yes,NA,NA,NA,NA,NA,NA,NA,NA
8,100,hogwild,0,10000,static,0,50,2,2.744900,no,NA,NA,NA,NA,NA,NA,NA,NA
2,50,hogwild,0,10000,dynamic,10,0,2,0.039176,yes,NA,NA,NA,NA,NA,NA,NA,NA
2,50,sqrt,1000,5000,static,0,0,2,0.029053,yes,NA,NA,NA,NA,NA,NA,NA,NA
16,50,sqrt,1000,5000,static,10,0,2,0.018627,no,NA,NA,NA,NA,NA,NA,NA,NA
4,10,sqrt,1000,5000,guided,1,50,2,0.003586,yes,NA,NA,NA,NA,NA,NA,NA,NA
20,50,sqrt,1000,10000,static,0,50,2,0.253492,no,NA,NA,NA,NA,NA,NA,NA,NA
8,100,sqrt,1000,5000,guided,0,0,2,0.038991,no,NA,NA,NA,NA,NA,NA,NA,NA
16,100,hogwild,0,5000,guided,1,0,2,0.015501,yes,NA,NA,NA,NA,NA,NA,NA,NA
20,10,hogwild,0,5000,guided,10,50,2,0.004400,no,NA,NA,NA,NA,NA,NA,NA,NA
40,100,sqrt,0,5000,static,10,50,2,4.801071,no,NA,NA,NA,NA,NA,NA,NA,NA
8,10,sqrt,1000,5000,guided,10,50,2,0.002502,yes,NA,NA,NA,NA,NA,NA,NA,NA
20,100,hogwild,0,10000,dynamic,1,50,2,1.227079,no,NA,NA,NA,NA,NA,NA,NA,NA
20,50,sqrt,10,10000,guided,1,0,2,0.133307,yes,NA,NA,NA,NA,NA,NA,NA,NA
40,50,sqrt,1000,10000,guided,0,0,2,0.026586,no,NA,NA,NA,NA,NA,NA,NA,NA
8,10,sqrt,10,10000,static,0,50,2,0.013343,yes,NA,NA,NA,NA,NA,NA,NA,NA
8,10,statespace,0,5000,guided,1,0,2,0.001758,yes,NA,NA,NA,NA,NA,NA,NA,NA
8,100,statespace,0,10000,guided,0,50,2,2.574872,no,NA,NA,NA,NA,NA,NA,NA,NA
40,50,statespace,0,10000,dynamic,10,50,2,0.274496,no,NA,NA,NA,NA,NA,NA,NA,NA
8,100,sqrt,10,10000,dynamic,1,50,2,4.175058,no,NA,NA,NA,NA,NA,NA,NA,NA
20,10,sqrt,1000,5000,guided,10,50,2,0.002774,yes,NA,NA,NA,NA,NA,NA,NA,NA
16,50,hogwild,0,5000,guided,0,0,2,0.006416,yes,NA,NA,NA,NA,NA,NA,NA,NA
8,100,sqrt,1000,10000,guided,10,50,2,2.595102,no,NA,NA,NA,NA,NA,NA,NA,NA
8,50,sqrt,10,5000,static,0,0,2,0.050096,no,NA,NA,NA,NA,NA,NA,NA,NA
2,50,statespace,0,10000,guided,0,50,2,1.312972,no,NA,NA,NA,NA,NA,NA,NA,NA
4,10,hogwild,0,10000,dynamic,10,0,2,0.004142,yes,NA,NA,NA,NA,NA,NA,NA,NA
16,100,sqrt,10,10000,guided,1,0,2,0.358062,no,NA,NA,NA,NA,NA,NA,NA,NA
4,100,statespace,0,10000,dynamic,10,50,2,4.824584,no,NA,NA,NA,NA,NA,NA,NA,NA
8,50,hogwild,0,10000,static,1,50,2,0.450017,no,NA,NA,NA,NA,NA,NA,NA,NA
16,100,sqrt,1000,10000,guided,10,0,2,0.052249,no,NA,NA,NA,NA,NA,NA,NA,NA
40,10,sqrt,1000,5000,dynamic,1,0,2,0.003334,yes,NA,NA,NA,NA,NA,NA,NA,NA
8,100,sqrt,0,10000,static,1,50,2,2.986734,no,NA,NA,NA,NA,NA,NA,NA,NA
4,100,sqrt,0,5000,dynamic,0,0,2,0.080958,no,NA,NA,NA,NA,NA,NA,NA,NA
40,10,statespace,0,5000,static,1,50,2,0.006805,no,NA,NA,NA,NA,NA,NA,NA,NA
8,100,statespace,0,5000,guided,10,50,2,1.254490,no,NA,NA,NA,NA,NA,NA,NA,NA
16,100,sqrt,1000,10000,guided,1,50,2,1.305244,no,NA,NA,NA,NA,NA,NA,NA,NA
4,10,sqrt,0,5000,static,1,50,2,0.004658,yes,NA,NA,NA,NA,NA,NA,NA,NA
4,10,statespace,0,5000,guided,1,50,2,0.003709,yes,NA,NA,NA,NA,NA,NA,NA,NA
40,50,sqrt,1000,5000,dynamic,1,50,2,0.135905,no,NA,NA,NA,NA,NA,NA,NA,NA
4,50,statespace,0,10000,static,0,0,2,0.032161,yes,NA,NA,NA,NA,NA,NA,NA,NA
16,10,sqrt,1000,10000,static,10,50,2,0.003508,yes,NA,NA,NA,NA,NA,NA,NA,NA
4,100,sqrt,10,5000,dynamic,1,0,2,0.137427,no,NA,NA,NA,NA,NA,NA,NA,NA
2,100,sqrt,0,10000,dynamic,0,0,2,0.145097,yes,NA,NA,NA,NA,NA,NA,NA,NA
16,100,sqrt,0,10000,guided,0,50,2,1.783062,no,NA,NA,NA,NA,NA,NA,NA,NA
8,10,statespace,0,5000,static,0,50,2,0.003277,yes,NA,NA,NA,NA,NA,NA,NA,NA
2,100,statespace,0,10000,static,0,50,2,8.804934,no,NA,NA,NA,NA,NA,NA,NA,NA
8,10,sqrt,10,10000,guided,1,0,2,0.009649,yes,NA,NA,NA,NA,NA,NA,NA,NA
8,10,sqrt,10,5000,static,10,50,2,0.018139,yes,NA,NA,NA,NA,NA,NA,NA,NA
40,10,sqrt,10,5000,static,10,50,2,0.036593,yes,NA,NA,NA,NA,NA,NA,NA,NA
4,50,hogwild,0,10000,guided,1,50,2,0.766242,no,NA,NA,NA,NA,NA,NA,NA,NA
8,50,sqrt,1000,10000,guided,10,50,2,0.468667,no,NA,NA,NA,NA,NA,NA,NA,NA
4,50,sqrt,1000,10000,static,1,50,2,0.803559,no,NA,NA,NA,NA,NA,NA,NA,NA
16,100,hogwild,0,10000,static,10,0,2,0.026222,yes,NA,NA,NA,NA,NA,NA,NA,NA
4,100,sqrt,10,10000,guided,1,50,2,5.958023,no,NA,NA,NA,NA,NA,NA,NA,NA
8,10,sqrt,10,5000,dynamic,10,50,2,0.018184,yes,NA,NA,NA,NA,NA,NA,NA,NA
20,50,statespace,0,5000,dynamic,0,50,2,0.138233,no,NA,NA,NA,NA,NA,NA,NA,NA
4,100,hogwild,0,10000,dynamic,0,50,2,4.977658,no,NA,NA,NA,NA,NA,NA,NA,NA
2,50,sqrt,1000,10000,dynamic,1,50,2,1.284527,no,NA,NA,NA,NA,NA,NA,NA,NA
16,100,sqrt,0,5000,guided,10,0,2,0.238273,no,NA,NA,NA,NA,NA,NA,NA,NA
2,50,sqrt,1000,5000,guided,1,50,2,0.702770,no,NA,NA,NA,NA,NA,NA,NA,NA
2,100,statespace,0,5000,dynamic,0,50,2,4.364605,no,NA,NA,NA,NA,NA,NA,NA,NA
20,100,statespace,0,10000,guided,1,50,2,1.035122,no,NA,NA,NA,NA,NA,NA,NA,NA
4,10,statespace,0,5000,static,1,50,2,0.003874,yes,NA,NA,NA,NA,NA,NA,NA,NA
40,100,statespace,0,5000,static,10,50,2,0.528102,no,NA,NA,NA,NA,NA,NA,NA,NA
4,10,sqrt,10,10000,dynamic,10,0,2,0.015116,yes,NA,NA,NA,NA,NA,NA,NA,NA
4,100,hogwild,0,5000,dynamic,1,0,2,0.041912,yes,NA,NA,NA,NA,NA,NA,NA,NA
4,10,sqrt,10,10000,dynamic,10,50,2,0.028972,yes,NA,NA,NA,NA,NA,NA,NA,NA
40,100,sqrt,0,5000,dynamic,10,50,2,4.559788,no,NA,NA,NA,NA,NA,NA,NA,NA
40,100,hogwild,0,10000,static,0,50,2,0.946274,no,NA,NA,NA,NA,NA,NA,NA,NA
8,100,hogwild,0,5000,guided,1,50,2,1.286105,no,NA,NA,NA,NA,NA,NA,NA,NA
8,10,hogwild,0,5000,dynamic,0,0,2,0.001802,yes,NA,NA,NA,NA,NA,NA,NA,NA
20,100,hogwild,0,5000,dynamic,0,50,2,0.588846,no,NA,NA,NA,NA,NA,NA,NA,NA
2,100,sqrt,1000,5000,dynamic,1,50,2,4.366180,no,NA,NA,NA,NA,NA,NA,NA,NA
40,100,hogwild,0,5000,static,10,50,2,0.492540,no,NA,NA,NA,NA,NA,NA,NA,NA
40,10,sqrt,0,5000,dynamic,0,50,2,0.009092,no,NA,NA,NA,NA,NA,NA,NA,NA
2,10,sqrt,10,10000,guided,0,50,2,0.015024,yes,NA,NA,NA,NA,NA,NA,NA,NA
20,10,hogwild,0,5000,static,0,0,2,0.003446,yes,NA,NA,NA,NA,NA,NA,NA,NA
40,100,sqrt,1000,5000,guided,10,0,2,0.052467,no,NA,NA,NA,NA,NA,NA,NA,NA
8,10,sqrt,1000,5000,static,1,0,2,0.001468,yes,NA,NA,NA,NA,NA,NA,NA,NA
2,50,sqrt,10,10000,guided,1,0,2,0.077873,yes,NA,NA,NA,NA,NA,NA,NA,NA
4,100,statespace,0,5000,static,1,50,2,2.442134,no,NA,NA,NA,NA,NA,NA,NA,NA
16,100,statespace,0,5000,dynamic,10,50,2,0.642467,no,NA,NA,NA,NA,NA,NA,NA,NA
4,100,hogwild,0,10000,static,1,50,2,5.097887,no,NA,NA,NA,NA,NA,NA,NA,NA
16,50,statespace,0,5000,guided,1,0,2,0.016973,no,NA,NA,NA,NA,NA,NA,NA,NA
40,10,sqrt,10,5000,static,10,0,2,0.024448,yes,NA,NA,NA,NA,NA,NA,NA,NA
40,10,sqrt,10,5000,static,1,50,2,0.020462,yes,NA,NA,NA,NA,NA,NA,NA,NA
40,50,sqrt,0,10000,guided,0,0,2,0.068247,no,NA,NA,NA,NA,NA,NA,NA,NA
16,100,sqrt,10,10000,dynamic,10,50,2,18.047249,no,NA,NA,NA,NA,NA,NA,NA,NA
4,10,sqrt,1000,10000,dynamic,1,50,2,0.006197,yes,NA,NA,NA,NA,NA,NA,NA,NA
16,50,hogwild,0,5000,dynamic,10,50,2,0.120675,no,NA,NA,NA,NA,NA,NA,NA,NA
8,10,statespace,0,10000,static,1,0,2,0.002878,yes,NA,NA,NA,NA,NA,NA,NA,NA
8,10,sqrt,10,10000,guided,10,0,2,0.017701,yes,NA,NA,NA,NA,NA,NA,NA,NA
16,50,statespace,0,5000,guided,0,50,2,0.168751,no,NA,NA,NA,NA,NA,NA,NA,NA
20,10,statespace,0,10000,static,1,0,2,0.004713,yes,NA,NA,NA,NA,NA,NA,NA,NA
16,100,hogwild,0,5000,dynamic,1,0,2,0.014331,yes,NA,NA,NA,NA,NA,NA,NA,NA
8,10,statespace,0,10000,guided,0,0,2,0.002903,yes,NA,NA,NA,NA,NA,NA,NA,NA
20,50,sqrt,1000,10000,static,1,0,2,0.021962,no,NA,NA,NA,NA,NA,NA,NA,NA
2,100,sqrt,10,5000,dynamic,0,50,2,4.450397,no,NA,NA,NA,NA,NA,NA,NA,NA
8,10,sqrt,10,10000,static,0,0,2,0.009773,yes,NA,NA,NA,NA,NA,NA,NA,NA
40,50,sqrt,10,5000,dynamic,1,50,2,0.568183,no,NA,NA,NA,NA,NA,NA,NA,NA
16,10,sqrt,0,5000,dynamic,1,0,2,0.008927,yes,NA,NA,NA,NA,NA,NA,NA,NA
20,10,sqrt,1000,10000,guided,0,0,2,0.002406,yes,NA,NA,NA,NA,NA,NA,NA,NA
8,10,sqrt,10,10000,dynamic,10,0,2,0.017940,yes,NA,NA,NA,NA,NA,NA,NA,NA
2,50,hogwild,0,10000,static,1,50,2,1.310939,no,NA,NA,NA,NA,NA,NA,NA,NA
20,10,sqrt,0,10000,guided,0,0,2,0.022257,yes,NA,NA,NA,NA,NA,NA,NA,NA
16,100,hogwild,0,5000,guided,10,50,2,0.714282,no,NA,NA,NA,NA,NA,NA,NA,NA
8,50,sqrt,1000,10000,static,10,50,2,0.501810,no,NA,NA,NA,NA,NA,NA,NA,NA
4,100,sqrt,1000,10000,static,10,50,2,4.846600,no,NA,NA,NA,NA,NA,NA,NA,NA
40,10,hogwild,0,10000,guided,0,0,2,0.006582,yes,NA,NA,NA,NA,NA,NA,NA,NA
16,50,statespace,0,10000,dynamic,0,0,2,0.021678,no,NA,NA,NA,NA,NA,NA,NA,NA
16,100,sqrt,0,10000,guided,0,0,2,0.172090,no,NA,NA,NA,NA,NA,NA,NA,NA
20,10,statespace,0,10000,guided,10,0,2,0.005516,yes,NA,NA,NA,NA,NA,NA,NA,NA
4,100,statespace,0,10000,guided,10,0,2,0.111917,no,NA,NA,NA,NA,NA,NA,NA,NA
8,100,statespace,0,5000,guided,0,50,2,1.252316,no,NA,NA,NA,NA,NA,NA,NA,NA
2,50,sqrt,0,10000,dynamic,1,0,2,0.045364,yes,NA,NA,NA,NA,NA,NA,NA,NA
2,10,hogwild,0,5000,static,1,50,2,0.006184,yes,NA,NA,NA,NA,NA,NA,NA,NA
4,50,sqrt,0,5000,static,1,50,2,0.484695,no,NA,NA,NA,NA,NA,NA,NA,NA
20,100,statespace,0,5000,guided,10,50,2,0.542572,no,NA,NA,NA,NA,NA,NA,NA,NA
16,50,sqrt,0,10000,guided,1,50,2,0.440400,no,NA,NA,NA,NA,NA,NA,NA,NA
2,100,sqrt,1000,10000,static,10,0,2,0.134488,yes,NA,NA,NA,NA,NA,NA,NA,NA
16,10,sqrt,1000,10000,static,1,0,2,0.002419,yes,NA,NA,NA,NA,NA,NA,NA,NA
4,10,sqrt,1000,5000,dynamic,1,50,2,0.003521,yes,NA,NA,NA,NA,NA,NA,NA,NA
2,10,sqrt,0,10000,dynamic,0,0,2,0.005287,yes,NA,NA,NA,NA,NA,NA,NA,NA
2,10,sqrt,1000,10000,static,0,0,2,0.004964,yes,NA,NA,NA,NA,NA,NA,NA,NA
16,100,statespace,0,10000,guided,1,50,2,1.282693,no,NA,NA,NA,NA,NA,NA,NA,NA
40,50,sqrt,1000,10000,dynamic,10,50,2,0.298703,no,NA,NA,NA,NA,NA,NA,NA,NA
20,100,statespace,0,10000,static,10,0,2,0.043572,no,NA,NA,NA,NA,NA,NA,NA,NA
8,100,hogwild,0,10000,guided,10,50,2,2.662658,no,NA,NA,NA,NA,NA,NA,NA,NA
16,100,sqrt,10,10000,dynamic,10,0,2,0.902106,no,NA,NA,NA,NA,NA,NA,NA,NA
40,10,sqrt,1000,5000,dynamic,10,50,2,0.004402,no,NA,NA,NA,NA,NA,NA,NA,NA
4,50,sqrt,1000,10000,static,1,0,2,0.032447,yes,NA,NA,NA,NA,NA,NA,NA,NA
20,10,sqrt,10,10000,guided,0,0,2,0.032430,yes,NA,NA,NA,NA,NA,NA,NA,NA
2,100,statespace,0,10000,static,0,0,2,0.141935,no,NA,NA,NA,NA,NA,NA,NA,NA
20,10,sqrt,0,10000,dynamic,0,0,2,0.016526,yes,NA,NA,NA,NA,NA,NA,NA,NA
8,10,hogwild,0,5000,dynamic,10,0,2,0.001899,yes,NA,NA,NA,NA,NA,NA,NA,NA
40,10,sqrt,0,10000,guided,10,0,2,0.012961,yes,NA,NA,NA,NA,NA,NA,NA,NA
20,10,sqrt,0,10000,dynamic,1,50,2,0.017823,yes,NA,NA,NA,NA,NA,NA,NA,NA
2,100,sqrt,0,5000,dynamic,0,0,2,0.106458,no,NA,NA,NA,NA,NA,NA,NA,NA
4,100,statespace,0,10000,guided,1,0,2,0.111969,no,NA,NA,NA,NA,NA,NA,NA,NA
16,100,sqrt,10,5000,static,10,50,2,9.059188,no,NA,NA,NA,NA,NA,NA,NA,NA
8,10,sqrt,1000,10000,guided,1,50,2,0.003978,yes,NA,NA,NA,NA,NA,NA,NA,NA
40,100,sqrt,0,5000,dynamic,0,50,2,0.586706,no,NA,NA,NA,NA,NA,NA,NA,NA
8,10,sqrt,1000,5000,static,0,0,2,0.001356,yes,NA,NA,NA,NA,NA,NA,NA,NA
20,100,sqrt,1000,5000,static,0,50,2,0.543799,no,NA,NA,NA,NA,NA,NA,NA,NA
8,50,hogwild,0,10000,static,10,50,2,0.450305,no,NA,NA,NA,NA,NA,NA,NA,NA
4,50,sqrt,0,5000,guided,1,50,2,0.472515,no,NA,NA,NA,NA,NA,NA,NA,NA
4,100,sqrt,1000,10000,guided,1,50,2,4.870283,no,NA,NA,NA,NA,NA,NA,NA,NA
4,10,sqrt,0,5000,guided,1,0,2,0.002540,yes,NA,NA,NA,NA,NA,NA,NA,NA
20,100,sqrt,10,5000,guided,0,0,2,0.232111,no,NA,NA,NA,NA,NA,NA,NA,NA
20,100,hogwild,0,5000,static,1,0,2,0.012526,yes,NA,NA,NA,NA,NA,NA,NA,NA
40,10,hogwild,0,5000,guided,0,0,2,0.004048,yes,NA,NA,NA,NA,NA,NA,NA,NA
4,50,sqrt,10,10000,dynamic,0,50,2,0.972457,no,NA,NA,NA,NA,NA,NA,NA,NA
8,100,sqrt,1000,10000,dynamic,10,50,2,2.597864,no,NA,NA,NA,NA,NA,NA,NA,NA
40,50,sqrt,1000,5000,guided,10,0,2,0.021963,no,NA,NA,NA,NA,NA,NA,NA,NA
8,50,sqrt,1000,5000,static,1,50,2,0.296997,no,NA,NA,NA,NA,NA,NA,NA,NA
4,10,statespace,0,10000,dynamic,1,50,2,0.006892,yes,NA,NA,NA,NA,NA,NA,NA,NA
40,10,sqrt,10,5000,guided,1,50,2,0.023741,yes,NA,NA,NA,NA,NA,NA,NA,NA
8,10,hogwild,0,5000,guided,1,50,2,0.002694,yes,NA,NA,NA,NA,NA,NA,NA,NA
40,10,sqrt,10,5000,dynamic,1,0,2,0.020344,yes,NA,NA,NA,NA,NA,NA,NA,NA
2,50,statespace,0,10000,guided,10,0,2,0.042178,yes,NA,NA,NA,NA,NA,NA,NA,NA
8,10,sqrt,10,10000,static,10,0,2,0.019143,yes,NA,NA,NA,NA,NA,NA,NA,NA
20,100,sqrt,10,10000,static,0,50,2,2.472738,no,NA,NA,NA,NA,NA,NA,NA,NA
8,100,sqrt,10,5000,dynamic,0,0,2,0.125886,no,NA,NA,NA,NA,NA,NA,NA,NA
16,50,sqrt,0,10000,guided,0,0,2,0.063802,no,NA,NA,NA,NA,NA,NA,NA,NA
8,100,sqrt,0,10000,dynamic,0,50,2,2.903880,no,NA,NA,NA,NA,NA,NA,NA,NA
2,10,sqrt,1000,5000,dynamic,0,50,2,0.005448,yes,NA,NA,NA,NA,NA,NA,NA,NA
20,100,sqrt,1000,10000,static,10,50,2,1.055042,no,NA,NA,NA,NA,NA,NA,NA,NA
8,100,sqrt,0,5000,dynamic,0,0,2,0.076742,no,NA,NA,NA,NA,NA,NA,NA,NA
4,100,statespace,0,5000,dynamic,0,0,2,0.061628,no,NA,NA,NA,NA,NA,NA,NA,NA
16,50,sqrt,0,10000,static,1,50,2,0.451950,no,NA,NA,NA,NA,NA,NA,NA,NA
2,50,sqrt,0,5000,dynamic,1,50,2,0.696071,no,NA,NA,NA,NA,NA,NA,NA,NA
16,50,hogwild,0,5000,static,10,0,2,0.007993,yes,NA,NA,NA,NA,NA,NA,NA,NA
40,10,statespace,0,5000,guided,0,50,2,0.044531,no,NA,NA,NA,NA,NA,NA,NA,NA
8,10,sqrt,1000,10000,static,1,0,2,0.002188,yes,NA,NA,NA,NA,NA,NA,NA,NA
40,100,sqrt,0,10000,guided,1,0,2,0.677092,no,NA,NA,NA,NA,NA,NA,NA,NA
20,100,sqrt,0,10000,static,1,0,2,0.230293,no,NA,NA,NA,NA,NA,NA,NA,NA
16,50,sqrt,10,5000,dynamic,10,50,2,2.138658,no,NA,NA,NA,NA,NA,NA,NA,NA
20,50,hogwild,0,10000,dynamic,1,50,2,0.191815,no,NA,NA,NA,NA,NA,NA,NA,NA
2,100,sqrt,0,5000,dynamic,1,50,2,4.363829,no,NA,NA,NA,NA,NA,NA,NA,NA
2,50,sqrt,1000,10000,dynamic,0,0,2,0.041720,yes,NA,NA,NA,NA,NA,NA,NA,NA
16,100,hogwild,0,5000,static,1,50,2,0.765052,no,NA,NA,NA,NA,NA,NA,NA,NA
16,50,sqrt,1000,5000,guided,10,0,2,0.017564,no,NA,NA,NA,NA,NA,NA,NA,NA
16,50,sqrt,10,10000,guided,10,50,2,3.577077,no,NA,NA,NA,NA,NA,NA,NA,NA
8,50,statespace,0,10000,static,10,0,2,0.026508,yes,NA,NA,NA,NA,NA,NA,NA,NA
8,10,sqrt,1000,5000,guided,1,0,2,0.001368,yes,NA,NA,NA,NA,NA,NA,NA,NA
8,10,hogwild,0,5000,guided,10,0,2,0.001833,yes,NA,NA,NA,NA,NA,NA,NA,NA
8,50,hogwild,0,10000,guided,0,50,2,0.454160,no,NA,NA,NA,NA,NA,NA,NA,NA
8,10,sqrt,0,5000,guided,10,0,2,0.004336,yes,NA,NA,NA,NA,NA,NA,NA,NA
4,10,sqrt,1000,5000,static,1,0,2,0.001694,yes,NA,NA,NA,NA,NA,NA,NA,NA
4,50,hogwild,0,5000,guided,1,0,2,0.014028,yes,NA,NA,NA,NA,NA,NA,NA,NA
2,10,sqrt,1000,10000,dynamic,1,0,2,0.004754,yes,NA,NA,NA,NA,NA,NA,NA,NA
40,100,sqrt,0,5000,static,0,50,2,0.587627,no,NA,NA,NA,NA,NA,NA,NA,NA
2,100,sqrt,0,5000,guided,10,50,2,4.497989,no,NA,NA,NA,NA,NA,NA,NA,NA
40,100,hogwild,0,10000,guided,0,50,2,0.947546,no,NA,NA,NA,NA,NA,NA,NA,NA
4,100,hogwild,0,5000,guided,10,50,2,2.435594,no,NA,NA,NA,NA,NA,NA,NA,NA
8,50,statespace,0,5000,guided,0,0,2,0.020939,no,NA,NA,NA,NA,NA,NA,NA,NA
40,50,sqrt,10,10000,static,0,50,2,1.044072,no,NA,NA,NA,NA,NA,NA,NA,NA
20,10,sqrt,10,5000,guided,1,50,2,0.018224,yes,NA,NA,NA,NA,NA,NA,NA,NA
40,10,sqrt,1000,5000,dynamic,0,0,2,0.003204,yes,NA,NA,NA,NA,NA,NA,NA,NA
40,10,hogwild,0,10000,dynamic,1,0,2,0.005945,yes,NA,NA,NA,NA,NA,NA,NA,NA
16,50,hogwild,0,10000,static,10,50,2,0.247470,no,NA,NA,NA,NA,NA,NA,NA,NA
20,100,hogwild,0,10000,dynamic,0,0,2,0.018472,no,NA,NA,NA,NA,NA,NA,NA,NA
40,10,hogwild,0,5000,static,10,0,2,0.004065,yes,NA,NA,NA,NA,NA,NA,NA,NA
16,100,sqrt,1000,10000,dynamic,10,0,2,0.051434,no,NA,NA,NA,NA,NA,NA,NA,NA
4,50,sqrt,10,10000,static,0,50,2,1.079577,no,NA,NA,NA,NA,NA,NA,NA,NA
2,10,hogwild,0,10000,guided,1,0,2,0.005790,yes,NA,NA,NA,NA,NA,NA,NA,NA
40,50,statespace,0,5000,static,1,50,2,0.135141,no,NA,NA,NA,NA,NA,NA,NA,NA
2,10,sqrt,1000,10000,dynamic,10,50,2,0.010293,yes,NA,NA,NA,NA,NA,NA,NA,NA
16,100,sqrt,0,5000,guided,0,0,2,0.127402,no,NA,NA,NA,NA,NA,NA,NA,NA
8,100,hogwild,0,5000,static,1,50,2,1.340471,no,NA,NA,NA,NA,NA,NA,NA,NA
4,10,sqrt,1000,5000,static,0,0,2,0.001807,yes,NA,NA,NA,NA,NA,NA,NA,NA
8,10,statespace,0,5000,static,1,0,2,0.001879,yes,NA,NA,NA,NA,NA,NA,NA,NA
8,50,sqrt,1000,5000,static,0,0,2,0.020360,no,NA,NA,NA,NA,NA,NA,NA,NA
40,10,sqrt,0,10000,guided,1,50,2,0.017774,yes,NA,NA,NA,NA,NA,NA,NA,NA
20,100,sqrt,1000,5000,guided,10,50,2,0.565451,no,NA,NA,NA,NA,NA,NA,NA,NA
20,100,hogwild,0,10000,static,0,0,2,0.018781,yes,NA,NA,NA,NA,NA,NA,NA,NA
40,100,sqrt,1000,5000,dynamic,10,50,2,0.589333,no,NA,NA,NA,NA,NA,NA,NA,NA
2,50,sqrt,0,5000,dynamic,10,50,2,0.813582,no,NA,NA,NA,NA,NA,NA,NA,NA
16,50,hogwild,0,10000,dynamic,1,0,2,0.010286,yes,NA,NA,NA,NA,NA,NA,NA,NA
16,100,sqrt,10,5000,static,0,0,2,0.186102,no,NA,NA,NA,NA,NA,NA,NA,NA
16,50,sqrt,10,5000,dynamic,0,0,2,0.067481,no,NA,NA,NA,NA,NA,NA,NA,NA
40,100,hogwild,0,10000,static,10,50,2,0.975873,no,NA,NA,NA,NA,NA,NA,NA,NA
4,100,sqrt,0,10000,dynamic,0,0,2,0.124941,no,NA,NA,NA,NA,NA,NA,NA,NA
2,10,hogwild,0,10000,dynamic,1,50,2,0.012334,yes,NA,NA,NA,NA,NA,NA,NA,NA
8,10,sqrt,10,5000,dynamic,10,0,2,0.009534,yes,NA,NA,NA,NA,NA,NA,NA,NA
4,100,sqrt,0,10000,guided,10,50,2,6.366670,no,NA,NA,NA,NA,NA,NA,NA,NA
8,50,sqrt,0,5000,static,10,0,2,0.058849,no,NA,NA,NA,NA,NA,NA,NA,NA
20,50,statespace,0,10000,static,0,0,2,0.022290,no,NA,NA,NA,NA,NA,NA,NA,NA
20,50,statespace,0,5000,static,10,50,2,0.143936,no,NA,NA,NA,NA,NA,NA,NA,NA
16,50,sqrt,1000,5000,guided,1,50,2,0.168887,no,NA,NA,NA,NA,NA,NA,NA,NA
20,10,statespace,0,10000,guided,0,50,2,0.006717,yes,NA,NA,NA,NA,NA,NA,NA,NA
4,10,sqrt,1000,5000,guided,0,0,2,0.001737,yes,NA,NA,NA,NA,NA,NA,NA,NA
40,100,sqrt,1000,5000,static,1,0,2,0.050136,no,NA,NA,NA,NA,NA,NA,NA,NA
8,100,sqrt,1000,10000,static,0,0,2,0.068003,no,NA,NA,NA,NA,NA,NA,NA,NA
16,10,sqrt,1000,10000,guided,1,50,2,0.003352,yes,NA,NA,NA,NA,NA,NA,NA,NA
4,100,sqrt,0,10000,static,10,0,2,0.171967,no,NA,NA,NA,NA,NA,NA,NA,NA
16,10,sqrt,10,5000,dynamic,0,50,2,0.019612,yes,NA,NA,NA,NA,NA,NA,NA,NA
2,50,sqrt,0,10000,static,10,0,2,0.050627,yes,NA,NA,NA,NA,NA,NA,NA,NA
40,50,hogwild,0,5000,guided,0,0,2,0.006148,yes,NA,NA,NA,NA,NA,NA,NA,NA
2,100,statespace,0,10000,static,10,0,2,0.140231,no,NA,NA,NA,NA,NA,NA,NA,NA
16,50,sqrt,10,5000,guided,10,0,2,0.174287,no,NA,NA,NA,NA,NA,NA,NA,NA
40,10,sqrt,1000,10000,guided,0,0,2,0.003441,yes,NA,NA,NA,NA,NA,NA,NA,NA
16,50,sqrt,1000,10000,static,10,0,2,0.024300,no,NA,NA,NA,NA,NA,NA,NA,NA
8,50,sqrt,1000,10000,dynamic,1,50,2,0.464833,no,NA,NA,NA,NA,NA,NA,NA,NA
20,10,sqrt,10,5000,guided,0,0,2,0.023210,yes,NA,NA,NA,NA,NA,NA,NA,NA
8,10,statespace,0,10000,guided,0,50,2,0.004847,yes,NA,NA,NA,NA,NA,NA,NA,NA
20,50,sqrt,1000,5000,dynamic,0,50,2,0.138209,no,NA,NA,NA,NA,NA,NA,NA,NA
40,50,sqrt,10,5000,dynamic,10,50,2,2.524518,no,NA,NA,NA,NA,NA,NA,NA,NA
8,100,sqrt,1000,10000,guided,10,0,2,0.071661,no,NA,NA,NA,NA,NA,NA,NA,NA
4,100,statespace,0,5000,dynamic,1,0,2,0.061834,no,NA,NA,NA,NA,NA,NA,NA,NA
40,10,sqrt,1000,10000,guided,0,50,2,0.004884,yes,NA,NA,NA,NA,NA,NA,NA,NA
4,10,hogwild,0,10000,guided,1,0,2,0.003943,yes,NA,NA,NA,NA,NA,NA,NA,NA
20,100,sqrt,10,10000,guided,0,0,2,0.442052,no,NA,NA,NA,NA,NA,NA,NA,NA
2,10,hogwild,0,5000,dynamic,10,50,2,0.006104,yes,NA,NA,NA,NA,NA,NA,NA,NA
20,10,sqrt,0,5000,guided,1,0,2,0.011861,yes,NA,NA,NA,NA,NA,NA,NA,NA
16,100,statespace,0,5000,static,0,0,2,0.031991,no,NA,NA,NA,NA,NA,NA,NA,NA
2,50,statespace,0,10000,dynamic,10,50,2,1.297000,no,NA,NA,NA,NA,NA,NA,NA,NA
4,100,statespace,0,10000,guided,1,50,2,4.833676,no,NA,NA,NA,NA,NA,NA,NA,NA
4,10,sqrt,10,5000,static,1,0,2,0.004466,yes,NA,NA,NA,NA,NA,NA,NA,NA
2,10,sqrt,1000,5000,guided,1,0,2,0.002662,yes,NA,NA,NA,NA,NA,NA,NA,NA
4,50,sqrt,0,10000,dynamic,1,0,2,0.035806,yes,NA,NA,NA,NA,NA,NA,NA,NA
4,10,sqrt,0,5000,guided,1,50,2,0.004483,yes,NA,NA,NA,NA,NA,NA,NA,NA
20,10,sqrt,1000,5000,static,0,50,2,0.002781,yes,NA,NA,NA,NA,NA,NA,NA,NA
16,100,statespace,0,5000,guided,1,0,2,0.031668,no,NA,NA,NA,NA,NA,NA,NA,NA
2,10,sqrt,1000,5000,guided,10,0,2,0.002644,yes,NA,NA,NA,NA,NA,NA,NA,NA
4,100,sqrt,1000,5000,guided,10,0,2,0.062585,no,NA,NA,NA,NA,NA,NA,NA,NA
4,50,sqrt,0,10000,dynamic,10,0,2,0.049567,yes,NA,NA,NA,NA,NA,NA,NA,NA
2,50,sqrt,1000,5000,static,10,0,2,0.028737,yes,NA,NA,NA,NA,NA,NA,NA,NA
16,50,statespace,0,10000,guided,10,50,2,0.297401,no,NA,NA,NA,NA,NA,NA,NA,NA
4,10,sqrt,10,10000,guided,1,50,2,0.012721,yes,NA,NA,NA,NA,NA,NA,NA,NA
20,100,sqrt,0,5000,dynamic,10,50,2,4.528733,no,NA,NA,NA,NA,NA,NA,NA,NA
2,10,sqrt,1000,5000,dynamic,10,0,2,0.002588,yes,NA,NA,NA,NA,NA,NA,NA,NA
40,50,sqrt,10,5000,guided,0,50,2,0.556941,no,NA,NA,NA,NA,NA,NA,NA,NA
20,100,sqrt,1000,10000,static,0,0,2,0.047406,no,NA,NA,NA,NA,NA,NA,NA,NA
4,100,statespace,0,10000,static,1,0,2,0.111790,no,NA,NA,NA,NA,NA,NA,NA,NA
16,100,sqrt,0,5000,dynamic,1,50,2,1.279051,no,NA,NA,NA,NA,NA,NA,NA,NA
4,50,sqrt,0,10000,static,0,50,2,0.885531,no,NA,NA,NA,NA,NA,NA,NA,NA
16,10,sqrt,1000,10000,static,0,50,2,0.003586,yes,NA,NA,NA,NA,NA,NA,NA,NA
40,10,sqrt,10,5000,guided,0,0,2,0.021198,yes,NA,NA,NA,NA,NA,NA,NA,NA
2,100,statespace,0,5000,static,1,0,2,0.101181,no,NA,NA,NA,NA,NA,NA,NA,NA
8,10,statespace,0,10000,static,1,50,2,0.005168,yes,NA,NA,NA,NA,NA,NA,NA,NA
4,100,sqrt,1000,10000,static,1,50,2,4.851756,no,NA,NA,NA,NA,NA,NA,NA,NA
2,100,sqrt,0,10000,dynamic,0,50,2,8.790542,no,NA,NA,NA,NA,NA,NA,NA,NA
2,100,hogwild,0,10000,guided,0,0,2,0.113317,yes,NA,NA,NA,NA,NA,NA,NA,NA
16,10,sqrt,10,10000,static,0,0,2,0.032603,yes,NA,NA,NA,NA,NA,NA,NA,NA
8,100,sqrt,10,5000,dynamic,10,50,2,8.901133,no,NA,NA,NA,NA,NA,NA,NA,NA
20,10,hogwild,0,5000,dynamic,10,0,2,0.004208,yes,NA,NA,NA,NA,NA,NA,NA,NA
8,10,sqrt,1000,5000,dynamic,0,50,2,0.002441,yes,NA,NA,NA,NA,NA,NA,NA,NA
20,50,sqrt,1000,10000,static,10,0,2,0.022026,no,NA,NA,NA,NA,NA,NA,NA,NA
4,100,hogwild,0,10000,dynamic,0,0,2,0.061761,yes,NA,NA,NA,NA,NA,NA,NA,NA
2,50,hogwild,0,10000,dynamic,1,0,2,0.039193,yes,NA,NA,NA,NA,NA,NA,NA,NA
8,100,sqrt,10,10000,dynamic,1,0,2,0.240818,no,NA,NA,NA,NA,NA,NA,NA,NA
8,50,hogwild,0,5000,dynamic,1,0,2,0.007709,yes,NA,NA,NA,NA,NA,NA,NA,NA
40,10,hogwild,0,5000,guided,1,0,2,0.005699,yes,NA,NA,NA,NA,NA,NA,NA,NA
8,10,sqrt,10,5000,dynamic,1,0,2,0.005133,yes,NA,NA,NA,NA,NA,NA,NA,NA
20,50,sqrt,10,10000,static,1,0,2,0.135507,yes,NA,NA,NA,NA,NA,NA,NA,NA
40,50,statespace,0,5000,static,10,50,2,0.148884,no,NA,NA,NA,NA,NA,NA,NA,NA
2,50,hogwild,0,5000,guided,0,0,2,0.024132,yes,NA,NA,NA,NA,NA,NA,NA,NA
40,100,sqrt,1000,10000,dynamic,1,0,2,0.062063,no,NA,NA,NA,NA,NA,NA,NA,NA
16,10,statespace,0,5000,dynamic,1,0,2,0.003061,yes,NA,NA,NA,NA,NA,NA,NA,NA
4,100,sqrt,10,5000,guided,10,50,2,8.875703,no,NA,NA,NA,NA,NA,NA,NA,NA
40,50,hogwild,0,5000,static,0,50,2,0.078725,no,NA,NA,NA,NA,NA,NA,NA,NA
40,100,sqrt,0,5000,dynamic,0,0,2,0.123711,no,NA,NA,NA,NA,NA,NA,NA,NA
40,10,statespace,0,5000,dynamic,1,0,2,0.004274,yes,NA,NA,NA,NA,NA,NA,NA,NA
8,10,statespace,0,5000,guided,10,50,2,0.003699,yes,NA,NA,NA,NA,NA,NA,NA,NA
16,100,statespace,0,5000,dynamic,1,0,2,0.031020,no,NA,NA,NA,NA,NA,NA,NA,NA
16,100,sqrt,0,10000,static,1,0,2,0.168372,no,NA,NA,NA,NA,NA,NA,NA,NA
2,50,sqrt,0,10000,guided,1,0,2,0.046447,yes,NA,NA,NA,NA,NA,NA,NA,NA
2,100,hogwild,0,10000,dynamic,0,50,2,8.811023,no,NA,NA,NA,NA,NA,NA,NA,NA
16,10,hogwild,0,5000,dynamic,10,0,2,0.003988,yes,NA,NA,NA,NA,NA,NA,NA,NA
2,100,sqrt,1000,5000,dynamic,1,0,2,0.098634,no,NA,NA,NA,NA,NA,NA,NA,NA
2,50,sqrt,0,10000,dynamic,1,50,2,1.269816,no,NA,NA,NA,NA,NA,NA,NA,NA
16,100,statespace,0,5000,static,1,0,2,0.032409,no,NA,NA,NA,NA,NA,NA,NA,NA
20,100,sqrt,1000,5000,static,1,50,2,0.558322,no,NA,NA,NA,NA,NA,NA,NA,NA
2,10,hogwild,0,5000,static,1,0,2,0.003333,yes,NA,NA,NA,NA,NA,NA,NA,NA
2,50,statespace,0,5000,dynamic,1,50,2,0.713253,no,NA,NA,NA,NA,NA,NA,NA,NA
8,100,statespace,0,5000,guided,10,0,2,0.038075,no,NA,NA,NA,NA,NA,NA,NA,NA
2,100,sqrt,10,10000,guided,0,0,2,0.265727,yes,NA,NA,NA,NA,NA,NA,NA,NA
40,50,sqrt,0,5000,guided,1,50,2,0.161338,no,NA,NA,NA,NA,NA,NA,NA,NA
40,100,statespace,0,10000,dynamic,10,50,2,0.958912,no,NA,NA,NA,NA,NA,NA,NA,NA
2,10,sqrt,1000,5000,dynamic,1,50,2,0.005453,no,NA,NA,NA,NA,NA,NA,NA,NA
4,50,statespace,0,10000,dynamic,1,0,2,0.031564,yes,NA,NA,NA,NA,NA,NA,NA,NA
40,100,sqrt,10,10000,guided,1,0,2,0.692229,no,NA,NA,NA,NA,NA,NA,NA,NA
2,50,sqrt,0,5000,dynamic,0,50,2,0.697973,no,NA,NA,NA,NA,NA,NA,NA,NA
2,50,sqrt,1000,5000,static,10,50,2,0.733149,no,NA,NA,NA,NA,NA,NA,NA,NA
8,50,statespace,0,5000,static,10,50,2,0.304431,no,NA,NA,NA,NA,NA,NA,NA,NA
2,50,sqrt,0,5000,guided,1,50,2,0.718900,no,NA,NA,NA,NA,NA,NA,NA,NA
16,50,sqrt,10,10000,static,0,50,2,0.628558,no,NA,NA,NA,NA,NA,NA,NA,NA
40,50,hogwild,0,5000,static,10,0,2,0.005704,yes,NA,NA,NA,NA,NA,NA,NA,NA
20,10,sqrt,1000,10000,guided,1,0,2,0.002420,yes,NA,NA,NA,NA,NA,NA,NA,NA
40,10,statespace,0,10000,guided,1,0,2,0.007010,yes,NA,NA,NA,NA,NA,NA,NA,NA
4,10,sqrt,1000,10000,guided,0,50,2,0.006205,yes,NA,NA,NA,NA,NA,NA,NA,NA
4,100,sqrt,10,10000,guided,10,0,2,0.479877,no,NA,NA,NA,NA,NA,NA,NA,NA
8,50,sqrt,1000,10000,static,1,50,2,0.479215,no,NA,NA,NA,NA,NA,NA,NA,NA
40,100,hogwild,0,10000,guided,10,0,2,0.014933,yes,NA,NA,NA,NA,NA,NA,NA,NA
40,50,statespace,0,10000,static,1,0,2,0.026113,no,NA,NA,NA,NA,NA,NA,NA,NA
20,10,hogwild,0,5000,guided,10,0,2,0.003976,yes,NA,NA,NA,NA,NA,NA,NA,NA
2,10,sqrt,10,10000,static,10,50,2,0.024692,yes,NA,NA,NA,NA,NA,NA,NA,NA
16,50,hogwild,0,5000,guided,10,0,2,0.006408,yes,NA,NA,NA,NA,NA,NA,NA,NA
40,100,sqrt,1000,10000,static,10,0,2,0.066382,no,NA,NA,NA,NA,NA,NA,NA,NA
4,10,hogwild,0,5000,static,1,50,2,0.004086,yes,NA,NA,NA,NA,NA,NA,NA,NA
40,100,sqrt,10,10000,guided,0,0,2,0.692326,no,NA,NA,NA,NA,NA,NA,NA,NA
2,100,sqrt,10,5000,guided,1,0,2,0.164081,no,NA,NA,NA,NA,NA,NA,NA,NA
40,50,statespace,0,10000,dynamic,1,50,2,0.253000,no,NA,NA,NA,NA,NA,NA,NA,NA
40,10,hogwild,0,5000,static,1,50,2,0.004791,yes,NA,NA,NA,NA,NA,NA,NA,NA
2,10,statespace,0,10000,guided,10,50,2,0.010937,yes,NA,NA,NA,NA,NA,NA,NA,NA
20,10,sqrt,0,10000,static,1,50,2,0.017478,yes,NA,NA,NA,NA,NA,NA,NA,NA
20,100,statespace,0,5000,dynamic,1,0,2,0.031797,no,NA,NA,NA,NA,NA,NA,NA,NA
8,100,statespace,0,5000,static,1,0,2,0.037701,no,NA,NA,NA,NA,NA,NA,NA,NA
2,100,statespace,0,10000,guided,0,0,2,0.139144,no,NA,NA,NA,NA,NA,NA,NA,NA
8,10,sqrt,1000,10000,static,10,50,2,0.004035,yes,NA,NA,NA,NA,NA,NA,NA,NA
16,100,statespace,0,10000,dynamic,10,0,2,0.046412,no,NA,NA,NA,NA,NA,NA,NA,NA
20,50,sqrt,1000,10000,guided,1,50,2,0.246088,no,NA,NA,NA,NA,NA,NA,NA,NA
8,100,statespace,0,10000,dynamic,0,50,2,2.521703,no,NA,NA,NA,NA,NA,NA,NA,NA
20,100,sqrt,0,10000,static,1,50,2,2.034597,no,NA,NA,NA,NA,NA,NA,NA,NA
20,50,statespace,0,5000,guided,10,0,2,0.016457,no,NA,NA,NA,NA,NA,NA,NA,NA
8,100,sqrt,1000,5000,guided,1,0,2,0.038187,no,NA,NA,NA,NA,NA,NA,NA,NA
8,100,sqrt,0,5000,guided,10,0,2,0.131134,no,NA,NA,NA,NA,NA,NA,NA,NA
16,100,statespace,0,10000,guided,0,0,2,0.046582,no,NA,NA,NA,NA,NA,NA,NA,NA
20,100,sqrt,1000,10000,static,1,50,2,1.096552,no,NA,NA,NA,NA,NA,NA,NA,NA
40,10,sqrt,0,5000,dynamic,10,50,2,0.014340,no,NA,NA,NA,NA,NA,NA,NA,NA
8,100,sqrt,0,10000,guided,0,50,2,2.936943,no,NA,NA,NA,NA,NA,NA,NA,NA
2,10,sqrt,0,10000,static,10,0,2,0.005872,yes,NA,NA,NA,NA,NA,NA,NA,NA
4,100,sqrt,0,10000,static,0,0,2,0.125620,no,NA,NA,NA,NA,NA,NA,NA,NA
8,50,statespace,0,5000,guided,1,50,2,0.294545,no,NA,NA,NA,NA,NA,NA,NA,NA
20,50,hogwild,0,10000,static,10,50,2,0.200312,no,NA,NA,NA,NA,NA,NA,NA,NA
40,10,sqrt,1000,5000,static,1,50,2,0.003753,no,NA,NA,NA,NA,NA,NA,NA,NA
16,50,statespace,0,10000,static,10,50,2,0.303169,no,NA,NA,NA,NA,NA,NA,NA,NA
8,50,sqrt,1000,5000,guided,10,0,2,0.020376,no,NA,NA,NA,NA,NA,NA,NA,NA
8,50,sqrt,0,10000,dynamic,0,50,2,0.512059,no,NA,NA,NA,NA,NA,NA,NA,NA
20,10,sqrt,0,10000,dynamic,10,0,2,0.018946,yes,NA,NA,NA,NA,NA,NA,NA,NA
2,100,sqrt,1000,10000,static,0,0,2,0.134534,yes,NA,NA,NA,NA,NA,NA,NA,NA
16,100,sqrt,10,5000,guided,10,0,2,0.393477,no,NA,NA,NA,NA,NA,NA,NA,NA
40,50,sqrt,10,5000,static,0,0,2,0.810592,no,NA,NA,NA,NA,NA,NA,NA,NA
20,100,hogwild,0,10000,dynamic,10,50,2,1.224833,no,NA,NA,NA,NA,NA,NA,NA,NA
8,50,sqrt,10,5000,static,1,50,2,0.476899,no,NA,NA,NA,NA,NA,NA,NA,NA
8,10,sqrt,0,5000,guided,10,50,2,0.007978,yes,NA,NA,NA,NA,NA,NA,NA,NA
8,10,hogwild,0,10000,guided,0,50,2,0.006210,yes,NA,NA,NA,NA,NA,NA,NA,NA
20,50,statespace,0,5000,static,0,50,2,0.139075,no,NA,NA,NA,NA,NA,NA,NA,NA
2,10,sqrt,0,10000,static,10,50,2,0.012399,yes,NA,NA,NA,NA,NA,NA,NA,NA
16,50,sqrt,0,5000,guided,10,0,2,0.111868,no,NA,NA,NA,NA,NA,NA,NA,NA
2,10,sqrt,0,10000,static,0,0,2,0.005328,yes,NA,NA,NA,NA,NA,NA,NA,NA
20,10,sqrt,1000,5000,guided,1,50,2,0.002615,yes,NA,NA,NA,NA,NA,NA,NA,NA
40,50,sqrt,1000,10000,static,0,0,2,0.026975,no,NA,NA,NA,NA,NA,NA,NA,NA
16,10,sqrt,1000,5000,dynamic,10,50,2,0.002445,yes,NA,NA,NA,NA,NA,NA,NA,NA
8,10,sqrt,10,10000,guided,1,50,2,0.013162,yes,NA,NA,NA,NA,NA,NA,NA,NA
4,50,hogwild,0,5000,guided,10,50,2,0.393429,no,NA,NA,NA,NA,NA,NA,NA,NA
40,100,sqrt,0,10000,dynamic,1,50,2,1.137698,no,NA,NA,NA,NA,NA,NA,NA,NA
16,50,sqrt,10,5000,static,0,0,2,0.066463,no,NA,NA,NA,NA,NA,NA,NA,NA
4,100,sqrt,0,5000,guided,1,0,2,0.081073,no,NA,NA,NA,NA,NA,NA,NA,NA
20,10,hogwild,0,5000,static,1,50,2,0.004328,yes,NA,NA,NA,NA,NA,NA,NA,NA
16,50,hogwild,0,10000,guided,1,50,2,0.230181,no,NA,NA,NA,NA,NA,NA,NA,NA
20,10,sqrt,1000,5000,dynamic,1,50,2,0.002640,yes,NA,NA,NA,NA,NA,NA,NA,NA
4,10,sqrt,1000,10000,guided,1,0,2,0.002949,yes,NA,NA,NA,NA,NA,NA,NA,NA
20,10,sqrt,1000,10000,guided,10,50,2,0.003422,yes,NA,NA,NA,NA,NA,NA,NA,NA
4,100,sqrt,0,10000,dynamic,1,50,2,5.039985,no,NA,NA,NA,NA,NA,NA,NA,NA
2,10,sqrt,10,10000,guided,1,50,2,0.015100,yes,NA,NA,NA,NA,NA,NA,NA,NA
8,10,hogwild,0,10000,static,0,50,2,0.005034,yes,NA,NA,NA,NA,NA,NA,NA,NA
2,50,sqrt,10,10000,dynamic,0,50,2,1.395306,no,NA,NA,NA,NA,NA,NA,NA,NA
20,10,statespace,0,10000,dynamic,10,50,2,0.009073,yes,NA,NA,NA,NA,NA,NA,NA,NA
8,10,sqrt,1000,10000,guided,0,50,2,0.003899,yes,NA,NA,NA,NA,NA,NA,NA,NA
20,100,statespace,0,5000,static,10,50,2,0.516096,no,NA,NA,NA,NA,NA,NA,NA,NA
40,50,sqrt,0,5000,dynamic,1,0,2,0.038714,no,NA,NA,NA,NA,NA,NA,NA,NA
16,50,sqrt,10,10000,guided,1,50,2,0.620923,no,NA,NA,NA,NA,NA,NA,NA,NA
4,100,sqrt,10,5000,guided,1,50,2,2.973001,no,NA,NA,NA,NA,NA,NA,NA,NA
16,50,hogwild,0,5000,static,1,50,2,0.129199,no,NA,NA,NA,NA,NA,NA,NA,NA
20,50,sqrt,10,5000,static,0,50,2,0.333638,no,NA,NA,NA,NA,NA,NA,NA,NA
20,10,sqrt,1000,10000,static,10,0,2,0.002360,yes,NA,NA,NA,NA,NA,NA,NA,NA
4,100,sqrt,0,10000,dynamic,1,0,2,0.124074,no,NA,NA,NA,NA,NA,NA,NA,NA
16,100,hogwild,0,5000,dynamic,10,0,2,0.014994,yes,NA,NA,NA,NA,NA,NA,NA,NA
20,100,hogwild,0,5000,static,10,0,2,0.013341,yes,NA,NA,NA,NA,NA,NA,NA,NA
4,100,hogwild,0,10000,guided,10,50,2,4.900994,no,NA,NA,NA,NA,NA,NA,NA,NA
20,50,sqrt,0,10000,dynamic,1,0,2,0.076370,no,NA,NA,NA,NA,NA,NA,NA,NA
8,10,sqrt,0,10000,dynamic,0,0,2,0.004017,yes,NA,NA,NA,NA,NA,NA,NA,NA
40,10,sqrt,1000,10000,dynamic,1,50,2,0.004994,yes,NA,NA,NA,NA,NA,NA,NA,NA
20,50,hogwild,0,10000,guided,10,0,2,0.009172,yes,NA,NA,NA,NA,NA,NA,NA,NA
4,50,sqrt,10,5000,dynamic,0,0,2,0.041649,yes,NA,NA,NA,NA,NA,NA,NA,NA
40,50,sqrt,0,5000,static,1,0,2,0.040701,no,NA,NA,NA,NA,NA,NA,NA,NA
20,100,sqrt,10,5000,dynamic,1,0,2,0.230182,no,NA,NA,NA,NA,NA,NA,NA,NA
20,100,statespace,0,5000,dynamic,0,0,2,0.031492,no,NA,NA,NA,NA,NA,NA,NA,NA
2,100,statespace,0,10000,dynamic,0,0,2,0.138129,no,NA,NA,NA,NA,NA,NA,NA,NA
2,50,sqrt,1000,5000,dynamic,0,50,2,0.702126,no,NA,NA,NA,NA,NA,NA,NA,NA
2,10,sqrt,1000,10000,guided,0,50,2,0.010206,yes,NA,NA,NA,NA,NA,NA,NA,NA
40,50,statespace,0,5000,static,1,0,2,0.019778,no,NA,NA,NA,NA,NA,NA,NA,NA
20,100,sqrt,1000,5000,static,0,0,2,0.033979,no,NA,NA,NA,NA,NA,NA,NA,NA
40,100,sqrt,10,10000,guided,10,0,2,1.204536,no,NA,NA,NA,NA,NA,NA,NA,NA
4,50,sqrt,10,5000,static,10,50,2,1.678680,no,NA,NA,NA,NA,NA,NA,NA,NA
2,10,sqrt,0,5000,static,0,50,2,0.006070,yes,NA,NA,NA,NA,NA,NA,NA,NA
8,100,hogwild,0,5000,dynamic,1,0,2,0.022500,yes,NA,NA,NA,NA,NA,NA,NA,NA
20,100,sqrt,1000,5000,static,10,0,2,0.034319,no,NA,NA,NA,NA,NA,NA,NA,NA
16,10,statespace,0,5000,static,10,50,2,0.004534,yes,NA,NA,NA,NA,NA,NA,NA,NA
20,50,sqrt,10,10000,dynamic,1,0,2,0.133662,yes,NA,NA,NA,NA,NA,NA,NA,NA
2,50,sqrt,10,5000,guided,1,50,2,0.748622,no,NA,NA,NA,NA,NA,NA,NA,NA
4,50,sqrt,1000,5000,dynamic,0,0,2,0.023724,yes,NA,NA,NA,NA,NA,NA,NA,NA
4,100,sqrt,10,10000,static,1,0,2,0.240694,yes,NA,NA,NA,NA,NA,NA,NA,NA
40,50,sqrt,10,10000,dynamic,10,0,2,0.376079,yes,NA,NA,NA,NA,NA,NA,NA,NA
40,50,statespace,0,5000,guided,10,0,2,0.022227,no,NA,NA,NA,NA,NA,NA,NA,NA
2,50,sqrt,10,10000,dynamic,1,50,2,1.407805,no,NA,NA,NA,NA,NA,NA,NA,NA
16,100,sqrt,1000,5000,static,10,0,2,0.038801,no,NA,NA,NA,NA,NA,NA,NA,NA
2,10,sqrt,10,10000,dynamic,0,0,2,0.009244,yes,NA,NA,NA,NA,NA,NA,NA,NA
40,50,statespace,0,10000,static,0,50,2,0.418866,no,NA,NA,NA,NA,NA,NA,NA,NA
20,10,sqrt,1000,5000,dynamic,1,0,2,0.002836,yes,NA,NA,NA,NA,NA,NA,NA,NA
16,50,sqrt,10,5000,dynamic,0,50,2,0.332171,no,NA,NA,NA,NA,NA,NA,NA,NA
40,100,sqrt,10,10000,dynamic,1,50,2,4.676886,no,NA,NA,NA,NA,NA,NA,NA,NA
2,100,statespace,0,5000,static,0,50,2,4.335133,no,NA,NA,NA,NA,NA,NA,NA,NA
16,10,hogwild,0,5000,dynamic,0,0,2,0.003912,yes,NA,NA,NA,NA,NA,NA,NA,NA
40,50,sqrt,1000,10000,guided,1,50,2,0.256261,no,NA,NA,NA,NA,NA,NA,NA,NA
40,10,hogwild,0,10000,static,1,50,2,0.007292,no,NA,NA,NA,NA,NA,NA,NA,NA
8,100,sqrt,1000,5000,static,1,0,2,0.038342,no,NA,NA,NA,NA,NA,NA,NA,NA
16,50,sqrt,1000,10000,dynamic,10,50,2,0.309738,no,NA,NA,NA,NA,NA,NA,NA,NA
16,10,hogwild,0,5000,static,1,0,2,0.003435,yes,NA,NA,NA,NA,NA,NA,NA,NA
16,100,sqrt,10,5000,dynamic,0,50,2,1.181830,no,NA,NA,NA,NA,NA,NA,NA,NA
20,10,statespace,0,5000,guided,1,50,2,0.004509,yes,NA,NA,NA,NA,NA,NA,NA,NA
16,10,sqrt,10,10000,dynamic,1,0,2,0.026200,yes,NA,NA,NA,NA,NA,NA,NA,NA
8,10,sqrt,1000,10000,static,0,50,2,0.004144,yes,NA,NA,NA,NA,NA,NA,NA,NA
16,100,hogwild,0,10000,dynamic,10,50,2,1.521111,no,NA,NA,NA,NA,NA,NA,NA,NA
4,50,sqrt,1000,10000,guided,1,0,2,0.031026,yes,NA,NA,NA,NA,NA,NA,NA,NA
20,10,hogwild,0,10000,guided,10,50,2,0.007418,yes,NA,NA,NA,NA,NA,NA,NA,NA
40,100,statespace,0,5000,dynamic,0,0,2,0.048233,no,NA,NA,NA,NA,NA,NA,NA,NA
16,100,sqrt,1000,10000,dynamic,1,0,2,0.047805,no,NA,NA,NA,NA,NA,NA,NA,NA
40,50,hogwild,0,10000,static,1,50,2,0.145783,no,NA,NA,NA,NA,NA,NA,NA,NA
20,100,sqrt,10,5000,guided,1,50,2,1.230936,no,NA,NA,NA,NA,NA,NA,NA,NA
16,100,sqrt,1000,5000,dynamic,1,50,2,0.643768,no,NA,NA,NA,NA,NA,NA,NA,NA
40,100,sqrt,10,5000,static,10,50,2,9.658279,no,NA,NA,NA,NA,NA,NA,NA,NA
40,100,sqrt,0,10000,static,0,0,2,0.204951,no,NA,NA,NA,NA,NA,NA,NA,NA
4,10,statespace,0,5000,dynamic,0,50,2,0.003743,yes,NA,NA,NA,NA,NA,NA,NA,NA
8,100,hogwild,0,10000,dynamic,1,50,2,2.691328,no,NA,NA,NA,NA,NA,NA,NA,NA
2,10,sqrt,1000,10000,guided,10,50,2,0.010577,yes,NA,NA,NA,NA,NA,NA,NA,NA
40,50,sqrt,0,10000,static,10,50,2,3.243293,no,NA,NA,NA,NA,NA,NA,NA,NA
16,50,sqrt,0,10000,static,0,0,2,0.064558,no,NA,NA,NA,NA,NA,NA,NA,NA
4,100,hogwild,0,10000,dynamic,10,50,2,4.884358,no,NA,NA,NA,NA,NA,NA,NA,NA
2,50,statespace,0,5000,dynamic,0,0,2,0.028990,yes,NA,NA,NA,NA,NA,NA,NA,NA
2,100,sqrt,10,10000,static,1,0,2,0.270653,yes,NA,NA,NA,NA,NA,NA,NA,NA
4,10,statespace,0,10000,static,1,50,2,0.007219,yes,NA,NA,NA,NA,NA,NA,NA,NA
16,100,sqrt,1000,10000,static,10,50,2,1.438693,no,NA,NA,NA,NA,NA,NA,NA,NA
4,100,hogwild,0,10000,static,10,50,2,4.907898,no,NA,NA,NA,NA,NA,NA,NA,NA
20,50,sqrt,10,10000,guided,10,50,2,3.703085,no,NA,NA,NA,NA,NA,NA,NA,NA
40,50,hogwild,0,10000,dynamic,0,0,2,0.008485,yes,NA,NA,NA,NA,NA,NA,NA,NA
16,50,sqrt,1000,5000,static,10,50,2,0.188094,no,NA,NA,NA,NA,NA,NA,NA,NA
16,50,sqrt,0,5000,dynamic,1,0,2,0.045938,no,NA,NA,NA,NA,NA,NA,NA,NA
16,10,hogwild,0,10000,dynamic,1,50,2,0.008068,yes,NA,NA,NA,NA,NA,NA,NA,NA
8,50,sqrt,10,10000,static,0,50,2,0.830488,no,NA,NA,NA,NA,NA,NA,NA,NA
2,50,hogwild,0,5000,dynamic,0,50,2,0.685361,no,NA,NA,NA,NA,NA,NA,NA,NA
16,10,sqrt,1000,5000,static,10,50,2,0.002560,yes,NA,NA,NA,NA,NA,NA,NA,NA
2,100,statespace,0,10000,guided,1,0,2,0.139613,no,NA,NA,NA,NA,NA,NA,NA,NA
2,100,hogwild,0,10000,guided,1,50,2,8.800426,no,NA,NA,NA,NA,NA,NA,NA,NA
8,10,hogwild,0,5000,static,10,50,2,0.003001,yes,NA,NA,NA,NA,NA,NA,NA,NA
8,50,sqrt,1000,5000,guided,0,50,2,0.287683,no,NA,NA,NA,NA,NA,NA,NA,NA
8,50,sqrt,10,5000,dynamic,10,50,2,1.968729,no,NA,NA,NA,NA,NA,NA,NA,NA
40,100,statespace,0,10000,guided,10,50,2,0.992942,no,NA,NA,NA,NA,NA,NA,NA,NA
16,10,sqrt,10,5000,dynamic,10,50,2,0.027633,yes,NA,NA,NA,NA,NA,NA,NA,NA
16,10,sqrt,10,5000,static,0,0,2,0.012994,yes,NA,NA,NA,NA,NA,NA,NA,NA
8,50,sqrt,1000,10000,static,1,0,2,0.025213,yes,NA,NA,NA,NA,NA,NA,NA,NA
2,100,sqrt,1000,5000,dynamic,0,50,2,4.383631,no,NA,NA,NA,NA,NA,NA,NA,NA
2,50,statespace,0,10000,dynamic,0,50,2,1.287057,no,NA,NA,NA,NA,NA,NA,NA,NA
16,100,hogwild,0,5000,dynamic,0,50,2,0.715315,no,NA,NA,NA,NA,NA,NA,NA,NA
16,50,sqrt,0,10000,dynamic,0,0,2,0.061863,no,NA,NA,NA,NA,NA,NA,NA,NA
20,10,sqrt,1000,10000,dynamic,0,50,2,0.003207,yes,NA,NA,NA,NA,NA,NA,NA,NA
40,10,sqrt,0,10000,guided,1,0,2,0.012024,yes,NA,NA,NA,NA,NA,NA,NA,NA
40,50,statespace,0,5000,static,10,0,2,0.019678,no,NA,NA,NA,NA,NA,NA,NA,NA
4,100,sqrt,0,10000,guided,1,0,2,0.124597,yes,NA,NA,NA,NA,NA,NA,NA,NA
8,50,statespace,0,5000,dynamic,10,0,2,0.020697,no,NA,NA,NA,NA,NA,NA,NA,NA
8,100,sqrt,1000,5000,static,0,0,2,0.038789,no,NA,NA,NA,NA,NA,NA,NA,NA
20,10,sqrt,10,10000,static,0,50,2,0.040555,yes,NA,NA,NA,NA,NA,NA,NA,NA
40,100,sqrt,10,5000,dynamic,10,50,2,9.566320,no,NA,NA,NA,NA,NA,NA,NA,NA
2,50,sqrt,0,5000,static,1,0,2,0.031636,yes,NA,NA,NA,NA,NA,NA,NA,NA
20,100,sqrt,10,5000,guided,1,0,2,0.228143,no,NA,NA,NA,NA,NA,NA,NA,NA
16,50,hogwild,0,5000,guided,1,0,2,0.006107,yes,NA,NA,NA,NA,NA,NA,NA,NA
2,50,hogwild,0,10000,guided,0,50,2,1.298137,no,NA,NA,NA,NA,NA,NA,NA,NA
2,50,hogwild,0,10000,dynamic,0,0,2,0.039267,yes,NA,NA,NA,NA,NA,NA,NA,NA
2,100,sqrt,10,10000,guided,1,50,2,8.864585,no,NA,NA,NA,NA,NA,NA,NA,NA
2,10,hogwild,0,5000,guided,10,50,2,0.006313,yes,NA,NA,NA,NA,NA,NA,NA,NA
2,50,hogwild,0,5000,static,0,50,2,0.706443,no,NA,NA,NA,NA,NA,NA,NA,NA
4,100,sqrt,10,5000,dynamic,0,0,2,0.135861,no,NA,NA,NA,NA,NA,NA,NA,NA
20,50,sqrt,10,5000,dynamic,10,50,2,2.157345,no,NA,NA,NA,NA,NA,NA,NA,NA
40,10,statespace,0,5000,static,10,50,2,0.007810,no,NA,NA,NA,NA,NA,NA,NA,NA
20,10,sqrt,10,10000,guided,10,50,2,0.052131,yes,NA,NA,NA,NA,NA,NA,NA,NA
8,100,hogwild,0,10000,dynamic,0,0,2,0.032303,yes,NA,NA,NA,NA,NA,NA,NA,NA
16,50,statespace,0,5000,guided,10,0,2,0.017296,no,NA,NA,NA,NA,NA,NA,NA,NA
2,10,statespace,0,10000,guided,1,50,2,0.010795,yes,NA,NA,NA,NA,NA,NA,NA,NA
16,50,hogwild,0,10000,dynamic,1,50,2,0.234276,no,NA,NA,NA,NA,NA,NA,NA,NA
8,100,statespace,0,10000,static,10,0,2,0.067783,no,NA,NA,NA,NA,NA,NA,NA,NA
20,50,hogwild,0,5000,static,10,0,2,0.005843,yes,NA,NA,NA,NA,NA,NA,NA,NA
20,50,sqrt,0,10000,static,0,50,2,0.486238,no,NA,NA,NA,NA,NA,NA,NA,NA
16,10,hogwild,0,10000,static,10,0,2,0.005296,yes,NA,NA,NA,NA,NA,NA,NA,NA
40,50,sqrt,0,10000,static,1,50,2,0.301954,no,NA,NA,NA,NA,NA,NA,NA,NA
2,10,sqrt,10,10000,dynamic,0,50,2,0.015021,yes,NA,NA,NA,NA,NA,NA,NA,NA
40,50,sqrt,1000,10000,dynamic,0,0,2,0.026499,no,NA,NA,NA,NA,NA,NA,NA,NA
20,10,sqrt,0,5000,dynamic,1,0,2,0.009073,yes,NA,NA,NA,NA,NA,NA,NA,NA
20,50,sqrt,0,10000,guided,10,0,2,0.158589,no,NA,NA,NA,NA,NA,NA,NA,NA
40,100,sqrt,1000,10000,guided,0,50,2,0.975663,no,NA,NA,NA,NA,NA,NA,NA,NA
4,50,sqrt,0,10000,dynamic,1,50,2,0.808266,no,NA,NA,NA,NA,NA,NA,NA,NA
8,100,sqrt,10,5000,dynamic,1,0,2,0.126515,no,NA,NA,NA,NA,NA,NA,NA,NA
40,50,hogwild,0,5000,dynamic,10,50,2,0.078529,no,NA,NA,NA,NA,NA,NA,NA,NA
16,100,sqrt,10,5000,dynamic,1,50,2,1.180844,no,NA,NA,NA,NA,NA,NA,NA,NA
20,10,hogwild,0,10000,dynamic,10,50,2,0.007647,yes,NA,NA,NA,NA,NA,NA,NA,NA
2,10,hogwild,0,5000,static,10,0,2,0.003130,yes,NA,NA,NA,NA,NA,NA,NA,NA
4,100,sqrt,0,5000,static,1,50,2,2.512916,no,NA,NA,NA,NA,NA,NA,NA,NA
16,10,statespace,0,10000,dynamic,1,50,2,0.006489,yes,NA,NA,NA,NA,NA,NA,NA,NA
40,100,hogwild,0,10000,guided,1,0,2,0.014809,yes,NA,NA,NA,NA,NA,NA,NA,NA
8,100,statespace,0,10000,dynamic,0,0,2,0.068626,no,NA,NA,NA,NA,NA,NA,NA,NA
8,10,sqrt,10,5000,static,10,0,2,0.009665,yes,NA,NA,NA,NA,NA,NA,NA,NA
4,50,sqrt,10,5000,dynamic,1,0,2,0.041549,yes,NA,NA,NA,NA,NA,NA,NA,NA
4,100,statespace,0,5000,dynamic,10,50,2,2.405544,no,NA,NA,NA,NA,NA,NA,NA,NA
20,10,sqrt,1000,5000,static,1,0,2,0.002125,yes,NA,NA,NA,NA,NA,NA,NA,NA
2,100,statespace,0,10000,static,10,50,2,8.771071,no,NA,NA,NA,NA,NA,NA,NA,NA
40,50,sqrt,10,10000,static,1,50,2,1.042505,no,NA,NA,NA,NA,NA,NA,NA,NA
8,50,hogwild,0,5000,static,10,0,2,0.007971,yes,NA,NA,NA,NA,NA,NA,NA,NA
4,50,statespace,0,5000,guided,0,50,2,0.456294,no,NA,NA,NA,NA,NA,NA,NA,NA
20,10,statespace,0,5000,dynamic,10,50,2,0.005736,yes,NA,NA,NA,NA,NA,NA,NA,NA
40,10,sqrt,10,5000,dynamic,1,50,2,0.023189,yes,NA,NA,NA,NA,NA,NA,NA,NA
16,50,hogwild,0,5000,static,10,50,2,0.125487,no,NA,NA,NA,NA,NA,NA,NA,NA
4,100,hogwild,0,5000,dynamic,10,50,2,2.495793,no,NA,NA,NA,NA,NA,NA,NA,NA
16,100,sqrt,10,5000,static,0,50,2,1.193787,no,NA,NA,NA,NA,NA,NA,NA,NA
16,10,statespace,0,10000,static,10,50,2,0.006828,yes,NA,NA,NA,NA,NA,NA,NA,NA
8,10,sqrt,10,10000,static,10,50,2,0.031591,yes,NA,NA,NA,NA,NA,NA,NA,NA
16,100,sqrt,1000,10000,dynamic,0,50,2,1.284588,no,NA,NA,NA,NA,NA,NA,NA,NA
40,50,sqrt,10,5000,static,0,50,2,0.560662,no,NA,NA,NA,NA,NA,NA,NA,NA
8,10,statespace,0,10000,dynamic,0,50,2,0.004997,yes,NA,NA,NA,NA,NA,NA,NA,NA
4,50,hogwild,0,5000,static,1,50,2,0.413859,no,NA,NA,NA,NA,NA,NA,NA,NA
8,50,sqrt,10,10000,guided,0,0,2,0.075680,no,NA,NA,NA,NA,NA,NA,NA,NA
4,10,hogwild,0,10000,static,10,50,2,0.007439,yes,NA,NA,NA,NA,NA,NA,NA,NA
4,100,sqrt,0,5000,dynamic,10,0,2,0.088049,no,NA,NA,NA,NA,NA,NA,NA,NA
40,10,hogwild,0,5000,guided,10,0,2,0.004630,yes,NA,NA,NA,NA,NA,NA,NA,NA
20,100,sqrt,10,5000,guided,10,50,2,9.081949,no,NA,NA,NA,NA,NA,NA,NA,NA
2,10,statespace,0,5000,static,10,0,2,0.002671,yes,NA,NA,NA,NA,NA,NA,NA,NA
16,100,sqrt,1000,5000,static,0,0,2,0.033044,no,NA,NA,NA,NA,NA,NA,NA,NA
8,10,statespace,0,5000,static,10,0,2,0.002174,yes,NA,NA,NA,NA,NA,NA,NA,NA
20,50,sqrt,1000,10000,static,1,50,2,0.254999,no,NA,NA,NA,NA,NA,NA,NA,NA
20,50,sqrt,0,5000,static,10,50,2,1.261699,no,NA,NA,NA,NA,NA,NA,NA,NA
4,50,statespace,0,10000,static,1,50,2,0.793854,no,NA,NA,NA,NA,NA,NA,NA,NA
8,10,statespace,0,10000,static,10,0,2,0.003600,yes,NA,NA,NA,NA,NA,NA,NA,NA
2,50,sqrt,0,5000,guided,10,50,2,0.723866,no,NA,NA,NA,NA,NA,NA,NA,NA
20,10,statespace,0,10000,static,0,50,2,0.007431,yes,NA,NA,NA,NA,NA,NA,NA,NA
8,100,statespace,0,5000,static,10,50,2,1.313834,no,NA,NA,NA,NA,NA,NA,NA,NA
4,50,statespace,0,5000,static,1,50,2,0.465456,no,NA,NA,NA,NA,NA,NA,NA,NA
2,10,sqrt,0,5000,guided,0,50,2,0.006036,no,NA,NA,NA,NA,NA,NA,NA,NA
4,10,sqrt,0,5000,dynamic,10,0,2,0.003159,yes,NA,NA,NA,NA,NA,NA,NA,NA
16,10,sqrt,0,10000,static,10,0,2,0.017320,yes,NA,NA,NA,NA,NA,NA,NA,NA
2,100,sqrt,10,10000,static,0,50,2,8.870484,no,NA,NA,NA,NA,NA,NA,NA,NA
40,50,hogwild,0,10000,static,10,0,2,0.008852,yes,NA,NA,NA,NA,NA,NA,NA,NA
2,50,sqrt,1000,10000,guided,1,50,2,1.294624,no,NA,NA,NA,NA,NA,NA,NA,NA
4,50,hogwild,0,5000,guided,0,0,2,0.013904,yes,NA,NA,NA,NA,NA,NA,NA,NA
16,50,sqrt,1000,5000,static,0,0,2,0.017422,no,NA,NA,NA,NA,NA,NA,NA,NA
4,50,sqrt,0,5000,static,0,50,2,0.485539,no,NA,NA,NA,NA,NA,NA,NA,NA
40,50,sqrt,0,10000,dynamic,0,50,2,0.307300,no,NA,NA,NA,NA,NA,NA,NA,NA
4,50,sqrt,0,5000,dynamic,0,0,2,0.026505,yes,NA,NA,NA,NA,NA,NA,NA,NA
40,10,sqrt,1000,10000,static,0,50,2,0.004358,yes,NA,NA,NA,NA,NA,NA,NA,NA
4,10,hogwild,0,10000,guided,10,0,2,0.004338,yes,NA,NA,NA,NA,NA,NA,NA,NA
4,50,sqrt,10,5000,dynamic,1,50,2,0.534575,no,NA,NA,NA,NA,NA,NA,NA,NA
20,10,sqrt,0,10000,guided,10,50,2,0.031796,yes,NA,NA,NA,NA,NA,NA,NA,NA
20,50,sqrt,1000,10000,dynamic,10,0,2,0.022254,no,NA,NA,NA,NA,NA,NA,NA,NA
16,10,sqrt,10,10000,guided,1,0,2,0.031834,yes,NA,NA,NA,NA,NA,NA,NA,NA
4,50,sqrt,1000,10000,static,10,0,2,0.032121,yes,NA,NA,NA,NA,NA,NA,NA,NA
2,50,sqrt,0,5000,static,10,0,2,0.036436,yes,NA,NA,NA,NA,NA,NA,NA,NA
20,100,sqrt,1000,10000,guided,0,50,2,1.043705,no,NA,NA,NA,NA,NA,NA,NA,NA
16,10,sqrt,0,5000,guided,1,50,2,0.010854,yes,NA,NA,NA,NA,NA,NA,NA,NA
4,50,statespace,0,5000,static,10,0,2,0.024966,yes,NA,NA,NA,NA,NA,NA,NA,NA
40,50,sqrt,0,10000,guided,10,50,2,2.171177,no,NA,NA,NA,NA,NA,NA,NA,NA
8,10,statespace,0,10000,guided,1,50,2,0.004805,yes,NA,NA,NA,NA,NA,NA,NA,NA
40,100,sqrt,1000,10000,guided,1,50,2,1.062906,no,NA,NA,NA,NA,NA,NA,NA,NA
8,50,statespace,0,10000,guided,10,50,2,0.474333,no,NA,NA,NA,NA,NA,NA,NA,NA
8,100,statespace,0,5000,static,10,0,2,0.038461,no,NA,NA,NA,NA,NA,NA,NA,NA
2,100,sqrt,0,5000,static,1,50,2,4.397447,no,NA,NA,NA,NA,NA,NA,NA,NA
8,50,statespace,0,10000,dynamic,10,0,2,0.025455,yes,NA,NA,NA,NA,NA,NA,NA,NA
8,100,sqrt,0,10000,static,10,0,2,0.181687,no,NA,NA,NA,NA,NA,NA,NA,NA
20,50,hogwild,0,5000,dynamic,0,50,2,0.101842,no,NA,NA,NA,NA,NA,NA,NA,NA
40,50,statespace,0,10000,guided,1,50,2,0.253611,no,NA,NA,NA,NA,NA,NA,NA,NA
16,100,hogwild,0,10000,static,0,50,2,1.522673,no,NA,NA,NA,NA,NA,NA,NA,NA
20,10,hogwild,0,5000,dynamic,0,0,2,0.003654,yes,NA,NA,NA,NA,NA,NA,NA,NA
2,10,statespace,0,10000,static,10,0,2,0.005326,yes,NA,NA,NA,NA,NA,NA,NA,NA
20,50,hogwild,0,5000,guided,0,50,2,0.103150,no,NA,NA,NA,NA,NA,NA,NA,NA
16,100,sqrt,0,10000,guided,1,50,2,1.772704,no,NA,NA,NA,NA,NA,NA,NA,NA
8,10,sqrt,0,5000,static,10,50,2,0.008079,yes,NA,NA,NA,NA,NA,NA,NA,NA
40,10,statespace,0,5000,guided,0,0,2,0.004720,yes,NA,NA,NA,NA,NA,NA,NA,NA
16,100,statespace,0,10000,static,10,0,2,0.046447,no,NA,NA,NA,NA,NA,NA,NA,NA
8,50,hogwild,0,5000,static,0,0,2,0.007753,yes,NA,NA,NA,NA,NA,NA,NA,NA
40,50,sqrt,10,5000,static,1,0,2,0.114621,no,NA,NA,NA,NA,NA,NA,NA,NA
2,10,hogwild,0,10000,static,10,50,2,0.012204,yes,NA,NA,NA,NA,NA,NA,NA,NA
8,100,hogwild,0,10000,static,1,50,2,2.741345,no,NA,NA,NA,NA,NA,NA,NA,NA
16,50,sqrt,10,5000,dynamic,1,0,2,0.068651,no,NA,NA,NA,NA,NA,NA,NA,NA
20,100,sqrt,10,5000,dynamic,0,50,2,1.227941,no,NA,NA,NA,NA,NA,NA,NA,NA
20,50,statespace,0,5000,guided,10,50,2,0.143010,no,NA,NA,NA,NA,NA,NA,NA,NA
2,100,sqrt,10,5000,dynamic,1,50,2,4.459045,no,NA,NA,NA,NA,NA,NA,NA,NA
20,50,sqrt,0,5000,dynamic,0,50,2,0.172016,no,NA,NA,NA,NA,NA,NA,NA,NA
8,10,hogwild,0,5000,guided,0,0,2,0.001862,yes,NA,NA,NA,NA,NA,NA,NA,NA
8,100,statespace,0,10000,dynamic,1,0,2,0.066824,no,NA,NA,NA,NA,NA,NA,NA,NA
2,10,sqrt,10,5000,dynamic,10,0,2,0.006905,yes,NA,NA,NA,NA,NA,NA,NA,NA
8,100,sqrt,1000,10000,guided,0,50,2,2.530432,no,NA,NA,NA,NA,NA,NA,NA,NA
20,100,sqrt,1000,5000,dynamic,1,0,2,0.034209,no,NA,NA,NA,NA,NA,NA,NA,NA
4,50,sqrt,1000,5000,guided,10,0,2,0.023677,yes,NA,NA,NA,NA,NA,NA,NA,NA
4,10,statespace,0,5000,dynamic,0,0,2,0.001963,yes,NA,NA,NA,NA,NA,NA,NA,NA
16,50,hogwild,0,5000,dynamic,1,0,2,0.006407,yes,NA,NA,NA,NA,NA,NA,NA,NA
20,100,sqrt,10,10000,static,1,0,2,0.435460,no,NA,NA,NA,NA,NA,NA,NA,NA
8,100,sqrt,0,5000,static,0,0,2,0.074500,no,NA,NA,NA,NA,NA,NA,NA,NA
4,10,sqrt,1000,10000,guided,1,50,2,0.006146,yes,NA,NA,NA,NA,NA,NA,NA,NA
2,10,sqrt,10,5000,guided,10,50,2,0.012531,yes,NA,NA,NA,NA,NA,NA,NA,NA
8,10,sqrt,0,10000,guided,10,50,2,0.010945,yes,NA,NA,NA,NA,NA,NA,NA,NA
40,50,hogwild,0,5000,guided,10,50,2,0.077549,no,NA,NA,NA,NA,NA,NA,NA,NA
16,50,statespace,0,5000,static,0,50,2,0.169720,no,NA,NA,NA,NA,NA,NA,NA,NA
20,100,sqrt,0,10000,static,0,50,2,2.026303,no,NA,NA,NA,NA,NA,NA,NA,NA
40,100,sqrt,0,5000,static,0,0,2,0.121140,no,NA,NA,NA,NA,NA,NA,NA,NA
4,50,sqrt,0,10000,dynamic,10,50,2,1.126531,no,NA,NA,NA,NA,NA,NA,NA,NA
8,10,statespace,0,10000,dynamic,1,0,2,0.002763,yes,NA,NA,NA,NA,NA,NA,NA,NA
8,50,hogwild,0,5000,dynamic,0,0,2,0.008183,yes,NA,NA,NA,NA,NA,NA,NA,NA
2,10,sqrt,0,5000,dynamic,10,50,2,0.006544,yes,NA,NA,NA,NA,NA,NA,NA,NA
4,10,sqrt,1000,5000,static,10,0,2,0.001750,yes,NA,NA,NA,NA,NA,NA,NA,NA
16,100,sqrt,0,10000,dynamic,0,0,2,0.172540,no,NA,NA,NA,NA,NA,NA,NA,NA
8,50,sqrt,1000,5000,static,10,50,2,0.303234,no,NA,NA,NA,NA,NA,NA,NA,NA
40,50,statespace,0,5000,dynamic,10,0,2,0.020095,no,NA,NA,NA,NA,NA,NA,NA,NA
20,50,sqrt,1000,5000,dynamic,1,50,2,0.137575,no,NA,NA,NA,NA,NA,NA,NA,NA
20,10,hogwild,0,10000,guided,0,50,2,0.007180,yes,NA,NA,NA,NA,NA,NA,NA,NA
2,10,hogwild,0,5000,dynamic,0,0,2,0.003350,yes,NA,NA,NA,NA,NA,NA,NA,NA
40,50,sqrt,1000,10000,dynamic,1,50,2,0.253241,no,NA,NA,NA,NA,NA,NA,NA,NA
8,100,sqrt,10,5000,dynamic,0,50,2,2.087152,no,NA,NA,NA,NA,NA,NA,NA,NA
16,100,statespace,0,10000,dynamic,10,50,2,1.278528,no,NA,NA,NA,NA,NA,NA,NA,NA
40,100,sqrt,10,10000,dynamic,10,0,2,2.535946,no,NA,NA,NA,NA,NA,NA,NA,NA
4,10,hogwild,0,5000,static,0,0,2,0.002277,yes,NA,NA,NA,NA,NA,NA,NA,NA
4,10,hogwild,0,5000,guided,10,50,2,0.004169,yes,NA,NA,NA,NA,NA,NA,NA,NA
20,50,statespace,0,10000,static,0,50,2,0.259871,no,NA,NA,NA,NA,NA,NA,NA,NA
40,10,sqrt,1000,5000,guided,0,50,2,0.003642,no,NA,NA,NA,NA,NA,NA,NA,NA
40,10,statespace,0,10000,guided,10,50,2,0.011563,yes,NA,NA,NA,NA,NA,NA,NA,NA
16,10,sqrt,10,5000,dynamic,0,0,2,0.014044,yes,NA,NA,NA,NA,NA,NA,NA,NA
8,50,statespace,0,5000,dynamic,0,50,2,0.294222,no,NA,NA,NA,NA,NA,NA,NA,NA
8,10,sqrt,10,5000,guided,0,0,2,0.005155,yes,NA,NA,NA,NA,NA,NA,NA,NA
20,100,sqrt,10,10000,dynamic,0,0,2,0.439604,no,NA,NA,NA,NA,NA,NA,NA,NA
2,10,sqrt,10,10000,guided,0,0,2,0.008977,yes,NA,NA,NA,NA,NA,NA,NA,NA
20,10,hogwild,0,5000,guided,0,50,2,0.004369,yes,NA,NA,NA,NA,NA,NA,NA,NA
2,50,sqrt,0,5000,guided,10,0,2,0.030857,yes,NA,NA,NA,NA,NA,NA,NA,NA
40,100,sqrt,1000,5000,dynamic,0,50,2,0.504744,no,NA,NA,NA,NA,NA,NA,NA,NA
2,10,sqrt,1000,5000,dynamic,1,0,2,0.002616,yes,NA,NA,NA,NA,NA,NA,NA,NA
2,100,hogwild,0,5000,guided,10,50,2,4.379737,no,NA,NA,NA,NA,NA,NA,NA,NA
8,50,sqrt,1000,5000,guided,1,50,2,0.288833,no,NA,NA,NA,NA,NA,NA,NA,NA
8,100,sqrt,10,5000,static,10,0,2,0.314387,no,NA,NA,NA,NA,NA,NA,NA,NA
40,10,sqrt,1000,5000,guided,0,0,2,0.003473,yes,NA,NA,NA,NA,NA,NA,NA,NA
16,100,sqrt,1000,10000,dynamic,0,0,2,0.048889,no,NA,NA,NA,NA,NA,NA,NA,NA
20,10,sqrt,0,5000,guided,0,0,2,0.010770,yes,NA,NA,NA,NA,NA,NA,NA,NA
8,50,sqrt,10,5000,static,10,0,2,0.134133,yes,NA,NA,NA,NA,NA,NA,NA,NA
8,10,statespace,0,5000,guided,0,0,2,0.001935,yes,NA,NA,NA,NA,NA,NA,NA,NA
4,10,sqrt,0,10000,static,0,50,2,0.008180,yes,NA,NA,NA,NA,NA,NA,NA,NA
4,50,hogwild,0,10000,dynamic,0,50,2,0.801020,no,NA,NA,NA,NA,NA,NA,NA,NA
2,50,hogwild,0,10000,dynamic,1,50,2,1.292274,no,NA,NA,NA,NA,NA,NA,NA,NA
4,100,sqrt,0,10000,dynamic,0,50,2,5.061980,no,NA,NA,NA,NA,NA,NA,NA,NA
8,100,sqrt,10,5000,dynamic,1,50,2,2.087498,no,NA,NA,NA,NA,NA,NA,NA,NA
4,10,sqrt,1000,5000,static,1,50,2,0.003680,yes,NA,NA,NA,NA,NA,NA,NA,NA
2,50,sqrt,10,10000,static,1,0,2,0.076995,yes,NA,NA,NA,NA,NA,NA,NA,NA
16,10,sqrt,10,10000,static,10,0,2,0.040190,yes,NA,NA,NA,NA,NA,NA,NA,NA
16,10,sqrt,0,5000,static,0,50,2,0.011994,yes,NA,NA,NA,NA,NA,NA,NA,NA
40,50,statespace,0,10000,dynamic,0,50,2,0.253550,no,NA,NA,NA,NA,NA,NA,NA,NA
16,10,sqrt,10,10000,guided,0,50,2,0.029056,yes,NA,NA,NA,NA,NA,NA,NA,NA
40,10,sqrt,10,10000,static,10,0,2,0.040403,yes,NA,NA,NA,NA,NA,NA,NA,NA
4,50,sqrt,1000,5000,guided,1,0,2,0.023770,yes,NA,NA,NA,NA,NA,NA,NA,NA
8,10,hogwild,0,5000,dynamic,1,0,2,0.002056,yes,NA,NA,NA,NA,NA,NA,NA,NA
8,100,statespace,0,5000,dynamic,1,0,2,0.038084,no,NA,NA,NA,NA,NA,NA,NA,NA
8,10,sqrt,1000,10000,dynamic,10,0,2,0.002057,yes,NA,NA,NA,NA,NA,NA,NA,NA
8,100,sqrt,0,10000,guided,1,0,2,0.115526,no,NA,NA,NA,NA,NA,NA,NA,NA
20,100,hogwild,0,5000,static,0,0,2,0.013594,yes,NA,NA,NA,NA,NA,NA,NA,NA
4,100,sqrt,1000,5000,dynamic,1,50,2,2.406987,no,NA,NA,NA,NA,NA,NA,NA,NA
16,50,sqrt,0,5000,static,1,0,2,0.049726,no,NA,NA,NA,NA,NA,NA,NA,NA
4,10,hogwild,0,10000,dynamic,1,0,2,0.004252,yes,NA,NA,NA,NA,NA,NA,NA,NA
40,10,statespace,0,10000,static,10,50,2,0.011242,yes,NA,NA,NA,NA,NA,NA,NA,NA
16,50,hogwild,0,10000,dynamic,0,50,2,0.233161,no,NA,NA,NA,NA,NA,NA,NA,NA
20,50,sqrt,10,5000,guided,10,0,2,0.180579,no,NA,NA,NA,NA,NA,NA,NA,NA
20,100,sqrt,0,5000,dynamic,0,0,2,0.123138,no,NA,NA,NA,NA,NA,NA,NA,NA
16,100,sqrt,1000,5000,guided,0,50,2,0.646111,no,NA,NA,NA,NA,NA,NA,NA,NA
2,50,hogwild,0,5000,guided,10,0,2,0.024096,yes,NA,NA,NA,NA,NA,NA,NA,NA
16,50,sqrt,1000,10000,static,0,50,2,0.293920,no,NA,NA,NA,NA,NA,NA,NA,NA
40,50,sqrt,1000,10000,dynamic,10,0,2,0.028726,no,NA,NA,NA,NA,NA,NA,NA,NA
16,10,sqrt,10,10000,static,0,50,2,0.027793,yes,NA,NA,NA,NA,NA,NA,NA,NA
20,50,sqrt,10,10000,guided,1,50,2,0.625531,no,NA,NA,NA,NA,NA,NA,NA,NA
4,100,statespace,0,5000,static,10,0,2,0.061967,no,NA,NA,NA,NA,NA,NA,NA,NA
20,100,sqrt,1000,10000,static,1,0,2,0.047067,no,NA,NA,NA,NA,NA,NA,NA,NA
4,50,statespace,0,10000,dynamic,0,0,2,0.031662,yes,NA,NA,NA,NA,NA,NA,NA,NA
8,10,hogwild,0,5000,static,10,0,2,0.001830,yes,NA,NA,NA,NA,NA,NA,NA,NA
20,100,sqrt,10,10000,guided,10,50,2,18.164083,no,NA,NA,NA,NA,NA,NA,NA,NA
20,50,sqrt,1000,10000,dynamic,0,0,2,0.021092,no,NA,NA,NA,NA,NA,NA,NA,NA
2,50,sqrt,0,5000,dynamic,10,0,2,0.035300,yes,NA,NA,NA,NA,NA,NA,NA,NA
2,50,sqrt,1000,10000,guided,1,0,2,0.042190,yes,NA,NA,NA,NA,NA,NA,NA,NA
8,10,hogwild,0,5000,static,1,0,2,0.001782,yes,NA,NA,NA,NA,NA,NA,NA,NA
40,10,sqrt,0,10000,dynamic,1,50,2,0.015026,yes,NA,NA,NA,NA,NA,NA,NA,NA
20,10,statespace,0,5000,dynamic,0,0,2,0.003501,yes,NA,NA,NA,NA,NA,NA,NA,NA
20,50,sqrt,0,10000,guided,1,50,2,0.456601,no,NA,NA,NA,NA,NA,NA,NA,NA
2,50,statespace,0,5000,dynamic,10,0,2,0.028842,yes,NA,NA,NA,NA,NA,NA,NA,NA
2,10,sqrt,10,10000,guided,10,50,2,0.024021,yes,NA,NA,NA,NA,NA,NA,NA,NA
8,10,sqrt,0,5000,static,0,0,2,0.003071,yes,NA,NA,NA,NA,NA,NA,NA,NA
16,50,statespace,0,5000,static,10,0,2,0.017279,no,NA,NA,NA,NA,NA,NA,NA,NA
40,100,sqrt,10,5000,static,10,0,2,0.622482,no,NA,NA,NA,NA,NA,NA,NA,NA
4,100,sqrt,1000,10000,dynamic,10,50,2,4.895166,no,NA,NA,NA,NA,NA,NA,NA,NA
16,100,sqrt,1000,10000,static,0,0,2,0.049670,no,NA,NA,NA,NA,NA,NA,NA,NA
4,100,sqrt,1000,5000,guided,1,0,2,0.061784,no,NA,NA,NA,NA,NA,NA,NA,NA
40,100,sqrt,10,5000,dynamic,0,0,2,0.367161,no,NA,NA,NA,NA,NA,NA,NA,NA
4,50,hogwild,0,5000,guided,0,50,2,0.392981,no,NA,NA,NA,NA,NA,NA,NA,NA
4,10,statespace,0,10000,dynamic,10,0,2,0.003802,yes,NA,NA,NA,NA,NA,NA,NA,NA
8,10,sqrt,1000,5000,dynamic,10,0,2,0.001418,yes,NA,NA,NA,NA,NA,NA,NA,NA
8,100,sqrt,1000,10000,dynamic,0,0,2,0.068919,no,NA,NA,NA,NA,NA,NA,NA,NA
4,100,sqrt,0,5000,dynamic,0,50,2,2.501627,no,NA,NA,NA,NA,NA,NA,NA,NA
4,100,sqrt,1000,10000,static,1,0,2,0.107078,no,NA,NA,NA,NA,NA,NA,NA,NA
8,100,sqrt,10,5000,guided,10,0,2,0.315127,no,NA,NA,NA,NA,NA,NA,NA,NA
16,10,sqrt,1000,5000,static,0,50,2,0.002587,yes,NA,NA,NA,NA,NA,NA,NA,NA
2,50,statespace,0,10000,static,1,0,2,0.042131,yes,NA,NA,NA,NA,NA,NA,NA,NA
4,50,sqrt,10,5000,static,1,50,2,0.578908,no,NA,NA,NA,NA,NA,NA,NA,NA
4,10,sqrt,10,10000,guided,1,0,2,0.008168,yes,NA,NA,NA,NA,NA,NA,NA,NA
40,100,statespace,0,5000,static,0,0,2,0.050394,no,NA,NA,NA,NA,NA,NA,NA,NA
8,50,sqrt,1000,5000,guided,0,0,2,0.020070,yes,NA,NA,NA,NA,NA,NA,NA,NA
40,100,sqrt,10,5000,dynamic,10,0,2,0.625598,no,NA,NA,NA,NA,NA,NA,NA,NA
4,100,hogwild,0,10000,dynamic,1,50,2,4.881854,no,NA,NA,NA,NA,NA,NA,NA,NA
40,100,sqrt,0,5000,static,1,50,2,1.428960,no,NA,NA,NA,NA,NA,NA,NA,NA
20,100,sqrt,1000,5000,dynamic,10,0,2,0.033305,no,NA,NA,NA,NA,NA,NA,NA,NA
2,100,statespace,0,5000,static,1,50,2,4.364029,no,NA,NA,NA,NA,NA,NA,NA,NA
16,100,sqrt,10,10000,static,10,50,2,18.102031,no,NA,NA,NA,NA,NA,NA,NA,NA
2,50,sqrt,10,5000,guided,10,0,2,0.068890,yes,NA,NA,NA,NA,NA,NA,NA,NA
2,50,statespace,0,10000,dynamic,10,0,2,0.041903,yes,NA,NA,NA,NA,NA,NA,NA,NA
2,100,sqrt,10,5000,dynamic,1,0,2,0.161442,no,NA,NA,NA,NA,NA,NA,NA,NA
2,100,hogwild,0,10000,static,0,50,2,8.936253,no,NA,NA,NA,NA,NA,NA,NA,NA
40,50,hogwild,0,10000,dynamic,0,50,2,0.140526,no,NA,NA,NA,NA,NA,NA,NA,NA
40,50,statespace,0,5000,guided,1,50,2,0.134253,no,NA,NA,NA,NA,NA,NA,NA,NA
2,50,hogwild,0,5000,static,1,0,2,0.023595,yes,NA,NA,NA,NA,NA,NA,NA,NA
8,50,sqrt,10,10000,guided,1,0,2,0.077194,yes,NA,NA,NA,NA,NA,NA,NA,NA
4,100,sqrt,1000,10000,dynamic,10,0,2,0.107273,no,NA,NA,NA,NA,NA,NA,NA,NA
20,50,sqrt,0,10000,guided,0,0,2,0.078785,no,NA,NA,NA,NA,NA,NA,NA,NA
8,10,sqrt,10,5000,dynamic,0,0,2,0.005099,yes,NA,NA,NA,NA,NA,NA,NA,NA
4,50,statespace,0,5000,dynamic,0,50,2,0.458932,no,NA,NA,NA,NA,NA,NA,NA,NA
8,10,statespace,0,10000,static,0,50,2,0.005232,yes,NA,NA,NA,NA,NA,NA,NA,NA
4,100,sqrt,1000,5000,dynamic,10,50,2,2.440784,no,NA,NA,NA,NA,NA,NA,NA,NA
20,10,statespace,0,5000,static,1,0,2,0.003883,yes,NA,NA,NA,NA,NA,NA,NA,NA
40,10,sqrt,0,10000,static,10,0,2,0.014967,yes,NA,NA,NA,NA,NA,NA,NA,NA
4,100,sqrt,0,5000,static,0,50,2,2.509434,no,NA,NA,NA,NA,NA,NA,NA,NA
16,10,statespace,0,5000,static,1,50,2,0.004221,yes,NA,NA,NA,NA,NA,NA,NA,NA
2,100,sqrt,1000,10000,guided,1,0,2,0.131619,yes,NA,NA,NA,NA,NA,NA,NA,NA
16,10,sqrt,10,5000,static,0,50,2,0.018152,yes,NA,NA,NA,NA,NA,NA,NA,NA
40,100,sqrt,1000,10000,dynamic,0,50,2,0.975897,no,NA,NA,NA,NA,NA,NA,NA,NA
8,50,sqrt,1000,10000,dynamic,10,0,2,0.025078,yes,NA,NA,NA,NA,NA,NA,NA,NA
8,50,sqrt,10,10000,dynamic,1,50,2,0.729772,no,NA,NA,NA,NA,NA,NA,NA,NA
40,100,sqrt,1000,5000,guided,10,50,2,0.592639,no,NA,NA,NA,NA,NA,NA,NA,NA
20,10,sqrt,10,5000,dynamic,0,0,2,0.016829,yes,NA,NA,NA,NA,NA,NA,NA,NA
4,100,hogwild,0,10000,static,0,0,2,0.060375,yes,NA,NA,NA,NA,NA,NA,NA,NA
2,100,sqrt,1000,5000,static,1,0,2,0.098618,no,NA,NA,NA,NA,NA,NA,NA,NA
20,10,statespace,0,10000,guided,1,0,2,0.006751,yes,NA,NA,NA,NA,NA,NA,NA,NA
4,50,sqrt,1000,5000,dynamic,0,50,2,0.448371,no,NA,NA,NA,NA,NA,NA,NA,NA
2,10,statespace,0,5000,static,0,50,2,0.005863,yes,NA,NA,NA,NA,NA,NA,NA,NA
4,100,statespace,0,5000,dynamic,10,0,2,0.061606,no,NA,NA,NA,NA,NA,NA,NA,NA
8,100,statespace,0,5000,dynamic,0,50,2,1.253786,no,NA,NA,NA,NA,NA,NA,NA,NA
40,50,sqrt,10,10000,dynamic,1,50,2,1.038929,no,NA,NA,NA,NA,NA,NA,NA,NA
4,100,sqrt,1000,5000,guided,10,50,2,2.417609,no,NA,NA,NA,NA,NA,NA,NA,NA
8,50,sqrt,10,10000,guided,1,50,2,0.783086,no,NA,NA,NA,NA,NA,NA,NA,NA
40,100,statespace,0,10000,dynamic,1,50,2,0.959171,no,NA,NA,NA,NA,NA,NA,NA,NA
8,10,hogwild,0,5000,guided,10,50,2,0.002888,yes,NA,NA,NA,NA,NA,NA,NA,NA
2,50,hogwild,0,5000,dynamic,10,50,2,0.684137,no,NA,NA,NA,NA,NA,NA,NA,NA
8,10,hogwild,0,5000,static,0,50,2,0.002794,yes,NA,NA,NA,NA,NA,NA,NA,NA
4,10,sqrt,10,5000,static,10,0,2,0.007907,yes,NA,NA,NA,NA,NA,NA,NA,NA
20,100,sqrt,10,10000,guided,1,0,2,0.441767,no,NA,NA,NA,NA,NA,NA,NA,NA
40,100,sqrt,10,10000,static,10,0,2,1.201253,no,NA,NA,NA,NA,NA,NA,NA,NA
40,50,sqrt,1000,10000,static,10,50,2,0.305382,no,NA,NA,NA,NA,NA,NA,NA,NA
20,100,statespace,0,10000,guided,0,0,2,0.043941,no,NA,NA,NA,NA,NA,NA,NA,NA
4,50,hogwild,0,5000,guided,1,50,2,0.411908,no,NA,NA,NA,NA,NA,NA,NA,NA
4,10,hogwild,0,10000,dynamic,0,50,2,0.007862,yes,NA,NA,NA,NA,NA,NA,NA,NA
40,50,statespace,0,5000,guided,10,50,2,0.142295,no,NA,NA,NA,NA,NA,NA,NA,NA
8,100,statespace,0,5000,guided,0,0,2,0.037751,no,NA,NA,NA,NA,NA,NA,NA,NA
16,50,hogwild,0,10000,guided,10,0,2,0.010275,no,NA,NA,NA,NA,NA,NA,NA,NA
2,50,sqrt,0,10000,guided,10,50,2,1.335626,no,NA,NA,NA,NA,NA,NA,NA,NA
4,10,sqrt,0,10000,guided,10,0,2,0.004616,yes,NA,NA,NA,NA,NA,NA,NA,NA
2,10,sqrt,10,5000,static,10,50,2,0.012590,yes,NA,NA,NA,NA,NA,NA,NA,NA
4,50,sqrt,1000,10000,dynamic,1,0,2,0.031160,yes,NA,NA,NA,NA,NA,NA,NA,NA
20,10,statespace,0,10000,static,10,50,2,0.008716,yes,NA,NA,NA,NA,NA,NA,NA,NA
20,10,statespace,0,10000,dynamic,1,0,2,0.006363,yes,NA,NA,NA,NA,NA,NA,NA,NA
4,100,sqrt,1000,10000,static,0,50,2,4.955054,no,NA,NA,NA,NA,NA,NA,NA,NA
2,50,sqrt,1000,10000,static,0,0,2,0.041876,yes,NA,NA,NA,NA,NA,NA,NA,NA
16,100,sqrt,10,10000,static,0,50,2,2.462192,no,NA,NA,NA,NA,NA,NA,NA,NA
4,10,sqrt,1000,10000,static,1,0,2,0.003050,yes,NA,NA,NA,NA,NA,NA,NA,NA
16,50,sqrt,10,5000,static,1,0,2,0.066116,no,NA,NA,NA,NA,NA,NA,NA,NA
40,100,statespace,0,5000,guided,0,0,2,0.048373,no,NA,NA,NA,NA,NA,NA,NA,NA
20,10,sqrt,10,5000,guided,0,50,2,0.018332,yes,NA,NA,NA,NA,NA,NA,NA,NA
16,50,sqrt,0,5000,guided,0,50,2,0.324247,no,NA,NA,NA,NA,NA,NA,NA,NA
8,50,hogwild,0,10000,guided,1,50,2,0.448916,no,NA,NA,NA,NA,NA,NA,NA,NA
16,10,sqrt,0,5000,static,1,50,2,0.012766,yes,NA,NA,NA,NA,NA,NA,NA,NA
8,10,sqrt,1000,5000,static,10,0,2,0.002093,yes,NA,NA,NA,NA,NA,NA,NA,NA
8,50,sqrt,1000,10000,static,10,0,2,0.025516,yes,NA,NA,NA,NA,NA,NA,NA,NA
40,100,sqrt,10,5000,guided,1,50,2,2.237952,no,NA,NA,NA,NA,NA,NA,NA,NA
2,100,sqrt,0,10000,guided,1,50,2,8.809218,no,NA,NA,NA,NA,NA,NA,NA,NA
20,50,sqrt,10,10000,dynamic,10,50,2,3.597253,no,NA,NA,NA,NA,NA,NA,NA,NA
16,50,sqrt,0,5000,guided,10,50,2,1.408105,no,NA,NA,NA,NA,NA,NA,NA,NA
4,10,sqrt,10,5000,dynamic,0,50,2,0.006533,yes,NA,NA,NA,NA,NA,NA,NA,NA
40,100,statespace,0,5000,guided,1,0,2,0.048259,no,NA,NA,NA,NA,NA,NA,NA,NA
4,50,hogwild,0,10000,static,0,0,2,0.022418,yes,NA,NA,NA,NA,NA,NA,NA,NA
20,50,statespace,0,10000,guided,0,50,2,0.253117,no,NA,NA,NA,NA,NA,NA,NA,NA
4,100,statespace,0,5000,guided,0,50,2,2.404552,no,NA,NA,NA,NA,NA,NA,NA,NA
20,10,sqrt,0,5000,static,0,0,2,0.011554,yes,NA,NA,NA,NA,NA,NA,NA,NA
40,10,statespace,0,5000,guided,1,50,2,0.007555,no,NA,NA,NA,NA,NA,NA,NA,NA
4,50,sqrt,1000,10000,dynamic,1,50,2,0.782262,no,NA,NA,NA,NA,NA,NA,NA,NA
16,10,sqrt,1000,5000,guided,1,50,2,0.002521,yes,NA,NA,NA,NA,NA,NA,NA,NA
20,100,statespace,0,5000,static,0,50,2,0.547438,no,NA,NA,NA,NA,NA,NA,NA,NA
20,100,sqrt,10,5000,guided,10,0,2,0.439019,no,NA,NA,NA,NA,NA,NA,NA,NA
2,10,sqrt,10,5000,dynamic,0,50,2,0.007726,yes,NA,NA,NA,NA,NA,NA,NA,NA
20,50,hogwild,0,10000,guided,0,0,2,0.008814,yes,NA,NA,NA,NA,NA,NA,NA,NA
20,100,sqrt,1000,10000,dynamic,1,0,2,0.046819,no,NA,NA,NA,NA,NA,NA,NA,NA
4,10,hogwild,0,5000,guided,10,0,2,0.002097,yes,NA,NA,NA,NA,NA,NA,NA,NA
2,50,sqrt,1000,5000,dynamic,10,0,2,0.028485,yes,NA,NA,NA,NA,NA,NA,NA,NA
20,10,sqrt,1000,10000,static,1,0,2,0.002384,yes,NA,NA,NA,NA,NA,NA,NA,NA
4,100,statespace,0,10000,static,0,50,2,4.852050,no,NA,NA,NA,NA,NA,NA,NA,NA
40,50,sqrt,0,10000,static,0,50,2,0.341665,no,NA,NA,NA,NA,NA,NA,NA,NA
8,10,hogwild,0,10000,dynamic,10,0,2,0.003071,yes,NA,NA,NA,NA,NA,NA,NA,NA
20,100,statespace,0,5000,static,1,0,2,0.032008,no,NA,NA,NA,NA,NA,NA,NA,NA
16,100,sqrt,10,10000,guided,10,0,2,0.772793,no,NA,NA,NA,NA,NA,NA,NA,NA
8,50,statespace,0,5000,guided,10,50,2,0.298108,no,NA,NA,NA,NA,NA,NA,NA,NA
40,100,hogwild,0,5000,dynamic,0,50,2,0.509108,no,NA,NA,NA,NA,NA,NA,NA,NA
20,10,sqrt,0,5000,dynamic,10,50,2,0.020747,yes,NA,NA,NA,NA,NA,NA,NA,NA
16,50,statespace,0,5000,dynamic,1,0,2,0.016942,no,NA,NA,NA,NA,NA,NA,NA,NA
2,100,sqrt,10,5000,static,10,50,2,8.885350,no,NA,NA,NA,NA,NA,NA,NA,NA
2,10,sqrt,1000,5000,dynamic,0,0,2,0.002520,yes,NA,NA,NA,NA,NA,NA,NA,NA
8,10,statespace,0,10000,guided,1,0,2,0.004661,yes,NA,NA,NA,NA,NA,NA,NA,NA
8,50,sqrt,0,10000,static,10,0,2,0.059378,no,NA,NA,NA,NA,NA,NA,NA,NA
8,100,statespace,0,10000,dynamic,10,0,2,0.067064,no,NA,NA,NA,NA,NA,NA,NA,NA
40,10,hogwild,0,5000,guided,0,50,2,0.005254,yes,NA,NA,NA,NA,NA,NA,NA,NA
2,50,sqrt,1000,10000,dynamic,10,0,2,0.041555,yes,NA,NA,NA,NA,NA,NA,NA,NA
20,50,sqrt,0,10000,static,1,50,2,0.480426,no,NA,NA,NA,NA,NA,NA,NA,NA
20,10,sqrt,1000,10000,guided,0,50,2,0.003509,yes,NA,NA,NA,NA,NA,NA,NA,NA
40,50,sqrt,1000,5000,guided,1,0,2,0.019332,no,NA,NA,NA,NA,NA,NA,NA,NA
16,10,statespace,0,10000,static,0,50,2,0.006283,yes,NA,NA,NA,NA,NA,NA,NA,NA
16,50,hogwild,0,10000,guided,1,0,2,0.009514,yes,NA,NA,NA,NA,NA,NA,NA,NA
16,100,sqrt,10,10000,guided,1,50,2,2.346323,no,NA,NA,NA,NA,NA,NA,NA,NA
16,10,hogwild,0,10000,guided,0,0,2,0.006372,yes,NA,NA,NA,NA,NA,NA,NA,NA
8,50,sqrt,10,5000,guided,1,50,2,0.449601,no,NA,NA,NA,NA,NA,NA,NA,NA
4,10,hogwild,0,5000,guided,0,0,2,0.002353,yes,NA,NA,NA,NA,NA,NA,NA,NA
40,50,sqrt,10,10000,static,0,0,2,0.206497,yes,NA,NA,NA,NA,NA,NA,NA,NA
16,10,sqrt,1000,5000,dynamic,1,0,2,0.001796,yes,NA,NA,NA,NA,NA,NA,NA,NA
16,10,statespace,0,10000,static,10,0,2,0.004643,yes,NA,NA,NA,NA,NA,NA,NA,NA
40,50,sqrt,1000,5000,dynamic,0,0,2,0.019538,no,NA,NA,NA,NA,NA,NA,NA,NA
2,50,sqrt,10,5000,static,0,50,2,0.780816,no,NA,NA,NA,NA,NA,NA,NA,NA
8,50,statespace,0,5000,static,0,50,2,0.299364,no,NA,NA,NA,NA,NA,NA,NA,NA
2,10,statespace,0,10000,dynamic,0,50,2,0.010827,yes,NA,NA,NA,NA,NA,NA,NA,NA
4,10,statespace,0,10000,dynamic,0,50,2,0.006938,yes,NA,NA,NA,NA,NA,NA,NA,NA
20,100,statespace,0,5000,dynamic,0,50,2,0.517146,no,NA,NA,NA,NA,NA,NA,NA,NA
2,10,sqrt,1000,5000,guided,0,50,2,0.005769,no,NA,NA,NA,NA,NA,NA,NA,NA
2,100,sqrt,1000,10000,dynamic,0,50,2,8.758285,no,NA,NA,NA,NA,NA,NA,NA,NA
4,50,statespace,0,5000,guided,0,0,2,0.024622,yes,NA,NA,NA,NA,NA,NA,NA,NA
40,50,hogwild,0,10000,static,10,50,2,0.148110,no,NA,NA,NA,NA,NA,NA,NA,NA
8,10,sqrt,0,5000,guided,0,0,2,0.002846,yes,NA,NA,NA,NA,NA,NA,NA,NA
8,50,sqrt,0,10000,static,10,50,2,1.098482,no,NA,NA,NA,NA,NA,NA,NA,NA
20,10,statespace,0,5000,static,10,50,2,0.005584,yes,NA,NA,NA,NA,NA,NA,NA,NA
4,100,sqrt,1000,5000,dynamic,10,0,2,0.062706,no,NA,NA,NA,NA,NA,NA,NA,NA
20,100,statespace,0,5000,guided,1,50,2,0.515232,no,NA,NA,NA,NA,NA,NA,NA,NA
20,10,hogwild,0,10000,static,1,0,2,0.005894,yes,NA,NA,NA,NA,NA,NA,NA,NA
4,100,sqrt,0,10000,static,1,50,2,5.102281,no,NA,NA,NA,NA,NA,NA,NA,NA
2,50,hogwild,0,10000,guided,1,0,2,0.039235,yes,NA,NA,NA,NA,NA,NA,NA,NA
40,100,statespace,0,10000,static,1,50,2,0.961198,no,NA,NA,NA,NA,NA,NA,NA,NA
4,100,hogwild,0,5000,static,0,0,2,0.041257,yes,NA,NA,NA,NA,NA,NA,NA,NA
16,100,sqrt,10,5000,dynamic,0,0,2,0.185847,no,NA,NA,NA,NA,NA,NA,NA,NA
40,100,sqrt,1000,5000,dynamic,10,0,2,0.050955,no,NA,NA,NA,NA,NA,NA,NA,NA
4,100,statespace,0,5000,guided,1,50,2,2.418396,no,NA,NA,NA,NA,NA,NA,NA,NA
20,50,sqrt,0,5000,dynamic,10,50,2,1.252543,no,NA,NA,NA,NA,NA,NA,NA,NA
40,100,hogwild,0,10000,dynamic,10,0,2,0.014032,yes,NA,NA,NA,NA,NA,NA,NA,NA
16,10,statespace,0,5000,static,0,50,2,0.003802,yes,NA,NA,NA,NA,NA,NA,NA,NA
40,10,statespace,0,10000,dynamic,1,50,2,0.009863,yes,NA,NA,NA,NA,NA,NA,NA,NA
2,50,hogwild,0,5000,guided,1,50,2,0.688944,no,NA,NA,NA,NA,NA,NA,NA,NA
8,100,hogwild,0,10000,static,10,50,2,2.734091,no,NA,NA,NA,NA,NA,NA,NA,NA
8,50,hogwild,0,5000,dynamic,10,0,2,0.008082,yes,NA,NA,NA,NA,NA,NA,NA,NA
20,100,sqrt,10,5000,static,0,50,2,1.244206,no,NA,NA,NA,NA,NA,NA,NA,NA
20,50,hogwild,0,5000,dynamic,10,50,2,0.103421,no,NA,NA,NA,NA,NA,NA,NA,NA
16,100,sqrt,10,5000,static,10,0,2,0.395547,no,NA,NA,NA,NA,NA,NA,NA,NA
16,50,sqrt,1000,10000,guided,1,50,2,0.287841,no,NA,NA,NA,NA,NA,NA,NA,NA
40,50,hogwild,0,5000,dynamic,10,0,2,0.005852,yes,NA,NA,NA,NA,NA,NA,NA,NA
8,10,hogwild,0,10000,static,1,0,2,0.003342,yes,NA,NA,NA,NA,NA,NA,NA,NA
2,100,hogwild,0,10000,guided,0,50,2,8.818473,no,NA,NA,NA,NA,NA,NA,NA,NA
2,10,statespace,0,5000,static,1,50,2,0.005746,yes,NA,NA,NA,NA,NA,NA,NA,NA
4,10,sqrt,0,5000,guided,10,0,2,0.002631,yes,NA,NA,NA,NA,NA,NA,NA,NA
8,10,hogwild,0,10000,guided,1,0,2,0.003200,yes,NA,NA,NA,NA,NA,NA,NA,NA
16,50,statespace,0,10000,static,10,0,2,0.023087,no,NA,NA,NA,NA,NA,NA,NA,NA
16,10,sqrt,0,10000,static,10,50,2,0.024229,yes,NA,NA,NA,NA,NA,NA,NA,NA
4,10,sqrt,10,5000,dynamic,10,50,2,0.015212,yes,NA,NA,NA,NA,NA,NA,NA,NA
2,50,sqrt,0,10000,dynamic,0,0,2,0.046242,yes,NA,NA,NA,NA,NA,NA,NA,NA
8,100,sqrt,0,5000,guided,1,50,2,1.642080,no,NA,NA,NA,NA,NA,NA,NA,NA
8,50,sqrt,0,10000,static,1,50,2,0.607782,no,NA,NA,NA,NA,NA,NA,NA,NA
40,50,statespace,0,5000,guided,0,0,2,0.019385,no,NA,NA,NA,NA,NA,NA,NA,NA
4,10,sqrt,1000,10000,dynamic,0,0,2,0.002929,yes,NA,NA,NA,NA,NA,NA,NA,NA
8,10,sqrt,10,10000,guided,0,0,2,0.009645,yes,NA,NA,NA,NA,NA,NA,NA,NA
40,100,sqrt,0,10000,static,1,0,2,0.206368,no,NA,NA,NA,NA,NA,NA,NA,NA
40,10,sqrt,10,10000,static,1,0,2,0.029823,yes,NA,NA,NA,NA,NA,NA,NA,NA
8,10,hogwild,0,10000,dynamic,0,50,2,0.005108,yes,NA,NA,NA,NA,NA,NA,NA,NA
16,50,sqrt,1000,5000,guided,0,0,2,0.016649,no,NA,NA,NA,NA,NA,NA,NA,NA
20,10,hogwild,0,10000,static,0,50,2,0.007020,yes,NA,NA,NA,NA,NA,NA,NA,NA
2,50,sqrt,0,10000,guided,1,50,2,1.299472,no,NA,NA,NA,NA,NA,NA,NA,NA
2,100,statespace,0,5000,guided,1,50,2,4.368569,no,NA,NA,NA,NA,NA,NA,NA,NA
4,100,sqrt,10,10000,dynamic,1,50,2,5.947086,no,NA,NA,NA,NA,NA,NA,NA,NA
20,100,sqrt,10,5000,static,1,50,2,1.253363,no,NA,NA,NA,NA,NA,NA,NA,NA
4,50,sqrt,0,5000,static,10,0,2,0.029662,yes,NA,NA,NA,NA,NA,NA,NA,NA
8,100,hogwild,0,10000,guided,0,50,2,2.664313,no,NA,NA,NA,NA,NA,NA,NA,NA
4,10,statespace,0,5000,static,0,50,2,0.003823,yes,NA,NA,NA,NA,NA,NA,NA,NA
4,50,hogwild,0,5000,dynamic,1,0,2,0.014000,yes,NA,NA,NA,NA,NA,NA,NA,NA
8,100,sqrt,0,5000,static,0,50,2,1.645729,no,NA,NA,NA,NA,NA,NA,NA,NA
40,10,sqrt,10,10000,static,1,50,2,0.040305,yes,NA,NA,NA,NA,NA,NA,NA,NA
2,50,statespace,0,10000,dynamic,1,50,2,1.301746,no,NA,NA,NA,NA,NA,NA,NA,NA
4,10,sqrt,1000,10000,dynamic,10,50,2,0.006209,yes,NA,NA,NA,NA,NA,NA,NA,NA
8,10,sqrt,0,10000,static,0,50,2,0.006837,yes,NA,NA,NA,NA,NA,NA,NA,NA
40,50,sqrt,0,5000,dynamic,1,50,2,0.162019,no,NA,NA,NA,NA,NA,NA,NA,NA
20,10,sqrt,0,5000,static,1,0,2,0.009188,yes,NA,NA,NA,NA,NA,NA,NA,NA
40,10,sqrt,10,10000,dynamic,1,0,2,0.032152,yes,NA,NA,NA,NA,NA,NA,NA,NA
4,100,statespace,0,5000,guided,1,0,2,0.062005,no,NA,NA,NA,NA,NA,NA,NA,NA
4,50,statespace,0,10000,dynamic,10,0,2,0.031370,yes,NA,NA,NA,NA,NA,NA,NA,NA
20,50,sqrt,10,10000,static,0,50,2,0.634129,no,NA,NA,NA,NA,NA,NA,NA,NA
40,100,statespace,0,5000,static,1,0,2,0.047738,no,NA,NA,NA,NA,NA,NA,NA,NA
20,10,sqrt,10,5000,static,1,0,2,0.015734,yes,NA,NA,NA,NA,NA,NA,NA,NA
16,10,sqrt,10,5000,dynamic,1,0,2,0.014314,yes,NA,NA,NA,NA,NA,NA,NA,NA
40,10,sqrt,0,5000,guided,10,0,2,0.007960,no,NA,NA,NA,NA,NA,NA,NA,NA
2,100,statespace,0,10000,guided,0,50,2,8.750973,no,NA,NA,NA,NA,NA,NA,NA,NA
2,50,hogwild,0,10000,static,10,50,2,1.290203,no,NA,NA,NA,NA,NA,NA,NA,NA
40,100,statespace,0,10000,dynamic,0,0,2,0.058544,no,NA,NA,NA,NA,NA,NA,NA,NA
40,10,statespace,0,10000,dynamic,1,0,2,0.006547,no,NA,NA,NA,NA,NA,NA,NA,NA
2,50,statespace,0,10000,guided,10,50,2,1.313935,no,NA,NA,NA,NA,NA,NA,NA,NA
40,100,sqrt,0,5000,dynamic,1,50,2,0.586591,no,NA,NA,NA,NA,NA,NA,NA,NA
4,10,sqrt,10,10000,guided,10,0,2,0.015283,yes,NA,NA,NA,NA,NA,NA,NA,NA
16,50,sqrt,1000,10000,guided,0,50,2,0.286278,no,NA,NA,NA,NA,NA,NA,NA,NA
16,50,statespace,0,5000,guided,0,0,2,0.017087,no,NA,NA,NA,NA,NA,NA,NA,NA
2,50,hogwild,0,10000,dynamic,0,50,2,1.268432,no,NA,NA,NA,NA,NA,NA,NA,NA
16,10,sqrt,10,10000,dynamic,1,50,2,0.036355,yes,NA,NA,NA,NA,NA,NA,NA,NA
40,50,sqrt,10,5000,guided,10,0,2,0.247346,no,NA,NA,NA,NA,NA,NA,NA,NA
4,50,hogwild,0,10000,dynamic,10,0,2,0.022195,yes,NA,NA,NA,NA,NA,NA,NA,NA
20,50,sqrt,0,10000,static,10,50,2,2.064542,no,NA,NA,NA,NA,NA,NA,NA,NA
16,10,sqrt,10,10000,static,1,50,2,0.027191,yes,NA,NA,NA,NA,NA,NA,NA,NA
8,100,sqrt,1000,10000,guided,1,50,2,2.536617,no,NA,NA,NA,NA,NA,NA,NA,NA
16,100,sqrt,1000,5000,guided,1,0,2,0.033223,no,NA,NA,NA,NA,NA,NA,NA,NA
2,10,sqrt,0,10000,static,1,50,2,0.011859,yes,NA,NA,NA,NA,NA,NA,NA,NA
2,100,sqrt,10,5000,guided,10,50,2,8.827870,no,NA,NA,NA,NA,NA,NA,NA,NA
8,10,sqrt,1000,10000,guided,0,0,2,0.002015,yes,NA,NA,NA,NA,NA,NA,NA,NA
4,10,sqrt,10,10000,dynamic,0,0,2,0.008076,yes,NA,NA,NA,NA,NA,NA,NA,NA
4,10,sqrt,1000,5000,dynamic,1,0,2,0.001691,yes,NA,NA,NA,NA,NA,NA,NA,NA
16,50,sqrt,10,5000,guided,10,50,2,2.122336,no,NA,NA,NA,NA,NA,NA,NA,NA
20,50,sqrt,10,5000,static,1,0,2,0.075658,no,NA,NA,NA,NA,NA,NA,NA,NA
16,50,sqrt,10,10000,guided,0,50,2,0.639394,no,NA,NA,NA,NA,NA,NA,NA,NA
16,10,sqrt,1000,5000,static,0,0,2,0.001667,yes,NA,NA,NA,NA,NA,NA,NA,NA
16,10,sqrt,0,10000,static,1,0,2,0.010792,yes,NA,NA,NA,NA,NA,NA,NA,NA
4,50,sqrt,10,5000,guided,1,50,2,0.550258,no,NA,NA,NA,NA,NA,NA,NA,NA
8,50,hogwild,0,10000,static,0,0,2,0.012717,yes,NA,NA,NA,NA,NA,NA,NA,NA
2,100,statespace,0,5000,static,10,50,2,4.361436,no,NA,NA,NA,NA,NA,NA,NA,NA
4,50,sqrt,10,10000,dynamic,1,50,2,0.961760,no,NA,NA,NA,NA,NA,NA,NA,NA
2,100,statespace,0,5000,dynamic,10,50,2,4.366626,no,NA,NA,NA,NA,NA,NA,NA,NA
2,10,sqrt,1000,10000,guided,0,0,2,0.004809,yes,NA,NA,NA,NA,NA,NA,NA,NA
40,10,sqrt,0,5000,static,10,50,2,0.015817,no,NA,NA,NA,NA,NA,NA,NA,NA
40,10,sqrt,10,5000,dynamic,10,0,2,0.024335,yes,NA,NA,NA,NA,NA,NA,NA,NA
4,100,sqrt,1000,5000,static,10,0,2,0.062911,no,NA,NA,NA,NA,NA,NA,NA,NA
40,50,sqrt,0,10000,dynamic,1,0,2,0.067973,no,NA,NA,NA,NA,NA,NA,NA,NA
20,50,sqrt,10,5000,guided,1,50,2,0.323758,no,NA,NA,NA,NA,NA,NA,NA,NA
20,100,statespace,0,10000,dynamic,1,50,2,1.021794,no,NA,NA,NA,NA,NA,NA,NA,NA
4,10,sqrt,0,10000,dynamic,10,50,2,0.010161,yes,NA,NA,NA,NA,NA,NA,NA,NA
2,100,sqrt,0,10000,guided,0,0,2,0.145505,yes,NA,NA,NA,NA,NA,NA,NA,NA
8,10,sqrt,0,10000,static,0,0,2,0.004192,yes,NA,NA,NA,NA,NA,NA,NA,NA
20,10,hogwild,0,10000,static,1,50,2,0.007831,yes,NA,NA,NA,NA,NA,NA,NA,NA
20,50,hogwild,0,5000,guided,0,0,2,0.005926,yes,NA,NA,NA,NA,NA,NA,NA,NA
40,10,sqrt,0,5000,static,10,0,2,0.008389,yes,NA,NA,NA,NA,NA,NA,NA,NA
4,10,statespace,0,5000,dynamic,1,0,2,0.001965,yes,NA,NA,NA,NA,NA,NA,NA,NA
4,50,statespace,0,10000,static,0,50,2,0.794396,no,NA,NA,NA,NA,NA,NA,NA,NA
8,50,hogwild,0,10000,dynamic,10,50,2,0.432020,no,NA,NA,NA,NA,NA,NA,NA,NA
40,50,hogwild,0,5000,dynamic,0,0,2,0.006068,yes,NA,NA,NA,NA,NA,NA,NA,NA
20,50,sqrt,10,5000,static,1,50,2,0.325280,no,NA,NA,NA,NA,NA,NA,NA,NA
16,50,sqrt,10,10000,static,1,50,2,0.606010,no,NA,NA,NA,NA,NA,NA,NA,NA
2,10,hogwild,0,5000,dynamic,0,50,2,0.006286,yes,NA,NA,NA,NA,NA,NA,NA,NA
8,100,sqrt,1000,10000,dynamic,0,50,2,2.527422,no,NA,NA,NA,NA,NA,NA,NA,NA
4,10,statespace,0,10000,guided,10,50,2,0.007548,yes,NA,NA,NA,NA,NA,NA,NA,NA
20,10,sqrt,0,5000,static,10,50,2,0.017794,yes,NA,NA,NA,NA,NA,NA,NA,NA
16,50,sqrt,0,5000,guided,1,0,2,0.048328,no,NA,NA,NA,NA,NA,NA,NA,NA
8,50,hogwild,0,10000,dynamic,0,0,2,0.012238,yes,NA,NA,NA,NA,NA,NA,NA,NA
16,10,hogwild,0,5000,guided,0,50,2,0.004083,yes,NA,NA,NA,NA,NA,NA,NA,NA
20,100,statespace,0,5000,guided,0,50,2,0.543540,no,NA,NA,NA,NA,NA,NA,NA,NA
20,10,sqrt,10,5000,dynamic,1,0,2,0.016031,yes,NA,NA,NA,NA,NA,NA,NA,NA
2,100,hogwild,0,5000,dynamic,10,50,2,4.389636,no,NA,NA,NA,NA,NA,NA,NA,NA
2,10,sqrt,1000,5000,dynamic,10,50,2,0.005377,yes,NA,NA,NA,NA,NA,NA,NA,NA
2,10,sqrt,0,10000,guided,10,50,2,0.011255,yes,NA,NA,NA,NA,NA,NA,NA,NA
8,50,sqrt,0,5000,guided,0,0,2,0.030192,no,NA,NA,NA,NA,NA,NA,NA,NA
4,100,statespace,0,10000,dynamic,0,50,2,4.811005,no,NA,NA,NA,NA,NA,NA,NA,NA
4,50,statespace,0,5000,dynamic,0,0,2,0.024519,yes,NA,NA,NA,NA,NA,NA,NA,NA
4,10,sqrt,0,10000,static,10,0,2,0.005388,yes,NA,NA,NA,NA,NA,NA,NA,NA
4,100,sqrt,0,10000,guided,0,50,2,5.067854,no,NA,NA,NA,NA,NA,NA,NA,NA
4,10,sqrt,0,10000,dynamic,1,0,2,0.003990,yes,NA,NA,NA,NA,NA,NA,NA,NA
20,10,sqrt,10,5000,dynamic,10,50,2,0.033082,yes,NA,NA,NA,NA,NA,NA,NA,NA
20,10,statespace,0,5000,dynamic,1,0,2,0.003619,yes,NA,NA,NA,NA,NA,NA,NA,NA
16,50,sqrt,10,5000,static,0,50,2,0.327953,no,NA,NA,NA,NA,NA,NA,NA,NA
40,50,hogwild,0,5000,static,1,50,2,0.077084,no,NA,NA,NA,NA,NA,NA,NA,NA
4,10,statespace,0,5000,guided,1,0,2,0.001894,yes,NA,NA,NA,NA,NA,NA,NA,NA
8,50,hogwild,0,5000,dynamic,10,50,2,0.226168,no,NA,NA,NA,NA,NA,NA,NA,NA
8,50,sqrt,10,5000,dynamic,0,0,2,0.046163,yes,NA,NA,NA,NA,NA,NA,NA,NA
20,50,sqrt,0,10000,dynamic,0,0,2,0.076008,no,NA,NA,NA,NA,NA,NA,NA,NA
8,100,sqrt,10,10000,static,0,0,2,0.246810,no,NA,NA,NA,NA,NA,NA,NA,NA
2,100,hogwild,0,5000,static,0,50,2,4.454893,no,NA,NA,NA,NA,NA,NA,NA,NA
40,50,statespace,0,10000,static,0,0,2,0.026451,no,NA,NA,NA,NA,NA,NA,NA,NA
20,10,sqrt,10,10000,static,10,0,2,0.044838,yes,NA,NA,NA,NA,NA,NA,NA,NA
8,100,statespace,0,10000,guided,1,50,2,2.507940,no,NA,NA,NA,NA,NA,NA,NA,NA
20,10,sqrt,0,5000,dynamic,10,0,2,0.013842,yes,NA,NA,NA,NA,NA,NA,NA,NA
2,10,sqrt,10,5000,dynamic,10,50,2,0.012467,yes,NA,NA,NA,NA,NA,NA,NA,NA
40,50,statespace,0,10000,guided,1,0,2,0.025694,no,NA,NA,NA,NA,NA,NA,NA,NA
40,100,hogwild,0,10000,static,0,0,2,0.015269,yes,NA,NA,NA,NA,NA,NA,NA,NA
4,50,statespace,0,10000,guided,0,0,2,0.031703,yes,NA,NA,NA,NA,NA,NA,NA,NA
16,10,hogwild,0,10000,static,1,50,2,0.007157,yes,NA,NA,NA,NA,NA,NA,NA,NA
16,10,statespace,0,10000,dynamic,0,50,2,0.006115,yes,NA,NA,NA,NA,NA,NA,NA,NA
16,100,sqrt,0,10000,static,1,50,2,1.801397,no,NA,NA,NA,NA,NA,NA,NA,NA
2,10,sqrt,0,5000,dynamic,10,0,2,0.003181,yes,NA,NA,NA,NA,NA,NA,NA,NA
16,10,sqrt,10,5000,static,10,0,2,0.017924,yes,NA,NA,NA,NA,NA,NA,NA,NA
16,50,hogwild,0,5000,dynamic,1,50,2,0.121957,no,NA,NA,NA,NA,NA,NA,NA,NA
2,10,statespace,0,10000,dynamic,10,50,2,0.010942,yes,NA,NA,NA,NA,NA,NA,NA,NA
20,100,sqrt,0,5000,guided,10,50,2,4.682460,no,NA,NA,NA,NA,NA,NA,NA,NA
40,100,sqrt,10,10000,static,10,50,2,19.241762,no,NA,NA,NA,NA,NA,NA,NA,NA
40,10,statespace,0,5000,static,0,50,2,0.006420,no,NA,NA,NA,NA,NA,NA,NA,NA
8,50,sqrt,0,10000,guided,1,50,2,0.539867,no,NA,NA,NA,NA,NA,NA,NA,NA
4,10,hogwild,0,5000,guided,1,0,2,0.002129,yes,NA,NA,NA,NA,NA,NA,NA,NA
16,100,hogwild,0,5000,dynamic,10,50,2,0.726660,no,NA,NA,NA,NA,NA,NA,NA,NA
40,10,sqrt,1000,10000,guided,1,50,2,0.004676,yes,NA,NA,NA,NA,NA,NA,NA,NA
8,10,statespace,0,10000,static,10,50,2,0.006642,yes,NA,NA,NA,NA,NA,NA,NA,NA
16,50,sqrt,10,5000,guided,1,50,2,0.317797,no,NA,NA,NA,NA,NA,NA,NA,NA
8,50,sqrt,1000,5000,guided,1,0,2,0.019467,no,NA,NA,NA,NA,NA,NA,NA,NA
20,50,sqrt,1000,5000,guided,0,0,2,0.016105,no,NA,NA,NA,NA,NA,NA,NA,NA
20,50,sqrt,10,5000,dynamic,10,0,2,0.182158,no,NA,NA,NA,NA,NA,NA,NA,NA
2,10,statespace,0,10000,guided,1,0,2,0.005100,yes,NA,NA,NA,NA,NA,NA,NA,NA
40,50,sqrt,10,10000,guided,0,50,2,1.038111,no,NA,NA,NA,NA,NA,NA,NA,NA
20,50,sqrt,0,10000,guided,1,0,2,0.077014,no,NA,NA,NA,NA,NA,NA,NA,NA
8,50,sqrt,0,10000,static,0,50,2,0.668821,no,NA,NA,NA,NA,NA,NA,NA,NA
40,10,sqrt,1000,10000,static,0,0,2,0.003577,yes,NA,NA,NA,NA,NA,NA,NA,NA
2,50,sqrt,10,10000,static,10,50,2,2.632627,no,NA,NA,NA,NA,NA,NA,NA,NA
20,50,hogwild,0,5000,static,0,0,2,0.006651,yes,NA,NA,NA,NA,NA,NA,NA,NA
40,100,hogwild,0,10000,static,1,50,2,0.945409,no,NA,NA,NA,NA,NA,NA,NA,NA
40,100,sqrt,10,5000,guided,10,0,2,0.623716,no,NA,NA,NA,NA,NA,NA,NA,NA
40,10,sqrt,10,10000,dynamic,10,50,2,0.059585,yes,NA,NA,NA,NA,NA,NA,NA,NA
2,10,sqrt,10,10000,static,0,50,2,0.015077,yes,NA,NA,NA,NA,NA,NA,NA,NA
4,50,statespace,0,5000,dynamic,10,50,2,0.461185,no,NA,NA,NA,NA,NA,NA,NA,NA
8,10,sqrt,1000,10000,guided,10,0,2,0.002068,yes,NA,NA,NA,NA,NA,NA,NA,NA
2,100,hogwild,0,10000,guided,10,50,2,8.822725,no,NA,NA,NA,NA,NA,NA,NA,NA
16,100,sqrt,0,5000,dynamic,0,50,2,1.280678,no,NA,NA,NA,NA,NA,NA,NA,NA
8,100,sqrt,0,10000,dynamic,1,0,2,0.118256,no,NA,NA,NA,NA,NA,NA,NA,NA
8,50,hogwild,0,5000,static,10,50,2,0.235486,no,NA,NA,NA,NA,NA,NA,NA,NA
4,50,sqrt,10,10000,dynamic,1,0,2,0.067560,yes,NA,NA,NA,NA,NA,NA,NA,NA
16,50,statespace,0,10000,dynamic,10,0,2,0.022375,no,NA,NA,NA,NA,NA,NA,NA,NA
20,50,sqrt,1000,10000,dynamic,1,50,2,0.242999,no,NA,NA,NA,NA,NA,NA,NA,NA
20,100,statespace,0,10000,guided,10,0,2,0.043831,no,NA,NA,NA,NA,NA,NA,NA,NA
8,100,statespace,0,10000,guided,1,0,2,0.066891,no,NA,NA,NA,NA,NA,NA,NA,NA
20,100,sqrt,1000,10000,dynamic,1,50,2,1.041072,no,NA,NA,NA,NA,NA,NA,NA,NA
2,100,sqrt,10,10000,static,0,0,2,0.269102,yes,NA,NA,NA,NA,NA,NA,NA,NA
20,50,sqrt,1000,10000,static,10,50,2,0.253672,no,NA,NA,NA,NA,NA,NA,NA,NA
8,50,sqrt,1000,10000,guided,1,50,2,0.464826,no,NA,NA,NA,NA,NA,NA,NA,NA
16,10,sqrt,1000,10000,guided,0,50,2,0.003363,yes,NA,NA,NA,NA,NA,NA,NA,NA
8,50,sqrt,1000,10000,dynamic,0,50,2,0.455312,no,NA,NA,NA,NA,NA,NA,NA,NA
16,50,hogwild,0,10000,guided,0,50,2,0.241728,no,NA,NA,NA,NA,NA,NA,NA,NA
40,10,statespace,0,5000,dynamic,0,0,2,0.004195,yes,NA,NA,NA,NA,NA,NA,NA,NA
40,100,sqrt,0,5000,guided,1,50,2,0.584770,no,NA,NA,NA,NA,NA,NA,NA,NA
4,10,hogwild,0,10000,dynamic,10,50,2,0.007356,yes,NA,NA,NA,NA,NA,NA,NA,NA
40,50,sqrt,0,10000,dynamic,10,0,2,0.123491,no,NA,NA,NA,NA,NA,NA,NA,NA
4,10,statespace,0,5000,guided,0,50,2,0.003801,yes,NA,NA,NA,NA,NA,NA,NA,NA
20,100,sqrt,10,10000,dynamic,10,0,2,0.846695,no,NA,NA,NA,NA,NA,NA,NA,NA
16,10,sqrt,10,10000,dynamic,10,50,2,0.048812,yes,NA,NA,NA,NA,NA,NA,NA,NA
16,100,sqrt,10,10000,guided,10,50,2,18.071465,no,NA,NA,NA,NA,NA,NA,NA,NA
2,50,statespace,0,5000,static,1,50,2,0.722089,no,NA,NA,NA,NA,NA,NA,NA,NA
4,100,sqrt,1000,10000,dynamic,0,50,2,4.844141,no,NA,NA,NA,NA,NA,NA,NA,NA
20,10,sqrt,1000,5000,guided,1,0,2,0.002156,yes,NA,NA,NA,NA,NA,NA,NA,NA
4,100,sqrt,1000,5000,guided,0,0,2,0.063562,no,NA,NA,NA,NA,NA,NA,NA,NA
2,10,sqrt,1000,10000,guided,1,0,2,0.004736,yes,NA,NA,NA,NA,NA,NA,NA,NA
20,100,sqrt,1000,10000,guided,10,50,2,1.118058,no,NA,NA,NA,NA,NA,NA,NA,NA
2,100,statespace,0,5000,guided,0,50,2,4.364170,no,NA,NA,NA,NA,NA,NA,NA,NA
16,100,hogwild,0,5000,static,0,0,2,0.017479,yes,NA,NA,NA,NA,NA,NA,NA,NA
40,100,statespace,0,10000,static,1,0,2,0.058649,no,NA,NA,NA,NA,NA,NA,NA,NA
40,100,sqrt,0,5000,guided,0,50,2,0.585590,no,NA,NA,NA,NA,NA,NA,NA,NA
20,100,statespace,0,10000,dynamic,10,50,2,1.023410,no,NA,NA,NA,NA,NA,NA,NA,NA
40,50,sqrt,1000,5000,static,0,0,2,0.020235,no,NA,NA,NA,NA,NA,NA,NA,NA
8,10,statespace,0,5000,dynamic,1,0,2,0.001679,yes,NA,NA,NA,NA,NA,NA,NA,NA
40,100,sqrt,1000,10000,static,10,50,2,1.163892,no,NA,NA,NA,NA,NA,NA,NA,NA
4,100,sqrt,10,5000,static,0,50,2,2.991449,no,NA,NA,NA,NA,NA,NA,NA,NA
40,10,statespace,0,5000,static,0,0,2,0.004732,yes,NA,NA,NA,NA,NA,NA,NA,NA
8,100,hogwild,0,5000,guided,10,0,2,0.022113,yes,NA,NA,NA,NA,NA,NA,NA,NA
40,10,sqrt,0,10000,dynamic,10,50,2,0.024875,yes,NA,NA,NA,NA,NA,NA,NA,NA
40,10,hogwild,0,10000,static,10,0,2,0.007335,yes,NA,NA,NA,NA,NA,NA,NA,NA
2,50,sqrt,0,5000,guided,0,0,2,0.030972,yes,NA,NA,NA,NA,NA,NA,NA,NA
40,10,statespace,0,10000,dynamic,0,50,2,0.009527,yes,NA,NA,NA,NA,NA,NA,NA,NA
2,10,sqrt,10,10000,dynamic,1,0,2,0.008976,yes,NA,NA,NA,NA,NA,NA,NA,NA
4,50,hogwild,0,10000,static,10,0,2,0.022753,yes,NA,NA,NA,NA,NA,NA,NA,NA
2,10,hogwild,0,10000,static,10,0,2,0.005738,yes,NA,NA,NA,NA,NA,NA,NA,NA
2,50,sqrt,10,10000,guided,0,0,2,0.076945,yes,NA,NA,NA,NA,NA,NA,NA,NA
40,50,sqrt,10,10000,static,10,0,2,0.377007,yes,NA,NA,NA,NA,NA,NA,NA,NA
40,50,sqrt,0,10000,dynamic,10,50,2,2.225817,no,NA,NA,NA,NA,NA,NA,NA,NA
40,100,statespace,0,5000,dynamic,0,50,2,0.496232,no,NA,NA,NA,NA,NA,NA,NA,NA
4,100,hogwild,0,10000,static,10,0,2,0.064137,yes,NA,NA,NA,NA,NA,NA,NA,NA
40,50,sqrt,0,5000,static,10,0,2,0.078451,no,NA,NA,NA,NA,NA,NA,NA,NA
4,50,statespace,0,5000,guided,10,0,2,0.024406,yes,NA,NA,NA,NA,NA,NA,NA,NA
40,10,hogwild,0,5000,static,0,50,2,0.004810,yes,NA,NA,NA,NA,NA,NA,NA,NA
16,10,sqrt,0,10000,static,0,0,2,0.011588,yes,NA,NA,NA,NA,NA,NA,NA,NA
40,100,sqrt,0,10000,dynamic,10,50,2,8.811447,no,NA,NA,NA,NA,NA,NA,NA,NA
20,100,sqrt,10,5000,static,1,0,2,0.226516,no,NA,NA,NA,NA,NA,NA,NA,NA
4,10,hogwild,0,5000,dynamic,0,0,2,0.002194,yes,NA,NA,NA,NA,NA,NA,NA,NA
2,100,sqrt,1000,10000,static,1,50,2,8.737208,no,NA,NA,NA,NA,NA,NA,NA,NA
4,50,sqrt,0,5000,dynamic,10,50,2,0.556328,no,NA,NA,NA,NA,NA,NA,NA,NA
4,100,sqrt,1000,10000,dynamic,1,50,2,4.830873,no,NA,NA,NA,NA,NA,NA,NA,NA
20,50,sqrt,0,5000,guided,10,50,2,1.252522,no,NA,NA,NA,NA,NA,NA,NA,NA
2,50,statespace,0,10000,static,1,50,2,1.312995,no,NA,NA,NA,NA,NA,NA,NA,NA
40,10,sqrt,0,10000,static,0,0,2,0.011964,yes,NA,NA,NA,NA,NA,NA,NA,NA
16,100,sqrt,1000,5000,static,1,50,2,0.694309,no,NA,NA,NA,NA,NA,NA,NA,NA
20,50,sqrt,0,10000,dynamic,10,50,2,2.018246,no,NA,NA,NA,NA,NA,NA,NA,NA
40,100,sqrt,1000,5000,dynamic,0,0,2,0.049871,no,NA,NA,NA,NA,NA,NA,NA,NA
16,10,sqrt,1000,10000,dynamic,0,50,2,0.003336,yes,NA,NA,NA,NA,NA,NA,NA,NA
4,50,sqrt,0,5000,dynamic,10,0,2,0.029963,yes,NA,NA,NA,NA,NA,NA,NA,NA
2,10,sqrt,0,5000,static,0,0,2,0.002936,yes,NA,NA,NA,NA,NA,NA,NA,NA
20,50,sqrt,0,5000,static,1,0,2,0.043895,no,NA,NA,NA,NA,NA,NA,NA,NA
20,50,hogwild,0,5000,dynamic,0,0,2,0.005900,yes,NA,NA,NA,NA,NA,NA,NA,NA
16,100,sqrt,1000,10000,guided,10,50,2,1.357409,no,NA,NA,NA,NA,NA,NA,NA,NA
20,10,sqrt,1000,5000,static,10,0,2,0.001959,yes,NA,NA,NA,NA,NA,NA,NA,NA
4,50,sqrt,1000,10000,static,0,0,2,0.032339,yes,NA,NA,NA,NA,NA,NA,NA,NA
8,50,sqrt,1000,10000,guided,10,0,2,0.027162,yes,NA,NA,NA,NA,NA,NA,NA,NA
8,100,hogwild,0,10000,static,1,0,2,0.032105,yes,NA,NA,NA,NA,NA,NA,NA,NA
4,100,sqrt,10,5000,guided,0,50,2,2.973859,no,NA,NA,NA,NA,NA,NA,NA,NA
16,100,sqrt,0,5000,static,0,0,2,0.127830,no,NA,NA,NA,NA,NA,NA,NA,NA
2,100,sqrt,10,5000,guided,0,50,2,4.462319,no,NA,NA,NA,NA,NA,NA,NA,NA
16,100,hogwild,0,5000,guided,0,0,2,0.015104,yes,NA,NA,NA,NA,NA,NA,NA,NA
8,50,sqrt,1000,5000,guided,10,50,2,0.299591,no,NA,NA,NA,NA,NA,NA,NA,NA
20,100,sqrt,0,10000,guided,10,0,2,0.397672,no,NA,NA,NA,NA,NA,NA,NA,NA
2,10,hogwild,0,5000,static,10,50,2,0.006365,yes,NA,NA,NA,NA,NA,NA,NA,NA
4,10,hogwild,0,10000,dynamic,0,0,2,0.004245,yes,NA,NA,NA,NA,NA,NA,NA,NA
2,10,sqrt,10,5000,static,0,0,2,0.004605,yes,NA,NA,NA,NA,NA,NA,NA,NA
4,10,sqrt,1000,5000,static,0,50,2,0.003446,yes,NA,NA,NA,NA,NA,NA,NA,NA
40,50,sqrt,10,5000,dynamic,1,0,2,0.115535,no,NA,NA,NA,NA,NA,NA,NA,NA
2,10,sqrt,1000,5000,static,1,50,2,0.005548,yes,NA,NA,NA,NA,NA,NA,NA,NA
40,50,sqrt,10,5000,guided,1,50,2,0.552071,no,NA,NA,NA,NA,NA,NA,NA,NA
16,10,sqrt,10,5000,static,1,0,2,0.013582,yes,NA,NA,NA,NA,NA,NA,NA,NA
8,10,sqrt,10,10000,static,1,0,2,0.009468,yes,NA,NA,NA,NA,NA,NA,NA,NA
40,50,hogwild,0,10000,static,1,0,2,0.008831,yes,NA,NA,NA,NA,NA,NA,NA,NA
20,100,sqrt,10,5000,dynamic,1,50,2,1.238494,no,NA,NA,NA,NA,NA,NA,NA,NA
2,10,sqrt,0,5000,guided,1,50,2,0.005913,yes,NA,NA,NA,NA,NA,NA,NA,NA
2,50,hogwild,0,5000,dynamic,1,50,2,0.659299,no,NA,NA,NA,NA,NA,NA,NA,NA
8,10,statespace,0,5000,dynamic,1,50,2,0.003046,yes,NA,NA,NA,NA,NA,NA,NA,NA
4,50,hogwild,0,10000,dynamic,0,0,2,0.022832,yes,NA,NA,NA,NA,NA,NA,NA,NA
4,100,statespace,0,5000,static,0,50,2,2.411968,no,NA,NA,NA,NA,NA,NA,NA,NA
2,10,sqrt,0,10000,guided,0,50,2,0.010992,yes,NA,NA,NA,NA,NA,NA,NA,NA
40,10,hogwild,0,10000,dynamic,0,0,2,0.007696,yes,NA,NA,NA,NA,NA,NA,NA,NA
20,10,hogwild,0,5000,dynamic,1,50,2,0.004759,yes,NA,NA,NA,NA,NA,NA,NA,NA
40,50,sqrt,0,5000,dynamic,10,50,2,1.138399,no,NA,NA,NA,NA,NA,NA,NA,NA
40,100,sqrt,10,5000,guided,0,50,2,2.234350,no,NA,NA,NA,NA,NA,NA,NA,NA
20,50,sqrt,0,5000,guided,1,50,2,0.172956,no,NA,NA,NA,NA,NA,NA,NA,NA
16,50,sqrt,10,5000,static,10,0,2,0.171649,no,NA,NA,NA,NA,NA,NA,NA,NA
16,10,sqrt,0,5000,dynamic,10,50,2,0.020017,yes,NA,NA,NA,NA,NA,NA,NA,NA
8,10,sqrt,0,10000,static,1,50,2,0.006890,yes,NA,NA,NA,NA,NA,NA,NA,NA
4,100,sqrt,1000,10000,dynamic,0,0,2,0.105887,yes,NA,NA,NA,NA,NA,NA,NA,NA
40,10,hogwild,0,10000,guided,10,50,2,0.008176,yes,NA,NA,NA,NA,NA,NA,NA,NA
20,10,sqrt,10,10000,dynamic,1,0,2,0.033974,yes,NA,NA,NA,NA,NA,NA,NA,NA
16,100,statespace,0,10000,static,10,50,2,1.312332,no,NA,NA,NA,NA,NA,NA,NA,NA
8,10,sqrt,10,5000,static,1,0,2,0.005391,yes,NA,NA,NA,NA,NA,NA,NA,NA
16,100,hogwild,0,5000,static,10,0,2,0.015508,no,NA,NA,NA,NA,NA,NA,NA,NA
16,10,sqrt,0,5000,dynamic,0,50,2,0.010636,yes,NA,NA,NA,NA,NA,NA,NA,NA
2,100,sqrt,1000,5000,static,1,50,2,4.399899,no,NA,NA,NA,NA,NA,NA,NA,NA
20,10,sqrt,10,10000,dynamic,1,50,2,0.042091,yes,NA,NA,NA,NA,NA,NA,NA,NA
40,50,sqrt,1000,10000,guided,10,0,2,0.029755,no,NA,NA,NA,NA,NA,NA,NA,NA
2,100,hogwild,0,10000,dynamic,10,0,2,0.109176,yes,NA,NA,NA,NA,NA,NA,NA,NA
8,100,sqrt,10,5000,dynamic,10,0,2,0.316826,no,NA,NA,NA,NA,NA,NA,NA,NA
4,50,statespace,0,5000,dynamic,10,0,2,0.024810,yes,NA,NA,NA,NA,NA,NA,NA,NA
20,50,statespace,0,5000,static,0,0,2,0.016530,no,NA,NA,NA,NA,NA,NA,NA,NA
8,100,sqrt,1000,5000,static,10,50,2,1.348188,no,NA,NA,NA,NA,NA,NA,NA,NA
4,50,statespace,0,5000,dynamic,1,50,2,0.457806,no,NA,NA,NA,NA,NA,NA,NA,NA
2,100,sqrt,1000,5000,guided,10,0,2,0.097898,no,NA,NA,NA,NA,NA,NA,NA,NA
8,50,sqrt,10,5000,guided,10,0,2,0.132832,no,NA,NA,NA,NA,NA,NA,NA,NA
16,50,sqrt,1000,10000,static,10,50,2,0.321451,no,NA,NA,NA,NA,NA,NA,NA,NA
40,10,sqrt,0,10000,guided,10,50,2,0.022776,yes,NA,NA,NA,NA,NA,NA,NA,NA
40,50,sqrt,10,10000,static,1,0,2,0.201969,yes,NA,NA,NA,NA,NA,NA,NA,NA
20,100,hogwild,0,10000,guided,1,0,2,0.018310,yes,NA,NA,NA,NA,NA,NA,NA,NA
20,50,statespace,0,5000,guided,1,50,2,0.139076,no,NA,NA,NA,NA,NA,NA,NA,NA
20,100,sqrt,10,10000,guided,0,50,2,2.431405,no,NA,NA,NA,NA,NA,NA,NA,NA
2,100,statespace,0,10000,dynamic,10,50,2,8.728267,no,NA,NA,NA,NA,NA,NA,NA,NA
16,50,statespace,0,10000,static,0,0,2,0.022477,no,NA,NA,NA,NA,NA,NA,NA,NA
16,10,statespace,0,5000,static,0,0,2,0.003985,yes,NA,NA,NA,NA,NA,NA,NA,NA
8,50,hogwild,0,5000,dynamic,1,50,2,0.221754,no,NA,NA,NA,NA,NA,NA,NA,NA
20,50,sqrt,0,10000,static,0,0,2,0.080685,no,NA,NA,NA,NA,NA,NA,NA,NA
20,100,sqrt,0,10000,static,10,50,2,8.462969,no,NA,NA,NA,NA,NA,NA,NA,NA
16,10,sqrt,0,10000,dynamic,0,50,2,0.018416,yes,NA,NA,NA,NA,NA,NA,NA,NA
16,50,hogwild,0,10000,dynamic,10,50,2,0.234667,no,NA,NA,NA,NA,NA,NA,NA,NA
2,100,hogwild,0,10000,static,10,0,2,0.109922,yes,NA,NA,NA,NA,NA,NA,NA,NA
2,10,sqrt,0,10000,dynamic,10,50,2,0.011955,yes,NA,NA,NA,NA,NA,NA,NA,NA
40,50,hogwild,0,5000,static,1,0,2,0.006076,yes,NA,NA,NA,NA,NA,NA,NA,NA
4,10,sqrt,1000,5000,dynamic,10,0,2,0.001938,yes,NA,NA,NA,NA,NA,NA,NA,NA
2,50,sqrt,10,10000,guided,10,50,2,2.641606,no,NA,NA,NA,NA,NA,NA,NA,NA
16,10,statespace,0,5000,dynamic,10,50,2,0.004762,yes,NA,NA,NA,NA,NA,NA,NA,NA
40,10,sqrt,1000,10000,guided,10,50,2,0.006052,yes,NA,NA,NA,NA,NA,NA,NA,NA
8,100,sqrt,1000,5000,guided,1,50,2,1.251101,no,NA,NA,NA,NA,NA,NA,NA,NA
16,50,hogwild,0,10000,static,0,50,2,0.242253,no,NA,NA,NA,NA,NA,NA,NA,NA
2,50,sqrt,1000,5000,guided,1,0,2,0.029056,yes,NA,NA,NA,NA,NA,NA,NA,NA
40,50,hogwild,0,5000,static,0,0,2,0.005748,yes,NA,NA,NA,NA,NA,NA,NA,NA
20,50,sqrt,1000,5000,static,1,50,2,0.138642,no,NA,NA,NA,NA,NA,NA,NA,NA
40,100,sqrt,0,10000,static,1,50,2,1.133730,no,NA,NA,NA,NA,NA,NA,NA,NA
8,100,sqrt,1000,5000,guided,10,50,2,1.312905,no,NA,NA,NA,NA,NA,NA,NA,NA
4,50,hogwild,0,5000,static,0,0,2,0.014060,yes,NA,NA,NA,NA,NA,NA,NA,NA
16,100,sqrt,0,10000,static,0,0,2,0.170425,no,NA,NA,NA,NA,NA,NA,NA,NA
20,50,hogwild,0,10000,static,1,50,2,0.193389,no,NA,NA,NA,NA,NA,NA,NA,NA
4,50,sqrt,1000,10000,dynamic,10,0,2,0.031577,yes,NA,NA,NA,NA,NA,NA,NA,NA
2,10,hogwild,0,10000,static,1,0,2,0.005966,yes,NA,NA,NA,NA,NA,NA,NA,NA
8,50,sqrt,0,5000,dynamic,1,50,2,0.326170,no,NA,NA,NA,NA,NA,NA,NA,NA
4,100,sqrt,0,10000,dynamic,10,0,2,0.170881,no,NA,NA,NA,NA,NA,NA,NA,NA
4,50,sqrt,0,5000,dynamic,1,0,2,0.026296,yes,NA,NA,NA,NA,NA,NA,NA,NA
2,10,hogwild,0,5000,static,0,50,2,0.006491,yes,NA,NA,NA,NA,NA,NA,NA,NA
16,10,statespace,0,10000,dynamic,0,0,2,0.005165,yes,NA,NA,NA,NA,NA,NA,NA,NA
8,10,statespace,0,5000,dynamic,10,0,2,0.003883,yes,NA,NA,NA,NA,NA,NA,NA,NA
40,100,sqrt,10,10000,dynamic,0,0,2,0.695333,no,NA,NA,NA,NA,NA,NA,NA,NA
8,100,sqrt,0,10000,dynamic,1,50,2,2.902207,no,NA,NA,NA,NA,NA,NA,NA,NA
20,10,hogwild,0,10000,guided,0,0,2,0.007197,yes,NA,NA,NA,NA,NA,NA,NA,NA
4,50,sqrt,0,5000,static,1,0,2,0.027829,yes,NA,NA,NA,NA,NA,NA,NA,NA
2,50,sqrt,0,10000,static,10,50,2,1.467980,no,NA,NA,NA,NA,NA,NA,NA,NA
40,100,hogwild,0,5000,dynamic,10,0,2,0.010584,yes,NA,NA,NA,NA,NA,NA,NA,NA
16,50,sqrt,1000,10000,dynamic,0,0,2,0.021577,no,NA,NA,NA,NA,NA,NA,NA,NA
20,50,statespace,0,5000,guided,0,0,2,0.015910,no,NA,NA,NA,NA,NA,NA,NA,NA
40,10,sqrt,10,10000,guided,10,0,2,0.041801,yes,NA,NA,NA,NA,NA,NA,NA,NA
8,100,sqrt,10,10000,guided,10,50,2,17.834186,no,NA,NA,NA,NA,NA,NA,NA,NA
4,50,hogwild,0,10000,dynamic,10,50,2,0.737595,no,NA,NA,NA,NA,NA,NA,NA,NA
40,50,statespace,0,5000,dynamic,1,50,2,0.134758,no,NA,NA,NA,NA,NA,NA,NA,NA
4,50,sqrt,1000,5000,static,0,0,2,0.024996,yes,NA,NA,NA,NA,NA,NA,NA,NA
8,100,statespace,0,10000,dynamic,10,50,2,2.509196,no,NA,NA,NA,NA,NA,NA,NA,NA
40,10,sqrt,0,10000,dynamic,0,50,2,0.017473,yes,NA,NA,NA,NA,NA,NA,NA,NA
20,100,sqrt,1000,10000,dynamic,0,50,2,1.038133,no,NA,NA,NA,NA,NA,NA,NA,NA
4,50,statespace,0,10000,dynamic,10,50,2,0.787822,no,NA,NA,NA,NA,NA,NA,NA,NA
40,50,hogwild,0,10000,guided,0,0,2,0.008786,yes,NA,NA,NA,NA,NA,NA,NA,NA
20,100,sqrt,1000,10000,static,10,0,2,0.046507,no,NA,NA,NA,NA,NA,NA,NA,NA
4,100,sqrt,0,5000,static,10,0,2,0.087468,no,NA,NA,NA,NA,NA,NA,NA,NA
20,100,statespace,0,5000,dynamic,10,50,2,0.524127,no,NA,NA,NA,NA,NA,NA,NA,NA
20,100,statespace,0,10000,dynamic,10,0,2,0.043069,no,NA,NA,NA,NA,NA,NA,NA,NA
8,10,statespace,0,5000,static,1,50,2,0.003108,yes,NA,NA,NA,NA,NA,NA,NA,NA
40,10,sqrt,0,10000,static,10,50,2,0.022875,yes,NA,NA,NA,NA,NA,NA,NA,NA
2,10,sqrt,1000,10000,dynamic,0,50,2,0.010477,yes,NA,NA,NA,NA,NA,NA,NA,NA
8,50,sqrt,10,10000,dynamic,10,50,2,3.408417,no,NA,NA,NA,NA,NA,NA,NA,NA
20,10,statespace,0,10000,guided,10,50,2,0.009042,yes,NA,NA,NA,NA,NA,NA,NA,NA
2,10,hogwild,0,5000,guided,0,0,2,0.002896,yes,NA,NA,NA,NA,NA,NA,NA,NA
40,50,sqrt,10,5000,guided,10,50,2,2.544343,no,NA,NA,NA,NA,NA,NA,NA,NA
4,100,statespace,0,5000,guided,10,50,2,2.411393,no,NA,NA,NA,NA,NA,NA,NA,NA
20,50,statespace,0,10000,guided,1,0,2,0.021933,no,NA,NA,NA,NA,NA,NA,NA,NA
8,100,sqrt,10,5000,static,0,50,2,2.103559,no,NA,NA,NA,NA,NA,NA,NA,NA
20,100,statespace,0,10000,static,1,50,2,1.056169,no,NA,NA,NA,NA,NA,NA,NA,NA
8,100,sqrt,0,10000,dynamic,10,0,2,0.182967,no,NA,NA,NA,NA,NA,NA,NA,NA
2,100,sqrt,10,10000,static,10,50,2,17.680599,no,NA,NA,NA,NA,NA,NA,NA,NA
20,100,sqrt,10,5000,dynamic,10,0,2,0.438706,no,NA,NA,NA,NA,NA,NA,NA,NA
16,100,sqrt,10,10000,static,1,50,2,2.854347,no,NA,NA,NA,NA,NA,NA,NA,NA
4,50,sqrt,0,5000,guided,0,50,2,0.462869,no,NA,NA,NA,NA,NA,NA,NA,NA
4,10,sqrt,10,5000,dynamic,1,50,2,0.006681,yes,NA,NA,NA,NA,NA,NA,NA,NA
4,50,statespace,0,5000,static,0,0,2,0.024795,yes,NA,NA,NA,NA,NA,NA,NA,NA
4,100,hogwild,0,10000,static,0,50,2,4.884256,no,NA,NA,NA,NA,NA,NA,NA,NA
16,50,sqrt,1000,5000,dynamic,10,0,2,0.018075,no,NA,NA,NA,NA,NA,NA,NA,NA
20,10,sqrt,0,5000,guided,10,0,2,0.013771,yes,NA,NA,NA,NA,NA,NA,NA,NA
16,50,hogwild,0,5000,dynamic,0,0,2,0.006703,yes,NA,NA,NA,NA,NA,NA,NA,NA
20,50,sqrt,0,5000,dynamic,1,0,2,0.044324,no,NA,NA,NA,NA,NA,NA,NA,NA
2,100,statespace,0,5000,guided,0,0,2,0.100117,no,NA,NA,NA,NA,NA,NA,NA,NA
2,100,sqrt,10,5000,static,0,50,2,4.435370,no,NA,NA,NA,NA,NA,NA,NA,NA
40,100,statespace,0,5000,static,1,50,2,0.506709,no,NA,NA,NA,NA,NA,NA,NA,NA
2,50,sqrt,10,5000,dynamic,1,0,2,0.045992,yes,NA,NA,NA,NA,NA,NA,NA,NA
16,10,statespace,0,10000,guided,1,50,2,0.006053,yes,NA,NA,NA,NA,NA,NA,NA,NA
16,100,statespace,0,5000,dynamic,0,0,2,0.031071,no,NA,NA,NA,NA,NA,NA,NA,NA
8,10,statespace,0,10000,guided,10,50,2,0.006126,yes,NA,NA,NA,NA,NA,NA,NA,NA
8,10,sqrt,1000,10000,dynamic,1,50,2,0.003853,yes,NA,NA,NA,NA,NA,NA,NA,NA
2,10,hogwild,0,10000,static,0,0,2,0.006053,yes,NA,NA,NA,NA,NA,NA,NA,NA
4,10,sqrt,10,5000,guided,1,0,2,0.004602,yes,NA,NA,NA,NA,NA,NA,NA,NA
16,10,statespace,0,10000,guided,1,0,2,0.004662,yes,NA,NA,NA,NA,NA,NA,NA,NA
8,10,sqrt,0,5000,dynamic,10,50,2,0.008006,yes,NA,NA,NA,NA,NA,NA,NA,NA
16,100,sqrt,10,5000,guided,1,0,2,0.259478,no,NA,NA,NA,NA,NA,NA,NA,NA
4,100,sqrt,1000,5000,static,10,50,2,2.417812,no,NA,NA,NA,NA,NA,NA,NA,NA
16,50,hogwild,0,5000,static,0,50,2,0.130232,no,NA,NA,NA,NA,NA,NA,NA,NA
20,10,sqrt,0,10000,dynamic,1,0,2,0.016210,yes,NA,NA,NA,NA,NA,NA,NA,NA
4,10,statespace,0,5000,dynamic,10,0,2,0.002178,yes,NA,NA,NA,NA,NA,NA,NA,NA
20,50,hogwild,0,5000,dynamic,1,0,2,0.006115,yes,NA,NA,NA,NA,NA,NA,NA,NA
2,100,statespace,0,5000,dynamic,1,0,2,0.098994,no,NA,NA,NA,NA,NA,NA,NA,NA
8,50,statespace,0,5000,guided,0,50,2,0.295168,no,NA,NA,NA,NA,NA,NA,NA,NA
8,50,sqrt,0,5000,dynamic,0,0,2,0.027669,no,NA,NA,NA,NA,NA,NA,NA,NA
4,50,sqrt,0,5000,guided,0,0,2,0.026763,yes,NA,NA,NA,NA,NA,NA,NA,NA
40,10,statespace,0,10000,dynamic,0,0,2,0.007357,yes,NA,NA,NA,NA,NA,NA,NA,NA
20,50,statespace,0,5000,guided,1,0,2,0.015992,no,NA,NA,NA,NA,NA,NA,NA,NA
40,50,statespace,0,5000,static,0,50,2,0.136362,no,NA,NA,NA,NA,NA,NA,NA,NA
2,50,sqrt,10,5000,dynamic,0,0,2,0.045344,yes,NA,NA,NA,NA,NA,NA,NA,NA
8,100,sqrt,0,5000,dynamic,0,50,2,1.624118,no,NA,NA,NA,NA,NA,NA,NA,NA
8,10,sqrt,10,5000,static,1,50,2,0.007345,yes,NA,NA,NA,NA,NA,NA,NA,NA
2,100,statespace,0,5000,guided,10,50,2,4.365314,no,NA,NA,NA,NA,NA,NA,NA,NA
16,100,sqrt,0,10000,dynamic,0,50,2,1.745395,no,NA,NA,NA,NA,NA,NA,NA,NA
8,50,hogwild,0,10000,guided,0,0,2,0.013089,yes,NA,NA,NA,NA,NA,NA,NA,NA
40,100,statespace,0,10000,guided,1,0,2,0.056714,no,NA,NA,NA,NA,NA,NA,NA,NA
2,100,sqrt,10,5000,dynamic,10,0,2,0.246339,yes,NA,NA,NA,NA,NA,NA,NA,NA
40,100,sqrt,1000,5000,guided,1,0,2,0.052114,no,NA,NA,NA,NA,NA,NA,NA,NA
16,10,sqrt,0,5000,static,10,0,2,0.012018,yes,NA,NA,NA,NA,NA,NA,NA,NA
4,50,sqrt,1000,10000,dynamic,0,50,2,0.771064,no,NA,NA,NA,NA,NA,NA,NA,NA
2,100,hogwild,0,5000,dynamic,1,0,2,0.073521,yes,NA,NA,NA,NA,NA,NA,NA,NA
16,10,hogwild,0,10000,guided,0,50,2,0.007947,yes,NA,NA,NA,NA,NA,NA,NA,NA
4,50,hogwild,0,10000,guided,10,0,2,0.022613,yes,NA,NA,NA,NA,NA,NA,NA,NA
4,10,sqrt,10,10000,dynamic,1,0,2,0.008011,yes,NA,NA,NA,NA,NA,NA,NA,NA
8,10,sqrt,0,10000,dynamic,0,50,2,0.006329,yes,NA,NA,NA,NA,NA,NA,NA,NA
40,50,sqrt,0,5000,static,0,0,2,0.041958,no,NA,NA,NA,NA,NA,NA,NA,NA
16,10,sqrt,10,5000,dynamic,1,50,2,0.015792,yes,NA,NA,NA,NA,NA,NA,NA,NA
16,50,sqrt,0,5000,dynamic,10,50,2,1.411762,no,NA,NA,NA,NA,NA,NA,NA,NA
16,100,sqrt,10,5000,static,1,50,2,1.192599,no,NA,NA,NA,NA,NA,NA,NA,NA
2,100,sqrt,0,10000,static,0,50,2,8.841544,no,NA,NA,NA,NA,NA,NA,NA,NA
16,100,sqrt,10,10000,static,1,0,2,0.353813,no,NA,NA,NA,NA,NA,NA,NA,NA
20,50,statespace,0,10000,guided,0,0,2,0.021231,no,NA,NA,NA,NA,NA,NA,NA,NA
16,100,statespace,0,5000,static,1,50,2,0.643250,no,NA,NA,NA,NA,NA,NA,NA,NA
16,10,sqrt,1000,10000,dynamic,1,50,2,0.003267,yes,NA,NA,NA,NA,NA,NA,NA,NA
4,10,statespace,0,5000,dynamic,1,50,2,0.003944,yes,NA,NA,NA,NA,NA,NA,NA,NA
2,50,statespace,0,10000,dynamic,1,0,2,0.041828,yes,NA,NA,NA,NA,NA,NA,NA,NA
40,100,sqrt,0,10000,guided,10,50,2,8.196245,no,NA,NA,NA,NA,NA,NA,NA,NA
2,10,statespace,0,5000,static,1,0,2,0.002772,yes,NA,NA,NA,NA,NA,NA,NA,NA
4,10,sqrt,1000,10000,static,10,50,2,0.006542,yes,NA,NA,NA,NA,NA,NA,NA,NA
20,50,sqrt,0,10000,dynamic,0,50,2,0.417816,no,NA,NA,NA,NA,NA,NA,NA,NA
2,100,sqrt,1000,5000,dynamic,0,0,2,0.100870,no,NA,NA,NA,NA,NA,NA,NA,NA
20,50,sqrt,1000,10000,dynamic,0,50,2,0.243656,no,NA,NA,NA,NA,NA,NA,NA,NA
2,100,sqrt,0,5000,guided,0,0,2,0.106435,no,NA,NA,NA,NA,NA,NA,NA,NA
40,10,sqrt,1000,5000,dynamic,0,50,2,0.004889,no,NA,NA,NA,NA,NA,NA,NA,NA
20,50,statespace,0,5000,dynamic,1,50,2,0.138159,no,NA,NA,NA,NA,NA,NA,NA,NA
20,100,sqrt,0,10000,static,0,0,2,0.228271,no,NA,NA,NA,NA,NA,NA,NA,NA
40,10,sqrt,1000,10000,dynamic,1,0,2,0.003529,yes,NA,NA,NA,NA,NA,NA,NA,NA
40,50,sqrt,1000,10000,static,1,50,2,0.256294,no,NA,NA,NA,NA,NA,NA,NA,NA
20,10,hogwild,0,5000,static,10,0,2,0.003833,yes,NA,NA,NA,NA,NA,NA,NA,NA
8,100,sqrt,1000,10000,static,10,0,2,0.070958,no,NA,NA,NA,NA,NA,NA,NA,NA
40,100,statespace,0,5000,guided,0,50,2,0.496151,no,NA,NA,NA,NA,NA,NA,NA,NA
16,50,sqrt,1000,5000,guided,1,0,2,0.017072,no,NA,NA,NA,NA,NA,NA,NA,NA
8,100,sqrt,10,5000,guided,1,0,2,0.126485,no,NA,NA,NA,NA,NA,NA,NA,NA
8,50,sqrt,0,5000,guided,10,50,2,0.854684,no,NA,NA,NA,NA,NA,NA,NA,NA
20,10,hogwild,0,10000,dynamic,10,0,2,0.007079,yes,NA,NA,NA,NA,NA,NA,NA,NA
2,50,sqrt,1000,5000,dynamic,0,0,2,0.028900,yes,NA,NA,NA,NA,NA,NA,NA,NA
16,100,statespace,0,10000,static,0,50,2,1.311139,no,NA,NA,NA,NA,NA,NA,NA,NA
16,10,sqrt,10,10000,static,1,0,2,0.025625,yes,NA,NA,NA,NA,NA,NA,NA,NA
8,10,sqrt,1000,10000,static,1,50,2,0.004108,yes,NA,NA,NA,NA,NA,NA,NA,NA
4,10,sqrt,0,5000,guided,0,50,2,0.004537,yes,NA,NA,NA,NA,NA,NA,NA,NA
16,10,hogwild,0,10000,static,0,50,2,0.006661,yes,NA,NA,NA,NA,NA,NA,NA,NA
2,100,sqrt,10,10000,dynamic,0,50,2,8.970496,no,NA,NA,NA,NA,NA,NA,NA,NA
2,10,hogwild,0,5000,guided,1,50,2,0.006686,yes,NA,NA,NA,NA,NA,NA,NA,NA
8,10,sqrt,0,10000,guided,0,50,2,0.006422,yes,NA,NA,NA,NA,NA,NA,NA,NA
8,50,sqrt,10,5000,dynamic,1,50,2,0.421731,no,NA,NA,NA,NA,NA,NA,NA,NA
8,10,statespace,0,5000,guided,10,0,2,0.002005,yes,NA,NA,NA,NA,NA,NA,NA,NA
8,50,statespace,0,5000,guided,1,0,2,0.021016,no,NA,NA,NA,NA,NA,NA,NA,NA
20,50,sqrt,1000,5000,dynamic,10,50,2,0.139165,no,NA,NA,NA,NA,NA,NA,NA,NA
2,50,statespace,0,5000,static,1,0,2,0.029263,yes,NA,NA,NA,NA,NA,NA,NA,NA
40,10,sqrt,1000,10000,dynamic,10,0,2,0.003502,yes,NA,NA,NA,NA,NA,NA,NA,NA
16,100,sqrt,10,5000,guided,0,50,2,1.178623,no,NA,NA,NA,NA,NA,NA,NA,NA
40,100,hogwild,0,10000,guided,1,50,2,0.945691,no,NA,NA,NA,NA,NA,NA,NA,NA
40,50,sqrt,0,5000,guided,1,0,2,0.039499,no,NA,NA,NA,NA,NA,NA,NA,NA
20,10,sqrt,1000,5000,guided,0,50,2,0.002587,yes,NA,NA,NA,NA,NA,NA,NA,NA
20,100,sqrt,0,5000,static,1,0,2,0.122546,no,NA,NA,NA,NA,NA,NA,NA,NA
4,10,statespace,0,5000,static,10,0,2,0.002135,yes,NA,NA,NA,NA,NA,NA,NA,NA
2,10,sqrt,0,10000,dynamic,10,0,2,0.005709,yes,NA,NA,NA,NA,NA,NA,NA,NA
40,50,statespace,0,10000,dynamic,10,0,2,0.027094,no,NA,NA,NA,NA,NA,NA,NA,NA
8,10,statespace,0,5000,dynamic,0,50,2,0.002935,yes,NA,NA,NA,NA,NA,NA,NA,NA
16,100,statespace,0,5000,static,0,50,2,0.661662,no,NA,NA,NA,NA,NA,NA,NA,NA
8,50,sqrt,10,10000,dynamic,1,0,2,0.073195,yes,NA,NA,NA,NA,NA,NA,NA,NA
20,10,sqrt,1000,10000,guided,10,0,2,0.004674,yes,NA,NA,NA,NA,NA,NA,NA,NA
2,100,hogwild,0,5000,guided,0,0,2,0.073377,no,NA,NA,NA,NA,NA,NA,NA,NA
2,10,sqrt,0,5000,guided,10,50,2,0.005845,no,NA,NA,NA,NA,NA,NA,NA,NA
40,100,statespace,0,5000,dynamic,10,50,2,0.515889,no,NA,NA,NA,NA,NA,NA,NA,NA
8,100,hogwild,0,5000,dynamic,10,50,2,1.318982,no,NA,NA,NA,NA,NA,NA,NA,NA
40,10,sqrt,0,5000,static,0,0,2,0.007420,yes,NA,NA,NA,NA,NA,NA,NA,NA
20,50,statespace,0,10000,guided,10,50,2,0.256637,no,NA,NA,NA,NA,NA,NA,NA,NA
40,100,sqrt,10,10000,static,1,50,2,4.522324,no,NA,NA,NA,NA,NA,NA,NA,NA
16,10,sqrt,1000,5000,dynamic,0,50,2,0.002841,yes,NA,NA,NA,NA,NA,NA,NA,NA
2,50,sqrt,10,5000,static,10,50,2,1.440133,no,NA,NA,NA,NA,NA,NA,NA,NA
40,50,sqrt,0,10000,guided,1,0,2,0.511005,no,NA,NA,NA,NA,NA,NA,NA,NA
8,50,sqrt,10,10000,static,1,50,2,0.831881,no,NA,NA,NA,NA,NA,NA,NA,NA
2,10,sqrt,0,5000,static,10,50,2,0.006880,yes,NA,NA,NA,NA,NA,NA,NA,NA
16,100,sqrt,1000,5000,dynamic,1,0,2,0.033355,no,NA,NA,NA,NA,NA,NA,NA,NA
2,50,sqrt,0,10000,dynamic,0,50,2,1.276517,no,NA,NA,NA,NA,NA,NA,NA,NA
20,50,sqrt,10,5000,dynamic,0,50,2,0.323974,no,NA,NA,NA,NA,NA,NA,NA,NA
4,50,hogwild,0,5000,dynamic,10,50,2,0.396059,no,NA,NA,NA,NA,NA,NA,NA,NA
2,50,sqrt,1000,10000,dynamic,10,50,2,1.284071,no,NA,NA,NA,NA,NA,NA,NA,NA
8,50,sqrt,0,5000,static,10,50,2,0.872106,no,NA,NA,NA,NA,NA,NA,NA,NA
8,100,sqrt,0,5000,static,10,0,2,0.131988,no,NA,NA,NA,NA,NA,NA,NA,NA
40,100,hogwild,0,10000,dynamic,1,50,2,0.946482,no,NA,NA,NA,NA,NA,NA,NA,NA
16,50,sqrt,10,10000,static,10,0,2,0.251289,yes,NA,NA,NA,NA,NA,NA,NA,NA
4,100,sqrt,0,5000,static,10,50,2,2.755611,no,NA,NA,NA,NA,NA,NA,NA,NA
40,100,sqrt,10,10000,guided,0,50,2,4.433596,no,NA,NA,NA,NA,NA,NA,NA,NA
2,10,sqrt,10,10000,dynamic,10,50,2,0.024286,no,NA,NA,NA,NA,NA,NA,NA,NA
40,50,sqrt,10,10000,guided,10,0,2,0.370951,yes,NA,NA,NA,NA,NA,NA,NA,NA
16,10,sqrt,1000,10000,dynamic,10,50,2,0.003370,yes,NA,NA,NA,NA,NA,NA,NA,NA
2,50,sqrt,10,5000,static,10,0,2,0.068897,yes,NA,NA,NA,NA,NA,NA,NA,NA
4,50,sqrt,10,10000,guided,10,50,2,3.030365,no,NA,NA,NA,NA,NA,NA,NA,NA
2,10,sqrt,0,5000,dynamic,1,50,2,0.006000,yes,NA,NA,NA,NA,NA,NA,NA,NA
40,50,hogwild,0,10000,static,0,50,2,0.146827,no,NA,NA,NA,NA,NA,NA,NA,NA
8,100,sqrt,10,10000,guided,1,50,2,4.196690,no,NA,NA,NA,NA,NA,NA,NA,NA
8,10,sqrt,10,5000,guided,1,0,2,0.005168,yes,NA,NA,NA,NA,NA,NA,NA,NA
4,10,sqrt,10,5000,dynamic,1,0,2,0.004224,yes,NA,NA,NA,NA,NA,NA,NA,NA
40,50,hogwild,0,10000,guided,1,50,2,0.144349,no,NA,NA,NA,NA,NA,NA,NA,NA
40,10,sqrt,10,10000,dynamic,0,0,2,0.030933,yes,NA,NA,NA,NA,NA,NA,NA,NA
2,10,statespace,0,5000,dynamic,10,0,2,0.002703,yes,NA,NA,NA,NA,NA,NA,NA,NA
40,100,hogwild,0,10000,dynamic,0,0,2,0.013545,yes,NA,NA,NA,NA,NA,NA,NA,NA
16,100,sqrt,10,5000,guided,1,50,2,1.201550,no,NA,NA,NA,NA,NA,NA,NA,NA
4,50,sqrt,0,5000,guided,10,0,2,0.030301,yes,NA,NA,NA,NA,NA,NA,NA,NA
4,50,sqrt,10,10000,dynamic,0,0,2,0.068169,yes,NA,NA,NA,NA,NA,NA,NA,NA
4,100,sqrt,1000,10000,static,0,0,2,0.106916,no,NA,NA,NA,NA,NA,NA,NA,NA
20,10,statespace,0,10000,guided,0,0,2,0.009641,yes,NA,NA,NA,NA,NA,NA,NA,NA
16,100,sqrt,10,5000,dynamic,10,0,2,0.398624,no,NA,NA,NA,NA,NA,NA,NA,NA
16,50,sqrt,1000,10000,static,1,50,2,0.293368,no,NA,NA,NA,NA,NA,NA,NA,NA
2,10,hogwild,0,10000,dynamic,10,50,2,0.011976,yes,NA,NA,NA,NA,NA,NA,NA,NA
16,50,hogwild,0,5000,static,1,0,2,0.006519,yes,NA,NA,NA,NA,NA,NA,NA,NA
4,50,sqrt,0,10000,guided,10,0,2,0.043065,yes,NA,NA,NA,NA,NA,NA,NA,NA
2,10,sqrt,0,10000,dynamic,0,50,2,0.010921,yes,NA,NA,NA,NA,NA,NA,NA,NA
40,10,hogwild,0,5000,guided,10,50,2,0.004844,yes,NA,NA,NA,NA,NA,NA,NA,NA
4,10,statespace,0,10000,static,0,0,2,0.003501,yes,NA,NA,NA,NA,NA,NA,NA,NA
16,100,sqrt,0,5000,dynamic,1,0,2,0.129052,no,NA,NA,NA,NA,NA,NA,NA,NA
16,10,hogwild,0,10000,guided,10,0,2,0.006157,yes,NA,NA,NA,NA,NA,NA,NA,NA
20,10,sqrt,10,5000,dynamic,0,50,2,0.018236,yes,NA,NA,NA,NA,NA,NA,NA,NA
2,10,statespace,0,10000,static,10,50,2,0.010940,yes,NA,NA,NA,NA,NA,NA,NA,NA
20,100,hogwild,0,5000,dynamic,0,0,2,0.012262,yes,NA,NA,NA,NA,NA,NA,NA,NA
20,100,hogwild,0,10000,static,1,0,2,0.017977,yes,NA,NA,NA,NA,NA,NA,NA,NA
20,100,sqrt,1000,5000,dynamic,0,0,2,0.033018,no,NA,NA,NA,NA,NA,NA,NA,NA
40,100,sqrt,10,10000,dynamic,1,0,2,0.689936,no,NA,NA,NA,NA,NA,NA,NA,NA
4,50,hogwild,0,10000,dynamic,1,50,2,0.775083,no,NA,NA,NA,NA,NA,NA,NA,NA
40,50,statespace,0,10000,dynamic,1,0,2,0.025847,no,NA,NA,NA,NA,NA,NA,NA,NA
40,100,sqrt,1000,10000,static,1,50,2,0.978088,no,NA,NA,NA,NA,NA,NA,NA,NA
20,100,sqrt,0,5000,guided,0,50,2,0.706486,no,NA,NA,NA,NA,NA,NA,NA,NA
8,50,sqrt,0,10000,dynamic,10,0,2,0.059641,yes,NA,NA,NA,NA,NA,NA,NA,NA
8,100,statespace,0,5000,guided,1,0,2,0.038006,no,NA,NA,NA,NA,NA,NA,NA,NA
8,50,hogwild,0,5000,static,1,50,2,0.244342,no,NA,NA,NA,NA,NA,NA,NA,NA
8,100,sqrt,0,5000,dynamic,10,50,2,3.723919,no,NA,NA,NA,NA,NA,NA,NA,NA
4,100,hogwild,0,5000,guided,1,0,2,0.043556,no,NA,NA,NA,NA,NA,NA,NA,NA
8,50,sqrt,10,5000,dynamic,0,50,2,0.420034,no,NA,NA,NA,NA,NA,NA,NA,NA
2,50,hogwild,0,5000,static,1,50,2,0.697517,no,NA,NA,NA,NA,NA,NA,NA,NA
16,50,statespace,0,5000,dynamic,1,50,2,0.167809,no,NA,NA,NA,NA,NA,NA,NA,NA
16,100,statespace,0,5000,guided,10,0,2,0.031856,no,NA,NA,NA,NA,NA,NA,NA,NA
4,10,sqrt,10,10000,guided,10,50,2,0.028394,yes,NA,NA,NA,NA,NA,NA,NA,NA
16,10,sqrt,0,10000,dynamic,0,0,2,0.012012,yes,NA,NA,NA,NA,NA,NA,NA,NA
8,10,sqrt,0,10000,dynamic,10,0,2,0.005708,yes,NA,NA,NA,NA,NA,NA,NA,NA
40,10,sqrt,1000,10000,static,10,0,2,0.003386,yes,NA,NA,NA,NA,NA,NA,NA,NA
2,10,sqrt,1000,5000,static,0,50,2,0.005762,yes,NA,NA,NA,NA,NA,NA,NA,NA
40,10,sqrt,10,10000,dynamic,1,50,2,0.034846,yes,NA,NA,NA,NA,NA,NA,NA,NA
40,50,sqrt,10,5000,static,10,50,2,2.547414,no,NA,NA,NA,NA,NA,NA,NA,NA
4,50,sqrt,1000,10000,guided,1,50,2,0.772316,no,NA,NA,NA,NA,NA,NA,NA,NA
16,100,sqrt,10,5000,guided,10,50,2,9.021564,no,NA,NA,NA,NA,NA,NA,NA,NA
16,50,statespace,0,5000,guided,10,50,2,0.173425,no,NA,NA,NA,NA,NA,NA,NA,NA
8,10,sqrt,10,10000,static,1,50,2,0.013232,yes,NA,NA,NA,NA,NA,NA,NA,NA
4,100,sqrt,10,10000,static,10,0,2,0.481441,yes,NA,NA,NA,NA,NA,NA,NA,NA
16,100,sqrt,1000,10000,static,1,50,2,1.359281,no,NA,NA,NA,NA,NA,NA,NA,NA
40,50,hogwild,0,5000,guided,1,0,2,0.006014,yes,NA,NA,NA,NA,NA,NA,NA,NA
20,50,sqrt,1000,10000,guided,10,50,2,0.263942,no,NA,NA,NA,NA,NA,NA,NA,NA
2,10,sqrt,10,10000,static,10,0,2,0.012999,yes,NA,NA,NA,NA,NA,NA,NA,NA
4,10,statespace,0,10000,static,10,0,2,0.003983,yes,NA,NA,NA,NA,NA,NA,NA,NA
8,100,sqrt,1000,10000,dynamic,10,0,2,0.070310,no,NA,NA,NA,NA,NA,NA,NA,NA
16,10,statespace,0,10000,guided,10,0,2,0.005096,yes,NA,NA,NA,NA,NA,NA,NA,NA
4,10,sqrt,0,5000,static,10,0,2,0.002664,yes,NA,NA,NA,NA,NA,NA,NA,NA
8,10,sqrt,10,10000,dynamic,1,50,2,0.012890,yes,NA,NA,NA,NA,NA,NA,NA,NA
40,10,sqrt,10,5000,dynamic,10,50,2,0.033774,yes,NA,NA,NA,NA,NA,NA,NA,NA
20,10,sqrt,0,5000,static,0,50,2,0.009941,yes,NA,NA,NA,NA,NA,NA,NA,NA
16,10,sqrt,1000,5000,dynamic,10,0,2,0.001704,yes,NA,NA,NA,NA,NA,NA,NA,NA
40,50,hogwild,0,10000,guided,10,0,2,0.009016,yes,NA,NA,NA,NA,NA,NA,NA,NA
4,10,sqrt,1000,5000,guided,10,50,2,0.003541,yes,NA,NA,NA,NA,NA,NA,NA,NA
20,10,hogwild,0,5000,guided,1,50,2,0.004094,yes,NA,NA,NA,NA,NA,NA,NA,NA
2,50,statespace,0,5000,guided,1,0,2,0.029396,yes,NA,NA,NA,NA,NA,NA,NA,NA
40,100,sqrt,10,10000,static,0,50,2,4.561967,no,NA,NA,NA,NA,NA,NA,NA,NA
16,100,hogwild,0,10000,dynamic,1,50,2,1.472680,no,NA,NA,NA,NA,NA,NA,NA,NA
40,50,sqrt,1000,5000,guided,0,0,2,0.019843,no,NA,NA,NA,NA,NA,NA,NA,NA
20,10,sqrt,0,10000,guided,1,0,2,0.017534,yes,NA,NA,NA,NA,NA,NA,NA,NA
4,100,hogwild,0,10000,guided,1,50,2,4.955887,no,NA,NA,NA,NA,NA,NA,NA,NA
20,10,hogwild,0,10000,dynamic,1,0,2,0.009335,yes,NA,NA,NA,NA,NA,NA,NA,NA
2,10,sqrt,10,10000,guided,1,0,2,0.009104,yes,NA,NA,NA,NA,NA,NA,NA,NA
8,50,hogwild,0,10000,dynamic,0,50,2,0.442906,no,NA,NA,NA,NA,NA,NA,NA,NA
4,50,sqrt,0,10000,dynamic,0,50,2,0.808856,no,NA,NA,NA,NA,NA,NA,NA,NA
8,50,hogwild,0,5000,guided,1,0,2,0.007858,yes,NA,NA,NA,NA,NA,NA,NA,NA
8,50,hogwild,0,5000,dynamic,0,50,2,0.220488,no,NA,NA,NA,NA,NA,NA,NA,NA
4,50,statespace,0,10000,guided,10,50,2,0.796164,no,NA,NA,NA,NA,NA,NA,NA,NA
40,50,hogwild,0,10000,dynamic,1,0,2,0.008782,yes,NA,NA,NA,NA,NA,NA,NA,NA
16,10,hogwild,0,10000,static,1,0,2,0.005733,yes,NA,NA,NA,NA,NA,NA,NA,NA
8,100,sqrt,10,10000,guided,0,0,2,0.245873,no,NA,NA,NA,NA,NA,NA,NA,NA
20,10,sqrt,10,10000,guided,10,0,2,0.046936,yes,NA,NA,NA,NA,NA,NA,NA,NA
20,10,statespace,0,5000,static,1,50,2,0.004585,yes,NA,NA,NA,NA,NA,NA,NA,NA
2,100,sqrt,1000,10000,dynamic,1,50,2,8.716316,no,NA,NA,NA,NA,NA,NA,NA,NA
2,50,statespace,0,5000,dynamic,1,0,2,0.029158,yes,NA,NA,NA,NA,NA,NA,NA,NA
8,10,sqrt,0,5000,dynamic,0,50,2,0.004160,yes,NA,NA,NA,NA,NA,NA,NA,NA
4,10,sqrt,10,10000,dynamic,1,50,2,0.012374,yes,NA,NA,NA,NA,NA,NA,NA,NA
4,50,sqrt,0,10000,static,10,0,2,0.050823,yes,NA,NA,NA,NA,NA,NA,NA,NA
40,100,sqrt,0,5000,dynamic,10,0,2,0.197458,no,NA,NA,NA,NA,NA,NA,NA,NA
2,50,statespace,0,10000,static,10,0,2,0.041792,yes,NA,NA,NA,NA,NA,NA,NA,NA
2,10,sqrt,10,5000,dynamic,0,0,2,0.004748,yes,NA,NA,NA,NA,NA,NA,NA,NA
16,100,statespace,0,5000,static,10,0,2,0.031014,no,NA,NA,NA,NA,NA,NA,NA,NA
2,100,sqrt,1000,5000,static,0,0,2,0.098432,no,NA,NA,NA,NA,NA,NA,NA,NA
16,10,sqrt,1000,5000,static,1,0,2,0.001673,yes,NA,NA,NA,NA,NA,NA,NA,NA
40,10,sqrt,1000,10000,guided,10,0,2,0.005473,yes,NA,NA,NA,NA,NA,NA,NA,NA
4,10,statespace,0,10000,dynamic,1,0,2,0.003594,yes,NA,NA,NA,NA,NA,NA,NA,NA
40,50,statespace,0,10000,guided,10,0,2,0.026434,no,NA,NA,NA,NA,NA,NA,NA,NA
2,100,sqrt,0,10000,static,0,0,2,0.146520,yes,NA,NA,NA,NA,NA,NA,NA,NA
4,100,hogwild,0,5000,guided,1,50,2,2.451600,no,NA,NA,NA,NA,NA,NA,NA,NA
4,100,sqrt,1000,5000,guided,0,50,2,2.423636,no,NA,NA,NA,NA,NA,NA,NA,NA
2,100,statespace,0,10000,dynamic,1,50,2,8.712274,no,NA,NA,NA,NA,NA,NA,NA,NA
8,10,sqrt,10,5000,static,0,50,2,0.006931,yes,NA,NA,NA,NA,NA,NA,NA,NA
2,100,sqrt,1000,5000,guided,0,0,2,0.098392,no,NA,NA,NA,NA,NA,NA,NA,NA
40,100,hogwild,0,5000,dynamic,1,0,2,0.010579,yes,NA,NA,NA,NA,NA,NA,NA,NA
16,10,sqrt,10,10000,dynamic,10,0,2,0.039013,yes,NA,NA,NA,NA,NA,NA,NA,NA
20,10,statespace,0,10000,dynamic,1,50,2,0.006380,yes,NA,NA,NA,NA,NA,NA,NA,NA
8,100,sqrt,1000,5000,dynamic,1,50,2,1.279940,no,NA,NA,NA,NA,NA,NA,NA,NA
4,10,sqrt,1000,5000,dynamic,0,0,2,0.001751,yes,NA,NA,NA,NA,NA,NA,NA,NA
4,100,sqrt,0,5000,static,1,0,2,0.081058,no,NA,NA,NA,NA,NA,NA,NA,NA
40,10,sqrt,10,10000,guided,0,0,2,0.037445,yes,NA,NA,NA,NA,NA,NA,NA,NA
8,100,hogwild,0,5000,dynamic,10,0,2,0.022028,no,NA,NA,NA,NA,NA,NA,NA,NA
16,50,statespace,0,5000,dynamic,10,50,2,0.172571,no,NA,NA,NA,NA,NA,NA,NA,NA
2,50,sqrt,0,5000,static,1,50,2,0.732580,no,NA,NA,NA,NA,NA,NA,NA,NA
4,100,hogwild,0,5000,guided,0,50,2,2.472369,no,NA,NA,NA,NA,NA,NA,NA,NA
8,50,sqrt,0,5000,static,0,50,2,0.354357,no,NA,NA,NA,NA,NA,NA,NA,NA
16,50,sqrt,0,5000,dynamic,0,0,2,0.046923,no,NA,NA,NA,NA,NA,NA,NA,NA
4,100,sqrt,10,10000,guided,0,0,2,0.238669,no,NA,NA,NA,NA,NA,NA,NA,NA
16,100,sqrt,0,5000,guided,1,0,2,0.130258,no,NA,NA,NA,NA,NA,NA,NA,NA
20,10,statespace,0,10000,guided,1,50,2,0.006567,yes,NA,NA,NA,NA,NA,NA,NA,NA
20,100,hogwild,0,10000,static,10,50,2,1.266105,no,NA,NA,NA,NA,NA,NA,NA,NA
4,100,sqrt,10,10000,dynamic,0,50,2,5.977728,no,NA,NA,NA,NA,NA,NA,NA,NA
4,100,statespace,0,10000,static,0,0,2,0.111352,no,NA,NA,NA,NA,NA,NA,NA,NA
2,100,sqrt,10,10000,dynamic,10,50,2,17.657320,no,NA,NA,NA,NA,NA,NA,NA,NA
20,10,hogwild,0,10000,dynamic,0,50,2,0.007888,yes,NA,NA,NA,NA,NA,NA,NA,NA
8,100,sqrt,0,10000,guided,0,0,2,0.116126,no,NA,NA,NA,NA,NA,NA,NA,NA
40,100,hogwild,0,5000,dynamic,0,0,2,0.010417,yes,NA,NA,NA,NA,NA,NA,NA,NA
40,50,hogwild,0,10000,dynamic,10,50,2,0.141603,no,NA,NA,NA,NA,NA,NA,NA,NA
4,100,sqrt,0,5000,guided,10,50,2,2.749570,no,NA,NA,NA,NA,NA,NA,NA,NA
20,10,sqrt,10,5000,static,10,50,2,0.032137,yes,NA,NA,NA,NA,NA,NA,NA,NA
8,50,hogwild,0,5000,guided,0,0,2,0.007778,yes,NA,NA,NA,NA,NA,NA,NA,NA
16,50,sqrt,0,10000,guided,1,0,2,0.065849,no,NA,NA,NA,NA,NA,NA,NA,NA
4,50,sqrt,10,10000,guided,10,0,2,0.138250,yes,NA,NA,NA,NA,NA,NA,NA,NA
20,50,sqrt,0,5000,guided,0,0,2,0.044269,no,NA,NA,NA,NA,NA,NA,NA,NA
4,10,sqrt,0,5000,static,0,50,2,0.004579,yes,NA,NA,NA,NA,NA,NA,NA,NA
20,100,sqrt,0,5000,dynamic,0,50,2,0.947029,no,NA,NA,NA,NA,NA,NA,NA,NA
8,50,sqrt,1000,5000,dynamic,1,50,2,0.287431,no,NA,NA,NA,NA,NA,NA,NA,NA
2,100,hogwild,0,5000,static,0,0,2,0.076815,no,NA,NA,NA,NA,NA,NA,NA,NA
2,10,sqrt,10,10000,static,0,0,2,0.009212,yes,NA,NA,NA,NA,NA,NA,NA,NA
2,50,sqrt,1000,10000,dynamic,0,50,2,1.283692,no,NA,NA,NA,NA,NA,NA,NA,NA
16,10,sqrt,1000,5000,guided,10,0,2,0.001824,yes,NA,NA,NA,NA,NA,NA,NA,NA
40,100,sqrt,0,10000,dynamic,0,0,2,0.207429,no,NA,NA,NA,NA,NA,NA,NA,NA
8,100,sqrt,10,5000,static,1,0,2,0.127627,no,NA,NA,NA,NA,NA,NA,NA,NA
16,50,hogwild,0,5000,guided,1,50,2,0.122883,no,NA,NA,NA,NA,NA,NA,NA,NA
4,100,sqrt,0,5000,guided,1,50,2,2.514467,no,NA,NA,NA,NA,NA,NA,NA,NA
4,50,sqrt,10,10000,guided,0,0,2,0.069709,yes,NA,NA,NA,NA,NA,NA,NA,NA
8,10,sqrt,1000,10000,dynamic,1,0,2,0.002261,yes,NA,NA,NA,NA,NA,NA,NA,NA
16,10,sqrt,0,5000,static,10,50,2,0.019862,yes,NA,NA,NA,NA,NA,NA,NA,NA
8,10,sqrt,0,5000,guided,0,50,2,0.004485,yes,NA,NA,NA,NA,NA,NA,NA,NA
8,10,sqrt,1000,5000,dynamic,0,0,2,0.001371,yes,NA,NA,NA,NA,NA,NA,NA,NA
8,50,statespace,0,5000,dynamic,1,0,2,0.020700,no,NA,NA,NA,NA,NA,NA,NA,NA
2,50,sqrt,10,10000,dynamic,0,0,2,0.076777,yes,NA,NA,NA,NA,NA,NA,NA,NA
20,100,sqrt,1000,10000,guided,0,0,2,0.048330,no,NA,NA,NA,NA,NA,NA,NA,NA
20,10,sqrt,1000,5000,dynamic,10,50,2,0.002711,yes,NA,NA,NA,NA,NA,NA,NA,NA
20,100,hogwild,0,10000,dynamic,1,0,2,0.018526,yes,NA,NA,NA,NA,NA,NA,NA,NA
2,10,statespace,0,5000,dynamic,10,50,2,0.005762,yes,NA,NA,NA,NA,NA,NA,NA,NA
20,10,statespace,0,5000,guided,0,0,2,0.003730,yes,NA,NA,NA,NA,NA,NA,NA,NA
20,100,hogwild,0,5000,dynamic,10,0,2,0.014134,yes,NA,NA,NA,NA,NA,NA,NA,NA
16,10,sqrt,10,5000,guided,1,50,2,0.016728,yes,NA,NA,NA,NA,NA,NA,NA,NA
16,50,statespace,0,10000,dynamic,1,50,2,0.292479,no,NA,NA,NA,NA,NA,NA,NA,NA
4,10,sqrt,1000,10000,static,0,50,2,0.006445,yes,NA,NA,NA,NA,NA,NA,NA,NA
16,100,sqrt,0,10000,dynamic,1,50,2,1.747998,no,NA,NA,NA,NA,NA,NA,NA,NA
16,10,sqrt,1000,10000,dynamic,0,0,2,0.002281,yes,NA,NA,NA,NA,NA,NA,NA,NA
4,50,statespace,0,5000,guided,10,50,2,0.459315,no,NA,NA,NA,NA,NA,NA,NA,NA
40,10,statespace,0,10000,guided,1,50,2,0.011056,yes,NA,NA,NA,NA,NA,NA,NA,NA
2,50,hogwild,0,5000,guided,10,50,2,0.667308,no,NA,NA,NA,NA,NA,NA,NA,NA
20,100,sqrt,1000,5000,guided,0,50,2,0.529230,no,NA,NA,NA,NA,NA,NA,NA,NA
20,100,sqrt,1000,10000,dynamic,0,0,2,0.046312,no,NA,NA,NA,NA,NA,NA,NA,NA
20,100,sqrt,10,10000,static,10,0,2,0.849236,no,NA,NA,NA,NA,NA,NA,NA,NA
40,100,sqrt,1000,10000,static,1,0,2,0.063400,no,NA,NA,NA,NA,NA,NA,NA,NA
40,50,sqrt,0,5000,guided,10,0,2,0.075713,no,NA,NA,NA,NA,NA,NA,NA,NA
16,100,sqrt,0,10000,guided,1,0,2,0.167860,no,NA,NA,NA,NA,NA,NA,NA,NA
16,10,hogwild,0,5000,dynamic,0,50,2,0.004323,yes,NA,NA,NA,NA,NA,NA,NA,NA
16,100,hogwild,0,10000,guided,1,50,2,1.496862,no,NA,NA,NA,NA,NA,NA,NA,NA
4,10,sqrt,1000,10000,dynamic,10,0,2,0.003059,yes,NA,NA,NA,NA,NA,NA,NA,NA
4,10,sqrt,0,10000,static,1,50,2,0.008226,yes,NA,NA,NA,NA,NA,NA,NA,NA
40,50,sqrt,10,10000,guided,10,50,2,4.421647,no,NA,NA,NA,NA,NA,NA,NA,NA
2,50,sqrt,1000,5000,static,1,0,2,0.028825,yes,NA,NA,NA,NA,NA,NA,NA,NA
2,100,hogwild,0,5000,guided,1,50,2,4.398290,no,NA,NA,NA,NA,NA,NA,NA,NA
16,10,sqrt,10,5000,guided,1,0,2,0.018802,yes,NA,NA,NA,NA,NA,NA,NA,NA
16,100,sqrt,0,10000,dynamic,10,0,2,0.319925,no,NA,NA,NA,NA,NA,NA,NA,NA
8,10,statespace,0,5000,guided,0,50,2,0.003122,yes,NA,NA,NA,NA,NA,NA,NA,NA
8,50,sqrt,10,10000,guided,10,0,2,0.189053,yes,NA,NA,NA,NA,NA,NA,NA,NA
4,10,sqrt,0,10000,static,1,0,2,0.004136,yes,NA,NA,NA,NA,NA,NA,NA,NA
20,10,hogwild,0,5000,static,1,0,2,0.006184,yes,NA,NA,NA,NA,NA,NA,NA,NA
20,50,statespace,0,5000,static,1,0,2,0.016201,no,NA,NA,NA,NA,NA,NA,NA,NA
40,10,sqrt,10,5000,guided,10,0,2,0.024546,yes,NA,NA,NA,NA,NA,NA,NA,NA
20,10,sqrt,10,5000,static,0,50,2,0.018204,yes,NA,NA,NA,NA,NA,NA,NA,NA
4,50,hogwild,0,5000,static,0,50,2,0.400903,no,NA,NA,NA,NA,NA,NA,NA,NA
20,10,sqrt,1000,10000,static,10,50,2,0.003572,yes,NA,NA,NA,NA,NA,NA,NA,NA
2,10,hogwild,0,10000,guided,1,50,2,0.012037,yes,NA,NA,NA,NA,NA,NA,NA,NA
8,100,hogwild,0,10000,guided,1,0,2,0.032449,yes,NA,NA,NA,NA,NA,NA,NA,NA
2,100,sqrt,0,10000,dynamic,1,0,2,0.144295,yes,NA,NA,NA,NA,NA,NA,NA,NA
16,50,sqrt,1000,5000,guided,0,50,2,0.168343,no,NA,NA,NA,NA,NA,NA,NA,NA
4,10,hogwild,0,10000,static,1,50,2,0.008095,yes,NA,NA,NA,NA,NA,NA,NA,NA
4,10,sqrt,0,10000,static,10,50,2,0.010244,yes,NA,NA,NA,NA,NA,NA,NA,NA
16,10,sqrt,0,10000,guided,10,0,2,0.015142,yes,NA,NA,NA,NA,NA,NA,NA,NA
16,10,hogwild,0,10000,dynamic,1,0,2,0.005581,yes,NA,NA,NA,NA,NA,NA,NA,NA
4,10,statespace,0,10000,dynamic,0,0,2,0.003496,yes,NA,NA,NA,NA,NA,NA,NA,NA
16,10,hogwild,0,5000,static,1,50,2,0.003951,yes,NA,NA,NA,NA,NA,NA,NA,NA
16,10,sqrt,0,5000,dynamic,1,50,2,0.011045,yes,NA,NA,NA,NA,NA,NA,NA,NA
4,10,sqrt,10,5000,dynamic,0,0,2,0.004324,yes,NA,NA,NA,NA,NA,NA,NA,NA
8,50,statespace,0,10000,dynamic,10,50,2,0.481387,no,NA,NA,NA,NA,NA,NA,NA,NA
8,50,sqrt,0,10000,dynamic,0,0,2,0.035624,no,NA,NA,NA,NA,NA,NA,NA,NA
16,10,hogwild,0,5000,guided,0,0,2,0.005679,yes,NA,NA,NA,NA,NA,NA,NA,NA
16,100,sqrt,1000,5000,dynamic,0,0,2,0.032430,no,NA,NA,NA,NA,NA,NA,NA,NA
16,10,sqrt,10,5000,guided,0,0,2,0.015103,yes,NA,NA,NA,NA,NA,NA,NA,NA
8,50,sqrt,0,5000,dynamic,10,0,2,0.058928,no,NA,NA,NA,NA,NA,NA,NA,NA
16,10,statespace,0,5000,guided,10,50,2,0.004679,yes,NA,NA,NA,NA,NA,NA,NA,NA
16,100,sqrt,0,5000,guided,1,50,2,1.299628,no,NA,NA,NA,NA,NA,NA,NA,NA
4,100,sqrt,0,10000,guided,0,0,2,0.125156,yes,NA,NA,NA,NA,NA,NA,NA,NA
8,100,statespace,0,10000,static,0,0,2,0.067799,no,NA,NA,NA,NA,NA,NA,NA,NA
20,50,statespace,0,10000,guided,10,0,2,0.021481,no,NA,NA,NA,NA,NA,NA,NA,NA
40,50,sqrt,1000,10000,guided,1,0,2,0.027564,no,NA,NA,NA,NA,NA,NA,NA,NA
16,50,sqrt,0,5000,static,0,0,2,0.050998,no,NA,NA,NA,NA,NA,NA,NA,NA
4,10,sqrt,10,10000,static,1,50,2,0.013356,yes,NA,NA,NA,NA,NA,NA,NA,NA
4,10,hogwild,0,5000,dynamic,10,50,2,0.003996,yes,NA,NA,NA,NA,NA,NA,NA,NA
2,10,sqrt,0,10000,guided,10,0,2,0.005313,yes,NA,NA,NA,NA,NA,NA,NA,NA
16,10,statespace,0,5000,guided,0,0,2,0.004846,yes,NA,NA,NA,NA,NA,NA,NA,NA
4,100,sqrt,1000,5000,static,1,50,2,2.480364,no,NA,NA,NA,NA,NA,NA,NA,NA
20,50,statespace,0,5000,guided,0,50,2,0.139321,no,NA,NA,NA,NA,NA,NA,NA,NA
4,10,sqrt,1000,5000,guided,1,0,2,0.001742,yes,NA,NA,NA,NA,NA,NA,NA,NA
16,10,hogwild,0,10000,dynamic,0,50,2,0.007562,no,NA,NA,NA,NA,NA,NA,NA,NA
40,10,sqrt,10,5000,guided,0,50,2,0.019794,yes,NA,NA,NA,NA,NA,NA,NA,NA
2,10,sqrt,10,10000,static,1,50,2,0.015715,yes,NA,NA,NA,NA,NA,NA,NA,NA
16,10,hogwild,0,5000,static,10,50,2,0.004050,yes,NA,NA,NA,NA,NA,NA,NA,NA
2,100,sqrt,10,10000,dynamic,1,50,2,8.903078,no,NA,NA,NA,NA,NA,NA,NA,NA
8,10,sqrt,10,10000,dynamic,0,0,2,0.009410,yes,NA,NA,NA,NA,NA,NA,NA,NA
16,10,statespace,0,10000,static,1,50,2,0.006737,yes,NA,NA,NA,NA,NA,NA,NA,NA
8,10,sqrt,10,5000,guided,0,50,2,0.007480,yes,NA,NA,NA,NA,NA,NA,NA,NA
16,50,sqrt,1000,5000,static,1,50,2,0.169381,no,NA,NA,NA,NA,NA,NA,NA,NA
20,100,sqrt,1000,5000,guided,10,0,2,0.035137,no,NA,NA,NA,NA,NA,NA,NA,NA
20,10,hogwild,0,5000,dynamic,0,50,2,0.004280,yes,NA,NA,NA,NA,NA,NA,NA,NA
4,100,statespace,0,10000,guided,10,50,2,4.824562,no,NA,NA,NA,NA,NA,NA,NA,NA
2,50,sqrt,0,10000,static,0,50,2,1.339012,no,NA,NA,NA,NA,NA,NA,NA,NA
2,100,statespace,0,10000,guided,1,50,2,8.723549,no,NA,NA,NA,NA,NA,NA,NA,NA
8,50,sqrt,0,5000,guided,10,0,2,0.058886,no,NA,NA,NA,NA,NA,NA,NA,NA
16,100,sqrt,1000,10000,dynamic,10,50,2,1.396335,no,NA,NA,NA,NA,NA,NA,NA,NA
20,100,statespace,0,5000,guided,1,0,2,0.031715,no,NA,NA,NA,NA,NA,NA,NA,NA
2,10,sqrt,1000,5000,static,0,0,2,0.002765,yes,NA,NA,NA,NA,NA,NA,NA,NA
40,100,statespace,0,10000,guided,0,50,2,0.957715,no,NA,NA,NA,NA,NA,NA,NA,NA
20,10,sqrt,1000,10000,dynamic,10,0,2,0.002585,yes,NA,NA,NA,NA,NA,NA,NA,NA
40,10,statespace,0,5000,guided,10,0,2,0.005166,yes,NA,NA,NA,NA,NA,NA,NA,NA
20,100,hogwild,0,10000,guided,0,0,2,0.018485,yes,NA,NA,NA,NA,NA,NA,NA,NA
40,50,sqrt,0,10000,static,10,0,2,0.124189,no,NA,NA,NA,NA,NA,NA,NA,NA
8,50,sqrt,1000,5000,dynamic,1,0,2,0.019460,no,NA,NA,NA,NA,NA,NA,NA,NA
8,100,sqrt,1000,10000,guided,1,0,2,0.067777,no,NA,NA,NA,NA,NA,NA,NA,NA
2,10,statespace,0,5000,guided,0,0,2,0.002681,yes,NA,NA,NA,NA,NA,NA,NA,NA
40,100,statespace,0,10000,dynamic,10,0,2,0.056351,no,NA,NA,NA,NA,NA,NA,NA,NA
40,100,sqrt,1000,5000,static,0,0,2,0.050197,no,NA,NA,NA,NA,NA,NA,NA,NA
40,10,hogwild,0,10000,guided,1,0,2,0.006396,yes,NA,NA,NA,NA,NA,NA,NA,NA
2,100,sqrt,1000,5000,dynamic,10,0,2,0.098828,no,NA,NA,NA,NA,NA,NA,NA,NA
8,10,sqrt,10,5000,guided,10,0,2,0.009502,yes,NA,NA,NA,NA,NA,NA,NA,NA
20,100,sqrt,1000,10000,guided,1,50,2,1.035518,no,NA,NA,NA,NA,NA,NA,NA,NA
2,50,sqrt,0,5000,static,0,0,2,0.031744,yes,NA,NA,NA,NA,NA,NA,NA,NA
20,100,statespace,0,5000,guided,0,0,2,0.032031,no,NA,NA,NA,NA,NA,NA,NA,NA
4,10,statespace,0,10000,guided,1,0,2,0.003451,yes,NA,NA,NA,NA,NA,NA,NA,NA
8,50,statespace,0,5000,static,0,0,2,0.021591,no,NA,NA,NA,NA,NA,NA,NA,NA
40,50,hogwild,0,10000,guided,0,50,2,0.142267,no,NA,NA,NA,NA,NA,NA,NA,NA
2,10,statespace,0,10000,static,1,50,2,0.011234,yes,NA,NA,NA,NA,NA,NA,NA,NA
2,50,sqrt,1000,5000,dynamic,10,50,2,0.712801,no,NA,NA,NA,NA,NA,NA,NA,NA
40,10,sqrt,10,10000,guided,1,0,2,0.040089,yes,NA,NA,NA,NA,NA,NA,NA,NA
4,10,sqrt,0,5000,static,10,50,2,0.005120,yes,NA,NA,NA,NA,NA,NA,NA,NA
40,10,sqrt,1000,5000,dynamic,10,0,2,0.002940,yes,NA,NA,NA,NA,NA,NA,NA,NA
20,50,sqrt,1000,5000,static,1,0,2,0.018572,no,NA,NA,NA,NA,NA,NA,NA,NA
16,100,statespace,0,10000,dynamic,0,50,2,1.268678,no,NA,NA,NA,NA,NA,NA,NA,NA
40,100,sqrt,0,5000,guided,10,0,2,0.191215,no,NA,NA,NA,NA,NA,NA,NA,NA
40,10,statespace,0,5000,dynamic,10,0,2,0.004827,no,NA,NA,NA,NA,NA,NA,NA,NA
8,100,sqrt,10,5000,static,0,0,2,0.126836,no,NA,NA,NA,NA,NA,NA,NA,NA
8,10,sqrt,1000,10000,guided,10,50,2,0.003902,yes,NA,NA,NA,NA,NA,NA,NA,NA
4,50,sqrt,0,5000,static,10,50,2,0.563358,no,NA,NA,NA,NA,NA,NA,NA,NA
16,50,hogwild,0,10000,dynamic,0,0,2,0.009473,yes,NA,NA,NA,NA,NA,NA,NA,NA
20,10,sqrt,0,5000,dynamic,1,50,2,0.010567,yes,NA,NA,NA,NA,NA,NA,NA,NA
2,100,sqrt,0,5000,dynamic,10,50,2,5.230962,no,NA,NA,NA,NA,NA,NA,NA,NA
4,50,hogwild,0,5000,static,1,0,2,0.014118,yes,NA,NA,NA,NA,NA,NA,NA,NA
20,50,hogwild,0,5000,dynamic,1,50,2,0.101613,no,NA,NA,NA,NA,NA,NA,NA,NA
20,100,statespace,0,10000,guided,0,50,2,1.038414,no,NA,NA,NA,NA,NA,NA,NA,NA
16,10,sqrt,1000,5000,guided,10,50,2,0.002445,yes,NA,NA,NA,NA,NA,NA,NA,NA
40,10,sqrt,10,10000,dynamic,10,0,2,0.039299,yes,NA,NA,NA,NA,NA,NA,NA,NA
40,10,sqrt,10,10000,dynamic,0,50,2,0.033298,yes,NA,NA,NA,NA,NA,NA,NA,NA
8,100,sqrt,10,10000,guided,0,50,2,4.192577,no,NA,NA,NA,NA,NA,NA,NA,NA
20,10,sqrt,0,10000,guided,0,50,2,0.023567,yes,NA,NA,NA,NA,NA,NA,NA,NA
20,10,sqrt,0,5000,static,10,0,2,0.013127,yes,NA,NA,NA,NA,NA,NA,NA,NA
4,10,sqrt,0,5000,static,0,0,2,0.002536,yes,NA,NA,NA,NA,NA,NA,NA,NA
8,50,sqrt,10,10000,dynamic,0,50,2,0.733927,no,NA,NA,NA,NA,NA,NA,NA,NA
2,100,hogwild,0,5000,guided,10,0,2,0.073321,no,NA,NA,NA,NA,NA,NA,NA,NA
8,100,sqrt,10,10000,static,1,0,2,0.245889,no,NA,NA,NA,NA,NA,NA,NA,NA
4,100,sqrt,10,5000,guided,10,0,2,0.293313,no,NA,NA,NA,NA,NA,NA,NA,NA
4,50,sqrt,1000,5000,static,10,0,2,0.024820,yes,NA,NA,NA,NA,NA,NA,NA,NA
2,50,statespace,0,5000,static,0,50,2,0.725020,no,NA,NA,NA,NA,NA,NA,NA,NA
20,50,hogwild,0,5000,static,10,50,2,0.107646,no,NA,NA,NA,NA,NA,NA,NA,NA
20,10,sqrt,10,5000,static,0,0,2,0.016916,yes,NA,NA,NA,NA,NA,NA,NA,NA
8,100,sqrt,1000,10000,dynamic,1,0,2,0.068202,no,NA,NA,NA,NA,NA,NA,NA,NA
20,50,statespace,0,10000,dynamic,1,0,2,0.021255,no,NA,NA,NA,NA,NA,NA,NA,NA
20,50,sqrt,10,10000,static,1,50,2,0.635452,no,NA,NA,NA,NA,NA,NA,NA,NA
20,50,sqrt,10,10000,dynamic,0,0,2,0.134792,yes,NA,NA,NA,NA,NA,NA,NA,NA
16,50,sqrt,1000,5000,static,1,0,2,0.017007,no,NA,NA,NA,NA,NA,NA,NA,NA
40,10,sqrt,0,5000,static,1,50,2,0.008926,no,NA,NA,NA,NA,NA,NA,NA,NA
40,50,sqrt,0,10000,guided,0,50,2,0.303430,no,NA,NA,NA,NA,NA,NA,NA,NA
8,100,hogwild,0,10000,dynamic,10,0,2,0.033047,yes,NA,NA,NA,NA,NA,NA,NA,NA
8,10,sqrt,0,5000,dynamic,1,50,2,0.004170,yes,NA,NA,NA,NA,NA,NA,NA,NA
2,10,sqrt,0,10000,guided,1,0,2,0.005224,yes,NA,NA,NA,NA,NA,NA,NA,NA
40,100,sqrt,10,10000,static,1,0,2,0.691031,no,NA,NA,NA,NA,NA,NA,NA,NA
4,100,hogwild,0,5000,dynamic,10,0,2,0.041066,yes,NA,NA,NA,NA,NA,NA,NA,NA
40,50,sqrt,0,10000,static,1,0,2,0.064218,no,NA,NA,NA,NA,NA,NA,NA,NA
40,50,sqrt,1000,5000,guided,10,50,2,0.157643,no,NA,NA,NA,NA,NA,NA,NA,NA
2,10,hogwild,0,10000,guided,0,0,2,0.005816,yes,NA,NA,NA,NA,NA,NA,NA,NA
2,50,sqrt,1000,5000,dynamic,1,50,2,0.707411,no,NA,NA,NA,NA,NA,NA,NA,NA
4,100,sqrt,0,5000,dynamic,1,50,2,2.520323,no,NA,NA,NA,NA,NA,NA,NA,NA
20,50,sqrt,1000,10000,dynamic,1,0,2,0.021676,no,NA,NA,NA,NA,NA,NA,NA,NA
8,50,sqrt,0,5000,guided,0,50,2,0.343385,no,NA,NA,NA,NA,NA,NA,NA,NA
8,10,sqrt,10,10000,dynamic,1,0,2,0.009300,yes,NA,NA,NA,NA,NA,NA,NA,NA
8,100,sqrt,0,5000,dynamic,10,0,2,0.131331,no,NA,NA,NA,NA,NA,NA,NA,NA
16,10,sqrt,0,10000,guided,1,0,2,0.016272,yes,NA,NA,NA,NA,NA,NA,NA,NA
40,100,sqrt,0,10000,dynamic,10,0,2,0.342075,no,NA,NA,NA,NA,NA,NA,NA,NA
40,100,hogwild,0,5000,guided,0,0,2,0.009674,yes,NA,NA,NA,NA,NA,NA,NA,NA
4,10,statespace,0,10000,dynamic,10,50,2,0.007679,yes,NA,NA,NA,NA,NA,NA,NA,NA
2,100,sqrt,1000,10000,guided,1,50,2,8.762543,no,NA,NA,NA,NA,NA,NA,NA,NA
8,10,sqrt,1000,5000,guided,10,0,2,0.001325,yes,NA,NA,NA,NA,NA,NA,NA,NA
16,50,statespace,0,5000,static,0,0,2,0.017209,no,NA,NA,NA,NA,NA,NA,NA,NA
40,50,statespace,0,10000,guided,10,50,2,0.271199,no,NA,NA,NA,NA,NA,NA,NA,NA
40,100,sqrt,0,10000,dynamic,1,0,2,1.594081,no,NA,NA,NA,NA,NA,NA,NA,NA
4,50,sqrt,10,10000,static,1,0,2,0.070163,yes,NA,NA,NA,NA,NA,NA,NA,NA
4,50,sqrt,10,5000,dynamic,0,50,2,0.532610,no,NA,NA,NA,NA,NA,NA,NA,NA
16,10,statespace,0,5000,dynamic,0,0,2,0.003270,yes,NA,NA,NA,NA,NA,NA,NA,NA
40,10,hogwild,0,10000,dynamic,10,50,2,0.008349,yes,NA,NA,NA,NA,NA,NA,NA,NA
8,100,sqrt,0,10000,guided,10,50,2,5.552909,no,NA,NA,NA,NA,NA,NA,NA,NA
4,100,sqrt,0,5000,dynamic,10,50,2,2.746853,no,NA,NA,NA,NA,NA,NA,NA,NA
16,10,hogwild,0,5000,dynamic,1,50,2,0.004543,yes,NA,NA,NA,NA,NA,NA,NA,NA
4,100,hogwild,0,5000,static,0,50,2,2.537654,no,NA,NA,NA,NA,NA,NA,NA,NA
16,100,sqrt,1000,10000,dynamic,1,50,2,1.274075,no,NA,NA,NA,NA,NA,NA,NA,NA
8,10,hogwild,0,10000,guided,10,50,2,0.004970,yes,NA,NA,NA,NA,NA,NA,NA,NA
2,100,hogwild,0,5000,static,1,50,2,4.386973,no,NA,NA,NA,NA,NA,NA,NA,NA
40,10,statespace,0,10000,guided,0,50,2,0.010527,yes,NA,NA,NA,NA,NA,NA,NA,NA
20,100,sqrt,10,5000,static,0,0,2,0.229595,no,NA,NA,NA,NA,NA,NA,NA,NA
2,100,sqrt,0,5000,static,10,0,2,0.123327,yes,NA,NA,NA,NA,NA,NA,NA,NA
20,50,statespace,0,10000,static,1,50,2,0.256745,no,NA,NA,NA,NA,NA,NA,NA,NA
2,10,sqrt,10,5000,static,10,0,2,0.006780,yes,NA,NA,NA,NA,NA,NA,NA,NA
40,10,sqrt,0,5000,guided,1,50,2,0.009326,no,NA,NA,NA,NA,NA,NA,NA,NA
8,10,statespace,0,10000,dynamic,1,50,2,0.005247,yes,NA,NA,NA,NA,NA,NA,NA,NA
4,50,sqrt,1000,5000,dynamic,10,0,2,0.024076,yes,NA,NA,NA,NA,NA,NA,NA,NA
2,50,sqrt,0,10000,guided,10,0,2,0.046095,yes,NA,NA,NA,NA,NA,NA,NA,NA
40,100,statespace,0,10000,static,0,0,2,0.056731,no,NA,NA,NA,NA,NA,NA,NA,NA
8,100,hogwild,0,10000,dynamic,10,50,2,2.697511,no,NA,NA,NA,NA,NA,NA,NA,NA
8,50,statespace,0,10000,guided,0,50,2,0.472568,no,NA,NA,NA,NA,NA,NA,NA,NA
8,50,sqrt,10,10000,guided,10,50,2,3.416539,no,NA,NA,NA,NA,NA,NA,NA,NA
40,100,hogwild,0,5000,guided,1,50,2,0.474128,no,NA,NA,NA,NA,NA,NA,NA,NA
40,100,statespace,0,10000,guided,1,50,2,0.957682,no,NA,NA,NA,NA,NA,NA,NA,NA
20,50,hogwild,0,10000,static,0,0,2,0.009025,no,NA,NA,NA,NA,NA,NA,NA,NA
16,100,sqrt,1000,10000,guided,0,0,2,0.048323,no,NA,NA,NA,NA,NA,NA,NA,NA
8,100,sqrt,0,5000,static,1,50,2,1.638037,no,NA,NA,NA,NA,NA,NA,NA,NA
2,10,statespace,0,10000,guided,0,0,2,0.005102,yes,NA,NA,NA,NA,NA,NA,NA,NA
16,50,sqrt,1000,5000,dynamic,0,50,2,0.167307,no,NA,NA,NA,NA,NA,NA,NA,NA
4,50,sqrt,10,10000,static,10,0,2,0.139327,yes,NA,NA,NA,NA,NA,NA,NA,NA
16,100,sqrt,0,5000,static,10,50,2,5.352157,no,NA,NA,NA,NA,NA,NA,NA,NA
20,50,hogwild,0,5000,dynamic,10,0,2,0.006681,yes,NA,NA,NA,NA,NA,NA,NA,NA
2,10,sqrt,10,5000,guided,1,0,2,0.004887,yes,NA,NA,NA,NA,NA,NA,NA,NA
4,50,hogwild,0,10000,static,10,50,2,0.707672,no,NA,NA,NA,NA,NA,NA,NA,NA
8,10,statespace,0,10000,static,0,0,2,0.002811,yes,NA,NA,NA,NA,NA,NA,NA,NA
16,50,sqrt,10,10000,dynamic,10,0,2,0.258340,no,NA,NA,NA,NA,NA,NA,NA,NA
16,100,hogwild,0,10000,guided,1,0,2,0.021040,yes,NA,NA,NA,NA,NA,NA,NA,NA
2,100,sqrt,1000,10000,static,0,50,2,8.793506,no,NA,NA,NA,NA,NA,NA,NA,NA
2,100,sqrt,1000,5000,dynamic,10,50,2,4.369458,no,NA,NA,NA,NA,NA,NA,NA,NA
16,10,hogwild,0,5000,guided,10,0,2,0.003704,yes,NA,NA,NA,NA,NA,NA,NA,NA
4,50,sqrt,1000,5000,static,1,0,2,0.025238,yes,NA,NA,NA,NA,NA,NA,NA,NA
8,50,hogwild,0,5000,guided,1,50,2,0.237042,no,NA,NA,NA,NA,NA,NA,NA,NA
8,10,sqrt,1000,10000,guided,1,0,2,0.002082,yes,NA,NA,NA,NA,NA,NA,NA,NA
40,100,sqrt,1000,10000,static,0,50,2,0.977346,no,NA,NA,NA,NA,NA,NA,NA,NA
20,50,statespace,0,5000,dynamic,1,0,2,0.015695,no,NA,NA,NA,NA,NA,NA,NA,NA
20,100,statespace,0,5000,dynamic,10,0,2,0.032151,no,NA,NA,NA,NA,NA,NA,NA,NA
40,10,sqrt,10,10000,static,0,0,2,0.030459,yes,NA,NA,NA,NA,NA,NA,NA,NA
2,10,sqrt,10,5000,static,1,0,2,0.004638,yes,NA,NA,NA,NA,NA,NA,NA,NA
16,50,sqrt,1000,5000,dynamic,1,0,2,0.016595,no,NA,NA,NA,NA,NA,NA,NA,NA
4,100,hogwild,0,5000,guided,0,0,2,0.041668,yes,NA,NA,NA,NA,NA,NA,NA,NA
2,100,statespace,0,10000,guided,10,0,2,0.140365,no,NA,NA,NA,NA,NA,NA,NA,NA
4,100,sqrt,10,10000,static,0,50,2,5.970895,no,NA,NA,NA,NA,NA,NA,NA,NA
8,50,statespace,0,10000,guided,10,0,2,0.026022,yes,NA,NA,NA,NA,NA,NA,NA,NA
4,100,sqrt,1000,10000,guided,10,0,2,0.106288,yes,NA,NA,NA,NA,NA,NA,NA,NA
8,50,sqrt,1000,10000,dynamic,1,0,2,0.024346,yes,NA,NA,NA,NA,NA,NA,NA,NA
2,100,hogwild,0,5000,dynamic,1,50,2,4.382249,no,NA,NA,NA,NA,NA,NA,NA,NA
4,100,hogwild,0,10000,guided,10,0,2,0.061805,yes,NA,NA,NA,NA,NA,NA,NA,NA
16,10,hogwild,0,10000,static,10,50,2,0.007394,yes,NA,NA,NA,NA,NA,NA,NA,NA
2,100,hogwild,0,10000,guided,1,0,2,0.110978,no,NA,NA,NA,NA,NA,NA,NA,NA
16,50,sqrt,0,5000,dynamic,10,0,2,0.119328,no,NA,NA,NA,NA,NA,NA,NA,NA
20,100,sqrt,0,5000,static,10,50,2,4.583191,no,NA,NA,NA,NA,NA,NA,NA,NA
20,10,sqrt,10,5000,dynamic,10,0,2,0.022332,yes,NA,NA,NA,NA,NA,NA,NA,NA
4,100,statespace,0,10000,dynamic,0,0,2,0.110166,no,NA,NA,NA,NA,NA,NA,NA,NA
40,100,statespace,0,5000,dynamic,10,0,2,0.049543,no,NA,NA,NA,NA,NA,NA,NA,NA
20,100,statespace,0,5000,guided,10,0,2,0.032532,no,NA,NA,NA,NA,NA,NA,NA,NA
40,10,hogwild,0,10000,static,10,50,2,0.007624,yes,NA,NA,NA,NA,NA,NA,NA,NA
8,10,hogwild,0,5000,dynamic,0,50,2,0.002837,yes,NA,NA,NA,NA,NA,NA,NA,NA
8,10,hogwild,0,10000,guided,10,0,2,0.003347,yes,NA,NA,NA,NA,NA,NA,NA,NA
40,50,hogwild,0,10000,static,0,0,2,0.008650,yes,NA,NA,NA,NA,NA,NA,NA,NA
2,50,statespace,0,5000,guided,10,0,2,0.029008,yes,NA,NA,NA,NA,NA,NA,NA,NA
4,100,sqrt,10,5000,dynamic,10,50,2,8.853795,no,NA,NA,NA,NA,NA,NA,NA,NA
4,100,hogwild,0,5000,static,1,50,2,2.489316,no,NA,NA,NA,NA,NA,NA,NA,NA
4,100,hogwild,0,10000,guided,0,50,2,4.981553,no,NA,NA,NA,NA,NA,NA,NA,NA
20,50,sqrt,1000,5000,guided,10,0,2,0.016933,no,NA,NA,NA,NA,NA,NA,NA,NA
40,100,sqrt,10,10000,dynamic,0,50,2,4.424534,no,NA,NA,NA,NA,NA,NA,NA,NA
8,100,hogwild,0,10000,guided,1,50,2,2.699277,no,NA,NA,NA,NA,NA,NA,NA,NA
40,10,sqrt,0,10000,dynamic,1,0,2,0.067844,yes,NA,NA,NA,NA,NA,NA,NA,NA
4,50,hogwild,0,10000,guided,0,0,2,0.022999,yes,NA,NA,NA,NA,NA,NA,NA,NA
4,50,sqrt,0,10000,dynamic,0,0,2,0.036011,yes,NA,NA,NA,NA,NA,NA,NA,NA
16,10,hogwild,0,5000,guided,1,0,2,0.004309,yes,NA,NA,NA,NA,NA,NA,NA,NA
4,50,hogwild,0,10000,guided,1,0,2,0.022588,yes,NA,NA,NA,NA,NA,NA,NA,NA
16,10,statespace,0,5000,guided,1,50,2,0.003951,yes,NA,NA,NA,NA,NA,NA,NA,NA
40,50,sqrt,1000,10000,guided,10,50,2,0.342629,no,NA,NA,NA,NA,NA,NA,NA,NA
4,100,sqrt,10,5000,static,1,0,2,0.136522,no,NA,NA,NA,NA,NA,NA,NA,NA
40,50,statespace,0,5000,dynamic,1,0,2,0.018971,no,NA,NA,NA,NA,NA,NA,NA,NA
4,50,sqrt,0,10000,static,1,50,2,0.886529,no,NA,NA,NA,NA,NA,NA,NA,NA
20,100,sqrt,0,10000,guided,0,0,2,0.231806,no,NA,NA,NA,NA,NA,NA,NA,NA
20,50,sqrt,10,5000,dynamic,0,0,2,0.075760,no,NA,NA,NA,NA,NA,NA,NA,NA
16,50,sqrt,0,5000,guided,0,0,2,0.047407,no,NA,NA,NA,NA,NA,NA,NA,NA
8,50,sqrt,10,5000,dynamic,10,0,2,0.133981,no,NA,NA,NA,NA,NA,NA,NA,NA
4,10,sqrt,0,5000,dynamic,0,0,2,0.002473,yes,NA,NA,NA,NA,NA,NA,NA,NA
20,100,sqrt,0,10000,guided,1,0,2,0.233406,no,NA,NA,NA,NA,NA,NA,NA,NA
20,100,hogwild,0,5000,dynamic,1,0,2,0.012319,no,NA,NA,NA,NA,NA,NA,NA,NA
4,10,sqrt,1000,10000,dynamic,0,50,2,0.006198,yes,NA,NA,NA,NA,NA,NA,NA,NA
8,100,statespace,0,10000,dynamic,1,50,2,2.507197,no,NA,NA,NA,NA,NA,NA,NA,NA
4,50,sqrt,0,5000,static,0,0,2,0.027508,yes,NA,NA,NA,NA,NA,NA,NA,NA
4,50,hogwild,0,10000,guided,0,50,2,0.716942,no,NA,NA,NA,NA,NA,NA,NA,NA
2,10,statespace,0,10000,guided,0,50,2,0.010738,yes,NA,NA,NA,NA,NA,NA,NA,NA
16,10,sqrt,10,5000,static,1,50,2,0.018447,yes,NA,NA,NA,NA,NA,NA,NA,NA
40,50,sqrt,1000,5000,dynamic,10,50,2,0.159387,no,NA,NA,NA,NA,NA,NA,NA,NA
2,100,sqrt,1000,10000,dynamic,1,0,2,0.133082,yes,NA,NA,NA,NA,NA,NA,NA,NA
40,50,sqrt,1000,5000,static,1,0,2,0.020802,no,NA,NA,NA,NA,NA,NA,NA,NA
16,50,statespace,0,5000,guided,1,50,2,0.168450,no,NA,NA,NA,NA,NA,NA,NA,NA
40,50,sqrt,0,5000,dynamic,0,50,2,0.156728,no,NA,NA,NA,NA,NA,NA,NA,NA
8,10,hogwild,0,10000,static,10,0,2,0.003116,yes,NA,NA,NA,NA,NA,NA,NA,NA
2,100,sqrt,10,5000,dynamic,0,0,2,0.161779,yes,NA,NA,NA,NA,NA,NA,NA,NA
4,50,sqrt,0,10000,static,0,0,2,0.037388,yes,NA,NA,NA,NA,NA,NA,NA,NA
2,100,sqrt,1000,10000,dynamic,10,50,2,8.761034,no,NA,NA,NA,NA,NA,NA,NA,NA
40,50,statespace,0,10000,static,10,0,2,0.027894,no,NA,NA,NA,NA,NA,NA,NA,NA
16,10,sqrt,1000,10000,guided,10,50,2,0.003588,yes,NA,NA,NA,NA,NA,NA,NA,NA
40,10,statespace,0,5000,static,10,0,2,0.005368,yes,NA,NA,NA,NA,NA,NA,NA,NA
2,100,sqrt,1000,5000,static,10,0,2,0.098445,no,NA,NA,NA,NA,NA,NA,NA,NA
20,10,statespace,0,5000,static,0,0,2,0.003825,yes,NA,NA,NA,NA,NA,NA,NA,NA
16,10,sqrt,0,5000,static,0,0,2,0.010749,yes,NA,NA,NA,NA,NA,NA,NA,NA
4,100,hogwild,0,5000,dynamic,0,0,2,0.041155,yes,NA,NA,NA,NA,NA,NA,NA,NA
20,100,hogwild,0,5000,static,10,50,2,0.625681,no,NA,NA,NA,NA,NA,NA,NA,NA
16,50,sqrt,1000,10000,guided,1,0,2,0.021679,no,NA,NA,NA,NA,NA,NA,NA,NA
20,50,statespace,0,5000,dynamic,10,0,2,0.016296,no,NA,NA,NA,NA,NA,NA,NA,NA
40,10,hogwild,0,5000,dynamic,0,0,2,0.004122,yes,NA,NA,NA,NA,NA,NA,NA,NA
4,100,sqrt,10,5000,guided,0,0,2,0.135455,no,NA,NA,NA,NA,NA,NA,NA,NA
20,10,hogwild,0,10000,guided,1,50,2,0.007999,no,NA,NA,NA,NA,NA,NA,NA,NA
8,100,sqrt,10,10000,static,10,50,2,17.872505,no,NA,NA,NA,NA,NA,NA,NA,NA
16,50,sqrt,0,10000,dynamic,10,50,2,1.662398,no,NA,NA,NA,NA,NA,NA,NA,NA
8,100,hogwild,0,10000,static,10,0,2,0.032466,yes,NA,NA,NA,NA,NA,NA,NA,NA
40,50,sqrt,0,10000,dynamic,0,0,2,0.064948,no,NA,NA,NA,NA,NA,NA,NA,NA
20,10,sqrt,1000,10000,guided,1,50,2,0.003397,yes,NA,NA,NA,NA,NA,NA,NA,NA
16,100,hogwild,0,10000,guided,10,0,2,0.022024,yes,NA,NA,NA,NA,NA,NA,NA,NA
8,10,sqrt,10,10000,dynamic,0,50,2,0.013053,yes,NA,NA,NA,NA,NA,NA,NA,NA
8,50,hogwild,0,10000,dynamic,10,0,2,0.012269,yes,NA,NA,NA,NA,NA,NA,NA,NA
8,100,statespace,0,5000,dynamic,0,0,2,0.038252,no,NA,NA,NA,NA,NA,NA,NA,NA
40,10,sqrt,1000,10000,dynamic,10,50,2,0.004537,yes,NA,NA,NA,NA,NA,NA,NA,NA
40,10,sqrt,1000,5000,static,1,0,2,0.002946,yes,NA,NA,NA,NA,NA,NA,NA,NA
40,100,sqrt,1000,5000,dynamic,1,50,2,0.504595,no,NA,NA,NA,NA,NA,NA,NA,NA
4,100,statespace,0,5000,static,10,50,2,2.407223,no,NA,NA,NA,NA,NA,NA,NA,NA
8,10,hogwild,0,10000,static,10,50,2,0.005283,yes,NA,NA,NA,NA,NA,NA,NA,NA
16,10,statespace,0,5000,static,1,0,2,0.003412,yes,NA,NA,NA,NA,NA,NA,NA,NA
40,10,sqrt,1000,5000,static,10,0,2,0.003065,yes,NA,NA,NA,NA,NA,NA,NA,NA
2,50,sqrt,1000,10000,static,1,0,2,0.042013,yes,NA,NA,NA,NA,NA,NA,NA,NA
8,50,sqrt,10,10000,static,10,50,2,3.383948,no,NA,NA,NA,NA,NA,NA,NA,NA
16,10,sqrt,1000,10000,dynamic,1,0,2,0.002565,yes,NA,NA,NA,NA,NA,NA,NA,NA
8,50,sqrt,0,10000,dynamic,1,0,2,0.035030,yes,NA,NA,NA,NA,NA,NA,NA,NA
16,100,hogwild,0,10000,static,0,0,2,0.026031,yes,NA,NA,NA,NA,NA,NA,NA,NA
16,50,sqrt,1000,5000,dynamic,0,0,2,0.016893,no,NA,NA,NA,NA,NA,NA,NA,NA
40,100,statespace,0,5000,dynamic,1,0,2,0.049810,no,NA,NA,NA,NA,NA,NA,NA,NA
40,10,sqrt,10,10000,guided,10,50,2,0.060890,yes,NA,NA,NA,NA,NA,NA,NA,NA
16,100,statespace,0,5000,guided,10,50,2,0.637405,no,NA,NA,NA,NA,NA,NA,NA,NA
20,100,sqrt,0,5000,static,1,50,2,0.687407,no,NA,NA,NA,NA,NA,NA,NA,NA
20,100,hogwild,0,10000,guided,1,50,2,1.247106,no,NA,NA,NA,NA,NA,NA,NA,NA
4,100,statespace,0,10000,dynamic,1,0,2,0.110704,no,NA,NA,NA,NA,NA,NA,NA,NA
16,100,statespace,0,10000,static,1,50,2,1.294375,no,NA,NA,NA,NA,NA,NA,NA,NA
4,50,sqrt,10,5000,guided,1,0,2,0.042885,yes,NA,NA,NA,NA,NA,NA,NA,NA
20,100,statespace,0,10000,static,1,0,2,0.044095,no,NA,NA,NA,NA,NA,NA,NA,NA
4,100,sqrt,0,10000,static,0,50,2,5.071893,no,NA,NA,NA,NA,NA,NA,NA,NA
40,50,statespace,0,5000,dynamic,0,0,2,0.019385,no,NA,NA,NA,NA,NA,NA,NA,NA
8,10,hogwild,0,5000,static,0,0,2,0.002001,yes,NA,NA,NA,NA,NA,NA,NA,NA
16,100,sqrt,10,10000,dynamic,1,50,2,2.353379,no,NA,NA,NA,NA,NA,NA,NA,NA
8,10,statespace,0,5000,dynamic,0,0,2,0.001741,yes,NA,NA,NA,NA,NA,NA,NA,NA
2,10,sqrt,1000,5000,static,1,0,2,0.002566,yes,NA,NA,NA,NA,NA,NA,NA,NA
16,100,sqrt,0,10000,static,0,50,2,1.847873,no,NA,NA,NA,NA,NA,NA,NA,NA
20,10,sqrt,0,5000,guided,1,50,2,0.011215,yes,NA,NA,NA,NA,NA,NA,NA,NA
2,100,sqrt,0,10000,static,10,0,2,0.165373,yes,NA,NA,NA,NA,NA,NA,NA,NA
2,100,sqrt,1000,10000,guided,0,50,2,8.727754,no,NA,NA,NA,NA,NA,NA,NA,NA
2,100,sqrt,1000,5000,guided,1,0,2,0.098455,no,NA,NA,NA,NA,NA,NA,NA,NA
2,50,hogwild,0,5000,dynamic,0,0,2,0.023649,yes,NA,NA,NA,NA,NA,NA,NA,NA
40,100,sqrt,10,10000,static,0,0,2,0.695280,no,NA,NA,NA,NA,NA,NA,NA,NA
2,100,sqrt,10,10000,guided,0,50,2,8.937126,no,NA,NA,NA,NA,NA,NA,NA,NA
2,10,statespace,0,5000,static,0,0,2,0.002696,yes,NA,NA,NA,NA,NA,NA,NA,NA
8,100,sqrt,10,10000,dynamic,10,0,2,0.612207,no,NA,NA,NA,NA,NA,NA,NA,NA
16,10,sqrt,1000,5000,dynamic,0,0,2,0.001841,yes,NA,NA,NA,NA,NA,NA,NA,NA
40,100,sqrt,1000,10000,guided,0,0,2,0.064330,no,NA,NA,NA,NA,NA,NA,NA,NA
8,10,statespace,0,10000,dynamic,0,0,2,0.002746,yes,NA,NA,NA,NA,NA,NA,NA,NA
40,10,hogwild,0,5000,static,0,0,2,0.004490,yes,NA,NA,NA,NA,NA,NA,NA,NA
16,10,statespace,0,10000,static,0,0,2,0.004570,yes,NA,NA,NA,NA,NA,NA,NA,NA
40,100,sqrt,0,5000,guided,0,0,2,0.123693,no,NA,NA,NA,NA,NA,NA,NA,NA
20,50,sqrt,1000,5000,static,10,50,2,0.138738,no,NA,NA,NA,NA,NA,NA,NA,NA
16,10,hogwild,0,5000,dynamic,10,50,2,0.004138,no,NA,NA,NA,NA,NA,NA,NA,NA
2,10,statespace,0,10000,static,0,50,2,0.010782,yes,NA,NA,NA,NA,NA,NA,NA,NA
40,10,statespace,0,10000,dynamic,10,50,2,0.011298,yes,NA,NA,NA,NA,NA,NA,NA,NA
8,100,sqrt,1000,5000,static,10,0,2,0.039698,no,NA,NA,NA,NA,NA,NA,NA,NA
16,50,sqrt,10,10000,dynamic,1,0,2,0.115794,no,NA,NA,NA,NA,NA,NA,NA,NA
40,10,hogwild,0,5000,dynamic,1,50,2,0.004639,yes,NA,NA,NA,NA,NA,NA,NA,NA
2,100,statespace,0,5000,guided,1,0,2,0.100179,no,NA,NA,NA,NA,NA,NA,NA,NA
16,10,sqrt,0,10000,guided,1,50,2,0.015855,yes,NA,NA,NA,NA,NA,NA,NA,NA
16,50,sqrt,10,10000,guided,0,0,2,0.120904,yes,NA,NA,NA,NA,NA,NA,NA,NA
16,10,statespace,0,5000,guided,1,0,2,0.002889,yes,NA,NA,NA,NA,NA,NA,NA,NA
20,50,sqrt,1000,5000,static,10,0,2,0.016576,no,NA,NA,NA,NA,NA,NA,NA,NA
16,10,sqrt,10,5000,dynamic,10,0,2,0.017522,yes,NA,NA,NA,NA,NA,NA,NA,NA
2,50,statespace,0,10000,static,0,0,2,0.041815,yes,NA,NA,NA,NA,NA,NA,NA,NA
20,50,statespace,0,10000,guided,1,50,2,0.251246,no,NA,NA,NA,NA,NA,NA,NA,NA
2,100,sqrt,0,5000,guided,1,50,2,4.431451,no,NA,NA,NA,NA,NA,NA,NA,NA
40,50,sqrt,0,5000,static,1,50,2,0.161870,no,NA,NA,NA,NA,NA,NA,NA,NA
40,50,sqrt,1000,10000,guided,0,50,2,0.254103,no,NA,NA,NA,NA,NA,NA,NA,NA
8,50,sqrt,1000,5000,dynamic,0,0,2,0.019568,no,NA,NA,NA,NA,NA,NA,NA,NA
40,50,hogwild,0,10000,dynamic,10,0,2,0.008331,yes,NA,NA,NA,NA,NA,NA,NA,NA
4,10,sqrt,10,5000,static,10,50,2,0.015274,yes,NA,NA,NA,NA,NA,NA,NA,NA
2,50,sqrt,10,5000,guided,1,0,2,0.045478,yes,NA,NA,NA,NA,NA,NA,NA,NA
4,50,statespace,0,10000,static,10,0,2,0.031685,yes,NA,NA,NA,NA,NA,NA,NA,NA
4,10,hogwild,0,10000,guided,0,0,2,0.003977,yes,NA,NA,NA,NA,NA,NA,NA,NA
4,10,hogwild,0,10000,static,1,0,2,0.004229,yes,NA,NA,NA,NA,NA,NA,NA,NA
8,50,statespace,0,5000,dynamic,0,0,2,0.020702,no,NA,NA,NA,NA,NA,NA,NA,NA
8,100,sqrt,0,10000,static,10,50,2,5.527592,no,NA,NA,NA,NA,NA,NA,NA,NA
4,10,hogwild,0,10000,guided,1,50,2,0.007395,yes,NA,NA,NA,NA,NA,NA,NA,NA
4,10,sqrt,1000,5000,static,10,50,2,0.003666,yes,NA,NA,NA,NA,NA,NA,NA,NA
20,10,statespace,0,10000,static,0,0,2,0.005728,yes,NA,NA,NA,NA,NA,NA,NA,NA
2,50,hogwild,0,10000,static,10,0,2,0.039971,yes,NA,NA,NA,NA,NA,NA,NA,NA
8,100,sqrt,1000,10000,dynamic,1,50,2,2.530401,no,NA,NA,NA,NA,NA,NA,NA,NA
4,100,statespace,0,10000,dynamic,10,0,2,0.110376,no,NA,NA,NA,NA,NA,NA,NA,NA
2,50,sqrt,1000,10000,guided,0,50,2,1.286655,no,NA,NA,NA,NA,NA,NA,NA,NA
40,50,sqrt,10,5000,static,1,50,2,0.565187,no,NA,NA,NA,NA,NA,NA,NA,NA
16,10,sqrt,1000,5000,dynamic,1,50,2,0.002438,yes,NA,NA,NA,NA,NA,NA,NA,NA
16,10,sqrt,1000,5000,static,1,50,2,0.002491,yes,NA,NA,NA,NA,NA,NA,NA,NA
16,10,hogwild,0,10000,guided,1,50,2,0.006933,yes,NA,NA,NA,NA,NA,NA,NA,NA
8,50,hogwild,0,5000,guided,0,50,2,0.222811,no,NA,NA,NA,NA,NA,NA,NA,NA
2,100,hogwild,0,10000,dynamic,10,50,2,8.875005,no,NA,NA,NA,NA,NA,NA,NA,NA
8,10,hogwild,0,10000,dynamic,1,50,2,0.004911,yes,NA,NA,NA,NA,NA,NA,NA,NA
16,100,statespace,0,5000,guided,0,50,2,0.632746,no,NA,NA,NA,NA,NA,NA,NA,NA
2,100,sqrt,0,5000,static,10,50,2,5.284183,no,NA,NA,NA,NA,NA,NA,NA,NA
2,50,sqrt,1000,10000,static,10,50,2,1.324258,no,NA,NA,NA,NA,NA,NA,NA,NA
2,10,statespace,0,5000,static,10,50,2,0.005749,yes,NA,NA,NA,NA,NA,NA,NA,NA
20,50,statespace,0,10000,static,10,50,2,0.264035,no,NA,NA,NA,NA,NA,NA,NA,NA
20,50,hogwild,0,5000,guided,1,0,2,0.005798,yes,NA,NA,NA,NA,NA,NA,NA,NA
2,50,sqrt,0,10000,guided,0,50,2,1.301671,no,NA,NA,NA,NA,NA,NA,NA,NA
20,50,hogwild,0,10000,dynamic,1,0,2,0.009913,yes,NA,NA,NA,NA,NA,NA,NA,NA
2,10,sqrt,10,5000,dynamic,1,0,2,0.004716,yes,NA,NA,NA,NA,NA,NA,NA,NA
2,50,sqrt,1000,10000,guided,0,0,2,0.041673,yes,NA,NA,NA,NA,NA,NA,NA,NA
2,10,sqrt,10,5000,guided,10,0,2,0.006752,yes,NA,NA,NA,NA,NA,NA,NA,NA
16,100,sqrt,1000,5000,dynamic,0,50,2,0.638407,no,NA,NA,NA,NA,NA,NA,NA,NA
20,50,sqrt,0,10000,guided,0,50,2,0.461285,no,NA,NA,NA,NA,NA,NA,NA,NA
4,50,statespace,0,10000,guided,1,0,2,0.032146,yes,NA,NA,NA,NA,NA,NA,NA,NA
20,100,sqrt,1000,10000,guided,10,0,2,0.049149,no,NA,NA,NA,NA,NA,NA,NA,NA
40,100,sqrt,0,10000,static,0,50,2,1.134298,no,NA,NA,NA,NA,NA,NA,NA,NA
4,50,sqrt,10,5000,guided,10,50,2,1.640983,no,NA,NA,NA,NA,NA,NA,NA,NA
40,10,sqrt,0,10000,guided,0,0,2,0.015012,yes,NA,NA,NA,NA,NA,NA,NA,NA
8,10,sqrt,0,5000,static,0,50,2,0.004725,yes,NA,NA,NA,NA,NA,NA,NA,NA
16,50,statespace,0,10000,guided,0,50,2,0.288808,no,NA,NA,NA,NA,NA,NA,NA,NA
2,10,hogwild,0,10000,guided,10,0,2,0.005742,yes,NA,NA,NA,NA,NA,NA,NA,NA
8,10,hogwild,0,10000,guided,0,0,2,0.003479,yes,NA,NA,NA,NA,NA,NA,NA,NA
20,10,statespace,0,5000,dynamic,0,50,2,0.004280,yes,NA,NA,NA,NA,NA,NA,NA,NA
4,100,sqrt,10,10000,dynamic,10,0,2,0.482171,no,NA,NA,NA,NA,NA,NA,NA,NA
8,100,statespace,0,10000,static,1,0,2,0.067984,no,NA,NA,NA,NA,NA,NA,NA,NA
20,10,sqrt,1000,5000,guided,10,0,2,0.002184,yes,NA,NA,NA,NA,NA,NA,NA,NA
16,10,statespace,0,5000,static,10,0,2,0.003352,yes,NA,NA,NA,NA,NA,NA,NA,NA
40,100,sqrt,10,10000,guided,1,50,2,5.923535,no,NA,NA,NA,NA,NA,NA,NA,NA
4,100,hogwild,0,5000,guided,10,0,2,0.041123,yes,NA,NA,NA,NA,NA,NA,NA,NA
8,50,sqrt,0,10000,static,0,0,2,0.037513,yes,NA,NA,NA,NA,NA,NA,NA,NA
16,100,sqrt,10,10000,guided,0,0,2,0.353868,no,NA,NA,NA,NA,NA,NA,NA,NA
20,100,sqrt,0,5000,guided,0,0,2,0.123956,no,NA,NA,NA,NA,NA,NA,NA,NA
4,10,sqrt,1000,10000,guided,10,0,2,0.002876,yes,NA,NA,NA,NA,NA,NA,NA,NA
16,100,hogwild,0,10000,guided,0,0,2,0.022117,yes,NA,NA,NA,NA,NA,NA,NA,NA
40,10,sqrt,10,10000,guided,0,50,2,0.035877,yes,NA,NA,NA,NA,NA,NA,NA,NA
20,10,hogwild,0,5000,guided,1,0,2,0.003496,yes,NA,NA,NA,NA,NA,NA,NA,NA
8,100,sqrt,1000,5000,guided,10,0,2,0.039593,no,NA,NA,NA,NA,NA,NA,NA,NA
2,100,sqrt,10,10000,guided,10,50,2,17.692808,no,NA,NA,NA,NA,NA,NA,NA,NA
20,100,statespace,0,10000,guided,10,50,2,1.022572,no,NA,NA,NA,NA,NA,NA,NA,NA
2,50,hogwild,0,10000,static,0,0,2,0.039022,yes,NA,NA,NA,NA,NA,NA,NA,NA
40,100,sqrt,1000,5000,dynamic,1,0,2,0.050528,no,NA,NA,NA,NA,NA,NA,NA,NA
8,10,sqrt,0,5000,dynamic,1,0,2,0.002886,yes,NA,NA,NA,NA,NA,NA,NA,NA
4,50,sqrt,1000,5000,guided,10,50,2,0.457387,no,NA,NA,NA,NA,NA,NA,NA,NA
16,10,sqrt,10,10000,guided,1,50,2,0.037202,yes,NA,NA,NA,NA,NA,NA,NA,NA
16,50,sqrt,0,5000,static,1,50,2,0.322290,no,NA,NA,NA,NA,NA,NA,NA,NA
20,50,sqrt,10,5000,static,10,50,2,2.154921,no,NA,NA,NA,NA,NA,NA,NA,NA
8,50,sqrt,0,5000,dynamic,1,0,2,0.027945,no,NA,NA,NA,NA,NA,NA,NA,NA
8,10,sqrt,0,10000,guided,0,0,2,0.004098,yes,NA,NA,NA,NA,NA,NA,NA,NA
2,100,hogwild,0,5000,static,10,50,2,4.377916,no,NA,NA,NA,NA,NA,NA,NA,NA
20,100,hogwild,0,10000,static,0,50,2,1.229387,no,NA,NA,NA,NA,NA,NA,NA,NA
2,10,hogwild,0,5000,dynamic,10,0,2,0.003488,yes,NA,NA,NA,NA,NA,NA,NA,NA
2,100,sqrt,10,10000,guided,10,0,2,0.397370,yes,NA,NA,NA,NA,NA,NA,NA,NA
16,50,sqrt,10,5000,guided,0,50,2,0.331741,no,NA,NA,NA,NA,NA,NA,NA,NA
16,100,statespace,0,10000,dynamic,1,0,2,0.045899,no,NA,NA,NA,NA,NA,NA,NA,NA
8,50,sqrt,10,10000,static,10,0,2,0.189965,yes,NA,NA,NA,NA,NA,NA,NA,NA
4,50,hogwild,0,5000,dynamic,10,0,2,0.014187,yes,NA,NA,NA,NA,NA,NA,NA,NA
8,100,sqrt,0,5000,guided,0,0,2,0.074834,no,NA,NA,NA,NA,NA,NA,NA,NA
20,10,sqrt,1000,5000,dynamic,0,0,2,0.002127,yes,NA,NA,NA,NA,NA,NA,NA,NA
8,100,sqrt,0,5000,dynamic,1,0,2,0.073557,no,NA,NA,NA,NA,NA,NA,NA,NA
4,100,sqrt,0,5000,guided,10,0,2,0.088039,no,NA,NA,NA,NA,NA,NA,NA,NA
20,100,sqrt,10,10000,dynamic,0,50,2,2.433335,no,NA,NA,NA,NA,NA,NA,NA,NA
8,100,hogwild,0,10000,guided,10,0,2,0.033677,yes,NA,NA,NA,NA,NA,NA,NA,NA
4,10,sqrt,1000,5000,guided,0,50,2,0.003447,yes,NA,NA,NA,NA,NA,NA,NA,NA
2,50,sqrt,1000,10000,static,1,50,2,1.328167,no,NA,NA,NA,NA,NA,NA,NA,NA
8,50,sqrt,10,5000,static,1,0,2,0.049859,no,NA,NA,NA,NA,NA,NA,NA,NA
2,50,sqrt,0,5000,dynamic,1,0,2,0.030133,yes,NA,NA,NA,NA,NA,NA,NA,NA
2,10,sqrt,10,5000,guided,1,50,2,0.007748,yes,NA,NA,NA,NA,NA,NA,NA,NA
20,50,sqrt,0,5000,dynamic,0,0,2,0.044818,no,NA,NA,NA,NA,NA,NA,NA,NA
2,100,sqrt,10,5000,guided,10,0,2,0.241335,no,NA,NA,NA,NA,NA,NA,NA,NA
40,10,statespace,0,5000,guided,10,50,2,0.008194,no,NA,NA,NA,NA,NA,NA,NA,NA
4,100,sqrt,10,5000,static,10,0,2,0.291654,no,NA,NA,NA,NA,NA,NA,NA,NA
16,50,hogwild,0,10000,guided,0,0,2,0.010046,yes,NA,NA,NA,NA,NA,NA,NA,NA
16,100,sqrt,0,10000,dynamic,10,50,2,7.315117,no,NA,NA,NA,NA,NA,NA,NA,NA
40,50,hogwild,0,5000,guided,0,50,2,0.075361,no,NA,NA,NA,NA,NA,NA,NA,NA
8,50,statespace,0,10000,static,0,50,2,0.482240,no,NA,NA,NA,NA,NA,NA,NA,NA
16,50,statespace,0,10000,guided,0,0,2,0.022208,no,NA,NA,NA,NA,NA,NA,NA,NA
20,10,sqrt,0,10000,static,1,0,2,0.018395,yes,NA,NA,NA,NA,NA,NA,NA,NA
2,100,sqrt,1000,5000,guided,0,50,2,4.338375,no,NA,NA,NA,NA,NA,NA,NA,NA
40,10,sqrt,10,5000,dynamic,0,50,2,0.023100,yes,NA,NA,NA,NA,NA,NA,NA,NA
2,100,sqrt,0,5000,guided,10,0,2,0.105911,no,NA,NA,NA,NA,NA,NA,NA,NA
40,10,hogwild,0,10000,guided,10,0,2,0.006833,yes,NA,NA,NA,NA,NA,NA,NA,NA
4,50,sqrt,1000,10000,guided,0,50,2,0.784919,no,NA,NA,NA,NA,NA,NA,NA,NA
8,10,sqrt,0,10000,static,1,0,2,0.004301,yes,NA,NA,NA,NA,NA,NA,NA,NA
4,50,statespace,0,10000,dynamic,0,50,2,0.784044,no,NA,NA,NA,NA,NA,NA,NA,NA
16,50,hogwild,0,5000,dynamic,0,50,2,0.121121,no,NA,NA,NA,NA,NA,NA,NA,NA
20,50,hogwild,0,10000,static,10,0,2,0.009135,yes,NA,NA,NA,NA,NA,NA,NA,NA
4,50,sqrt,10,5000,static,1,0,2,0.043515,yes,NA,NA,NA,NA,NA,NA,NA,NA
2,50,sqrt,1000,5000,guided,0,50,2,0.708882,no,NA,NA,NA,NA,NA,NA,NA,NA
2,100,sqrt,10,5000,static,10,0,2,0.247335,no,NA,NA,NA,NA,NA,NA,NA,NA
20,50,sqrt,10,10000,guided,10,0,2,0.278191,yes,NA,NA,NA,NA,NA,NA,NA,NA
40,100,hogwild,0,5000,guided,1,0,2,0.009639,yes,NA,NA,NA,NA,NA,NA,NA,NA
16,100,sqrt,0,10000,guided,10,50,2,7.253255,no,NA,NA,NA,NA,NA,NA,NA,NA
8,100,sqrt,1000,5000,guided,0,50,2,1.256901,no,NA,NA,NA,NA,NA,NA,NA,NA
4,50,sqrt,1000,10000,dynamic,0,0,2,0.031211,yes,NA,NA,NA,NA,NA,NA,NA,NA
2,50,sqrt,10,10000,guided,0,50,2,1.414359,no,NA,NA,NA,NA,NA,NA,NA,NA
40,10,sqrt,0,10000,guided,0,50,2,0.018673,yes,NA,NA,NA,NA,NA,NA,NA,NA
2,100,sqrt,0,5000,dynamic,0,50,2,4.392931,no,NA,NA,NA,NA,NA,NA,NA,NA
2,50,sqrt,10,5000,guided,10,50,2,1.427521,no,NA,NA,NA,NA,NA,NA,NA,NA
8,100,hogwild,0,5000,guided,0,0,2,0.022885,yes,NA,NA,NA,NA,NA,NA,NA,NA
20,50,statespace,0,10000,dynamic,0,50,2,0.248844,no,NA,NA,NA,NA,NA,NA,NA,NA
20,50,sqrt,1000,10000,static,0,0,2,0.021978,no,NA,NA,NA,NA,NA,NA,NA,NA
8,100,hogwild,0,5000,guided,1,0,2,0.022315,yes,NA,NA,NA,NA,NA,NA,NA,NA
8,50,hogwild,0,10000,guided,10,50,2,0.466968,no,NA,NA,NA,NA,NA,NA,NA,NA
40,100,sqrt,0,10000,guided,10,0,2,0.342186,no,NA,NA,NA,NA,NA,NA,NA,NA
16,10,sqrt,1000,5000,static,10,0,2,0.001878,yes,NA,NA,NA,NA,NA,NA,NA,NA
4,100,hogwild,0,10000,guided,1,0,2,0.061054,yes,NA,NA,NA,NA,NA,NA,NA,NA
20,10,sqrt,1000,5000,guided,0,0,2,0.002018,yes,NA,NA,NA,NA,NA,NA,NA,NA
16,50,sqrt,1000,10000,guided,10,50,2,0.301574,no,NA,NA,NA,NA,NA,NA,NA,NA
40,50,sqrt,1000,5000,guided,0,50,2,0.135146,no,NA,NA,NA,NA,NA,NA,NA,NA
2,100,sqrt,1000,5000,static,0,50,2,4.396414,no,NA,NA,NA,NA,NA,NA,NA,NA
4,100,hogwild,0,10000,dynamic,1,0,2,0.062784,no,NA,NA,NA,NA,NA,NA,NA,NA
2,50,statespace,0,5000,static,10,0,2,0.029174,yes,NA,NA,NA,NA,NA,NA,NA,NA
40,100,sqrt,10,5000,static,0,50,2,2.318567,no,NA,NA,NA,NA,NA,NA,NA,NA
8,10,sqrt,1000,5000,dynamic,10,50,2,0.002548,yes,NA,NA,NA,NA,NA,NA,NA,NA
20,100,sqrt,1000,5000,dynamic,0,50,2,0.524090,no,NA,NA,NA,NA,NA,NA,NA,NA
20,50,statespace,0,10000,dynamic,0,0,2,0.020728,no,NA,NA,NA,NA,NA,NA,NA,NA
2,50,sqrt,0,10000,static,1,0,2,0.046342,yes,NA,NA,NA,NA,NA,NA,NA,NA
16,100,statespace,0,5000,guided,1,50,2,0.633287,no,NA,NA,NA,NA,NA,NA,NA,NA
2,10,sqrt,10,5000,static,0,50,2,0.007965,yes,NA,NA,NA,NA,NA,NA,NA,NA
2,50,sqrt,1000,10000,dynamic,1,0,2,0.041791,yes,NA,NA,NA,NA,NA,NA,NA,NA
40,10,statespace,0,10000,dynamic,10,0,2,0.006891,yes,NA,NA,NA,NA,NA,NA,NA,NA
2,100,statespace,0,10000,static,1,50,2,8.760287,no,NA,NA,NA,NA,NA,NA,NA,NA
20,10,sqrt,1000,10000,static,0,0,2,0.002461,yes,NA,NA,NA,NA,NA,NA,NA,NA
4,50,hogwild,0,5000,guided,10,0,2,0.014298,yes,NA,NA,NA,NA,NA,NA,NA,NA
8,100,hogwild,0,5000,dynamic,0,0,2,0.022266,yes,NA,NA,NA,NA,NA,NA,NA,NA
8,10,sqrt,0,5000,dynamic,0,0,2,0.002815,yes,NA,NA,NA,NA,NA,NA,NA,NA
40,50,hogwild,0,5000,static,10,50,2,0.082220,no,NA,NA,NA,NA,NA,NA,NA,NA
20,10,statespace,0,5000,guided,1,0,2,0.003663,yes,NA,NA,NA,NA,NA,NA,NA,NA
20,100,sqrt,10,10000,dynamic,1,0,2,0.440090,no,NA,NA,NA,NA,NA,NA,NA,NA
40,50,statespace,0,10000,guided,0,0,2,0.025105,no,NA,NA,NA,NA,NA,NA,NA,NA
2,100,hogwild,0,5000,dynamic,0,50,2,4.415405,no,NA,NA,NA,NA,NA,NA,NA,NA
8,50,sqrt,10,10000,static,1,0,2,0.078968,yes,NA,NA,NA,NA,NA,NA,NA,NA
20,50,hogwild,0,10000,dynamic,10,50,2,0.193370,no,NA,NA,NA,NA,NA,NA,NA,NA
2,10,sqrt,0,5000,dynamic,1,0,2,0.002863,yes,NA,NA,NA,NA,NA,NA,NA,NA
16,50,hogwild,0,5000,guided,10,50,2,0.124673,no,NA,NA,NA,NA,NA,NA,NA,NA
20,10,statespace,0,10000,dynamic,0,50,2,0.006207,yes,NA,NA,NA,NA,NA,NA,NA,NA
20,10,hogwild,0,10000,static,0,0,2,0.006302,yes,NA,NA,NA,NA,NA,NA,NA,NA
16,50,sqrt,10,10000,dynamic,0,0,2,0.118282,yes,NA,NA,NA,NA,NA,NA,NA,NA
40,100,sqrt,1000,10000,dynamic,10,50,2,1.149737,no,NA,NA,NA,NA,NA,NA,NA,NA
16,100,sqrt,1000,5000,guided,10,50,2,0.684966,no,NA,NA,NA,NA,NA,NA,NA,NA
40,10,statespace,0,10000,static,0,0,2,0.005922,yes,NA,NA,NA,NA,NA,NA,NA,NA
16,100,sqrt,10,10000,dynamic,0,0,2,0.353958,no,NA,NA,NA,NA,NA,NA,NA,NA
20,10,hogwild,0,5000,dynamic,1,0,2,0.003587,yes,NA,NA,NA,NA,NA,NA,NA,NA
4,50,sqrt,1000,5000,dynamic,1,50,2,0.447583,no,NA,NA,NA,NA,NA,NA,NA,NA
4,100,sqrt,1000,10000,guided,10,50,2,4.855434,no,NA,NA,NA,NA,NA,NA,NA,NA
2,100,sqrt,1000,10000,dynamic,10,0,2,0.133401,yes,NA,NA,NA,NA,NA,NA,NA,NA
4,100,sqrt,10,5000,dynamic,0,50,2,2.964472,no,NA,NA,NA,NA,NA,NA,NA,NA
4,50,statespace,0,5000,dynamic,1,0,2,0.024566,no,NA,NA,NA,NA,NA,NA,NA,NA
40,50,sqrt,0,5000,static,10,50,2,1.165944,no,NA,NA,NA,NA,NA,NA,NA,NA
2,10,hogwild,0,5000,guided,1,0,2,0.003355,yes,NA,NA,NA,NA,NA,NA,NA,NA
2,50,hogwild,0,5000,dynamic,10,0,2,0.024478,yes,NA,NA,NA,NA,NA,NA,NA,NA
8,100,sqrt,0,5000,static,10,50,2,3.697823,no,NA,NA,NA,NA,NA,NA,NA,NA
16,100,sqrt,0,5000,static,0,50,2,1.296859,no,NA,NA,NA,NA,NA,NA,NA,NA
8,100,sqrt,1000,5000,dynamic,0,0,2,0.038115,no,NA,NA,NA,NA,NA,NA,NA,NA
8,100,sqrt,10,5000,guided,10,50,2,8.887183,no,NA,NA,NA,NA,NA,NA,NA,NA
40,50,sqrt,1000,10000,static,1,0,2,0.028945,no,NA,NA,NA,NA,NA,NA,NA,NA
16,50,sqrt,10,5000,dynamic,10,0,2,0.173013,no,NA,NA,NA,NA,NA,NA,NA,NA
40,100,sqrt,10,5000,guided,10,50,2,10.256116,no,NA,NA,NA,NA,NA,NA,NA,NA
16,50,sqrt,1000,10000,dynamic,1,50,2,0.284862,no,NA,NA,NA,NA,NA,NA,NA,NA
16,50,sqrt,10,5000,dynamic,1,50,2,0.339091,no,NA,NA,NA,NA,NA,NA,NA,NA
16,100,statespace,0,5000,guided,0,0,2,0.031415,no,NA,NA,NA,NA,NA,NA,NA,NA
40,100,sqrt,1000,5000,guided,0,0,2,0.049985,no,NA,NA,NA,NA,NA,NA,NA,NA
20,50,sqrt,1000,10000,guided,0,0,2,0.021043,no,NA,NA,NA,NA,NA,NA,NA,NA
16,10,hogwild,0,10000,static,0,0,2,0.005858,yes,NA,NA,NA,NA,NA,NA,NA,NA
20,10,statespace,0,5000,guided,0,50,2,0.004254,yes,NA,NA,NA,NA,NA,NA,NA,NA
20,100,sqrt,0,5000,dynamic,1,50,2,0.616070,no,NA,NA,NA,NA,NA,NA,NA,NA
4,50,sqrt,1000,10000,static,10,50,2,0.794780,no,NA,NA,NA,NA,NA,NA,NA,NA
20,10,sqrt,1000,10000,static,0,50,2,0.003818,yes,NA,NA,NA,NA,NA,NA,NA,NA
16,10,hogwild,0,5000,static,10,0,2,0.003603,yes,NA,NA,NA,NA,NA,NA,NA,NA
40,50,sqrt,1000,10000,dynamic,1,0,2,0.026411,no,NA,NA,NA,NA,NA,NA,NA,NA
40,10,hogwild,0,5000,static,1,0,2,0.004189,yes,NA,NA,NA,NA,NA,NA,NA,NA
40,10,sqrt,0,5000,dynamic,1,50,2,0.009023,no,NA,NA,NA,NA,NA,NA,NA,NA
4,100,statespace,0,5000,static,1,0,2,0.061684,no,NA,NA,NA,NA,NA,NA,NA,NA
16,100,hogwild,0,5000,static,10,50,2,0.792182,no,NA,NA,NA,NA,NA,NA,NA,NA
8,100,sqrt,1000,5000,dynamic,1,0,2,0.038479,no,NA,NA,NA,NA,NA,NA,NA,NA
4,10,sqrt,0,5000,dynamic,0,50,2,0.004516,yes,NA,NA,NA,NA,NA,NA,NA,NA
2,50,sqrt,10,5000,dynamic,0,50,2,0.752660,no,NA,NA,NA,NA,NA,NA,NA,NA
20,100,statespace,0,5000,static,1,50,2,0.548894,no,NA,NA,NA,NA,NA,NA,NA,NA
8,50,sqrt,0,10000,dynamic,10,50,2,1.110913,no,NA,NA,NA,NA,NA,NA,NA,NA
40,100,statespace,0,10000,static,10,50,2,0.958359,no,NA,NA,NA,NA,NA,NA,NA,NA
2,10,sqrt,10,10000,dynamic,1,50,2,0.015022,yes,NA,NA,NA,NA,NA,NA,NA,NA
16,100,sqrt,0,10000,guided,10,0,2,0.316401,no,NA,NA,NA,NA,NA,NA,NA,NA
4,50,sqrt,0,10000,guided,1,0,2,0.036367,yes,NA,NA,NA,NA,NA,NA,NA,NA
4,10,statespace,0,5000,dynamic,10,50,2,0.004264,yes,NA,NA,NA,NA,NA,NA,NA,NA
16,10,hogwild,0,10000,guided,10,50,2,0.007135,yes,NA,NA,NA,NA,NA,NA,NA,NA
40,10,sqrt,0,5000,dynamic,10,0,2,0.008241,yes,NA,NA,NA,NA,NA,NA,NA,NA
2,100,hogwild,0,10000,static,1,50,2,8.806682,no,NA,NA,NA,NA,NA,NA,NA,NA
20,50,sqrt,0,5000,static,10,0,2,0.103584,no,NA,NA,NA,NA,NA,NA,NA,NA
2,100,sqrt,1000,10000,guided,10,0,2,0.133551,yes,NA,NA,NA,NA,NA,NA,NA,NA
8,100,sqrt,10,10000,dynamic,0,0,2,0.244095,no,NA,NA,NA,NA,NA,NA,NA,NA
20,50,statespace,0,5000,static,1,50,2,0.138908,no,NA,NA,NA,NA,NA,NA,NA,NA
40,50,sqrt,0,5000,guided,10,50,2,1.095242,no,NA,NA,NA,NA,NA,NA,NA,NA
40,50,statespace,0,5000,dynamic,0,50,2,0.133812,no,NA,NA,NA,NA,NA,NA,NA,NA
2,50,sqrt,10,10000,static,0,50,2,1.475942,no,NA,NA,NA,NA,NA,NA,NA,NA
16,100,sqrt,1000,5000,dynamic,10,0,2,0.034423,no,NA,NA,NA,NA,NA,NA,NA,NA
16,50,sqrt,0,5000,dynamic,1,50,2,0.278719,no,NA,NA,NA,NA,NA,NA,NA,NA
4,10,sqrt,10,10000,static,0,50,2,0.013111,yes,NA,NA,NA,NA,NA,NA,NA,NA
20,100,sqrt,0,5000,dynamic,10,0,2,0.228037,no,NA,NA,NA,NA,NA,NA,NA,NA
20,50,sqrt,1000,10000,dynamic,10,50,2,0.251968,no,NA,NA,NA,NA,NA,NA,NA,NA
16,10,sqrt,0,10000,static,0,50,2,0.013888,yes,NA,NA,NA,NA,NA,NA,NA,NA
16,100,statespace,0,10000,guided,10,0,2,0.045323,no,NA,NA,NA,NA,NA,NA,NA,NA
20,10,sqrt,0,5000,guided,0,50,2,0.011084,yes,NA,NA,NA,NA,NA,NA,NA,NA
8,100,hogwild,0,5000,dynamic,0,50,2,1.306732,no,NA,NA,NA,NA,NA,NA,NA,NA
16,100,statespace,0,10000,dynamic,0,0,2,0.047621,no,NA,NA,NA,NA,NA,NA,NA,NA
16,10,sqrt,10,5000,static,10,50,2,0.028099,yes,NA,NA,NA,NA,NA,NA,NA,NA
4,50,statespace,0,5000,guided,1,0,2,0.024411,yes,NA,NA,NA,NA,NA,NA,NA,NA
16,10,hogwild,0,5000,guided,1,50,2,0.004327,yes,NA,NA,NA,NA,NA,NA,NA,NA
40,100,sqrt,1000,5000,static,1,50,2,0.790875,no,NA,NA,NA,NA,NA,NA,NA,NA
20,100,sqrt,10,10000,guided,10,0,2,0.854483,no,NA,NA,NA,NA,NA,NA,NA,NA
2,10,sqrt,0,5000,dynamic,0,0,2,0.002960,yes,NA,NA,NA,NA,NA,NA,NA,NA
40,50,sqrt,0,10000,static,0,0,2,0.065036,no,NA,NA,NA,NA,NA,NA,NA,NA
2,10,sqrt,1000,10000,static,10,50,2,0.010561,yes,NA,NA,NA,NA,NA,NA,NA,NA
8,100,hogwild,0,5000,static,1,0,2,0.021773,yes,NA,NA,NA,NA,NA,NA,NA,NA
4,10,hogwild,0,5000,static,0,50,2,0.004132,yes,NA,NA,NA,NA,NA,NA,NA,NA
4,100,sqrt,1000,5000,dynamic,1,0,2,0.062015,no,NA,NA,NA,NA,NA,NA,NA,NA
8,50,statespace,0,10000,static,1,0,2,0.026472,yes,NA,NA,NA,NA,NA,NA,NA,NA
8,50,sqrt,1000,5000,static,10,0,2,0.020502,no,NA,NA,NA,NA,NA,NA,NA,NA
20,100,sqrt,0,10000,dynamic,10,0,2,0.397826,no,NA,NA,NA,NA,NA,NA,NA,NA
4,50,sqrt,1000,5000,guided,0,50,2,0.459420,no,NA,NA,NA,NA,NA,NA,NA,NA
8,50,hogwild,0,10000,guided,10,0,2,0.012684,yes,NA,NA,NA,NA,NA,NA,NA,NA
40,100,statespace,0,10000,static,0,50,2,0.958898,no,NA,NA,NA,NA,NA,NA,NA,NA
16,10,sqrt,0,5000,guided,0,50,2,0.011155,yes,NA,NA,NA,NA,NA,NA,NA,NA
20,50,statespace,0,10000,dynamic,10,0,2,0.021218,no,NA,NA,NA,NA,NA,NA,NA,NA
20,10,sqrt,10,10000,dynamic,0,50,2,0.034447,yes,NA,NA,NA,NA,NA,NA,NA,NA
4,50,sqrt,10,5000,static,0,0,2,0.043523,yes,NA,NA,NA,NA,NA,NA,NA,NA
40,100,sqrt,1000,5000,static,0,50,2,0.505772,no,NA,NA,NA,NA,NA,NA,NA,NA
16,100,sqrt,0,5000,dynamic,10,50,2,5.295074,no,NA,NA,NA,NA,NA,NA,NA,NA
2,50,hogwild,0,10000,guided,10,0,2,0.039582,yes,NA,NA,NA,NA,NA,NA,NA,NA
20,100,hogwild,0,10000,guided,10,0,2,0.018310,yes,NA,NA,NA,NA,NA,NA,NA,NA
20,100,statespace,0,10000,static,10,50,2,1.051126,no,NA,NA,NA,NA,NA,NA,NA,NA
8,100,hogwild,0,5000,static,10,50,2,1.361404,no,NA,NA,NA,NA,NA,NA,NA,NA
4,10,statespace,0,5000,static,10,50,2,0.004447,yes,NA,NA,NA,NA,NA,NA,NA,NA
40,10,sqrt,1000,5000,guided,1,0,2,0.003828,yes,NA,NA,NA,NA,NA,NA,NA,NA
20,100,sqrt,10,10000,static,1,50,2,2.676179,no,NA,NA,NA,NA,NA,NA,NA,NA
40,50,sqrt,1000,5000,static,1,50,2,0.136221,no,NA,NA,NA,NA,NA,NA,NA,NA
8,10,sqrt,10,10000,dynamic,10,50,2,0.033079,yes,NA,NA,NA,NA,NA,NA,NA,NA
2,100,sqrt,0,5000,guided,1,0,2,0.106863,no,NA,NA,NA,NA,NA,NA,NA,NA
4,10,sqrt,0,10000,guided,0,0,2,0.003978,yes,NA,NA,NA,NA,NA,NA,NA,NA
8,10,statespace,0,5000,static,10,50,2,0.003939,yes,NA,NA,NA,NA,NA,NA,NA,NA
4,10,sqrt,0,10000,guided,1,50,2,0.007727,yes,NA,NA,NA,NA,NA,NA,NA,NA
2,100,statespace,0,5000,guided,10,0,2,0.099799,no,NA,NA,NA,NA,NA,NA,NA,NA
4,10,sqrt,1000,5000,dynamic,10,50,2,0.003412,yes,NA,NA,NA,NA,NA,NA,NA,NA
4,10,statespace,0,5000,static,0,0,2,0.002023,yes,NA,NA,NA,NA,NA,NA,NA,NA
2,50,statespace,0,5000,dynamic,10,50,2,0.721102,no,NA,NA,NA,NA,NA,NA,NA,NA
4,50,statespace,0,10000,guided,10,0,2,0.031594,yes,NA,NA,NA,NA,NA,NA,NA,NA
8,100,sqrt,0,5000,guided,1,0,2,0.075409,no,NA,NA,NA,NA,NA,NA,NA,NA
4,10,statespace,0,10000,guided,0,50,2,0.006870,yes,NA,NA,NA,NA,NA,NA,NA,NA
40,50,sqrt,10,5000,static,10,0,2,0.248140,no,NA,NA,NA,NA,NA,NA,NA,NA
2,10,sqrt,10,5000,guided,0,50,2,0.007781,yes,NA,NA,NA,NA,NA,NA,NA,NA
16,100,sqrt,1000,5000,guided,10,0,2,0.032736,no,NA,NA,NA,NA,NA,NA,NA,NA
40,100,sqrt,0,10000,static,10,50,2,8.530133,no,NA,NA,NA,NA,NA,NA,NA,NA
40,50,hogwild,0,10000,guided,1,0,2,0.008360,yes,NA,NA,NA,NA,NA,NA,NA,NA
8,100,sqrt,10,5000,static,10,50,2,8.966564,no,NA,NA,NA,NA,NA,NA,NA,NA
4,100,statespace,0,10000,guided,0,50,2,4.834187,no,NA,NA,NA,NA,NA,NA,NA,NA
2,10,sqrt,0,5000,dynamic,0,50,2,0.005936,yes,NA,NA,NA,NA,NA,NA,NA,NA
20,100,sqrt,0,10000,dynamic,1,0,2,0.229573,no,NA,NA,NA,NA,NA,NA,NA,NA
40,100,statespace,0,5000,static,0,50,2,0.494464,no,NA,NA,NA,NA,NA,NA,NA,NA
20,10,sqrt,0,10000,dynamic,10,50,2,0.028037,yes,NA,NA,NA,NA,NA,NA,NA,NA
4,100,sqrt,1000,5000,static,0,50,2,2.425134,no,NA,NA,NA,NA,NA,NA,NA,NA
16,100,sqrt,0,5000,static,1,0,2,0.131182,no,NA,NA,NA,NA,NA,NA,NA,NA
20,100,hogwild,0,5000,dynamic,10,50,2,0.595859,no,NA,NA,NA,NA,NA,NA,NA,NA
2,50,hogwild,0,5000,dynamic,1,0,2,0.024950,yes,NA,NA,NA,NA,NA,NA,NA,NA
20,100,sqrt,0,10000,guided,1,50,2,2.025350,no,NA,NA,NA,NA,NA,NA,NA,NA
40,10,sqrt,1000,5000,dynamic,1,50,2,0.003863,no,NA,NA,NA,NA,NA,NA,NA,NA
40,100,sqrt,1000,10000,dynamic,1,50,2,0.975199,no,NA,NA,NA,NA,NA,NA,NA,NA
16,100,statespace,0,5000,dynamic,0,50,2,0.632062,no,NA,NA,NA,NA,NA,NA,NA,NA
20,50,sqrt,1000,5000,guided,1,0,2,0.016052,no,NA,NA,NA,NA,NA,NA,NA,NA
16,10,sqrt,0,10000,dynamic,1,0,2,0.012009,yes,NA,NA,NA,NA,NA,NA,NA,NA
20,10,sqrt,0,10000,static,0,0,2,0.014253,yes,NA,NA,NA,NA,NA,NA,NA,NA
8,100,sqrt,0,10000,static,0,0,2,0.117008,no,NA,NA,NA,NA,NA,NA,NA,NA
2,10,sqrt,10,5000,dynamic,1,50,2,0.007988,yes,NA,NA,NA,NA,NA,NA,NA,NA
16,10,sqrt,0,10000,guided,0,50,2,0.016550,yes,NA,NA,NA,NA,NA,NA,NA,NA
2,100,sqrt,10,5000,guided,1,50,2,4.447863,no,NA,NA,NA,NA,NA,NA,NA,NA
2,10,sqrt,1000,10000,dynamic,0,0,2,0.004909,yes,NA,NA,NA,NA,NA,NA,NA,NA
16,50,statespace,0,5000,static,1,50,2,0.169122,no,NA,NA,NA,NA,NA,NA,NA,NA
16,100,sqrt,0,5000,guided,10,50,2,5.302292,no,NA,NA,NA,NA,NA,NA,NA,NA
40,50,hogwild,0,10000,guided,10,50,2,0.144021,no,NA,NA,NA,NA,NA,NA,NA,NA
40,10,statespace,0,10000,static,10,0,2,0.006963,yes,NA,NA,NA,NA,NA,NA,NA,NA
40,100,sqrt,10,5000,static,1,50,2,3.509019,no,NA,NA,NA,NA,NA,NA,NA,NA
16,10,statespace,0,10000,guided,0,50,2,0.006772,yes,NA,NA,NA,NA,NA,NA,NA,NA
40,100,hogwild,0,5000,dynamic,10,50,2,0.493500,no,NA,NA,NA,NA,NA,NA,NA,NA
20,100,sqrt,10,10000,dynamic,1,50,2,2.442795,no,NA,NA,NA,NA,NA,NA,NA,NA
2,10,sqrt,1000,5000,guided,10,50,2,0.005590,yes,NA,NA,NA,NA,NA,NA,NA,NA
8,100,sqrt,10,10000,static,1,50,2,4.216761,no,NA,NA,NA,NA,NA,NA,NA,NA
4,50,hogwild,0,10000,guided,10,50,2,0.713587,no,NA,NA,NA,NA,NA,NA,NA,NA
8,100,hogwild,0,10000,guided,0,0,2,0.033230,yes,NA,NA,NA,NA,NA,NA,NA,NA
40,10,sqrt,10,10000,static,0,50,2,0.039871,yes,NA,NA,NA,NA,NA,NA,NA,NA
4,10,statespace,0,5000,static,1,0,2,0.002034,yes,NA,NA,NA,NA,NA,NA,NA,NA
8,50,sqrt,1000,10000,dynamic,10,50,2,0.469910,no,NA,NA,NA,NA,NA,NA,NA,NA
8,100,hogwild,0,5000,guided,10,50,2,1.317434,no,NA,NA,NA,NA,NA,NA,NA,NA
8,50,sqrt,0,5000,dynamic,10,50,2,0.860562,no,NA,NA,NA,NA,NA,NA,NA,NA
40,10,statespace,0,10000,static,1,50,2,0.010154,yes,NA,NA,NA,NA,NA,NA,NA,NA
8,10,sqrt,1000,5000,guided,0,50,2,0.002464,yes,NA,NA,NA,NA,NA,NA,NA,NA
2,10,statespace,0,5000,guided,10,50,2,0.005802,yes,NA,NA,NA,NA,NA,NA,NA,NA
8,100,hogwild,0,5000,static,0,50,2,1.359170,no,NA,NA,NA,NA,NA,NA,NA,NA
8,100,hogwild,0,5000,guided,0,50,2,1.331978,no,NA,NA,NA,NA,NA,NA,NA,NA
16,50,sqrt,10,5000,guided,0,0,2,0.069354,no,NA,NA,NA,NA,NA,NA,NA,NA
20,10,statespace,0,10000,static,10,0,2,0.005485,yes,NA,NA,NA,NA,NA,NA,NA,NA
16,50,sqrt,1000,10000,dynamic,1,0,2,0.021061,no,NA,NA,NA,NA,NA,NA,NA,NA
40,100,statespace,0,10000,guided,0,0,2,0.056681,no,NA,NA,NA,NA,NA,NA,NA,NA
1,50,sqrt,0,5000,static,0,50,2,1.128420,yes,NA,NA,NA,NA,NA,NA,NA,NA
1,10,sqrt,0,5000,static,0,0,2,0.006566,yes,NA,NA,NA,NA,NA,NA,NA,NA
1,100,sqrt,0,5000,static,0,50,2,8.678827,no,NA,NA,NA,NA,NA,NA,NA,NA
1,100,sqrt,0,10000,static,0,0,2,0.252760,yes,NA,NA,NA,NA,NA,NA,NA,NA
1,50,sqrt,0,5000,static,0,0,2,0.057436,yes,NA,NA,NA,NA,NA,NA,NA,NA
1,100,sqrt,0,10000,static,0,50,2,17.394515,no,NA,NA,NA,NA,NA,NA,NA,NA
1,50,sqrt,0,10000,static,0,0,2,0.092073,yes,NA,NA,NA,NA,NA,NA,NA,NA
1,10,sqrt,0,10000,static,0,50,2,0.042769,no,NA,NA,NA,NA,NA,NA,NA,NA
1,50,sqrt,0,10000,static,0,50,2,1.775005,yes,NA,NA,NA,NA,NA,NA,NA,NA
1,100,sqrt,0,5000,static,0,0,2,0.174253,no,NA,NA,NA,NA,NA,NA,NA,NA
1,10,sqrt,0,5000,static,0,50,2,0.021587,no,NA,NA,NA,NA,NA,NA,NA,NA
1,10,sqrt,0,10000,static,0,0,2,0.013291,yes,NA,NA,NA,NA,NA,NA,NA,NA
