12 [140628609431424] INFO perfrun.launcher <> - Launcher main begin
14 [140628609431424] INFO perfrun.launcher <> - MessageCatalogInit finished
14 [140628609431424] INFO perfrun.launcher <> - Launcher instance created
14 [140628609431424] INFO perfrun.launcher <> - argc = 7; cmdline = /home/intel/oneapi/vtune/2021.1.1/bin64/amplxe-runss --ui-output-format xml --ui-output-fd 5 --option-file /home/users/emlazuta/parallel-qlearning/results_batch_vtune_100x100/run_par_sstatic_msqrt_t20_obs25pct/config/runsa.options 
25 [140628609431424] INFO perfrun.launcher <> - plugin remoteplug has been added successfully
25 [140628609431424] INFO perfrun.launcher <> - plugin system has been added successfully
25 [140628609431424] INFO perfrun.launcher <> - plugin vdso has been added successfully
25 [140628609431424] INFO perfrun.launcher <> - plugin itt has been added successfully
25 [140628609431424] INFO perfrun.launcher <> - plugin ptracecollector has been added successfully
25 [140628609431424] INFO perfrun.launcher <> - plugin gpu has been added successfully
25 [140628609431424] INFO perfrun.launcher <> - plugin  has been added successfully
25 [140628609431424] INFO perfrun.launcher <> - plugin  has been added successfully
25 [140628609431424] INFO perfrun.launcher <> - plugin  has been added successfully
25 [140628609431424] INFO perfrun.launcher <> - plugin mrte has been added successfully
26 [140628609431424] INFO perfrun.launcher <> - plugin emon has been added successfully
26 [140628609431424] INFO perfrun.launcher <> - plugin cuscol has been added successfully
26 [140628609431424] INFO perfrun.launcher <> - plugin stdsrc has been added successfully
26 [140628609431424] INFO perfrun.launcher <> - plugin sep has been added successfully
26 [140628609431424] INFO perfrun.launcher <> - plugin vtsspp has been added successfully
26 [140628609431424] INFO perfrun.sdk <> - Reading value (-1) from file: /proc/sys/kernel/perf_event_paranoid
26 [140628609431424] INFO perfrun.perfcollector <> - checking access to: /home/intel/oneapi/vtune/2021.1.1/bin64/amplxe-perf-priv
30 [140628609431424] INFO perfrun.perfcollector <> - cpu: family = 6 model = 63
30 [140628609431424] INFO perfrun.perfcollector <> - dir found : /sys/bus/event_source/devices/software
30 [140628609431424] WARN perfrun.perfcollector <> - format subdir doesn't exist, at file: vcs/perfrun1/plugins/perfcollector/src/controller.cpp:725
30 [140628609431424] WARN perfrun.perfcollector <> - pmu hwInfo is not set, at file: vcs/perfrun1/plugins/perfcollector/src/controller.cpp:819
30 [140628609431424] INFO perfrun.perfcollector <> - pmu added : family : software , id : 0
30 [140628609431424] INFO perfrun.perfcollector <> - dir found : /sys/bus/event_source/devices/uncore_imc_5
30 [140628609431424] INFO perfrun.perfcollector <> - format: event config:0-7 mask:0-7
30 [140628609431424] INFO perfrun.perfcollector <> - format: edge config:18 mask:18
30 [140628609431424] INFO perfrun.perfcollector <> - format: inv config:23 mask:23
30 [140628609431424] INFO perfrun.perfcollector <> - format: umask config:8-15 mask:8-15
30 [140628609431424] INFO perfrun.perfcollector <> - format: thresh config:24-31 mask:24-31
30 [140628609431424] INFO perfrun.perfcollector <> - hwInfo : PERF_IMC_PMU_DETAILS
30 [140628609431424] INFO perfrun.perfcollector <> - pmu added : family : uncore_imc , id : 5
30 [140628609431424] INFO perfrun.perfcollector <> - dir found : /sys/bus/event_source/devices/uncore_sbox_2
30 [140628609431424] INFO perfrun.perfcollector <> - format: event config:0-7 mask:0-7
30 [140628609431424] INFO perfrun.perfcollector <> - format: edge config:18 mask:18
30 [140628609431424] INFO perfrun.perfcollector <> - format: inv config:23 mask:23
30 [140628609431424] INFO perfrun.perfcollector <> - format: umask config:8-15 mask:8-15
30 [140628609431424] INFO perfrun.perfcollector <> - format: tid_en config:19 mask:19
30 [140628609431424] INFO perfrun.perfcollector <> - format: thresh config:24-31 mask:24-31
30 [140628609431424] WARN perfrun.perfcollector <> - pmu hwInfo is not set, at file: vcs/perfrun1/plugins/perfcollector/src/controller.cpp:819
30 [140628609431424] INFO perfrun.perfcollector <> - pmu added : family : uncore_sbox , id : 2
30 [140628609431424] INFO perfrun.perfcollector <> - dir found : /sys/bus/event_source/devices/uncore_cbox_8
30 [140628609431424] INFO perfrun.perfcollector <> - format: event config:0-7 mask:0-7
30 [140628609431424] INFO perfrun.perfcollector <> - format: filter_link config1:6-8 mask:6-8
30 [140628609431424] INFO perfrun.perfcollector <> - format: filter_c6 config1:61 mask:61
30 [140628609431424] INFO perfrun.perfcollector <> - format: edge config:18 mask:18
30 [140628609431424] INFO perfrun.perfcollector <> - format: filter_isoc config1:63 mask:63
30 [140628609431424] INFO perfrun.perfcollector <> - format: filter_tid config1:0-5 mask:0-5
30 [140628609431424] INFO perfrun.perfcollector <> - format: filter_nid config1:32-47 mask:32-47
30 [140628609431424] INFO perfrun.perfcollector <> - format: filter_nc config1:62 mask:62
30 [140628609431424] INFO perfrun.perfcollector <> - format: umask config:8-15 mask:8-15
30 [140628609431424] INFO perfrun.perfcollector <> - format: tid_en config:19 mask:19
30 [140628609431424] INFO perfrun.perfcollector <> - format: thresh config:24-31 mask:24-31
30 [140628609431424] INFO perfrun.perfcollector <> - format: filter_state config1:17-23 mask:17-23
31 [140628609431424] INFO perfrun.perfcollector <> - format: filter_opc config1:52-60 mask:52-60
31 [140628609431424] WARN perfrun.perfcollector <> - pmu hwInfo is not set, at file: vcs/perfrun1/plugins/perfcollector/src/controller.cpp:819
31 [140628609431424] INFO perfrun.perfcollector <> - pmu added : family : uncore_cbox , id : 8
31 [140628609431424] INFO perfrun.perfcollector <> - dir found : /sys/bus/event_source/devices/uncore_r2pcie
31 [140628609431424] INFO perfrun.perfcollector <> - format: event config:0-7 mask:0-7
31 [140628609431424] INFO perfrun.perfcollector <> - format: edge config:18 mask:18
31 [140628609431424] INFO perfrun.perfcollector <> - format: inv config:23 mask:23
31 [140628609431424] INFO perfrun.perfcollector <> - format: umask config:8-15 mask:8-15
31 [140628609431424] INFO perfrun.perfcollector <> - format: thresh config:24-31 mask:24-31
31 [140628609431424] WARN perfrun.perfcollector <> - pmu hwInfo is not set, at file: vcs/perfrun1/plugins/perfcollector/src/controller.cpp:819
31 [140628609431424] INFO perfrun.perfcollector <> - pmu added : family : uncore_r2pcie , id : 0
31 [140628609431424] INFO perfrun.perfcollector <> - dir found : /sys/bus/event_source/devices/uncore_sbox_0
31 [140628609431424] INFO perfrun.perfcollector <> - format: event config:0-7 mask:0-7
31 [140628609431424] INFO perfrun.perfcollector <> - format: edge config:18 mask:18
31 [140628609431424] INFO perfrun.perfcollector <> - format: inv config:23 mask:23
31 [140628609431424] INFO perfrun.perfcollector <> - format: umask config:8-15 mask:8-15
31 [140628609431424] INFO perfrun.perfcollector <> - format: tid_en config:19 mask:19
31 [140628609431424] INFO perfrun.perfcollector <> - format: thresh config:24-31 mask:24-31
31 [140628609431424] WARN perfrun.perfcollector <> - pmu hwInfo is not set, at file: vcs/perfrun1/plugins/perfcollector/src/controller.cpp:819
31 [140628609431424] INFO perfrun.perfcollector <> - pmu added : family : uncore_sbox , id : 0
31 [140628609431424] INFO perfrun.perfcollector <> - dir found : /sys/bus/event_source/devices/uncore_cbox_6
31 [140628609431424] INFO perfrun.perfcollector <> - format: event config:0-7 mask:0-7
31 [140628609431424] INFO perfrun.perfcollector <> - format: filter_link config1:6-8 mask:6-8
31 [140628609431424] INFO perfrun.perfcollector <> - format: filter_c6 config1:61 mask:61
31 [140628609431424] INFO perfrun.perfcollector <> - format: edge config:18 mask:18
31 [140628609431424] INFO perfrun.perfcollector <> - format: filter_isoc config1:63 mask:63
31 [140628609431424] INFO perfrun.perfcollector <> - format: filter_tid config1:0-5 mask:0-5
31 [140628609431424] INFO perfrun.perfcollector <> - format: filter_nid config1:32-47 mask:32-47
31 [140628609431424] INFO perfrun.perfcollector <> - format: filter_nc config1:62 mask:62
31 [140628609431424] INFO perfrun.perfcollector <> - format: umask config:8-15 mask:8-15
31 [140628609431424] INFO perfrun.perfcollector <> - format: tid_en config:19 mask:19
31 [140628609431424] INFO perfrun.perfcollector <> - format: thresh config:24-31 mask:24-31
31 [140628609431424] INFO perfrun.perfcollector <> - format: filter_state config1:17-23 mask:17-23
31 [140628609431424] INFO perfrun.perfcollector <> - format: filter_opc config1:52-60 mask:52-60
31 [140628609431424] WARN perfrun.perfcollector <> - pmu hwInfo is not set, at file: vcs/perfrun1/plugins/perfcollector/src/controller.cpp:819
31 [140628609431424] INFO perfrun.perfcollector <> - pmu added : family : uncore_cbox , id : 6
31 [140628609431424] INFO perfrun.perfcollector <> - dir found : /sys/bus/event_source/devices/uncore_imc_1
31 [140628609431424] INFO perfrun.perfcollector <> - format: event config:0-7 mask:0-7
31 [140628609431424] INFO perfrun.perfcollector <> - format: edge config:18 mask:18
31 [140628609431424] INFO perfrun.perfcollector <> - format: inv config:23 mask:23
32 [140628609431424] INFO perfrun.perfcollector <> - format: umask config:8-15 mask:8-15
32 [140628609431424] INFO perfrun.perfcollector <> - format: thresh config:24-31 mask:24-31
32 [140628609431424] INFO perfrun.perfcollector <> - hwInfo : PERF_IMC_PMU_DETAILS
32 [140628609431424] INFO perfrun.perfcollector <> - pmu added : family : uncore_imc , id : 1
32 [140628609431424] INFO perfrun.perfcollector <> - dir found : /sys/bus/event_source/devices/power
32 [140628609431424] INFO perfrun.perfcollector <> - format: event config:0-7 mask:0-7
32 [140628609431424] WARN perfrun.perfcollector <> - pmu hwInfo is not set, at file: vcs/perfrun1/plugins/perfcollector/src/controller.cpp:819
32 [140628609431424] INFO perfrun.perfcollector <> - pmu added : family : power , id : 0
32 [140628609431424] INFO perfrun.perfcollector <> - dir found : /sys/bus/event_source/devices/uncore_cbox_4
32 [140628609431424] INFO perfrun.perfcollector <> - format: event config:0-7 mask:0-7
32 [140628609431424] INFO perfrun.perfcollector <> - format: filter_link config1:6-8 mask:6-8
32 [140628609431424] INFO perfrun.perfcollector <> - format: filter_c6 config1:61 mask:61
32 [140628609431424] INFO perfrun.perfcollector <> - format: edge config:18 mask:18
32 [140628609431424] INFO perfrun.perfcollector <> - format: filter_isoc config1:63 mask:63
32 [140628609431424] INFO perfrun.perfcollector <> - format: filter_tid config1:0-5 mask:0-5
32 [140628609431424] INFO perfrun.perfcollector <> - format: filter_nid config1:32-47 mask:32-47
32 [140628609431424] INFO perfrun.perfcollector <> - format: filter_nc config1:62 mask:62
32 [140628609431424] INFO perfrun.perfcollector <> - format: umask config:8-15 mask:8-15
32 [140628609431424] INFO perfrun.perfcollector <> - format: tid_en config:19 mask:19
32 [140628609431424] INFO perfrun.perfcollector <> - format: thresh config:24-31 mask:24-31
32 [140628609431424] INFO perfrun.perfcollector <> - format: filter_state config1:17-23 mask:17-23
32 [140628609431424] INFO perfrun.perfcollector <> - format: filter_opc config1:52-60 mask:52-60
32 [140628609431424] WARN perfrun.perfcollector <> - pmu hwInfo is not set, at file: vcs/perfrun1/plugins/perfcollector/src/controller.cpp:819
32 [140628609431424] INFO perfrun.perfcollector <> - pmu added : family : uncore_cbox , id : 4
32 [140628609431424] INFO perfrun.perfcollector <> - dir found : /sys/bus/event_source/devices/uprobe
32 [140628609431424] INFO perfrun.perfcollector <> - format: ref_ctr_offset config:32-63 mask:32-63
32 [140628609431424] INFO perfrun.perfcollector <> - format: retprobe config:0 mask:0
32 [140628609431424] WARN perfrun.perfcollector <> - pmu hwInfo is not set, at file: vcs/perfrun1/plugins/perfcollector/src/controller.cpp:819
32 [140628609431424] INFO perfrun.perfcollector <> - pmu added : family : uprobe , id : 0
32 [140628609431424] INFO perfrun.perfcollector <> - dir found : /sys/bus/event_source/devices/cpu
32 [140628609431424] INFO perfrun.perfcollector <> - format: event config:0-7 mask:0-7
32 [140628609431424] INFO perfrun.perfcollector <> - format: pc config:19 mask:19
32 [140628609431424] INFO perfrun.perfcollector <> - format: edge config:18 mask:18
32 [140628609431424] INFO perfrun.perfcollector <> - format: any config:21 mask:21
32 [140628609431424] INFO perfrun.perfcollector <> - format: offcore_rsp config1:0-63 mask:0-63
32 [140628609431424] INFO perfrun.perfcollector <> - format: ldlat config1:0-15 mask:0-15
32 [140628609431424] INFO perfrun.perfcollector <> - format: inv config:23 mask:23
32 [140628609431424] INFO perfrun.perfcollector <> - format: umask config:8-15 mask:8-15
32 [140628609431424] INFO perfrun.perfcollector <> - format: cmask config:24-31 mask:24-31
32 [140628609431424] INFO perfrun.perfcollector <> - hwInfo : PERF_CPU_PMU_DETAILS
32 [140628609431424] INFO perfrun.perfcollector <> - pmu added : family : cpu , id : 0
32 [140628609431424] INFO perfrun.perfcollector <> - dir found : /sys/bus/event_source/devices/uncore_r3qpi_0
32 [140628609431424] INFO perfrun.perfcollector <> - format: event config:0-7 mask:0-7
32 [140628609431424] INFO perfrun.perfcollector <> - format: edge config:18 mask:18
33 [140628609431424] INFO perfrun.perfcollector <> - format: inv config:23 mask:23
33 [140628609431424] INFO perfrun.perfcollector <> - format: umask config:8-15 mask:8-15
33 [140628609431424] INFO perfrun.perfcollector <> - format: thresh config:24-31 mask:24-31
33 [140628609431424] WARN perfrun.perfcollector <> - pmu hwInfo is not set, at file: vcs/perfrun1/plugins/perfcollector/src/controller.cpp:819
33 [140628609431424] INFO perfrun.perfcollector <> - pmu added : family : uncore_r3qpi , id : 0
33 [140628609431424] INFO perfrun.perfcollector <> - dir found : /sys/bus/event_source/devices/cstate_core
33 [140628609431424] INFO perfrun.perfcollector <> - format: event config:0-63 mask:0-63
33 [140628609431424] WARN perfrun.perfcollector <> - pmu hwInfo is not set, at file: vcs/perfrun1/plugins/perfcollector/src/controller.cpp:819
33 [140628609431424] INFO perfrun.perfcollector <> - pmu added : family : cstate_core , id : 0
33 [140628609431424] INFO perfrun.perfcollector <> - dir found : /sys/bus/event_source/devices/uncore_cbox_2
33 [140628609431424] INFO perfrun.perfcollector <> - format: event config:0-7 mask:0-7
33 [140628609431424] INFO perfrun.perfcollector <> - format: filter_link config1:6-8 mask:6-8
33 [140628609431424] INFO perfrun.perfcollector <> - format: filter_c6 config1:61 mask:61
33 [140628609431424] INFO perfrun.perfcollector <> - format: edge config:18 mask:18
33 [140628609431424] INFO perfrun.perfcollector <> - format: filter_isoc config1:63 mask:63
33 [140628609431424] INFO perfrun.perfcollector <> - format: filter_tid config1:0-5 mask:0-5
33 [140628609431424] INFO perfrun.perfcollector <> - format: filter_nid config1:32-47 mask:32-47
33 [140628609431424] INFO perfrun.perfcollector <> - format: filter_nc config1:62 mask:62
33 [140628609431424] INFO perfrun.perfcollector <> - format: umask config:8-15 mask:8-15
33 [140628609431424] INFO perfrun.perfcollector <> - format: tid_en config:19 mask:19
33 [140628609431424] INFO perfrun.perfcollector <> - format: thresh config:24-31 mask:24-31
33 [140628609431424] INFO perfrun.perfcollector <> - format: filter_state config1:17-23 mask:17-23
33 [140628609431424] INFO perfrun.perfcollector <> - format: filter_opc config1:52-60 mask:52-60
33 [140628609431424] WARN perfrun.perfcollector <> - pmu hwInfo is not set, at file: vcs/perfrun1/plugins/perfcollector/src/controller.cpp:819
33 [140628609431424] INFO perfrun.perfcollector <> - pmu added : family : uncore_cbox , id : 2
33 [140628609431424] INFO perfrun.perfcollector <> - dir found : /sys/bus/event_source/devices/breakpoint
33 [140628609431424] WARN perfrun.perfcollector <> - format subdir doesn't exist, at file: vcs/perfrun1/plugins/perfcollector/src/controller.cpp:725
33 [140628609431424] WARN perfrun.perfcollector <> - pmu hwInfo is not set, at file: vcs/perfrun1/plugins/perfcollector/src/controller.cpp:819
33 [140628609431424] INFO perfrun.perfcollector <> - pmu added : family : breakpoint , id : 0
33 [140628609431424] INFO perfrun.perfcollector <> - dir found : /sys/bus/event_source/devices/uncore_ha_0
33 [140628609431424] INFO perfrun.perfcollector <> - format: event config:0-7 mask:0-7
33 [140628609431424] INFO perfrun.perfcollector <> - format: edge config:18 mask:18
33 [140628609431424] INFO perfrun.perfcollector <> - format: inv config:23 mask:23
33 [140628609431424] INFO perfrun.perfcollector <> - format: umask config:8-15 mask:8-15
33 [140628609431424] INFO perfrun.perfcollector <> - format: thresh config:24-31 mask:24-31
33 [140628609431424] WARN perfrun.perfcollector <> - pmu hwInfo is not set, at file: vcs/perfrun1/plugins/perfcollector/src/controller.cpp:819
33 [140628609431424] INFO perfrun.perfcollector <> - pmu added : family : uncore_ha , id : 0
33 [140628609431424] INFO perfrun.perfcollector <> - dir found : /sys/bus/event_source/devices/uncore_cbox_0
33 [140628609431424] INFO perfrun.perfcollector <> - format: event config:0-7 mask:0-7
33 [140628609431424] INFO perfrun.perfcollector <> - format: filter_link config1:6-8 mask:6-8
33 [140628609431424] INFO perfrun.perfcollector <> - format: filter_c6 config1:61 mask:61
33 [140628609431424] INFO perfrun.perfcollector <> - format: edge config:18 mask:18
33 [140628609431424] INFO perfrun.perfcollector <> - format: filter_isoc config1:63 mask:63
33 [140628609431424] INFO perfrun.perfcollector <> - format: filter_tid config1:0-5 mask:0-5
33 [140628609431424] INFO perfrun.perfcollector <> - format: filter_nid config1:32-47 mask:32-47
34 [140628609431424] INFO perfrun.perfcollector <> - format: filter_nc config1:62 mask:62
34 [140628609431424] INFO perfrun.perfcollector <> - format: umask config:8-15 mask:8-15
34 [140628609431424] INFO perfrun.perfcollector <> - format: tid_en config:19 mask:19
34 [140628609431424] INFO perfrun.perfcollector <> - format: thresh config:24-31 mask:24-31
34 [140628609431424] INFO perfrun.perfcollector <> - format: filter_state config1:17-23 mask:17-23
34 [140628609431424] INFO perfrun.perfcollector <> - format: filter_opc config1:52-60 mask:52-60
34 [140628609431424] WARN perfrun.perfcollector <> - pmu hwInfo is not set, at file: vcs/perfrun1/plugins/perfcollector/src/controller.cpp:819
34 [140628609431424] INFO perfrun.perfcollector <> - pmu added : family : uncore_cbox , id : 0
34 [140628609431424] INFO perfrun.perfcollector <> - dir found : /sys/bus/event_source/devices/tracepoint
34 [140628609431424] WARN perfrun.perfcollector <> - format subdir doesn't exist, at file: vcs/perfrun1/plugins/perfcollector/src/controller.cpp:725
34 [140628609431424] WARN perfrun.perfcollector <> - pmu hwInfo is not set, at file: vcs/perfrun1/plugins/perfcollector/src/controller.cpp:819
34 [140628609431424] INFO perfrun.perfcollector <> - pmu added : family : tracepoint , id : 0
34 [140628609431424] INFO perfrun.perfcollector <> - dir found : /sys/bus/event_source/devices/uncore_sbox_3
34 [140628609431424] INFO perfrun.perfcollector <> - format: event config:0-7 mask:0-7
34 [140628609431424] INFO perfrun.perfcollector <> - format: edge config:18 mask:18
34 [140628609431424] INFO perfrun.perfcollector <> - format: inv config:23 mask:23
34 [140628609431424] INFO perfrun.perfcollector <> - format: umask config:8-15 mask:8-15
34 [140628609431424] INFO perfrun.perfcollector <> - format: tid_en config:19 mask:19
34 [140628609431424] INFO perfrun.perfcollector <> - format: thresh config:24-31 mask:24-31
34 [140628609431424] WARN perfrun.perfcollector <> - pmu hwInfo is not set, at file: vcs/perfrun1/plugins/perfcollector/src/controller.cpp:819
34 [140628609431424] INFO perfrun.perfcollector <> - pmu added : family : uncore_sbox , id : 3
34 [140628609431424] INFO perfrun.perfcollector <> - dir found : /sys/bus/event_source/devices/uncore_cbox_9
34 [140628609431424] INFO perfrun.perfcollector <> - format: event config:0-7 mask:0-7
34 [140628609431424] INFO perfrun.perfcollector <> - format: filter_link config1:6-8 mask:6-8
34 [140628609431424] INFO perfrun.perfcollector <> - format: filter_c6 config1:61 mask:61
34 [140628609431424] INFO perfrun.perfcollector <> - format: edge config:18 mask:18
34 [140628609431424] INFO perfrun.perfcollector <> - format: filter_isoc config1:63 mask:63
34 [140628609431424] INFO perfrun.perfcollector <> - format: filter_tid config1:0-5 mask:0-5
34 [140628609431424] INFO perfrun.perfcollector <> - format: filter_nid config1:32-47 mask:32-47
34 [140628609431424] INFO perfrun.perfcollector <> - format: filter_nc config1:62 mask:62
34 [140628609431424] INFO perfrun.perfcollector <> - format: umask config:8-15 mask:8-15
34 [140628609431424] INFO perfrun.perfcollector <> - format: tid_en config:19 mask:19
34 [140628609431424] INFO perfrun.perfcollector <> - format: thresh config:24-31 mask:24-31
34 [140628609431424] INFO perfrun.perfcollector <> - format: filter_state config1:17-23 mask:17-23
34 [140628609431424] INFO perfrun.perfcollector <> - format: filter_opc config1:52-60 mask:52-60
34 [140628609431424] WARN perfrun.perfcollector <> - pmu hwInfo is not set, at file: vcs/perfrun1/plugins/perfcollector/src/controller.cpp:819
34 [140628609431424] INFO perfrun.perfcollector <> - pmu added : family : uncore_cbox , id : 9
34 [140628609431424] INFO perfrun.perfcollector <> - dir found : /sys/bus/event_source/devices/cstate_pkg
34 [140628609431424] INFO perfrun.perfcollector <> - format: event config:0-63 mask:0-63
34 [140628609431424] WARN perfrun.perfcollector <> - pmu hwInfo is not set, at file: vcs/perfrun1/plugins/perfcollector/src/controller.cpp:819
34 [140628609431424] INFO perfrun.perfcollector <> - pmu added : family : cstate_pkg , id : 0
34 [140628609431424] INFO perfrun.perfcollector <> - dir found : /sys/bus/event_source/devices/uncore_imc_4
34 [140628609431424] INFO perfrun.perfcollector <> - format: event config:0-7 mask:0-7
34 [140628609431424] INFO perfrun.perfcollector <> - format: edge config:18 mask:18
34 [140628609431424] INFO perfrun.perfcollector <> - format: inv config:23 mask:23
35 [140628609431424] INFO perfrun.perfcollector <> - format: umask config:8-15 mask:8-15
35 [140628609431424] INFO perfrun.perfcollector <> - format: thresh config:24-31 mask:24-31
35 [140628609431424] INFO perfrun.perfcollector <> - hwInfo : PERF_IMC_PMU_DETAILS
35 [140628609431424] INFO perfrun.perfcollector <> - pmu added : family : uncore_imc , id : 4
35 [140628609431424] INFO perfrun.perfcollector <> - dir found : /sys/bus/event_source/devices/uncore_ubox
35 [140628609431424] INFO perfrun.perfcollector <> - format: event config:0-7 mask:0-7
35 [140628609431424] INFO perfrun.perfcollector <> - format: edge config:18 mask:18
35 [140628609431424] INFO perfrun.perfcollector <> - format: filter_tid config1:0 mask:0
35 [140628609431424] INFO perfrun.perfcollector <> - format: inv config:23 mask:23
35 [140628609431424] INFO perfrun.perfcollector <> - format: umask config:8-15 mask:8-15
35 [140628609431424] INFO perfrun.perfcollector <> - format: thresh config:24-28 mask:24-28
35 [140628609431424] INFO perfrun.perfcollector <> - format: filter_cid config1:5 mask:5
35 [140628609431424] WARN perfrun.perfcollector <> - pmu hwInfo is not set, at file: vcs/perfrun1/plugins/perfcollector/src/controller.cpp:819
35 [140628609431424] INFO perfrun.perfcollector <> - pmu added : family : uncore_ubox , id : 0
35 [140628609431424] INFO perfrun.perfcollector <> - dir found : /sys/bus/event_source/devices/uncore_sbox_1
35 [140628609431424] INFO perfrun.perfcollector <> - format: event config:0-7 mask:0-7
35 [140628609431424] INFO perfrun.perfcollector <> - format: edge config:18 mask:18
35 [140628609431424] INFO perfrun.perfcollector <> - format: inv config:23 mask:23
35 [140628609431424] INFO perfrun.perfcollector <> - format: umask config:8-15 mask:8-15
35 [140628609431424] INFO perfrun.perfcollector <> - format: tid_en config:19 mask:19
35 [140628609431424] INFO perfrun.perfcollector <> - format: thresh config:24-31 mask:24-31
35 [140628609431424] WARN perfrun.perfcollector <> - pmu hwInfo is not set, at file: vcs/perfrun1/plugins/perfcollector/src/controller.cpp:819
35 [140628609431424] INFO perfrun.perfcollector <> - pmu added : family : uncore_sbox , id : 1
35 [140628609431424] INFO perfrun.perfcollector <> - dir found : /sys/bus/event_source/devices/uncore_cbox_7
35 [140628609431424] INFO perfrun.perfcollector <> - format: event config:0-7 mask:0-7
35 [140628609431424] INFO perfrun.perfcollector <> - format: filter_link config1:6-8 mask:6-8
35 [140628609431424] INFO perfrun.perfcollector <> - format: filter_c6 config1:61 mask:61
35 [140628609431424] INFO perfrun.perfcollector <> - format: edge config:18 mask:18
35 [140628609431424] INFO perfrun.perfcollector <> - format: filter_isoc config1:63 mask:63
35 [140628609431424] INFO perfrun.perfcollector <> - format: filter_tid config1:0-5 mask:0-5
35 [140628609431424] INFO perfrun.perfcollector <> - format: filter_nid config1:32-47 mask:32-47
35 [140628609431424] INFO perfrun.perfcollector <> - format: filter_nc config1:62 mask:62
35 [140628609431424] INFO perfrun.perfcollector <> - format: umask config:8-15 mask:8-15
35 [140628609431424] INFO perfrun.perfcollector <> - format: tid_en config:19 mask:19
35 [140628609431424] INFO perfrun.perfcollector <> - format: thresh config:24-31 mask:24-31
35 [140628609431424] INFO perfrun.perfcollector <> - format: filter_state config1:17-23 mask:17-23
35 [140628609431424] INFO perfrun.perfcollector <> - format: filter_opc config1:52-60 mask:52-60
35 [140628609431424] WARN perfrun.perfcollector <> - pmu hwInfo is not set, at file: vcs/perfrun1/plugins/perfcollector/src/controller.cpp:819
35 [140628609431424] INFO perfrun.perfcollector <> - pmu added : family : uncore_cbox , id : 7
35 [140628609431424] INFO perfrun.perfcollector <> - dir found : /sys/bus/event_source/devices/kprobe
35 [140628609431424] INFO perfrun.perfcollector <> - format: retprobe config:0 mask:0
35 [140628609431424] WARN perfrun.perfcollector <> - pmu hwInfo is not set, at file: vcs/perfrun1/plugins/perfcollector/src/controller.cpp:819
35 [140628609431424] INFO perfrun.perfcollector <> - pmu added : family : kprobe , id : 0
35 [140628609431424] INFO perfrun.perfcollector <> - dir found : /sys/bus/event_source/devices/uncore_cbox_5
35 [140628609431424] INFO perfrun.perfcollector <> - format: event config:0-7 mask:0-7
36 [140628609431424] INFO perfrun.perfcollector <> - format: filter_link config1:6-8 mask:6-8
36 [140628609431424] INFO perfrun.perfcollector <> - format: filter_c6 config1:61 mask:61
36 [140628609431424] INFO perfrun.perfcollector <> - format: edge config:18 mask:18
36 [140628609431424] INFO perfrun.perfcollector <> - format: filter_isoc config1:63 mask:63
36 [140628609431424] INFO perfrun.perfcollector <> - format: filter_tid config1:0-5 mask:0-5
36 [140628609431424] INFO perfrun.perfcollector <> - format: filter_nid config1:32-47 mask:32-47
36 [140628609431424] INFO perfrun.perfcollector <> - format: filter_nc config1:62 mask:62
36 [140628609431424] INFO perfrun.perfcollector <> - format: umask config:8-15 mask:8-15
36 [140628609431424] INFO perfrun.perfcollector <> - format: tid_en config:19 mask:19
36 [140628609431424] INFO perfrun.perfcollector <> - format: thresh config:24-31 mask:24-31
36 [140628609431424] INFO perfrun.perfcollector <> - format: filter_state config1:17-23 mask:17-23
36 [140628609431424] INFO perfrun.perfcollector <> - format: filter_opc config1:52-60 mask:52-60
36 [140628609431424] WARN perfrun.perfcollector <> - pmu hwInfo is not set, at file: vcs/perfrun1/plugins/perfcollector/src/controller.cpp:819
36 [140628609431424] INFO perfrun.perfcollector <> - pmu added : family : uncore_cbox , id : 5
36 [140628609431424] INFO perfrun.perfcollector <> - dir found : /sys/bus/event_source/devices/uncore_imc_0
36 [140628609431424] INFO perfrun.perfcollector <> - format: event config:0-7 mask:0-7
36 [140628609431424] INFO perfrun.perfcollector <> - format: edge config:18 mask:18
36 [140628609431424] INFO perfrun.perfcollector <> - format: inv config:23 mask:23
36 [140628609431424] INFO perfrun.perfcollector <> - format: umask config:8-15 mask:8-15
36 [140628609431424] INFO perfrun.perfcollector <> - format: thresh config:24-31 mask:24-31
36 [140628609431424] INFO perfrun.perfcollector <> - hwInfo : PERF_IMC_PMU_DETAILS
36 [140628609431424] INFO perfrun.perfcollector <> - pmu added : family : uncore_imc , id : 0
36 [140628609431424] INFO perfrun.perfcollector <> - dir found : /sys/bus/event_source/devices/uncore_pcu
36 [140628609431424] INFO perfrun.perfcollector <> - format: filter_band2 config1:16-23 mask:16-23
36 [140628609431424] INFO perfrun.perfcollector <> - format: event config:0-7 mask:0-7
36 [140628609431424] INFO perfrun.perfcollector <> - format: filter_band0 config1:0-7 mask:0-7
36 [140628609431424] INFO perfrun.perfcollector <> - format: edge config:18 mask:18
36 [140628609431424] INFO perfrun.perfcollector <> - format: occ_invert config:30 mask:30
36 [140628609431424] INFO perfrun.perfcollector <> - format: occ_edge config:14-51 mask:14-51
36 [140628609431424] INFO perfrun.perfcollector <> - format: filter_band3 config1:24-31 mask:24-31
36 [140628609431424] INFO perfrun.perfcollector <> - format: filter_band1 config1:8-15 mask:8-15
36 [140628609431424] INFO perfrun.perfcollector <> - format: inv config:23 mask:23
36 [140628609431424] INFO perfrun.perfcollector <> - format: thresh config:24-28 mask:24-28
36 [140628609431424] INFO perfrun.perfcollector <> - format: occ_sel config:14-15 mask:14-15
36 [140628609431424] WARN perfrun.perfcollector <> - pmu hwInfo is not set, at file: vcs/perfrun1/plugins/perfcollector/src/controller.cpp:819
36 [140628609431424] INFO perfrun.perfcollector <> - pmu added : family : uncore_pcu , id : 0
36 [140628609431424] INFO perfrun.perfcollector <> - dir found : /sys/bus/event_source/devices/uncore_r3qpi_1
36 [140628609431424] INFO perfrun.perfcollector <> - format: event config:0-7 mask:0-7
36 [140628609431424] INFO perfrun.perfcollector <> - format: edge config:18 mask:18
36 [140628609431424] INFO perfrun.perfcollector <> - format: inv config:23 mask:23
36 [140628609431424] INFO perfrun.perfcollector <> - format: umask config:8-15 mask:8-15
36 [140628609431424] INFO perfrun.perfcollector <> - format: thresh config:24-31 mask:24-31
36 [140628609431424] WARN perfrun.perfcollector <> - pmu hwInfo is not set, at file: vcs/perfrun1/plugins/perfcollector/src/controller.cpp:819
37 [140628609431424] INFO perfrun.perfcollector <> - pmu added : family : uncore_r3qpi , id : 1
37 [140628609431424] INFO perfrun.perfcollector <> - dir found : /sys/bus/event_source/devices/msr
37 [140628609431424] INFO perfrun.perfcollector <> - format: event config:0-63 mask:0-63
37 [140628609431424] WARN perfrun.perfcollector <> - pmu hwInfo is not set, at file: vcs/perfrun1/plugins/perfcollector/src/controller.cpp:819
37 [140628609431424] INFO perfrun.perfcollector <> - pmu added : family : msr , id : 0
37 [140628609431424] INFO perfrun.perfcollector <> - dir found : /sys/bus/event_source/devices/uncore_cbox_3
37 [140628609431424] INFO perfrun.perfcollector <> - format: event config:0-7 mask:0-7
37 [140628609431424] INFO perfrun.perfcollector <> - format: filter_link config1:6-8 mask:6-8
37 [140628609431424] INFO perfrun.perfcollector <> - format: filter_c6 config1:61 mask:61
37 [140628609431424] INFO perfrun.perfcollector <> - format: edge config:18 mask:18
37 [140628609431424] INFO perfrun.perfcollector <> - format: filter_isoc config1:63 mask:63
37 [140628609431424] INFO perfrun.perfcollector <> - format: filter_tid config1:0-5 mask:0-5
37 [140628609431424] INFO perfrun.perfcollector <> - format: filter_nid config1:32-47 mask:32-47
37 [140628609431424] INFO perfrun.perfcollector <> - format: filter_nc config1:62 mask:62
37 [140628609431424] INFO perfrun.perfcollector <> - format: umask config:8-15 mask:8-15
37 [140628609431424] INFO perfrun.perfcollector <> - format: tid_en config:19 mask:19
37 [140628609431424] INFO perfrun.perfcollector <> - format: thresh config:24-31 mask:24-31
37 [140628609431424] INFO perfrun.perfcollector <> - format: filter_state config1:17-23 mask:17-23
37 [140628609431424] INFO perfrun.perfcollector <> - format: filter_opc config1:52-60 mask:52-60
37 [140628609431424] WARN perfrun.perfcollector <> - pmu hwInfo is not set, at file: vcs/perfrun1/plugins/perfcollector/src/controller.cpp:819
37 [140628609431424] INFO perfrun.perfcollector <> - pmu added : family : uncore_cbox , id : 3
37 [140628609431424] INFO perfrun.perfcollector <> - dir found : /sys/bus/event_source/devices/uncore_ha_1
37 [140628609431424] INFO perfrun.perfcollector <> - format: event config:0-7 mask:0-7
37 [140628609431424] INFO perfrun.perfcollector <> - format: edge config:18 mask:18
37 [140628609431424] INFO perfrun.perfcollector <> - format: inv config:23 mask:23
37 [140628609431424] INFO perfrun.perfcollector <> - format: umask config:8-15 mask:8-15
37 [140628609431424] INFO perfrun.perfcollector <> - format: thresh config:24-31 mask:24-31
37 [140628609431424] WARN perfrun.perfcollector <> - pmu hwInfo is not set, at file: vcs/perfrun1/plugins/perfcollector/src/controller.cpp:819
37 [140628609431424] INFO perfrun.perfcollector <> - pmu added : family : uncore_ha , id : 1
37 [140628609431424] INFO perfrun.perfcollector <> - dir found : /sys/bus/event_source/devices/uncore_cbox_1
37 [140628609431424] INFO perfrun.perfcollector <> - format: event config:0-7 mask:0-7
37 [140628609431424] INFO perfrun.perfcollector <> - format: filter_link config1:6-8 mask:6-8
37 [140628609431424] INFO perfrun.perfcollector <> - format: filter_c6 config1:61 mask:61
37 [140628609431424] INFO perfrun.perfcollector <> - format: edge config:18 mask:18
37 [140628609431424] INFO perfrun.perfcollector <> - format: filter_isoc config1:63 mask:63
37 [140628609431424] INFO perfrun.perfcollector <> - format: filter_tid config1:0-5 mask:0-5
37 [140628609431424] INFO perfrun.perfcollector <> - format: filter_nid config1:32-47 mask:32-47
37 [140628609431424] INFO perfrun.perfcollector <> - format: filter_nc config1:62 mask:62
37 [140628609431424] INFO perfrun.perfcollector <> - format: umask config:8-15 mask:8-15
37 [140628609431424] INFO perfrun.perfcollector <> - format: tid_en config:19 mask:19
37 [140628609431424] INFO perfrun.perfcollector <> - format: thresh config:24-31 mask:24-31
37 [140628609431424] INFO perfrun.perfcollector <> - format: filter_state config1:17-23 mask:17-23
37 [140628609431424] INFO perfrun.perfcollector <> - format: filter_opc config1:52-60 mask:52-60
37 [140628609431424] WARN perfrun.perfcollector <> - pmu hwInfo is not set, at file: vcs/perfrun1/plugins/perfcollector/src/controller.cpp:819
37 [140628609431424] INFO perfrun.perfcollector <> - pmu added : family : uncore_cbox , id : 1
38 [140628609431424] INFO perfrun.launcher <> - plugin perf has been added successfully
38 [140628609431424] INFO perfrun.launcher <> - plugin aoclprofile has been added successfully
38 [140628609431424] INFO perfrun.launcher <> - plugin tpss has been added successfully
38 [140628609431424] INFO perfrun.launcher <> - plugin exprof has been added successfully
38 [140628609431424] INFO perfrun.launcher <> - plugin media has been added successfully
38 [140628609431424] INFO perfrun.launcher <> - plugin ice has been added successfully
38 [140628609431424] INFO perfrun.launcher <> - plugin  has been added successfully
38 [140628609431424] INFO perfrun.launcher <> - plugin  has been added successfully
38 [140628609431424] INFO perfrun.launcher <> - plugin parallelfs has been added successfully
38 [140628609431424] INFO perfrun.launcher <> - plugin power has been added successfully
38 [140628609431424] INFO perfrun.launcher <> - plugin hwloc has been added successfully
38 [140628609431424] INFO perfrun.launcher <> - plugin ipmwatch has been added successfully
38 [140628609431424] INFO perfrun.launcher <> - plugin os_counters has been added successfully
38 [140628609431424] INFO perfrun.launcher <> - the option was added --interval: Specify an interval of data collection (for example, sampling) in milliseconds.
38 [140628609431424] INFO perfrun.launcher <> - the option was added --follow-child: Profile process with or without children.
38 [140628609431424] INFO perfrun.launcher <> - the option was added --gelding: BADMSG: perfrun1.launcher.plugin_manager::gelding
38 [140628609431424] INFO perfrun.launcher <> - the option was added --time-source: Specify time source for measurement. Possible values: sys - wall clock time; tsc - time stamp counter; ext - time from an external source; auto - auto select accurate time source.
38 [140628609431424] INFO perfrun.launcher <> - the option was added --stack: Enable or disable collection of stacks.
38 [140628609431424] INFO perfrun.launcher <> - the option was added --stack-stitching: Enable or disable the stack stitching algorithm for Intel TBB-based applications.
38 [140628609431424] INFO perfrun.launcher <> - the option was added --type: Specify type of data to be collected. For example, --type cpu:counters,waiting:nostack,io.
38 [140628609431424] INFO perfrun.launcher <> - the option was added --mrte-mode: Specify Java/.NET/other managed runtime collection mode. Possible values: native - collect information only for native code; managed - collect information only for managed code; mixed - collect information for both managed and native code; auto - choose the mode based on binary type.
39 [140628609431424] INFO perfrun.launcher <> - the option was added --mrte-mode-list: List supported Java/.NET/other managed runtime collection modes.
39 [140628609431424] INFO perfrun.launcher <> - the option was added --mrte-type: Specify which managed runtimes to collect. Possible values: java - collect information for Java; dotnet - collect information for .NET; python - collect information for CPython. You can specify several values separated by comma.
39 [140628609431424] INFO perfrun.launcher <> - the option was added --mrte-type-list: List supported Java/.NET/other managed runtime types.
39 [140628609431424] INFO perfrun.launcher <> - the option was added --trace-strategy: Specify how to profile a process tree. <string> can be "<process>:trace:notrace" - profile the process but do not profile its children. Shorthand parameters: t - trace, nt - notrace. For example, "vtunedemo.exe:t:t".
39 [140628609431424] INFO perfrun.launcher <> - the option was added --collector: BADMSG: perfrun1.launcher.plugin_manager::collector
39 [140628609431424] INFO perfrun.launcher <> - the option was added --system-wide: Enable system-wide profiling. This mode may require additional permissions.
39 [140628609431424] INFO perfrun.launcher <> - the option was added --kvm-guest: Enable KVM guest OS profiling.
39 [140628609431424] INFO perfrun.launcher <> - the option was added --kvm-guest-kallsyms: Specify a local path to the /proc/kallsyms file copied from the guest OS for proper symbol resolution.
39 [140628609431424] INFO perfrun.launcher <> - the option was added --kvm-guest-modules: Specify a local path to the /proc/modules file copied from the guest OS for proper symbol resolution.
39 [140628609431424] INFO perfrun.launcher <> - the option was added --bandwidth-limits: Measure bandwidth limits
39 [140628609431424] INFO perfrun.launcher <> - the option was added --acrn-map-info: Collect map info for ACRN
39 [140628609431424] INFO perfrun.launcher <> - the option was added --bandwidth-strategy: Bandwidth limits determination specific properties (example: --bandwidth-strategy array-size=0,duration=500).
39 [140628609431424] INFO perfrun.launcher <> - the option was added --bandwidth-config: List of benchmarks to run.
39 [140628609431424] INFO perfrun.launcher <> - the option was added --target-gpu: target-gpu
39 [140628609431424] INFO perfrun.launcher <> - the option was added --dump-vdso: Dump [vdso] to result directory
39 [140628609431424] INFO perfrun.launcher <> - the option was added --system-collector-config: Specify subcollectors. Possible values: all, container, device-info, none. Specify subcollectors. Possible values: all, vdso.
39 [140628609431424] INFO perfrun.launcher <> - the option was added --itt-config: Specify a sub-set of ITT API to collect.
39 [140628609431424] INFO perfrun.launcher <> - the option was added --itt-debug: Set pseudo-breakpoint at ITT API collector's start to enable the debugger to attach early.
39 [140628609431424] INFO perfrun.launcher <> - the option was added --ptrace: Ptrace collector.
39 [140628609431424] INFO perfrun.launcher <> - the option was added --target-pid: BADMSG: perfrun1.ptracecollector::target-pid
39 [140628609431424] INFO perfrun.launcher <> - the option was added --ptrace-server-pid: BADMSG: perfrun1.ptracecollector::ptrace-server-pid
39 [140628609431424] INFO perfrun.launcher <> - the option was added --ptrace-trace: BADMSG: perfrun1.ptracecollector::ptrace-trace
39 [140628609431424] INFO perfrun.launcher <> - the option was added --ptrace-time-source: BADMSG: perfrun1.ptracecollector::ptrace-time-source
39 [140628609431424] INFO perfrun.launcher <> - the option was added --ptrace-start-type: BADMSG: perfrun1.ptracecollector::ptrace-start-type
39 [140628609431424] INFO perfrun.launcher <> - the option was added --gpu-config: Specify types of GPU data to be collected. Possible values: preset1, preset2.
39 [140628609431424] INFO perfrun.launcher <> - the option was added --gpu-debug: Enable self-testing of the GPGPU profiling collector.
39 [140628609431424] INFO perfrun.launcher <> - the option was added --gpu-counting: Collect GPU data in the counting mode.
39 [140628609431424] INFO perfrun.launcher <> - the option was added --emon-preset: Specify a preset for EMON collector. For available presets, run: emon -preset-list.
39 [140628609431424] INFO perfrun.launcher <> - the option was added --emon-csv-trace-format: Use CSV format for EMON trace file.
39 [140628609431424] INFO perfrun.launcher <> - the option was added --emon-machine-readable-ver: Write machine readable EMON version file.
39 [140628609431424] INFO perfrun.launcher <> - the option was added --custom-collector: Allows to provide arbitrary command line to be run on collection steps.
40 [140628609431424] INFO perfrun.launcher <> - the option was added --stdsrc-config: Specify Standard Sources category tag(s).
40 [140628609431424] INFO perfrun.launcher <> - the option was added --ftrace-config-list: List Linux Ftrace category tag(s).
40 [140628609431424] INFO perfrun.launcher <> - the option was added --ftrace-config: Specify Linux Ftrace category tag(s).
40 [140628609431424] INFO perfrun.launcher <> - the option was added --ftrace-function-groups: Enable tracing of specific groups of functions.
40 [140628609431424] INFO perfrun.launcher <> - the option was added --event-info: BADMSG: perfrun1.stdsrc::event-info
40 [140628609431424] INFO perfrun.launcher <> - the option was added --cpu-list: List supported CPUs.
40 [140628609431424] INFO perfrun.launcher <> - the option was added --target-list: List available targets for performing sampling collection.
40 [140628609431424] INFO perfrun.launcher <> - the option was added --event-value-list: Display event information.
40 [140628609431424] INFO perfrun.launcher <> - the option was added --platform-value-list: Display details of supported platforms.
40 [140628609431424] INFO perfrun.launcher <> - the option was added --uncore-event-list: List uncore events for which a sampling data collection can be performed on this platform.
40 [140628609431424] INFO perfrun.launcher <> - the option was added --modifier-list: Specify the event name <string> for which the modifiers list is requested.
40 [140628609431424] INFO perfrun.launcher <> - the option was added --pmu-list: List supported PMUs.
40 [140628609431424] INFO perfrun.launcher <> - the option was added --os-mode-only: Enable sampling data collection for OS-mode processes only.
40 [140628609431424] INFO perfrun.launcher <> - the option was added --user-mode-only: Enable sampling data collection for user-mode processes only.
40 [140628609431424] INFO perfrun.launcher <> - the option was added --event-config: Perform data collection for the events with <string> configured using the format <event name1>":modifier1=val:modifier2=val/constraint1={:modifier3=val:modifier4=val}...,"<event name2>":... Specify the events(s) to monitor and embed the event names within double quotes("). [:modifier=val] specifies individual event modifiers along with the respective values for a given platform. Note that the modifiers can be generic to an event as well as specific to a constraint (or an event qualifier). The constraint specific special modifiers appear after [/constraint=]. The modifiers can be in decimal or hexadecimal format. Only specific modifiers accept the value as a string. Each event specification is delimited by a comma (,). For a list of supported modifiers and constraints, refer to the documentation.
40 [140628609431424] INFO perfrun.launcher <> - the option was added --chipset-event-config: Perform data collection for the chipset events with <string> configured using the format "<event name1>"...,"<event name2>":... Specify the events(s) to monitor and embed the event names within double quotes(").
40 [140628609431424] INFO perfrun.launcher <> - the option was added --uncore-event-config: Perform uncore data collection in ebc count mode for the events with <string> configured using the format "<event name1>"...,"<event name2>":... Specify the events(s) to monitor and embed the event names within double quotes(").
40 [140628609431424] INFO perfrun.launcher <> - the option was added --count-emon: Enable counting mode and output the data in EMON format.
40 [140628609431424] INFO perfrun.launcher <> - the option was added --event-based-counts: Enable event-based counting mode. During sampling data collection, event counts data is collected for the list of events specified in -event-config option.
40 [140628609431424] INFO perfrun.launcher <> - the option was added --event-mux-tfactor: Specify the event multiplexing tfactor as <integer> to set the length of the interval between interrupts. The larger the tfactor value, the larger the period between interrupts. Currently this option is only available on Intel platforms codenamed Knights Corner.
40 [140628609431424] INFO perfrun.launcher <> - the option was added --full-pebs-capture: Capture full pebs information.
40 [140628609431424] INFO perfrun.launcher <> - the option was added --last-branch-records: Capture Last Branch Records information.
40 [140628609431424] INFO perfrun.launcher <> - the option was added --pmu-type: Specify the targeted PMU name as <string>.
40 [140628609431424] INFO perfrun.launcher <> - the option was added --platform-type: Specify the targeted platform number as <number>.
40 [140628609431424] INFO perfrun.launcher <> - the option was added --p-state-trigger: Specify the name of the trigger event for P-state data as <string>. The default trigger is CPU_CLK_UNHALTED.REF_TSC.
41 [140628609431424] INFO perfrun.launcher <> - the option was added --rdt-auto-rmid: Enable automatic Core pinning on RMIDs for RDT monitoring capabilities.
41 [140628609431424] INFO perfrun.launcher <> - the option was added --bts-count: Specify the <integer> number of BTS records collected after each sample or context switch (VTSS++ only).
41 [140628609431424] INFO perfrun.launcher <> - the option was added --cpu-mask: Specify which CPU(s) <string> to collect data on. For example, specify "2-8,10,12-14" to sample only CPUs 2 through 8, 10, and 12 through 14.
41 [140628609431424] INFO perfrun.launcher <> - the option was added --event-mux-alg: Specify the event multiplexing algorithm. Possible values: sequence, timer, trigger.
41 [140628609431424] INFO perfrun.launcher <> - the option was added --event-mux-timeslice: Specify the event multiplexing time slice value as <integer>. The time slice specifies the duration between cycles for each event multiplexing group. The default value is 50 milliseconds. This option is valid only for timer-based event multiplexing. Specify the event multiplexing time slice value as <integer>. The time slice specifies the duration between cycles for each event multiplexing group. The default value is 1 millisecond. This option is valid only for timer-based event multiplexing.
41 [140628609431424] INFO perfrun.launcher <> - the option was added --event-mux-factor: Specify the event multiplexing factor as <integer>. It controls the switching of event multiplexing groups. The default factor is 50. This option is valid only for trigger-based event multiplexing. Specify the event multiplexing factor as <integer>. It controls the switching of event multiplexing groups. The default factor is 1. This option is valid only for trigger-based event multiplexing.
41 [140628609431424] INFO perfrun.launcher <> - the option was added --event-mux-trigger: Specify the name of the trigger event for event multiplexing as <string>. This option is valid only for trigger-based event multiplexing. The default trigger is CPU_CLK_UNHALTED.CORE (or CPU_CLK_UNHALTED.THREAD). BADMSG: perfrun1.vtsspp::event-mux-trigger
41 [140628609431424] INFO perfrun.launcher <> - the option was added --pt-mode: BADMSG: perfrun1.vtsspp::pt-mode
41 [140628609431424] INFO perfrun.launcher <> - the option was added --sample-after-multiplier: Specify the sample after multiplier as <double>. This multiplier modifies the sample after value for all the events specified in -event-config option. The values can range from 0.1 to 100.0. SAV multiplier value
41 [140628609431424] INFO perfrun.launcher <> - the option was added --uncore-sampling-interval: Specify the uncore sampling interval as <integer>. This value set the uncore sampling interval for all the uncore events specified in -event-config option.
41 [140628609431424] INFO perfrun.launcher <> - the option was added --count: Enable counting mode. Enable counting mode
41 [140628609431424] INFO perfrun.launcher <> - the option was added --trace-mpi: Configure collector to trace MPI code.
41 [140628609431424] INFO perfrun.launcher <> - the option was added --aggregated-counting: Enable aggregated counting mode. Enable aggregated-counting mode
41 [140628609431424] INFO perfrun.launcher <> - the option was added --perf-per-cpu: System-wide collection from all CPUs
41 [140628609431424] INFO perfrun.launcher <> - the option was added --raw-perf-config: Specify a verified configuration for the Perf collector in the format: <describer>,<content>. For example: map-events-file,<path_to_map_events_file>.
41 [140628609431424] INFO perfrun.launcher <> - the option was added --sys-config: BADMSG: perfrun1.vtsspp::sys-config Specify types of system data to be collected. Supported value: cswitch - collect context switch information.
41 [140628609431424] INFO perfrun.launcher <> - the option was added --perf-event-config: Specify events for Perf collector in Perf format. For example: perf-event-config=cpu-clock.
41 [140628609431424] INFO perfrun.launcher <> - the option was added --perf-aio: Number of control blocks in asynchronous trace writing mode.
41 [140628609431424] INFO perfrun.launcher <> - the option was added --perf-compression: Specify compression of Perf collector output data. Possible levels: 0 - without compression, 1..3 - best speed, 4..22 - best compression that incurs big overhead.
41 [140628609431424] INFO perfrun.launcher <> - the option was added --perf-mmap-flush: Minimum data size read from the kernel mapped region.
41 [140628609431424] INFO perfrun.launcher <> - the option was added --perf-affinity: Adjust an affinity mask of the Perf thread to a node with an allocated memory trace buffer.
41 [140628609431424] INFO perfrun.launcher <> - the option was added --perf-threads: Setup threading mode for trace writing.
41 [140628609431424] INFO perfrun.launcher <> - the option was added --generate-platform-cmd: Get perf command line for an arbitrary target.
41 [140628609431424] INFO perfrun.launcher <> - the option was added --aocl-profile: Enable profiling and data collection through AOCL profiling tool.
41 [140628609431424] INFO perfrun.launcher <> - the option was added --aocl-source-file: Path to .source file. Find this in the compilation output directory of the FPGA application. Use this option to help attribute performance statistics to the source lines. If unspecified, AOCL profiler will attempt to locate the file in the current directory.
41 [140628609431424] INFO perfrun.launcher <> - the option was added --aocl-binary-aocx-file: Path to .aocx file (OpenCL flow) or host binary (DPC++ flow). If you do not provide this path: 1) For OpenCL flow, AOCL Profiler attempts to locate the file in the working directory. 2) For DPC++ flow, the collector assumes that host binary is used as an application to launch.
41 [140628609431424] INFO perfrun.launcher <> - the option was added --aocl-period: Specifies the number of cycles between readbacks from the device. The default value is 0 and indicates that the profiler should read back data as often as possible.
41 [140628609431424] INFO perfrun.launcher <> - the option was added --aocl-no-temporal: Disables readback during execution and only reads back non-autorun kernels once they finish executing.
41 [140628609431424] INFO perfrun.launcher <> - the option was added --aocl-no-mem-transfers: Disables the recording of memory transfer information.
41 [140628609431424] INFO perfrun.launcher <> - the option was added --stackwalk: Specify stack unwinding method. Possible values: online - unwind stacks during collection; offline - unwind stacks after collection is finished. Specify stack unwinding method. Possible value: lbr - unwind stacks during collection. Specify stack unwinding method. Possible values: online - unwind stacks during collection; offline - unwind stacks after collection is finished; lbr - enable LBR-based call stack collection. Specify stack unwinding method. Possible values: online - unwind stacks during collection; offline - unwind stacks after collection is finished. Specify stack unwinding method. Possible values: online - unwind stacks during collection; offline - unwind stacks after collection is finished.
41 [140628609431424] INFO perfrun.launcher <> - the option was added --filter-include: Filter data during collection. Possible values: contended=<on|off> - filter out uncontended events; contended_nostack=<time> - filter out stacks for contended events that take less than <time> microseconds; wait=<time> - ignore transitions and blocks with wait time less than <time> microseconds; wait_nostack=<time> - filter out stacks for waits that take less than <time> microseconds.
42 [140628609431424] INFO perfrun.launcher <> - the option was added --debug-pin: Debug PIN tool and runtime.
42 [140628609431424] INFO perfrun.launcher <> - the option was added --debug-exception: Disallow the application to set own abnormal termination handler.
42 [140628609431424] INFO perfrun.launcher <> - the option was added --trace-type: Specify the trace file granularity. Possible values: per-thread - per-thread trace file generation; per-process - per-process trace file generation.
42 [140628609431424] INFO perfrun.launcher <> - the option was added --instrumentation-type: Specify type of instrumentation.
42 [140628609431424] INFO perfrun.launcher <> - the option was added --altstack: Enable or disable usage of altstacks for profiling signal handlers.
42 [140628609431424] INFO perfrun.launcher <> - the option was added --profiling-signal: BADMSG: perfrun1.ptracecollector::profiling-signal Alternate profiling signal.
42 [140628609431424] INFO perfrun.launcher <> - the option was added --memory-strategy: Specify a minimal memory object size to be traced and a hash table size for faster objects search; for example: --memory-strategy obj-size-min=1024,hash-table-size=4096.
42 [140628609431424] INFO perfrun.launcher <> - the option was added --gpu-profiling-type: Specify a type of deep GPU profiling: none, bblatency, memlatency, instcount.
42 [140628609431424] INFO perfrun.launcher <> - the option was added --opencl-trace-mode: Specify OpenCL kernel tracing modes: 'default' to trace OpenCL kernels for Intel Graphics Driver only; 'epoch' for any non-Intel graphics, where OpenCL kernels will be traced and OpenCL profiling API timestamps will be interpreted as Unux Epoch time in nanoseconds; 'completion' to trace OpenCL kernels for any Graphics Driver and bind OpenCL profiling API timestamps to the timestamp of OpenCL completion callback.
42 [140628609431424] INFO perfrun.launcher <> - the option was added --gpu-kernels-to-profile: Specify a comma-separated list of GPU kernel names and invocations to be profiled in the following format: kernel_name[#start_idx#step#stop_idx], where kernel_name is the name of GPU kernel; start_idx is the number of the first invocation; and stop_idx is the number of the last invocation to be profiled.
42 [140628609431424] INFO perfrun.launcher <> - the option was added --exprof-com-list: List available COM ports.
42 [140628609431424] INFO perfrun.launcher <> - the option was added --exprof-dvc-list: List available DvC IDs.
42 [140628609431424] INFO perfrun.launcher <> - the option was added --exprof-trace-channel: BADMSG: perfrun1.exprof::exprof-trace-channel
42 [140628609431424] INFO perfrun.launcher <> - the option was added --exprof-event-config: Specify ExactProfiling Event Classes.
42 [140628609431424] INFO perfrun.launcher <> - the option was added --ice-pmons-list: BADMSG: perfrun1.ice::ice-pmons-list
42 [140628609431424] INFO perfrun.launcher <> - the option was added --ice-pmons-config: BADMSG: perfrun1.ice::ice-pmons-config
42 [140628609431424] INFO perfrun.launcher <> - the option was added --ice-sw-trace: Collect software traces of the Intel Neural Network Processor (NNP-I) and analyze software context of inference progress.
42 [140628609431424] INFO perfrun.launcher <> - the option was added --ice-sample-after-value: BADMSG: perfrun1.ice::ice-sample-after-value
42 [140628609431424] INFO perfrun.launcher <> - the option was added --ice-frequency: BADMSG: perfrun1.ice::ice-frequency
42 [140628609431424] INFO perfrun.launcher <> - the option was added --parallel-fs-config: Specify parallel fs counters to collect.
42 [140628609431424] INFO perfrun.launcher <> - the option was added --pwr-config: BADMSG: perfrun1.vtsspp::pwr-config Specify power metrics configuration.
42 [140628609431424] INFO perfrun.launcher <> - the option was added --pwr-sampling-interval: Specify Intel SoC Watch sampling interval.
42 [140628609431424] INFO perfrun.launcher <> - the option was added --collect-topology: Collect topology info with hwloc.
42 [140628609431424] INFO perfrun.launcher <> - the option was added --persistent-mem-metrics: Collect Persistent Memory performance counters.
42 [140628609431424] INFO perfrun.launcher <> - the option was added --os-counters: Collect OS counters
44 [140628609431424] INFO perfrun.launcher <> - create msngr2::ICliToolContext
45 [140628609431424] INFO perfrun.launcher <> - create file finder object
45 [140628609431424] INFO perfrun.launcher <> - create a result directory: pattern = /home/users/emlazuta/parallel-qlearning/results_batch_vtune_100x100/run_par_sstatic_msqrt_t20_obs25pct pid = 4294967295
48 [140628609431424] INFO perfrun.sdk <> - checked that the directory /home/users/emlazuta/parallel-qlearning/results_batch_vtune_100x100/run_par_sstatic_msqrt_t20_obs25pct is a local directory
48 [140628609431424] INFO perfrun.sdk <> - the directory /home/users/emlazuta/parallel-qlearning/results_batch_vtune_100x100/run_par_sstatic_msqrt_t20_obs25pct is located on a share or its FS ID is unknown 26985
48 [140628609431424] INFO perfrun.sdk <> - checked that the directory /tmp/amplxe-tmp-emlazuta is a local directory
48 [140628609431424] INFO perfrun.sdk <> - the directory /tmp/amplxe-tmp-emlazuta is a local directory with FS type ID 61267
48 [140628609431424] INFO perfrun.launcher <> - Create a local result directory /tmp/amplxe-tmp-emlazuta/amplxe-res-3465338-13067990225440122 due to the user result path /home/users/emlazuta/parallel-qlearning/results_batch_vtune_100x100/run_par_sstatic_msqrt_t20_obs25pct is located on a share
49 [140628609431424] INFO perfrun.launcher <> - create data directory = /tmp/amplxe-tmp-emlazuta/amplxe-res-3465338-13067990225440122/data.0
49 [140628609431424] INFO perfrun.launcher <> - create data directory = /home/users/emlazuta/parallel-qlearning/results_batch_vtune_100x100/run_par_sstatic_msqrt_t20_obs25pct/data.0
51 [140628609431424] INFO perfrun.launcher <> - Creating the master collection flag
54 [140628609431424] INFO perfrun.launcher <> - Done creating the master collection flag
58 [140628453222080] INFO perfrun.launcher <> - plugin [remoteplug] was disabled because it doesn't support the given collection type.
58 [140628453222080] INFO perfrun.system <> - online nodes : 0-1
58 [140628453222080] INFO perfrun.system <> - nodes with cpus : 0-1
58 [140628453222080] INFO perfrun.system <> - nodes with memory : 0-1
63 [140628453222080] INFO perfrun.sdk <> - Allocating TMU :/tmp/amplxe-tmp-emlazuta/amplxe-res-3465338-13067990225440122/data.0/systemcollector-3465338-hype5.sc
63 [140628453222080] INFO perfrun.launcher <> - plugin [itt] was disabled because it doesn't support the given collection type.
63 [140628453222080] INFO perfrun.launcher <> - plugin [ptracecollector] was disabled because it doesn't support the given collection type.
63 [140628453222080] INFO perfrun.launcher <> - plugin [gpu] was disabled because it doesn't support the given collection type.
63 [140628453222080] INFO perfrun.launcher <> - plugin [] was disabled because it doesn't support the given collection type.
63 [140628453222080] INFO perfrun.launcher <> - plugin [] was disabled because it doesn't support the given collection type.
63 [140628453222080] INFO perfrun.launcher <> - plugin [] was disabled because it doesn't support the given collection type.
63 [140628453222080] INFO perfrun.mrte <> - system-wide mode is 0
63 [140628453222080] INFO perfrun.mrte <> - Getting  mrte profiling environment ...
86 [140628453222080] INFO perfrun.mrte <> - INTEL_MRTE_DATA_DIR=/tmp/amplxe-tmp-emlazuta/amplxe-res-3465338-13067990225440122/data.0
86 [140628453222080] INFO perfrun.mrte <> - INTEL_MRTE_HOST_NAME=hype5
86 [140628453222080] INFO perfrun.mrte <> - JAVA_TOOL_OPTIONS=-agentlib:amplxe_samplingmrte_javaprof_1.0 -Dsun.boot.library.path=/home/intel/oneapi/vtune/2021.1.1/lib32/runtime:/home/intel/oneapi/vtune/2021.1.1/lib64/runtime
86 [140628453222080] INFO perfrun.mrte <> - CORECLR_ENABLE_PROFILING=1
86 [140628453222080] INFO perfrun.mrte <> - CORECLR_PROFILER={AA5E4821-E3B1-479c-B7FF-5AD047D22CED}
86 [140628453222080] INFO perfrun.mrte <> - CORECLR_PROFILER_PATH=/home/intel/oneapi/vtune/2021.1.1/lib64/libamplxe_samplingmrte_clrprof_1.0.so
86 [140628453222080] INFO perfrun.mrte <> - INTEL_MRTE_PROFILER_MODE=mixed
86 [140628453222080] INFO perfrun.mrte <> - Data directory: /tmp/amplxe-tmp-emlazuta/amplxe-res-3465338-13067990225440122/data.0
86 [140628453222080] INFO perfrun.mrte <> - Mrte plugin is initialized
86 [140628453222080] INFO perfrun.launcher <> - plugin [emon] was disabled because it doesn't support the given collection type.
86 [140628453222080] INFO perfrun.launcher <> - plugin [cuscol] was disabled because it doesn't support the given collection type.
86 [140628453222080] INFO perfrun.launcher <> - plugin [stdsrc] was disabled because it doesn't support the given collection type.
86 [140628453222080] INFO perfrun.launcher <> - plugin [sep] was disabled because it doesn't support the given collection type.
86 [140628453222080] INFO perfrun.launcher <> - plugin [vtsspp] was disabled because it doesn't support the given collection type.
86 [140628453222080] INFO perfrun.sdk <> - runCmd: "/home/intel/oneapi/vtune/2021.1.1/bin64/sep" -dry-run -sam 1 -ec "CPU_CLK_UNHALTED.THREAD:sa=2300000,CPU_CLK_UNHALTED.REF_TSC:sample:sa=2300000,INST_RETIRED.ANY:sample:sa=2300000,CPU_CLK_UNHALTED.REF_XCLK:sa=100003,CPU_CLK_UNHALTED.ONE_THREAD_ACTIVE:sa=100003,UOPS_RETIRED.RETIRE_SLOTS:sample:sa=2000003,CYCLE_ACTIVITY.CYCLES_NO_EXECUTE:sa=2000003,CYCLE_ACTIVITY.STALLS_L1D_PENDING:sa=2000003,CYCLE_ACTIVITY.STALLS_LDM_PENDING:sa=2000003,CYCLE_ACTIVITY.STALLS_L2_PENDING:sa=2000003,IDQ_UOPS_NOT_DELIVERED.CORE:sa=2000003,INT_MISC.RECOVERY_CYCLES:sa=2000003,MEM_LOAD_UOPS_RETIRED.L3_HIT_PS:sa=50003,MEM_LOAD_UOPS_RETIRED.L3_MISS_PS:sa=50003,OFFCORE_REQUESTS_OUTSTANDING.CYCLES_WITH_DATA_RD:sa=2000003,OFFCORE_REQUESTS_OUTSTANDING.ALL_DATA_RD:cmask=6:sa=2000003,RESOURCE_STALLS.SB:sa=2000003,RS_EVENTS.EMPTY_CYCLES:sa=2000003,UOPS_EXECUTED.CORE:cmask=1:sa=2000003,UOPS_EXECUTED.CORE:cmask=2:sa=2000003,UOPS_EXECUTED.CORE:cmask=3:sa=2000003,UOPS_ISSUED.ANY:sa=2000003,UOPS_RETIRED.RETIRE_SLOTS:sa=2000003,IDQ_UOPS_NOT_DELIVERED.CYCLES_0_UOPS_DELIV.CORE:sa=2000003,MEM_UOPS_RETIRED.ALL_LOADS_PS:sa=100003,MEM_UOPS_RETIRED.ALL_STORES_PS:sa=100003,MEM_LOAD_UOPS_L3_MISS_RETIRED.LOCAL_DRAM_PS:sa=100003,MEM_LOAD_UOPS_L3_MISS_RETIRED.REMOTE_DRAM_PS:sa=100003,MEM_LOAD_UOPS_L3_MISS_RETIRED.REMOTE_HITM_PS:sa=100003,MEM_LOAD_UOPS_L3_MISS_RETIRED.REMOTE_FWD_PS:sa=100003,UNC_M_CAS_COUNT.RD,UNC_M_CAS_COUNT.WR" -experimental
108 [140628453222080] INFO perfrun.perfcollector <> - SepDryRun RC = true
108 [140628453222080] INFO perfrun.perfcollector <> - DRY_RUN : "Duplicate Event Discarded: UOPS_RETIRED.RETIRE_SLOTS"
108 [140628453222080] INFO perfrun.perfcollector <> - DRY_RUN : "PMU type: Core (core)"
112 [140628453222080] INFO perfrun.perfcollector <> - pmu type : cpu
112 [140628453222080] INFO perfrun.perfcollector <> - DRY_RUN : "Group 0:"
112 [140628453222080] INFO perfrun.perfcollector <> - id : 0
112 [140628453222080] INFO perfrun.perfcollector <> - DRY_RUN : "INST_RETIRED.ANY: event id 2"
112 [140628453222080] INFO perfrun.perfcollector <> - eventName : INST_RETIRED.ANY , eventId : 2
112 [140628453222080] INFO perfrun.perfcollector <> - DRY_RUN : "CPU_CLK_UNHALTED.THREAD: event id 0"
112 [140628453222080] INFO perfrun.perfcollector <> - eventName : CPU_CLK_UNHALTED.THREAD , eventId : 0
112 [140628453222080] INFO perfrun.perfcollector <> - DRY_RUN : "CPU_CLK_UNHALTED.REF_TSC: event id 1"
112 [140628453222080] INFO perfrun.perfcollector <> - eventName : CPU_CLK_UNHALTED.REF_TSC , eventId : 1
112 [140628453222080] INFO perfrun.perfcollector <> - DRY_RUN : "CPU_CLK_UNHALTED.REF_XCLK: event id 4"
112 [140628453222080] INFO perfrun.perfcollector <> - eventName : CPU_CLK_UNHALTED.REF_XCLK , eventId : 4
112 [140628453222080] INFO perfrun.perfcollector <> - DRY_RUN : "CPU_CLK_UNHALTED.ONE_THREAD_ACTIVE: event id 5"
112 [140628453222080] INFO perfrun.perfcollector <> - eventName : CPU_CLK_UNHALTED.ONE_THREAD_ACTIVE , eventId : 5
112 [140628453222080] INFO perfrun.perfcollector <> - DRY_RUN : "CYCLE_ACTIVITY.STALLS_L1D_PENDING: event id 3"
112 [140628453222080] INFO perfrun.perfcollector <> - eventName : CYCLE_ACTIVITY.STALLS_L1D_PENDING , eventId : 3
112 [140628453222080] INFO perfrun.perfcollector <> - DRY_RUN : "UOPS_RETIRED.RETIRE_SLOTS: event id 6"
112 [140628453222080] INFO perfrun.perfcollector <> - eventName : UOPS_RETIRED.RETIRE_SLOTS , eventId : 6
112 [140628453222080] INFO perfrun.perfcollector <> - DRY_RUN : "CCCR"
112 [140628453222080] INFO perfrun.perfcollector <> - DRY_RUN : "reg_type       = 1	event_id       = g	reg_id         = 38f	reg_value      = 70000000f"
112 [140628453222080] INFO perfrun.perfcollector <> - eventId : g , ignored
112 [140628453222080] INFO perfrun.perfcollector <> - DRY_RUN : "reg_type       = 1	event_id       = g	reg_id         = 390	reg_value      = 70000000f"
112 [140628453222080] INFO perfrun.perfcollector <> - eventId : g , ignored
112 [140628453222080] INFO perfrun.perfcollector <> - DRY_RUN : "reg_type       = 1	event_id       = g	reg_id         = 3f1	reg_value      = 0"
112 [140628453222080] INFO perfrun.perfcollector <> - eventId : g , ignored
112 [140628453222080] INFO perfrun.perfcollector <> - DRY_RUN : "reg_type       = 1	event_id       = g	reg_id         = 1d9	reg_value      = 1800"
112 [140628453222080] INFO perfrun.perfcollector <> - eventId : g , ignored
112 [140628453222080] INFO perfrun.perfcollector <> - DRY_RUN : "reg_type       = 1	event_id       = g	reg_id         = 38d	reg_value      = bbb"
112 [140628453222080] INFO perfrun.perfcollector <> - eventId : g , ignored
112 [140628453222080] INFO perfrun.perfcollector <> - DRY_RUN : "reg_type       = 1	event_id       = 4	reg_id         = 186	reg_value      = 53013c"
112 [140628453222080] INFO perfrun.perfcollector <> - eventId : 4 , cccrAddr : 186 , cccrVal : 53013c
112 [140628453222080] INFO perfrun.perfcollector <> - DRY_RUN : "reg_type       = 1	event_id       = 5	reg_id         = 187	reg_value      = 53023c"
112 [140628453222080] INFO perfrun.perfcollector <> - eventId : 5 , cccrAddr : 187 , cccrVal : 53023c
112 [140628453222080] INFO perfrun.perfcollector <> - DRY_RUN : "reg_type       = 1	event_id       = 3	reg_id         = 188	reg_value      = c530ca3"
112 [140628453222080] INFO perfrun.perfcollector <> - eventId : 3 , cccrAddr : 188 , cccrVal : c530ca3
112 [140628453222080] INFO perfrun.perfcollector <> - DRY_RUN : "reg_type       = 1	event_id       = 6	reg_id         = 189	reg_value      = 5302c2"
112 [140628453222080] INFO perfrun.perfcollector <> - eventId : 6 , cccrAddr : 189 , cccrVal : 5302c2
112 [140628453222080] INFO perfrun.perfcollector <> - DRY_RUN : "ESCR"
112 [140628453222080] INFO perfrun.perfcollector <> - DRY_RUN : "reg_type       = 2	event_id       = g	reg_id         = 1c8	reg_value      = 0"
112 [140628453222080] INFO perfrun.perfcollector <> - eventId : g , ignored
112 [140628453222080] INFO perfrun.perfcollector <> - DRY_RUN : "DATA"
112 [140628453222080] INFO perfrun.perfcollector <> - DRY_RUN : "reg_type       = 4	event_id       = 2	reg_id         = 309	reg_value      = ffffffdce7a0"
112 [140628453222080] INFO perfrun.perfcollector <> - eventId : 2 , dataAddr : 309 , dataVal : ffffffdce7a0
112 [140628453222080] INFO perfrun.perfcollector <> - DRY_RUN : "reg_type       = 4	event_id       = 0	reg_id         = 30a	reg_value      = ffffffdce7a0"
112 [140628453222080] INFO perfrun.perfcollector <> - eventId : 0 , dataAddr : 30a , dataVal : ffffffdce7a0
112 [140628453222080] INFO perfrun.perfcollector <> - DRY_RUN : "reg_type       = 4	event_id       = 1	reg_id         = 30b	reg_value      = ffffffdce7a0"
112 [140628453222080] INFO perfrun.perfcollector <> - eventId : 1 , dataAddr : 30b , dataVal : ffffffdce7a0
112 [140628453222080] INFO perfrun.perfcollector <> - DRY_RUN : "reg_type       = 4	event_id       = 4	reg_id         = c1	reg_value      = fffffffe795d"
112 [140628453222080] INFO perfrun.perfcollector <> - eventId : 4 , dataAddr : c1 , dataVal : fffffffe795d
112 [140628453222080] INFO perfrun.perfcollector <> - DRY_RUN : "reg_type       = 4	event_id       = 5	reg_id         = c2	reg_value      = fffffffe795d"
112 [140628453222080] INFO perfrun.perfcollector <> - eventId : 5 , dataAddr : c2 , dataVal : fffffffe795d
112 [140628453222080] INFO perfrun.perfcollector <> - DRY_RUN : "reg_type       = 4	event_id       = 3	reg_id         = c3	reg_value      = ffffffe17b7d"
112 [140628453222080] INFO perfrun.perfcollector <> - eventId : 3 , dataAddr : c3 , dataVal : ffffffe17b7d
112 [140628453222080] INFO perfrun.perfcollector <> - DRY_RUN : "reg_type       = 4	event_id       = 6	reg_id         = c4	reg_value      = ffffffe17b7d"
112 [140628453222080] INFO perfrun.perfcollector <> - eventId : 6 , dataAddr : c4 , dataVal : ffffffe17b7d
112 [140628453222080] INFO perfrun.perfcollector <> - DRY_RUN : "Group 1:"
112 [140628453222080] INFO perfrun.perfcollector <> - id : 1
112 [140628453222080] INFO perfrun.perfcollector <> - DRY_RUN : "INST_RETIRED.ANY: event id 2"
112 [140628453222080] INFO perfrun.perfcollector <> - eventName : INST_RETIRED.ANY , eventId : 2
112 [140628453222080] INFO perfrun.perfcollector <> - DRY_RUN : "CPU_CLK_UNHALTED.THREAD: event id 0"
112 [140628453222080] INFO perfrun.perfcollector <> - eventName : CPU_CLK_UNHALTED.THREAD , eventId : 0
112 [140628453222080] INFO perfrun.perfcollector <> - DRY_RUN : "CPU_CLK_UNHALTED.REF_TSC: event id 1"
112 [140628453222080] INFO perfrun.perfcollector <> - eventName : CPU_CLK_UNHALTED.REF_TSC , eventId : 1
112 [140628453222080] INFO perfrun.perfcollector <> - DRY_RUN : "CYCLE_ACTIVITY.CYCLES_NO_EXECUTE: event id 7"
112 [140628453222080] INFO perfrun.perfcollector <> - eventName : CYCLE_ACTIVITY.CYCLES_NO_EXECUTE , eventId : 7
112 [140628453222080] INFO perfrun.perfcollector <> - DRY_RUN : "CYCLE_ACTIVITY.STALLS_LDM_PENDING: event id 8"
112 [140628453222080] INFO perfrun.perfcollector <> - eventName : CYCLE_ACTIVITY.STALLS_LDM_PENDING , eventId : 8
112 [140628453222080] INFO perfrun.perfcollector <> - DRY_RUN : "CYCLE_ACTIVITY.STALLS_L2_PENDING: event id 9"
112 [140628453222080] INFO perfrun.perfcollector <> - eventName : CYCLE_ACTIVITY.STALLS_L2_PENDING , eventId : 9
112 [140628453222080] INFO perfrun.perfcollector <> - DRY_RUN : "IDQ_UOPS_NOT_DELIVERED.CORE: event id 10"
112 [140628453222080] INFO perfrun.perfcollector <> - eventName : IDQ_UOPS_NOT_DELIVERED.CORE , eventId : 10
112 [140628453222080] INFO perfrun.perfcollector <> - DRY_RUN : "CCCR"
112 [140628453222080] INFO perfrun.perfcollector <> - DRY_RUN : "reg_type       = 1	event_id       = g	reg_id         = 38f	reg_value      = 70000000f"
112 [140628453222080] INFO perfrun.perfcollector <> - eventId : g , ignored
112 [140628453222080] INFO perfrun.perfcollector <> - DRY_RUN : "reg_type       = 1	event_id       = g	reg_id         = 390	reg_value      = 70000000f"
112 [140628453222080] INFO perfrun.perfcollector <> - eventId : g , ignored
112 [140628453222080] INFO perfrun.perfcollector <> - DRY_RUN : "reg_type       = 1	event_id       = g	reg_id         = 3f1	reg_value      = 0"
112 [140628453222080] INFO perfrun.perfcollector <> - eventId : g , ignored
112 [140628453222080] INFO perfrun.perfcollector <> - DRY_RUN : "reg_type       = 1	event_id       = g	reg_id         = 1d9	reg_value      = 1800"
112 [140628453222080] INFO perfrun.perfcollector <> - eventId : g , ignored
112 [140628453222080] INFO perfrun.perfcollector <> - DRY_RUN : "reg_type       = 1	event_id       = g	reg_id         = 38d	reg_value      = bbb"
112 [140628453222080] INFO perfrun.perfcollector <> - eventId : g , ignored
112 [140628453222080] INFO perfrun.perfcollector <> - DRY_RUN : "reg_type       = 1	event_id       = 7	reg_id         = 186	reg_value      = 45304a3"
112 [140628453222080] INFO perfrun.perfcollector <> - eventId : 7 , cccrAddr : 186 , cccrVal : 45304a3
112 [140628453222080] INFO perfrun.perfcollector <> - DRY_RUN : "reg_type       = 1	event_id       = 8	reg_id         = 187	reg_value      = 65306a3"
112 [140628453222080] INFO perfrun.perfcollector <> - eventId : 8 , cccrAddr : 187 , cccrVal : 65306a3
112 [140628453222080] INFO perfrun.perfcollector <> - DRY_RUN : "reg_type       = 1	event_id       = 9	reg_id         = 188	reg_value      = 55305a3"
112 [140628453222080] INFO perfrun.perfcollector <> - eventId : 9 , cccrAddr : 188 , cccrVal : 55305a3
112 [140628453222080] INFO perfrun.perfcollector <> - DRY_RUN : "reg_type       = 1	event_id       = 10	reg_id         = 189	reg_value      = 53019c"
112 [140628453222080] INFO perfrun.perfcollector <> - eventId : 10 , cccrAddr : 189 , cccrVal : 53019c
112 [140628453222080] INFO perfrun.perfcollector <> - DRY_RUN : "ESCR"
112 [140628453222080] INFO perfrun.perfcollector <> - DRY_RUN : "reg_type       = 2	event_id       = g	reg_id         = 1c8	reg_value      = 0"
112 [140628453222080] INFO perfrun.perfcollector <> - eventId : g , ignored
112 [140628453222080] INFO perfrun.perfcollector <> - DRY_RUN : "DATA"
112 [140628453222080] INFO perfrun.perfcollector <> - DRY_RUN : "reg_type       = 4	event_id       = 2	reg_id         = 309	reg_value      = ffffffdce7a0"
112 [140628453222080] INFO perfrun.perfcollector <> - eventId : 2 , dataAddr : 309 , dataVal : ffffffdce7a0
112 [140628453222080] INFO perfrun.perfcollector <> - DRY_RUN : "reg_type       = 4	event_id       = 0	reg_id         = 30a	reg_value      = ffffffdce7a0"
112 [140628453222080] INFO perfrun.perfcollector <> - eventId : 0 , dataAddr : 30a , dataVal : ffffffdce7a0
112 [140628453222080] INFO perfrun.perfcollector <> - DRY_RUN : "reg_type       = 4	event_id       = 1	reg_id         = 30b	reg_value      = ffffffdce7a0"
112 [140628453222080] INFO perfrun.perfcollector <> - eventId : 1 , dataAddr : 30b , dataVal : ffffffdce7a0
112 [140628453222080] INFO perfrun.perfcollector <> - DRY_RUN : "reg_type       = 4	event_id       = 7	reg_id         = c1	reg_value      = ffffffe17b7d"
112 [140628453222080] INFO perfrun.perfcollector <> - eventId : 7 , dataAddr : c1 , dataVal : ffffffe17b7d
112 [140628453222080] INFO perfrun.perfcollector <> - DRY_RUN : "reg_type       = 4	event_id       = 8	reg_id         = c2	reg_value      = ffffffe17b7d"
112 [140628453222080] INFO perfrun.perfcollector <> - eventId : 8 , dataAddr : c2 , dataVal : ffffffe17b7d
112 [140628453222080] INFO perfrun.perfcollector <> - DRY_RUN : "reg_type       = 4	event_id       = 9	reg_id         = c3	reg_value      = ffffffe17b7d"
112 [140628453222080] INFO perfrun.perfcollector <> - eventId : 9 , dataAddr : c3 , dataVal : ffffffe17b7d
112 [140628453222080] INFO perfrun.perfcollector <> - DRY_RUN : "reg_type       = 4	event_id       = 10	reg_id         = c4	reg_value      = ffffffe17b7d"
112 [140628453222080] INFO perfrun.perfcollector <> - eventId : 10 , dataAddr : c4 , dataVal : ffffffe17b7d
112 [140628453222080] INFO perfrun.perfcollector <> - DRY_RUN : "Group 2:"
112 [140628453222080] INFO perfrun.perfcollector <> - id : 2
112 [140628453222080] INFO perfrun.perfcollector <> - DRY_RUN : "INST_RETIRED.ANY: event id 2"
112 [140628453222080] INFO perfrun.perfcollector <> - eventName : INST_RETIRED.ANY , eventId : 2
112 [140628453222080] INFO perfrun.perfcollector <> - DRY_RUN : "CPU_CLK_UNHALTED.THREAD: event id 0"
112 [140628453222080] INFO perfrun.perfcollector <> - eventName : CPU_CLK_UNHALTED.THREAD , eventId : 0
112 [140628453222080] INFO perfrun.perfcollector <> - DRY_RUN : "CPU_CLK_UNHALTED.REF_TSC: event id 1"
112 [140628453222080] INFO perfrun.perfcollector <> - eventName : CPU_CLK_UNHALTED.REF_TSC , eventId : 1
112 [140628453222080] INFO perfrun.perfcollector <> - DRY_RUN : "INT_MISC.RECOVERY_CYCLES: event id 11"
112 [140628453222080] INFO perfrun.perfcollector <> - eventName : INT_MISC.RECOVERY_CYCLES , eventId : 11
112 [140628453222080] INFO perfrun.perfcollector <> - DRY_RUN : "MEM_LOAD_UOPS_RETIRED.L3_HIT_PS: event id 12"
112 [140628453222080] INFO perfrun.perfcollector <> - eventName : MEM_LOAD_UOPS_RETIRED.L3_HIT_PS , eventId : 12
112 [140628453222080] INFO perfrun.perfcollector <> - DRY_RUN : "MEM_LOAD_UOPS_RETIRED.L3_MISS_PS: event id 13"
112 [140628453222080] INFO perfrun.perfcollector <> - eventName : MEM_LOAD_UOPS_RETIRED.L3_MISS_PS , eventId : 13
112 [140628453222080] INFO perfrun.perfcollector <> - DRY_RUN : "OFFCORE_REQUESTS_OUTSTANDING.CYCLES_WITH_DATA_RD: event id 14"
112 [140628453222080] INFO perfrun.perfcollector <> - eventName : OFFCORE_REQUESTS_OUTSTANDING.CYCLES_WITH_DATA_RD , eventId : 14
112 [140628453222080] INFO perfrun.perfcollector <> - DRY_RUN : "CCCR"
112 [140628453222080] INFO perfrun.perfcollector <> - DRY_RUN : "reg_type       = 1	event_id       = g	reg_id         = 38f	reg_value      = 70000000f"
112 [140628453222080] INFO perfrun.perfcollector <> - eventId : g , ignored
112 [140628453222080] INFO perfrun.perfcollector <> - DRY_RUN : "reg_type       = 1	event_id       = g	reg_id         = 390	reg_value      = 70000000f"
113 [140628453222080] INFO perfrun.perfcollector <> - eventId : g , ignored
113 [140628453222080] INFO perfrun.perfcollector <> - DRY_RUN : "reg_type       = 1	event_id       = g	reg_id         = 3f1	reg_value      = 600000006"
113 [140628453222080] INFO perfrun.perfcollector <> - eventId : g , ignored
113 [140628453222080] INFO perfrun.perfcollector <> - DRY_RUN : "reg_type       = 1	event_id       = g	reg_id         = 1d9	reg_value      = 1800"
113 [140628453222080] INFO perfrun.perfcollector <> - eventId : g , ignored
113 [140628453222080] INFO perfrun.perfcollector <> - DRY_RUN : "reg_type       = 1	event_id       = g	reg_id         = 38d	reg_value      = bbb"
113 [140628453222080] INFO perfrun.perfcollector <> - eventId : g , ignored
113 [140628453222080] INFO perfrun.perfcollector <> - DRY_RUN : "reg_type       = 1	event_id       = 11	reg_id         = 186	reg_value      = 153030d"
113 [140628453222080] INFO perfrun.perfcollector <> - eventId : 11 , cccrAddr : 186 , cccrVal : 153030d
113 [140628453222080] INFO perfrun.perfcollector <> - DRY_RUN : "reg_type       = 1	event_id       = 12	reg_id         = 187	reg_value      = 4304d1"
113 [140628453222080] INFO perfrun.perfcollector <> - eventId : 12 , cccrAddr : 187 , cccrVal : 4304d1
113 [140628453222080] INFO perfrun.perfcollector <> - DRY_RUN : "reg_type       = 1	event_id       = 13	reg_id         = 188	reg_value      = 4320d1"
113 [140628453222080] INFO perfrun.perfcollector <> - eventId : 13 , cccrAddr : 188 , cccrVal : 4320d1
113 [140628453222080] INFO perfrun.perfcollector <> - DRY_RUN : "reg_type       = 1	event_id       = 14	reg_id         = 189	reg_value      = 1530860"
113 [140628453222080] INFO perfrun.perfcollector <> - eventId : 14 , cccrAddr : 189 , cccrVal : 1530860
113 [140628453222080] INFO perfrun.perfcollector <> - DRY_RUN : "ESCR"
113 [140628453222080] INFO perfrun.perfcollector <> - DRY_RUN : "reg_type       = 2	event_id       = g	reg_id         = 1c8	reg_value      = 0"
113 [140628453222080] INFO perfrun.perfcollector <> - eventId : g , ignored
113 [140628453222080] INFO perfrun.perfcollector <> - DRY_RUN : "DATA"
113 [140628453222080] INFO perfrun.perfcollector <> - DRY_RUN : "reg_type       = 4	event_id       = 2	reg_id         = 309	reg_value      = ffffffdce7a0"
113 [140628453222080] INFO perfrun.perfcollector <> - eventId : 2 , dataAddr : 309 , dataVal : ffffffdce7a0
113 [140628453222080] INFO perfrun.perfcollector <> - DRY_RUN : "reg_type       = 4	event_id       = 0	reg_id         = 30a	reg_value      = ffffffdce7a0"
113 [140628453222080] INFO perfrun.perfcollector <> - eventId : 0 , dataAddr : 30a , dataVal : ffffffdce7a0
113 [140628453222080] INFO perfrun.perfcollector <> - DRY_RUN : "reg_type       = 4	event_id       = 1	reg_id         = 30b	reg_value      = ffffffdce7a0"
113 [140628453222080] INFO perfrun.perfcollector <> - eventId : 1 , dataAddr : 30b , dataVal : ffffffdce7a0
113 [140628453222080] INFO perfrun.perfcollector <> - DRY_RUN : "reg_type       = 4	event_id       = 11	reg_id         = c1	reg_value      = ffffffe17b7d"
113 [140628453222080] INFO perfrun.perfcollector <> - eventId : 11 , dataAddr : c1 , dataVal : ffffffe17b7d
113 [140628453222080] INFO perfrun.perfcollector <> - DRY_RUN : "reg_type       = 4	event_id       = 12	reg_id         = c2	reg_value      = ffffffff3cad"
113 [140628453222080] INFO perfrun.perfcollector <> - eventId : 12 , dataAddr : c2 , dataVal : ffffffff3cad
113 [140628453222080] INFO perfrun.perfcollector <> - DRY_RUN : "reg_type       = 4	event_id       = 13	reg_id         = c3	reg_value      = ffffffff3cad"
113 [140628453222080] INFO perfrun.perfcollector <> - eventId : 13 , dataAddr : c3 , dataVal : ffffffff3cad
113 [140628453222080] INFO perfrun.perfcollector <> - DRY_RUN : "reg_type       = 4	event_id       = 14	reg_id         = c4	reg_value      = ffffffe17b7d"
113 [140628453222080] INFO perfrun.perfcollector <> - eventId : 14 , dataAddr : c4 , dataVal : ffffffe17b7d
113 [140628453222080] INFO perfrun.perfcollector <> - DRY_RUN : "Group 3:"
113 [140628453222080] INFO perfrun.perfcollector <> - id : 3
113 [140628453222080] INFO perfrun.perfcollector <> - DRY_RUN : "INST_RETIRED.ANY: event id 2"
113 [140628453222080] INFO perfrun.perfcollector <> - eventName : INST_RETIRED.ANY , eventId : 2
113 [140628453222080] INFO perfrun.perfcollector <> - DRY_RUN : "CPU_CLK_UNHALTED.THREAD: event id 0"
113 [140628453222080] INFO perfrun.perfcollector <> - eventName : CPU_CLK_UNHALTED.THREAD , eventId : 0
113 [140628453222080] INFO perfrun.perfcollector <> - DRY_RUN : "CPU_CLK_UNHALTED.REF_TSC: event id 1"
113 [140628453222080] INFO perfrun.perfcollector <> - eventName : CPU_CLK_UNHALTED.REF_TSC , eventId : 1
113 [140628453222080] INFO perfrun.perfcollector <> - DRY_RUN : "OFFCORE_REQUESTS_OUTSTANDING.ALL_DATA_RD:cmask=6: event id 15"
113 [140628453222080] INFO perfrun.perfcollector <> - eventName : OFFCORE_REQUESTS_OUTSTANDING.ALL_DATA_RD:cmask=6 , eventId : 15
113 [140628453222080] INFO perfrun.perfcollector <> - DRY_RUN : "RESOURCE_STALLS.SB: event id 16"
113 [140628453222080] INFO perfrun.perfcollector <> - eventName : RESOURCE_STALLS.SB , eventId : 16
113 [140628453222080] INFO perfrun.perfcollector <> - DRY_RUN : "RS_EVENTS.EMPTY_CYCLES: event id 17"
113 [140628453222080] INFO perfrun.perfcollector <> - eventName : RS_EVENTS.EMPTY_CYCLES , eventId : 17
113 [140628453222080] INFO perfrun.perfcollector <> - DRY_RUN : "UOPS_EXECUTED.CORE:cmask=1: event id 18"
113 [140628453222080] INFO perfrun.perfcollector <> - eventName : UOPS_EXECUTED.CORE:cmask=1 , eventId : 18
113 [140628453222080] INFO perfrun.perfcollector <> - DRY_RUN : "CCCR"
113 [140628453222080] INFO perfrun.perfcollector <> - DRY_RUN : "reg_type       = 1	event_id       = g	reg_id         = 38f	reg_value      = 70000000f"
113 [140628453222080] INFO perfrun.perfcollector <> - eventId : g , ignored
113 [140628453222080] INFO perfrun.perfcollector <> - DRY_RUN : "reg_type       = 1	event_id       = g	reg_id         = 390	reg_value      = 70000000f"
113 [140628453222080] INFO perfrun.perfcollector <> - eventId : g , ignored
113 [140628453222080] INFO perfrun.perfcollector <> - DRY_RUN : "reg_type       = 1	event_id       = g	reg_id         = 3f1	reg_value      = 0"
113 [140628453222080] INFO perfrun.perfcollector <> - eventId : g , ignored
113 [140628453222080] INFO perfrun.perfcollector <> - DRY_RUN : "reg_type       = 1	event_id       = g	reg_id         = 1d9	reg_value      = 1800"
113 [140628453222080] INFO perfrun.perfcollector <> - eventId : g , ignored
113 [140628453222080] INFO perfrun.perfcollector <> - DRY_RUN : "reg_type       = 1	event_id       = g	reg_id         = 38d	reg_value      = bbb"
113 [140628453222080] INFO perfrun.perfcollector <> - eventId : g , ignored
113 [140628453222080] INFO perfrun.perfcollector <> - DRY_RUN : "reg_type       = 1	event_id       = 15	reg_id         = 186	reg_value      = 6530860"
113 [140628453222080] INFO perfrun.perfcollector <> - eventId : 15 , cccrAddr : 186 , cccrVal : 6530860
113 [140628453222080] INFO perfrun.perfcollector <> - DRY_RUN : "reg_type       = 1	event_id       = 16	reg_id         = 187	reg_value      = 5308a2"
113 [140628453222080] INFO perfrun.perfcollector <> - eventId : 16 , cccrAddr : 187 , cccrVal : 5308a2
113 [140628453222080] INFO perfrun.perfcollector <> - DRY_RUN : "reg_type       = 1	event_id       = 17	reg_id         = 188	reg_value      = 53015e"
113 [140628453222080] INFO perfrun.perfcollector <> - eventId : 17 , cccrAddr : 188 , cccrVal : 53015e
113 [140628453222080] INFO perfrun.perfcollector <> - DRY_RUN : "reg_type       = 1	event_id       = 18	reg_id         = 189	reg_value      = 15302b1"
113 [140628453222080] INFO perfrun.perfcollector <> - eventId : 18 , cccrAddr : 189 , cccrVal : 15302b1
113 [140628453222080] INFO perfrun.perfcollector <> - DRY_RUN : "ESCR"
113 [140628453222080] INFO perfrun.perfcollector <> - DRY_RUN : "reg_type       = 2	event_id       = g	reg_id         = 1c8	reg_value      = 0"
113 [140628453222080] INFO perfrun.perfcollector <> - eventId : g , ignored
113 [140628453222080] INFO perfrun.perfcollector <> - DRY_RUN : "DATA"
113 [140628453222080] INFO perfrun.perfcollector <> - DRY_RUN : "reg_type       = 4	event_id       = 2	reg_id         = 309	reg_value      = ffffffdce7a0"
113 [140628453222080] INFO perfrun.perfcollector <> - eventId : 2 , dataAddr : 309 , dataVal : ffffffdce7a0
113 [140628453222080] INFO perfrun.perfcollector <> - DRY_RUN : "reg_type       = 4	event_id       = 0	reg_id         = 30a	reg_value      = ffffffdce7a0"
113 [140628453222080] INFO perfrun.perfcollector <> - eventId : 0 , dataAddr : 30a , dataVal : ffffffdce7a0
113 [140628453222080] INFO perfrun.perfcollector <> - DRY_RUN : "reg_type       = 4	event_id       = 1	reg_id         = 30b	reg_value      = ffffffdce7a0"
113 [140628453222080] INFO perfrun.perfcollector <> - eventId : 1 , dataAddr : 30b , dataVal : ffffffdce7a0
113 [140628453222080] INFO perfrun.perfcollector <> - DRY_RUN : "reg_type       = 4	event_id       = 15	reg_id         = c1	reg_value      = ffffffe17b7d"
113 [140628453222080] INFO perfrun.perfcollector <> - eventId : 15 , dataAddr : c1 , dataVal : ffffffe17b7d
113 [140628453222080] INFO perfrun.perfcollector <> - DRY_RUN : "reg_type       = 4	event_id       = 16	reg_id         = c2	reg_value      = ffffffe17b7d"
113 [140628453222080] INFO perfrun.perfcollector <> - eventId : 16 , dataAddr : c2 , dataVal : ffffffe17b7d
113 [140628453222080] INFO perfrun.perfcollector <> - DRY_RUN : "reg_type       = 4	event_id       = 17	reg_id         = c3	reg_value      = ffffffe17b7d"
113 [140628453222080] INFO perfrun.perfcollector <> - eventId : 17 , dataAddr : c3 , dataVal : ffffffe17b7d
113 [140628453222080] INFO perfrun.perfcollector <> - DRY_RUN : "reg_type       = 4	event_id       = 18	reg_id         = c4	reg_value      = ffffffe17b7d"
113 [140628453222080] INFO perfrun.perfcollector <> - eventId : 18 , dataAddr : c4 , dataVal : ffffffe17b7d
113 [140628453222080] INFO perfrun.perfcollector <> - DRY_RUN : "Group 4:"
113 [140628453222080] INFO perfrun.perfcollector <> - id : 4
113 [140628453222080] INFO perfrun.perfcollector <> - DRY_RUN : "INST_RETIRED.ANY: event id 2"
113 [140628453222080] INFO perfrun.perfcollector <> - eventName : INST_RETIRED.ANY , eventId : 2
113 [140628453222080] INFO perfrun.perfcollector <> - DRY_RUN : "CPU_CLK_UNHALTED.THREAD: event id 0"
113 [140628453222080] INFO perfrun.perfcollector <> - eventName : CPU_CLK_UNHALTED.THREAD , eventId : 0
113 [140628453222080] INFO perfrun.perfcollector <> - DRY_RUN : "CPU_CLK_UNHALTED.REF_TSC: event id 1"
113 [140628453222080] INFO perfrun.perfcollector <> - eventName : CPU_CLK_UNHALTED.REF_TSC , eventId : 1
113 [140628453222080] INFO perfrun.perfcollector <> - DRY_RUN : "UOPS_EXECUTED.CORE:cmask=2: event id 19"
113 [140628453222080] INFO perfrun.perfcollector <> - eventName : UOPS_EXECUTED.CORE:cmask=2 , eventId : 19
113 [140628453222080] INFO perfrun.perfcollector <> - DRY_RUN : "UOPS_EXECUTED.CORE:cmask=3: event id 20"
113 [140628453222080] INFO perfrun.perfcollector <> - eventName : UOPS_EXECUTED.CORE:cmask=3 , eventId : 20
113 [140628453222080] INFO perfrun.perfcollector <> - DRY_RUN : "UOPS_ISSUED.ANY: event id 21"
113 [140628453222080] INFO perfrun.perfcollector <> - eventName : UOPS_ISSUED.ANY , eventId : 21
113 [140628453222080] INFO perfrun.perfcollector <> - DRY_RUN : "IDQ_UOPS_NOT_DELIVERED.CYCLES_0_UOPS_DELIV.CORE: event id 22"
113 [140628453222080] INFO perfrun.perfcollector <> - eventName : IDQ_UOPS_NOT_DELIVERED.CYCLES_0_UOPS_DELIV.CORE , eventId : 22
113 [140628453222080] INFO perfrun.perfcollector <> - DRY_RUN : "CCCR"
113 [140628453222080] INFO perfrun.perfcollector <> - DRY_RUN : "reg_type       = 1	event_id       = g	reg_id         = 38f	reg_value      = 70000000f"
113 [140628453222080] INFO perfrun.perfcollector <> - eventId : g , ignored
113 [140628453222080] INFO perfrun.perfcollector <> - DRY_RUN : "reg_type       = 1	event_id       = g	reg_id         = 390	reg_value      = 70000000f"
113 [140628453222080] INFO perfrun.perfcollector <> - eventId : g , ignored
113 [140628453222080] INFO perfrun.perfcollector <> - DRY_RUN : "reg_type       = 1	event_id       = g	reg_id         = 3f1	reg_value      = 0"
113 [140628453222080] INFO perfrun.perfcollector <> - eventId : g , ignored
113 [140628453222080] INFO perfrun.perfcollector <> - DRY_RUN : "reg_type       = 1	event_id       = g	reg_id         = 1d9	reg_value      = 1800"
113 [140628453222080] INFO perfrun.perfcollector <> - eventId : g , ignored
113 [140628453222080] INFO perfrun.perfcollector <> - DRY_RUN : "reg_type       = 1	event_id       = g	reg_id         = 38d	reg_value      = bbb"
113 [140628453222080] INFO perfrun.perfcollector <> - eventId : g , ignored
113 [140628453222080] INFO perfrun.perfcollector <> - DRY_RUN : "reg_type       = 1	event_id       = 19	reg_id         = 186	reg_value      = 25302b1"
113 [140628453222080] INFO perfrun.perfcollector <> - eventId : 19 , cccrAddr : 186 , cccrVal : 25302b1
113 [140628453222080] INFO perfrun.perfcollector <> - DRY_RUN : "reg_type       = 1	event_id       = 20	reg_id         = 187	reg_value      = 35302b1"
113 [140628453222080] INFO perfrun.perfcollector <> - eventId : 20 , cccrAddr : 187 , cccrVal : 35302b1
113 [140628453222080] INFO perfrun.perfcollector <> - DRY_RUN : "reg_type       = 1	event_id       = 21	reg_id         = 188	reg_value      = 53010e"
113 [140628453222080] INFO perfrun.perfcollector <> - eventId : 21 , cccrAddr : 188 , cccrVal : 53010e
113 [140628453222080] INFO perfrun.perfcollector <> - DRY_RUN : "reg_type       = 1	event_id       = 22	reg_id         = 189	reg_value      = 453019c"
113 [140628453222080] INFO perfrun.perfcollector <> - eventId : 22 , cccrAddr : 189 , cccrVal : 453019c
113 [140628453222080] INFO perfrun.perfcollector <> - DRY_RUN : "ESCR"
113 [140628453222080] INFO perfrun.perfcollector <> - DRY_RUN : "reg_type       = 2	event_id       = g	reg_id         = 1c8	reg_value      = 0"
113 [140628453222080] INFO perfrun.perfcollector <> - eventId : g , ignored
113 [140628453222080] INFO perfrun.perfcollector <> - DRY_RUN : "DATA"
113 [140628453222080] INFO perfrun.perfcollector <> - DRY_RUN : "reg_type       = 4	event_id       = 2	reg_id         = 309	reg_value      = ffffffdce7a0"
113 [140628453222080] INFO perfrun.perfcollector <> - eventId : 2 , dataAddr : 309 , dataVal : ffffffdce7a0
113 [140628453222080] INFO perfrun.perfcollector <> - DRY_RUN : "reg_type       = 4	event_id       = 0	reg_id         = 30a	reg_value      = ffffffdce7a0"
113 [140628453222080] INFO perfrun.perfcollector <> - eventId : 0 , dataAddr : 30a , dataVal : ffffffdce7a0
113 [140628453222080] INFO perfrun.perfcollector <> - DRY_RUN : "reg_type       = 4	event_id       = 1	reg_id         = 30b	reg_value      = ffffffdce7a0"
113 [140628453222080] INFO perfrun.perfcollector <> - eventId : 1 , dataAddr : 30b , dataVal : ffffffdce7a0
113 [140628453222080] INFO perfrun.perfcollector <> - DRY_RUN : "reg_type       = 4	event_id       = 19	reg_id         = c1	reg_value      = ffffffe17b7d"
113 [140628453222080] INFO perfrun.perfcollector <> - eventId : 19 , dataAddr : c1 , dataVal : ffffffe17b7d
113 [140628453222080] INFO perfrun.perfcollector <> - DRY_RUN : "reg_type       = 4	event_id       = 20	reg_id         = c2	reg_value      = ffffffe17b7d"
113 [140628453222080] INFO perfrun.perfcollector <> - eventId : 20 , dataAddr : c2 , dataVal : ffffffe17b7d
113 [140628453222080] INFO perfrun.perfcollector <> - DRY_RUN : "reg_type       = 4	event_id       = 21	reg_id         = c3	reg_value      = ffffffe17b7d"
113 [140628453222080] INFO perfrun.perfcollector <> - eventId : 21 , dataAddr : c3 , dataVal : ffffffe17b7d
113 [140628453222080] INFO perfrun.perfcollector <> - DRY_RUN : "reg_type       = 4	event_id       = 22	reg_id         = c4	reg_value      = ffffffe17b7d"
113 [140628453222080] INFO perfrun.perfcollector <> - eventId : 22 , dataAddr : c4 , dataVal : ffffffe17b7d
113 [140628453222080] INFO perfrun.perfcollector <> - DRY_RUN : "Group 5:"
113 [140628453222080] INFO perfrun.perfcollector <> - id : 5
113 [140628453222080] INFO perfrun.perfcollector <> - DRY_RUN : "INST_RETIRED.ANY: event id 2"
113 [140628453222080] INFO perfrun.perfcollector <> - eventName : INST_RETIRED.ANY , eventId : 2
113 [140628453222080] INFO perfrun.perfcollector <> - DRY_RUN : "CPU_CLK_UNHALTED.THREAD: event id 0"
113 [140628453222080] INFO perfrun.perfcollector <> - eventName : CPU_CLK_UNHALTED.THREAD , eventId : 0
113 [140628453222080] INFO perfrun.perfcollector <> - DRY_RUN : "CPU_CLK_UNHALTED.REF_TSC: event id 1"
113 [140628453222080] INFO perfrun.perfcollector <> - eventName : CPU_CLK_UNHALTED.REF_TSC , eventId : 1
113 [140628453222080] INFO perfrun.perfcollector <> - DRY_RUN : "MEM_UOPS_RETIRED.ALL_LOADS_PS: event id 23"
113 [140628453222080] INFO perfrun.perfcollector <> - eventName : MEM_UOPS_RETIRED.ALL_LOADS_PS , eventId : 23
113 [140628453222080] INFO perfrun.perfcollector <> - DRY_RUN : "MEM_UOPS_RETIRED.ALL_STORES_PS: event id 24"
113 [140628453222080] INFO perfrun.perfcollector <> - eventName : MEM_UOPS_RETIRED.ALL_STORES_PS , eventId : 24
113 [140628453222080] INFO perfrun.perfcollector <> - DRY_RUN : "MEM_LOAD_UOPS_L3_MISS_RETIRED.LOCAL_DRAM_PS: event id 25"
113 [140628453222080] INFO perfrun.perfcollector <> - eventName : MEM_LOAD_UOPS_L3_MISS_RETIRED.LOCAL_DRAM_PS , eventId : 25
113 [140628453222080] INFO perfrun.perfcollector <> - DRY_RUN : "MEM_LOAD_UOPS_L3_MISS_RETIRED.REMOTE_DRAM_PS: event id 26"
113 [140628453222080] INFO perfrun.perfcollector <> - eventName : MEM_LOAD_UOPS_L3_MISS_RETIRED.REMOTE_DRAM_PS , eventId : 26
113 [140628453222080] INFO perfrun.perfcollector <> - DRY_RUN : "CCCR"
113 [140628453222080] INFO perfrun.perfcollector <> - DRY_RUN : "reg_type       = 1	event_id       = g	reg_id         = 38f	reg_value      = 70000000f"
113 [140628453222080] INFO perfrun.perfcollector <> - eventId : g , ignored
113 [140628453222080] INFO perfrun.perfcollector <> - DRY_RUN : "reg_type       = 1	event_id       = g	reg_id         = 390	reg_value      = 70000000f"
113 [140628453222080] INFO perfrun.perfcollector <> - eventId : g , ignored
113 [140628453222080] INFO perfrun.perfcollector <> - DRY_RUN : "reg_type       = 1	event_id       = g	reg_id         = 3f1	reg_value      = f0000000f"
113 [140628453222080] INFO perfrun.perfcollector <> - eventId : g , ignored
113 [140628453222080] INFO perfrun.perfcollector <> - DRY_RUN : "reg_type       = 1	event_id       = g	reg_id         = 1d9	reg_value      = 1800"
113 [140628453222080] INFO perfrun.perfcollector <> - eventId : g , ignored
113 [140628453222080] INFO perfrun.perfcollector <> - DRY_RUN : "reg_type       = 1	event_id       = g	reg_id         = 38d	reg_value      = bbb"
113 [140628453222080] INFO perfrun.perfcollector <> - eventId : g , ignored
113 [140628453222080] INFO perfrun.perfcollector <> - DRY_RUN : "reg_type       = 1	event_id       = 23	reg_id         = 186	reg_value      = 4381d0"
113 [140628453222080] INFO perfrun.perfcollector <> - eventId : 23 , cccrAddr : 186 , cccrVal : 4381d0
113 [140628453222080] INFO perfrun.perfcollector <> - DRY_RUN : "reg_type       = 1	event_id       = 24	reg_id         = 187	reg_value      = 4382d0"
113 [140628453222080] INFO perfrun.perfcollector <> - eventId : 24 , cccrAddr : 187 , cccrVal : 4382d0
113 [140628453222080] INFO perfrun.perfcollector <> - DRY_RUN : "reg_type       = 1	event_id       = 25	reg_id         = 188	reg_value      = 4301d3"
113 [140628453222080] INFO perfrun.perfcollector <> - eventId : 25 , cccrAddr : 188 , cccrVal : 4301d3
113 [140628453222080] INFO perfrun.perfcollector <> - DRY_RUN : "reg_type       = 1	event_id       = 26	reg_id         = 189	reg_value      = 4304d3"
113 [140628453222080] INFO perfrun.perfcollector <> - eventId : 26 , cccrAddr : 189 , cccrVal : 4304d3
113 [140628453222080] INFO perfrun.perfcollector <> - DRY_RUN : "ESCR"
113 [140628453222080] INFO perfrun.perfcollector <> - DRY_RUN : "reg_type       = 2	event_id       = g	reg_id         = 1c8	reg_value      = 0"
113 [140628453222080] INFO perfrun.perfcollector <> - eventId : g , ignored
113 [140628453222080] INFO perfrun.perfcollector <> - DRY_RUN : "DATA"
113 [140628453222080] INFO perfrun.perfcollector <> - DRY_RUN : "reg_type       = 4	event_id       = 2	reg_id         = 309	reg_value      = ffffffdce7a0"
113 [140628453222080] INFO perfrun.perfcollector <> - eventId : 2 , dataAddr : 309 , dataVal : ffffffdce7a0
113 [140628453222080] INFO perfrun.perfcollector <> - DRY_RUN : "reg_type       = 4	event_id       = 0	reg_id         = 30a	reg_value      = ffffffdce7a0"
113 [140628453222080] INFO perfrun.perfcollector <> - eventId : 0 , dataAddr : 30a , dataVal : ffffffdce7a0
113 [140628453222080] INFO perfrun.perfcollector <> - DRY_RUN : "reg_type       = 4	event_id       = 1	reg_id         = 30b	reg_value      = ffffffdce7a0"
113 [140628453222080] INFO perfrun.perfcollector <> - eventId : 1 , dataAddr : 30b , dataVal : ffffffdce7a0
113 [140628453222080] INFO perfrun.perfcollector <> - DRY_RUN : "reg_type       = 4	event_id       = 23	reg_id         = c1	reg_value      = fffffffe795d"
113 [140628453222080] INFO perfrun.perfcollector <> - eventId : 23 , dataAddr : c1 , dataVal : fffffffe795d
113 [140628453222080] INFO perfrun.perfcollector <> - DRY_RUN : "reg_type       = 4	event_id       = 24	reg_id         = c2	reg_value      = fffffffe795d"
113 [140628453222080] INFO perfrun.perfcollector <> - eventId : 24 , dataAddr : c2 , dataVal : fffffffe795d
113 [140628453222080] INFO perfrun.perfcollector <> - DRY_RUN : "reg_type       = 4	event_id       = 25	reg_id         = c3	reg_value      = fffffffe795d"
113 [140628453222080] INFO perfrun.perfcollector <> - eventId : 25 , dataAddr : c3 , dataVal : fffffffe795d
113 [140628453222080] INFO perfrun.perfcollector <> - DRY_RUN : "reg_type       = 4	event_id       = 26	reg_id         = c4	reg_value      = fffffffe795d"
113 [140628453222080] INFO perfrun.perfcollector <> - eventId : 26 , dataAddr : c4 , dataVal : fffffffe795d
113 [140628453222080] INFO perfrun.perfcollector <> - DRY_RUN : "Group 6:"
113 [140628453222080] INFO perfrun.perfcollector <> - id : 6
113 [140628453222080] INFO perfrun.perfcollector <> - DRY_RUN : "INST_RETIRED.ANY: event id 2"
113 [140628453222080] INFO perfrun.perfcollector <> - eventName : INST_RETIRED.ANY , eventId : 2
113 [140628453222080] INFO perfrun.perfcollector <> - DRY_RUN : "CPU_CLK_UNHALTED.THREAD: event id 0"
113 [140628453222080] INFO perfrun.perfcollector <> - eventName : CPU_CLK_UNHALTED.THREAD , eventId : 0
113 [140628453222080] INFO perfrun.perfcollector <> - DRY_RUN : "CPU_CLK_UNHALTED.REF_TSC: event id 1"
113 [140628453222080] INFO perfrun.perfcollector <> - eventName : CPU_CLK_UNHALTED.REF_TSC , eventId : 1
113 [140628453222080] INFO perfrun.perfcollector <> - DRY_RUN : "MEM_LOAD_UOPS_L3_MISS_RETIRED.REMOTE_HITM_PS: event id 27"
113 [140628453222080] INFO perfrun.perfcollector <> - eventName : MEM_LOAD_UOPS_L3_MISS_RETIRED.REMOTE_HITM_PS , eventId : 27
113 [140628453222080] INFO perfrun.perfcollector <> - DRY_RUN : "MEM_LOAD_UOPS_L3_MISS_RETIRED.REMOTE_FWD_PS: event id 28"
113 [140628453222080] INFO perfrun.perfcollector <> - eventName : MEM_LOAD_UOPS_L3_MISS_RETIRED.REMOTE_FWD_PS , eventId : 28
113 [140628453222080] INFO perfrun.perfcollector <> - DRY_RUN : "CCCR"
113 [140628453222080] INFO perfrun.perfcollector <> - DRY_RUN : "reg_type       = 1	event_id       = g	reg_id         = 38f	reg_value      = 700000003"
113 [140628453222080] INFO perfrun.perfcollector <> - eventId : g , ignored
113 [140628453222080] INFO perfrun.perfcollector <> - DRY_RUN : "reg_type       = 1	event_id       = g	reg_id         = 390	reg_value      = 700000003"
113 [140628453222080] INFO perfrun.perfcollector <> - eventId : g , ignored
113 [140628453222080] INFO perfrun.perfcollector <> - DRY_RUN : "reg_type       = 1	event_id       = g	reg_id         = 3f1	reg_value      = 300000003"
113 [140628453222080] INFO perfrun.perfcollector <> - eventId : g , ignored
113 [140628453222080] INFO perfrun.perfcollector <> - DRY_RUN : "reg_type       = 1	event_id       = g	reg_id         = 1d9	reg_value      = 1800"
113 [140628453222080] INFO perfrun.perfcollector <> - eventId : g , ignored
113 [140628453222080] INFO perfrun.perfcollector <> - DRY_RUN : "reg_type       = 1	event_id       = g	reg_id         = 38d	reg_value      = bbb"
113 [140628453222080] INFO perfrun.perfcollector <> - eventId : g , ignored
113 [140628453222080] INFO perfrun.perfcollector <> - DRY_RUN : "reg_type       = 1	event_id       = 27	reg_id         = 186	reg_value      = 4310d3"
113 [140628453222080] INFO perfrun.perfcollector <> - eventId : 27 , cccrAddr : 186 , cccrVal : 4310d3
113 [140628453222080] INFO perfrun.perfcollector <> - DRY_RUN : "reg_type       = 1	event_id       = 28	reg_id         = 187	reg_value      = 4320d3"
114 [140628453222080] INFO perfrun.perfcollector <> - eventId : 28 , cccrAddr : 187 , cccrVal : 4320d3
114 [140628453222080] INFO perfrun.perfcollector <> - DRY_RUN : "ESCR"
114 [140628453222080] INFO perfrun.perfcollector <> - DRY_RUN : "reg_type       = 2	event_id       = g	reg_id         = 1c8	reg_value      = 0"
114 [140628453222080] INFO perfrun.perfcollector <> - eventId : g , ignored
114 [140628453222080] INFO perfrun.perfcollector <> - DRY_RUN : "DATA"
114 [140628453222080] INFO perfrun.perfcollector <> - DRY_RUN : "reg_type       = 4	event_id       = 2	reg_id         = 309	reg_value      = ffffffdce7a0"
114 [140628453222080] INFO perfrun.perfcollector <> - eventId : 2 , dataAddr : 309 , dataVal : ffffffdce7a0
114 [140628453222080] INFO perfrun.perfcollector <> - DRY_RUN : "reg_type       = 4	event_id       = 0	reg_id         = 30a	reg_value      = ffffffdce7a0"
114 [140628453222080] INFO perfrun.perfcollector <> - eventId : 0 , dataAddr : 30a , dataVal : ffffffdce7a0
114 [140628453222080] INFO perfrun.perfcollector <> - DRY_RUN : "reg_type       = 4	event_id       = 1	reg_id         = 30b	reg_value      = ffffffdce7a0"
114 [140628453222080] INFO perfrun.perfcollector <> - eventId : 1 , dataAddr : 30b , dataVal : ffffffdce7a0
114 [140628453222080] INFO perfrun.perfcollector <> - DRY_RUN : "reg_type       = 4	event_id       = 27	reg_id         = c1	reg_value      = fffffffe795d"
114 [140628453222080] INFO perfrun.perfcollector <> - eventId : 27 , dataAddr : c1 , dataVal : fffffffe795d
114 [140628453222080] INFO perfrun.perfcollector <> - DRY_RUN : "reg_type       = 4	event_id       = 28	reg_id         = c2	reg_value      = fffffffe795d"
114 [140628453222080] INFO perfrun.perfcollector <> - eventId : 28 , dataAddr : c2 , dataVal : fffffffe795d
114 [140628453222080] INFO perfrun.perfcollector <> - DRY_RUN : "PMU type: Uncore (imc)"
121 [140628453222080] INFO perfrun.perfcollector <> - pmu type : uncore_imc
121 [140628453222080] INFO perfrun.perfcollector <> - DRY_RUN : "Number of units: 8"
121 [140628453222080] INFO perfrun.perfcollector <> - id : 8
121 [140628453222080] INFO perfrun.perfcollector <> - DRY_RUN : "Group 0:"
121 [140628453222080] INFO perfrun.perfcollector <> - id : 0
121 [140628453222080] INFO perfrun.perfcollector <> - DRY_RUN : "UNC_M_CAS_COUNT.RD: event id 29"
121 [140628453222080] INFO perfrun.perfcollector <> - eventName : UNC_M_CAS_COUNT.RD , eventId : 29
121 [140628453222080] INFO perfrun.perfcollector <> - DRY_RUN : "UNC_M_CAS_COUNT.WR: event id 30"
121 [140628453222080] INFO perfrun.perfcollector <> - eventName : UNC_M_CAS_COUNT.WR , eventId : 30
121 [140628453222080] INFO perfrun.perfcollector <> - DRY_RUN : "CCCR"
121 [140628453222080] INFO perfrun.perfcollector <> - DRY_RUN : "idx = 0	reg_type       = 1	event_id = 30	reg_id         = 700	reg_value      = 80000000	bar_index      = 0"
121 [140628453222080] INFO perfrun.perfcollector <> - eventId : 30 , cccrAddr : 700 , cccrVal : 80000000
121 [140628453222080] INFO perfrun.perfcollector <> - DRY_RUN : "idx = 2	reg_type       = 5	event_id = 29	reg_id         = d8	reg_value      = 400304	bar_index      = 0"
121 [140628453222080] INFO perfrun.perfcollector <> - eventId : 29 , cccrAddr : d8 , cccrVal : 400304
121 [140628453222080] INFO perfrun.perfcollector <> - DRY_RUN : "idx = 3	reg_type       = 5	event_id = 30	reg_id         = dc	reg_value      = 400c04	bar_index      = 0"
121 [140628453222080] INFO perfrun.perfcollector <> - eventId : 30 , cccrAddr : dc , cccrVal : 400c04
121 [140628453222080] INFO perfrun.perfcollector <> - DRY_RUN : "idx = 6	reg_type       = 2	event_id = g	reg_id         = f4	reg_value      = 0	bar_index      = 0"
121 [140628453222080] INFO perfrun.perfcollector <> - eventId : g , ignored
121 [140628453222080] INFO perfrun.perfcollector <> - DRY_RUN : "idx = 8	reg_type       = 5	event_id = 29	reg_id         = d8	reg_value      = 400304	bar_index      = 0"
121 [140628453222080] INFO perfrun.perfcollector <> - eventId : 29 , cccrAddr : d8 , cccrVal : 400304
121 [140628453222080] INFO perfrun.perfcollector <> - DRY_RUN : "idx = 9	reg_type       = 5	event_id = 30	reg_id         = dc	reg_value      = 400c04	bar_index      = 0"
121 [140628453222080] INFO perfrun.perfcollector <> - eventId : 30 , cccrAddr : dc , cccrVal : 400c04
121 [140628453222080] INFO perfrun.perfcollector <> - DRY_RUN : "idx = 12	reg_type       = 2	event_id = g	reg_id         = f4	reg_value      = 0	bar_index      = 0"
121 [140628453222080] INFO perfrun.perfcollector <> - eventId : g , ignored
121 [140628453222080] INFO perfrun.perfcollector <> - DRY_RUN : "idx = 14	reg_type       = 5	event_id = 29	reg_id         = d8	reg_value      = 400304	bar_index      = 0"
121 [140628453222080] INFO perfrun.perfcollector <> - eventId : 29 , cccrAddr : d8 , cccrVal : 400304
121 [140628453222080] INFO perfrun.perfcollector <> - DRY_RUN : "idx = 15	reg_type       = 5	event_id = 30	reg_id         = dc	reg_value      = 400c04	bar_index      = 0"
121 [140628453222080] INFO perfrun.perfcollector <> - eventId : 30 , cccrAddr : dc , cccrVal : 400c04
121 [140628453222080] INFO perfrun.perfcollector <> - DRY_RUN : "idx = 18	reg_type       = 2	event_id = g	reg_id         = f4	reg_value      = 0	bar_index      = 0"
121 [140628453222080] INFO perfrun.perfcollector <> - eventId : g , ignored
121 [140628453222080] INFO perfrun.perfcollector <> - DRY_RUN : "idx = 20	reg_type       = 5	event_id = 29	reg_id         = d8	reg_value      = 400304	bar_index      = 0"
121 [140628453222080] INFO perfrun.perfcollector <> - eventId : 29 , cccrAddr : d8 , cccrVal : 400304
121 [140628453222080] INFO perfrun.perfcollector <> - DRY_RUN : "idx = 21	reg_type       = 5	event_id = 30	reg_id         = dc	reg_value      = 400c04	bar_index      = 0"
121 [140628453222080] INFO perfrun.perfcollector <> - eventId : 30 , cccrAddr : dc , cccrVal : 400c04
121 [140628453222080] INFO perfrun.perfcollector <> - DRY_RUN : "idx = 24	reg_type       = 2	event_id = g	reg_id         = f4	reg_value      = 0	bar_index      = 0"
121 [140628453222080] INFO perfrun.perfcollector <> - eventId : g , ignored
121 [140628453222080] INFO perfrun.perfcollector <> - DRY_RUN : "idx = 26	reg_type       = 5	event_id = 29	reg_id         = d8	reg_value      = 400304	bar_index      = 0"
121 [140628453222080] INFO perfrun.perfcollector <> - eventId : 29 , cccrAddr : d8 , cccrVal : 400304
121 [140628453222080] INFO perfrun.perfcollector <> - DRY_RUN : "idx = 27	reg_type       = 5	event_id = 30	reg_id         = dc	reg_value      = 400c04	bar_index      = 0"
121 [140628453222080] INFO perfrun.perfcollector <> - eventId : 30 , cccrAddr : dc , cccrVal : 400c04
121 [140628453222080] INFO perfrun.perfcollector <> - DRY_RUN : "idx = 30	reg_type       = 2	event_id = g	reg_id         = f4	reg_value      = 0	bar_index      = 0"
121 [140628453222080] INFO perfrun.perfcollector <> - eventId : g , ignored
121 [140628453222080] INFO perfrun.perfcollector <> - DRY_RUN : "idx = 32	reg_type       = 5	event_id = 29	reg_id         = d8	reg_value      = 400304	bar_index      = 0"
121 [140628453222080] INFO perfrun.perfcollector <> - eventId : 29 , cccrAddr : d8 , cccrVal : 400304
121 [140628453222080] INFO perfrun.perfcollector <> - DRY_RUN : "idx = 33	reg_type       = 5	event_id = 30	reg_id         = dc	reg_value      = 400c04	bar_index      = 0"
121 [140628453222080] INFO perfrun.perfcollector <> - eventId : 30 , cccrAddr : dc , cccrVal : 400c04
121 [140628453222080] INFO perfrun.perfcollector <> - DRY_RUN : "idx = 36	reg_type       = 2	event_id = g	reg_id         = f4	reg_value      = 0	bar_index      = 0"
121 [140628453222080] INFO perfrun.perfcollector <> - eventId : g , ignored
121 [140628453222080] INFO perfrun.perfcollector <> - DRY_RUN : "idx = 38	reg_type       = 5	event_id = 29	reg_id         = d8	reg_value      = 400304	bar_index      = 0"
121 [140628453222080] INFO perfrun.perfcollector <> - eventId : 29 , cccrAddr : d8 , cccrVal : 400304
121 [140628453222080] INFO perfrun.perfcollector <> - DRY_RUN : "idx = 39	reg_type       = 5	event_id = 30	reg_id         = dc	reg_value      = 400c04	bar_index      = 0"
121 [140628453222080] INFO perfrun.perfcollector <> - eventId : 30 , cccrAddr : dc , cccrVal : 400c04
121 [140628453222080] INFO perfrun.perfcollector <> - DRY_RUN : "idx = 42	reg_type       = 2	event_id = g	reg_id         = f4	reg_value      = 0	bar_index      = 0"
121 [140628453222080] INFO perfrun.perfcollector <> - eventId : g , ignored
121 [140628453222080] INFO perfrun.perfcollector <> - DRY_RUN : "idx = 44	reg_type       = 5	event_id = 29	reg_id         = d8	reg_value      = 400304	bar_index      = 0"
121 [140628453222080] INFO perfrun.perfcollector <> - eventId : 29 , cccrAddr : d8 , cccrVal : 400304
121 [140628453222080] INFO perfrun.perfcollector <> - DRY_RUN : "idx = 45	reg_type       = 5	event_id = 30	reg_id         = dc	reg_value      = 400c04	bar_index      = 0"
121 [140628453222080] INFO perfrun.perfcollector <> - eventId : 30 , cccrAddr : dc , cccrVal : 400c04
121 [140628453222080] INFO perfrun.perfcollector <> - DRY_RUN : "idx = 48	reg_type       = 2	event_id = g	reg_id         = f4	reg_value      = 0	bar_index      = 0"
121 [140628453222080] INFO perfrun.perfcollector <> - eventId : g , ignored
121 [140628453222080] INFO perfrun.perfcollector <> - DRY_RUN : "ESCR"
121 [140628453222080] INFO perfrun.perfcollector <> - DRY_RUN : "DATA"
121 [140628453222080] INFO perfrun.perfcollector <> - DRY_RUN : "idx = 50	reg_type       = 4	event_id       = 29	reg_id         = a0	reg_value      = 0	pci reg_id  offset    = 0xa0	pci reg id  data_size = 0	bar_index      = 0"
121 [140628453222080] INFO perfrun.perfcollector <> - eventId : 29 , dataAddr : a0 , dataVal : 0
121 [140628453222080] INFO perfrun.perfcollector <> - DRY_RUN : "idx = 51	reg_type       = 4	event_id       = 30	reg_id         = a8	reg_value      = 0	pci reg_id  offset    = 0xa8	pci reg id  data_size = 0	bar_index      = 0"
121 [140628453222080] INFO perfrun.perfcollector <> - eventId : 30 , dataAddr : a8 , dataVal : 0
121 [140628453222080] INFO perfrun.perfcollector <> - DRY_RUN : "idx = 55	reg_type       = 4	event_id       = 29	reg_id         = a0	reg_value      = 0	pci reg_id  offset    = 0xa0	pci reg id  data_size = 0	bar_index      = 0"
121 [140628453222080] INFO perfrun.perfcollector <> - eventId : 29 , dataAddr : a0 , dataVal : 0
121 [140628453222080] INFO perfrun.perfcollector <> - DRY_RUN : "idx = 56	reg_type       = 4	event_id       = 30	reg_id         = a8	reg_value      = 0	pci reg_id  offset    = 0xa8	pci reg id  data_size = 0	bar_index      = 0"
121 [140628453222080] INFO perfrun.perfcollector <> - eventId : 30 , dataAddr : a8 , dataVal : 0
121 [140628453222080] INFO perfrun.perfcollector <> - DRY_RUN : "idx = 60	reg_type       = 4	event_id       = 29	reg_id         = a0	reg_value      = 0	pci reg_id  offset    = 0xa0	pci reg id  data_size = 0	bar_index      = 0"
121 [140628453222080] INFO perfrun.perfcollector <> - eventId : 29 , dataAddr : a0 , dataVal : 0
121 [140628453222080] INFO perfrun.perfcollector <> - DRY_RUN : "idx = 61	reg_type       = 4	event_id       = 30	reg_id         = a8	reg_value      = 0	pci reg_id  offset    = 0xa8	pci reg id  data_size = 0	bar_index      = 0"
121 [140628453222080] INFO perfrun.perfcollector <> - eventId : 30 , dataAddr : a8 , dataVal : 0
121 [140628453222080] INFO perfrun.perfcollector <> - DRY_RUN : "idx = 65	reg_type       = 4	event_id       = 29	reg_id         = a0	reg_value      = 0	pci reg_id  offset    = 0xa0	pci reg id  data_size = 0	bar_index      = 0"
121 [140628453222080] INFO perfrun.perfcollector <> - eventId : 29 , dataAddr : a0 , dataVal : 0
121 [140628453222080] INFO perfrun.perfcollector <> - DRY_RUN : "idx = 66	reg_type       = 4	event_id       = 30	reg_id         = a8	reg_value      = 0	pci reg_id  offset    = 0xa8	pci reg id  data_size = 0	bar_index      = 0"
121 [140628453222080] INFO perfrun.perfcollector <> - eventId : 30 , dataAddr : a8 , dataVal : 0
121 [140628453222080] INFO perfrun.perfcollector <> - DRY_RUN : "idx = 70	reg_type       = 4	event_id       = 29	reg_id         = a0	reg_value      = 0	pci reg_id  offset    = 0xa0	pci reg id  data_size = 0	bar_index      = 0"
121 [140628453222080] INFO perfrun.perfcollector <> - eventId : 29 , dataAddr : a0 , dataVal : 0
121 [140628453222080] INFO perfrun.perfcollector <> - DRY_RUN : "idx = 71	reg_type       = 4	event_id       = 30	reg_id         = a8	reg_value      = 0	pci reg_id  offset    = 0xa8	pci reg id  data_size = 0	bar_index      = 0"
121 [140628453222080] INFO perfrun.perfcollector <> - eventId : 30 , dataAddr : a8 , dataVal : 0
121 [140628453222080] INFO perfrun.perfcollector <> - DRY_RUN : "idx = 75	reg_type       = 4	event_id       = 29	reg_id         = a0	reg_value      = 0	pci reg_id  offset    = 0xa0	pci reg id  data_size = 0	bar_index      = 0"
121 [140628453222080] INFO perfrun.perfcollector <> - eventId : 29 , dataAddr : a0 , dataVal : 0
121 [140628453222080] INFO perfrun.perfcollector <> - DRY_RUN : "idx = 76	reg_type       = 4	event_id       = 30	reg_id         = a8	reg_value      = 0	pci reg_id  offset    = 0xa8	pci reg id  data_size = 0	bar_index      = 0"
121 [140628453222080] INFO perfrun.perfcollector <> - eventId : 30 , dataAddr : a8 , dataVal : 0
121 [140628453222080] INFO perfrun.perfcollector <> - DRY_RUN : "idx = 80	reg_type       = 4	event_id       = 29	reg_id         = a0	reg_value      = 0	pci reg_id  offset    = 0xa0	pci reg id  data_size = 0	bar_index      = 0"
121 [140628453222080] INFO perfrun.perfcollector <> - eventId : 29 , dataAddr : a0 , dataVal : 0
121 [140628453222080] INFO perfrun.perfcollector <> - DRY_RUN : "idx = 81	reg_type       = 4	event_id       = 30	reg_id         = a8	reg_value      = 0	pci reg_id  offset    = 0xa8	pci reg id  data_size = 0	bar_index      = 0"
121 [140628453222080] INFO perfrun.perfcollector <> - eventId : 30 , dataAddr : a8 , dataVal : 0
121 [140628453222080] INFO perfrun.perfcollector <> - DRY_RUN : "idx = 85	reg_type       = 4	event_id       = 29	reg_id         = a0	reg_value      = 0	pci reg_id  offset    = 0xa0	pci reg id  data_size = 0	bar_index      = 0"
121 [140628453222080] INFO perfrun.perfcollector <> - eventId : 29 , dataAddr : a0 , dataVal : 0
121 [140628453222080] INFO perfrun.perfcollector <> - DRY_RUN : "idx = 86	reg_type       = 4	event_id       = 30	reg_id         = a8	reg_value      = 0	pci reg_id  offset    = 0xa8	pci reg id  data_size = 0	bar_index      = 0"
121 [140628453222080] INFO perfrun.perfcollector <> - eventId : 30 , dataAddr : a8 , dataVal : 0
121 [140628453222080] INFO perfrun.perfcollector <> - pmu config : cpu , m_cccrAddr : ffffffff , m_cccrVal : 0 , m_escrAddr : ffffffff , m_escrVal : 0 , m_dataAddr : 30a , m_dataVal : ffffffffffdce7a0
121 [140628453222080] INFO perfrun.perfcollector <> - config : event : 3c
121 [140628453222080] INFO perfrun.perfcollector <> - config : pc : 0
121 [140628453222080] INFO perfrun.perfcollector <> - config : edge : 0
121 [140628453222080] INFO perfrun.perfcollector <> - config : any : 0
121 [140628453222080] INFO perfrun.perfcollector <> - config1 : offcore_rsp : 0
121 [140628453222080] INFO perfrun.perfcollector <> - config1 : ldlat : 0
121 [140628453222080] INFO perfrun.perfcollector <> - config : inv : 0
121 [140628453222080] INFO perfrun.perfcollector <> - config : umask : 0
121 [140628453222080] INFO perfrun.perfcollector <> - config : cmask : 0
121 [140628453222080] INFO perfrun.perfcollector <> - format : cpu/event=0x3c,name='CPU_CLK_UNHALTED.THREAD'/D
121 [140628453222080] INFO perfrun.perfcollector <> - pmu config : cpu , m_cccrAddr : ffffffff , m_cccrVal : 0 , m_escrAddr : ffffffff , m_escrVal : 0 , m_dataAddr : 30b , m_dataVal : ffffffffffdce7a0
121 [140628453222080] INFO perfrun.perfcollector <> - config : event : 0
121 [140628453222080] INFO perfrun.perfcollector <> - config : pc : 0
121 [140628453222080] INFO perfrun.perfcollector <> - config : edge : 0
121 [140628453222080] INFO perfrun.perfcollector <> - config : any : 0
121 [140628453222080] INFO perfrun.perfcollector <> - config1 : offcore_rsp : 0
121 [140628453222080] INFO perfrun.perfcollector <> - config1 : ldlat : 0
121 [140628453222080] INFO perfrun.perfcollector <> - config : inv : 0
121 [140628453222080] INFO perfrun.perfcollector <> - config : umask : 3
121 [140628453222080] INFO perfrun.perfcollector <> - config : cmask : 0
121 [140628453222080] INFO perfrun.perfcollector <> - format : cpu/umask=0x3,name='CPU_CLK_UNHALTED.REF_TSC'/D
121 [140628453222080] INFO perfrun.perfcollector <> - pmu config : cpu , m_cccrAddr : ffffffff , m_cccrVal : 0 , m_escrAddr : ffffffff , m_escrVal : 0 , m_dataAddr : 309 , m_dataVal : ffffffffffdce7a0
121 [140628453222080] INFO perfrun.perfcollector <> - config : event : c0
121 [140628453222080] INFO perfrun.perfcollector <> - config : pc : 0
121 [140628453222080] INFO perfrun.perfcollector <> - config : edge : 0
121 [140628453222080] INFO perfrun.perfcollector <> - config : any : 0
121 [140628453222080] INFO perfrun.perfcollector <> - config1 : offcore_rsp : 0
121 [140628453222080] INFO perfrun.perfcollector <> - config1 : ldlat : 0
121 [140628453222080] INFO perfrun.perfcollector <> - config : inv : 0
121 [140628453222080] INFO perfrun.perfcollector <> - config : umask : 0
121 [140628453222080] INFO perfrun.perfcollector <> - config : cmask : 0
121 [140628453222080] INFO perfrun.perfcollector <> - format : cpu/event=0xc0,name='INST_RETIRED.ANY'/D
121 [140628453222080] INFO perfrun.perfcollector <> - pmu config : cpu , m_cccrAddr : 188 , m_cccrVal : c530ca3 , m_escrAddr : ffffffff , m_escrVal : 0 , m_dataAddr : c3 , m_dataVal : ffffffffffe17b7d
121 [140628453222080] INFO perfrun.perfcollector <> - config : event : a3
121 [140628453222080] INFO perfrun.perfcollector <> - config : pc : 0
121 [140628453222080] INFO perfrun.perfcollector <> - config : edge : 0
121 [140628453222080] INFO perfrun.perfcollector <> - config : any : 0
121 [140628453222080] INFO perfrun.perfcollector <> - config1 : offcore_rsp : 0
121 [140628453222080] INFO perfrun.perfcollector <> - config1 : ldlat : 0
121 [140628453222080] INFO perfrun.perfcollector <> - config : inv : 0
121 [140628453222080] INFO perfrun.perfcollector <> - config : umask : c
121 [140628453222080] INFO perfrun.perfcollector <> - config : cmask : c
121 [140628453222080] INFO perfrun.perfcollector <> - format : cpu/event=0xa3,umask=0xc,cmask=0xc,name='CYCLE_ACTIVITY.STALLS_L1D_PENDING'/
121 [140628453222080] INFO perfrun.perfcollector <> - pmu config : cpu , m_cccrAddr : 186 , m_cccrVal : 53013c , m_escrAddr : ffffffff , m_escrVal : 0 , m_dataAddr : c1 , m_dataVal : fffffffffffe795d
121 [140628453222080] INFO perfrun.perfcollector <> - config : event : 3c
121 [140628453222080] INFO perfrun.perfcollector <> - config : pc : 0
121 [140628453222080] INFO perfrun.perfcollector <> - config : edge : 0
121 [140628453222080] INFO perfrun.perfcollector <> - config : any : 0
121 [140628453222080] INFO perfrun.perfcollector <> - config1 : offcore_rsp : 0
122 [140628453222080] INFO perfrun.perfcollector <> - config1 : ldlat : 0
122 [140628453222080] INFO perfrun.perfcollector <> - config : inv : 0
122 [140628453222080] INFO perfrun.perfcollector <> - config : umask : 1
122 [140628453222080] INFO perfrun.perfcollector <> - config : cmask : 0
122 [140628453222080] INFO perfrun.perfcollector <> - format : cpu/event=0x3c,umask=0x1,name='CPU_CLK_UNHALTED.REF_XCLK'/
122 [140628453222080] INFO perfrun.perfcollector <> - pmu config : cpu , m_cccrAddr : 187 , m_cccrVal : 53023c , m_escrAddr : ffffffff , m_escrVal : 0 , m_dataAddr : c2 , m_dataVal : fffffffffffe795d
122 [140628453222080] INFO perfrun.perfcollector <> - config : event : 3c
122 [140628453222080] INFO perfrun.perfcollector <> - config : pc : 0
122 [140628453222080] INFO perfrun.perfcollector <> - config : edge : 0
122 [140628453222080] INFO perfrun.perfcollector <> - config : any : 0
122 [140628453222080] INFO perfrun.perfcollector <> - config1 : offcore_rsp : 0
122 [140628453222080] INFO perfrun.perfcollector <> - config1 : ldlat : 0
122 [140628453222080] INFO perfrun.perfcollector <> - config : inv : 0
122 [140628453222080] INFO perfrun.perfcollector <> - config : umask : 2
122 [140628453222080] INFO perfrun.perfcollector <> - config : cmask : 0
122 [140628453222080] INFO perfrun.perfcollector <> - format : cpu/event=0x3c,umask=0x2,name='CPU_CLK_UNHALTED.ONE_THREAD_ACTIVE'/
122 [140628453222080] INFO perfrun.perfcollector <> - pmu config : cpu , m_cccrAddr : 189 , m_cccrVal : 5302c2 , m_escrAddr : ffffffff , m_escrVal : 0 , m_dataAddr : c4 , m_dataVal : ffffffffffe17b7d
122 [140628453222080] INFO perfrun.perfcollector <> - config : event : c2
122 [140628453222080] INFO perfrun.perfcollector <> - config : pc : 0
122 [140628453222080] INFO perfrun.perfcollector <> - config : edge : 0
122 [140628453222080] INFO perfrun.perfcollector <> - config : any : 0
122 [140628453222080] INFO perfrun.perfcollector <> - config1 : offcore_rsp : 0
122 [140628453222080] INFO perfrun.perfcollector <> - config1 : ldlat : 0
122 [140628453222080] INFO perfrun.perfcollector <> - config : inv : 0
122 [140628453222080] INFO perfrun.perfcollector <> - config : umask : 2
122 [140628453222080] INFO perfrun.perfcollector <> - config : cmask : 0
122 [140628453222080] INFO perfrun.perfcollector <> - format : cpu/event=0xc2,umask=0x2,name='UOPS_RETIRED.RETIRE_SLOTS'/
122 [140628453222080] INFO perfrun.perfcollector <> - pmu config : cpu , m_cccrAddr : 186 , m_cccrVal : 45304a3 , m_escrAddr : ffffffff , m_escrVal : 0 , m_dataAddr : c1 , m_dataVal : ffffffffffe17b7d
122 [140628453222080] INFO perfrun.perfcollector <> - config : event : a3
122 [140628453222080] INFO perfrun.perfcollector <> - config : pc : 0
122 [140628453222080] INFO perfrun.perfcollector <> - config : edge : 0
122 [140628453222080] INFO perfrun.perfcollector <> - config : any : 0
122 [140628453222080] INFO perfrun.perfcollector <> - config1 : offcore_rsp : 0
122 [140628453222080] INFO perfrun.perfcollector <> - config1 : ldlat : 0
122 [140628453222080] INFO perfrun.perfcollector <> - config : inv : 0
122 [140628453222080] INFO perfrun.perfcollector <> - config : umask : 4
122 [140628453222080] INFO perfrun.perfcollector <> - config : cmask : 4
122 [140628453222080] INFO perfrun.perfcollector <> - format : cpu/event=0xa3,umask=0x4,cmask=0x4,name='CYCLE_ACTIVITY.CYCLES_NO_EXECUTE'/
122 [140628453222080] INFO perfrun.perfcollector <> - pmu config : cpu , m_cccrAddr : 187 , m_cccrVal : 65306a3 , m_escrAddr : ffffffff , m_escrVal : 0 , m_dataAddr : c2 , m_dataVal : ffffffffffe17b7d
122 [140628453222080] INFO perfrun.perfcollector <> - config : event : a3
122 [140628453222080] INFO perfrun.perfcollector <> - config : pc : 0
122 [140628453222080] INFO perfrun.perfcollector <> - config : edge : 0
122 [140628453222080] INFO perfrun.perfcollector <> - config : any : 0
122 [140628453222080] INFO perfrun.perfcollector <> - config1 : offcore_rsp : 0
122 [140628453222080] INFO perfrun.perfcollector <> - config1 : ldlat : 0
122 [140628453222080] INFO perfrun.perfcollector <> - config : inv : 0
122 [140628453222080] INFO perfrun.perfcollector <> - config : umask : 6
122 [140628453222080] INFO perfrun.perfcollector <> - config : cmask : 6
122 [140628453222080] INFO perfrun.perfcollector <> - format : cpu/event=0xa3,umask=0x6,cmask=0x6,name='CYCLE_ACTIVITY.STALLS_LDM_PENDING'/
122 [140628453222080] INFO perfrun.perfcollector <> - pmu config : cpu , m_cccrAddr : 188 , m_cccrVal : 55305a3 , m_escrAddr : ffffffff , m_escrVal : 0 , m_dataAddr : c3 , m_dataVal : ffffffffffe17b7d
122 [140628453222080] INFO perfrun.perfcollector <> - config : event : a3
122 [140628453222080] INFO perfrun.perfcollector <> - config : pc : 0
122 [140628453222080] INFO perfrun.perfcollector <> - config : edge : 0
122 [140628453222080] INFO perfrun.perfcollector <> - config : any : 0
122 [140628453222080] INFO perfrun.perfcollector <> - config1 : offcore_rsp : 0
122 [140628453222080] INFO perfrun.perfcollector <> - config1 : ldlat : 0
122 [140628453222080] INFO perfrun.perfcollector <> - config : inv : 0
122 [140628453222080] INFO perfrun.perfcollector <> - config : umask : 5
122 [140628453222080] INFO perfrun.perfcollector <> - config : cmask : 5
122 [140628453222080] INFO perfrun.perfcollector <> - format : cpu/event=0xa3,umask=0x5,cmask=0x5,name='CYCLE_ACTIVITY.STALLS_L2_PENDING'/
122 [140628453222080] INFO perfrun.perfcollector <> - pmu config : cpu , m_cccrAddr : 189 , m_cccrVal : 53019c , m_escrAddr : ffffffff , m_escrVal : 0 , m_dataAddr : c4 , m_dataVal : ffffffffffe17b7d
122 [140628453222080] INFO perfrun.perfcollector <> - config : event : 9c
122 [140628453222080] INFO perfrun.perfcollector <> - config : pc : 0
122 [140628453222080] INFO perfrun.perfcollector <> - config : edge : 0
122 [140628453222080] INFO perfrun.perfcollector <> - config : any : 0
122 [140628453222080] INFO perfrun.perfcollector <> - config1 : offcore_rsp : 0
122 [140628453222080] INFO perfrun.perfcollector <> - config1 : ldlat : 0
122 [140628453222080] INFO perfrun.perfcollector <> - config : inv : 0
122 [140628453222080] INFO perfrun.perfcollector <> - config : umask : 1
122 [140628453222080] INFO perfrun.perfcollector <> - config : cmask : 0
122 [140628453222080] INFO perfrun.perfcollector <> - format : cpu/event=0x9c,umask=0x1,name='IDQ_UOPS_NOT_DELIVERED.CORE'/
122 [140628453222080] INFO perfrun.perfcollector <> - pmu config : cpu , m_cccrAddr : 186 , m_cccrVal : 153030d , m_escrAddr : ffffffff , m_escrVal : 0 , m_dataAddr : c1 , m_dataVal : ffffffffffe17b7d
122 [140628453222080] INFO perfrun.perfcollector <> - config : event : d
122 [140628453222080] INFO perfrun.perfcollector <> - config : pc : 0
122 [140628453222080] INFO perfrun.perfcollector <> - config : edge : 0
122 [140628453222080] INFO perfrun.perfcollector <> - config : any : 0
122 [140628453222080] INFO perfrun.perfcollector <> - config1 : offcore_rsp : 0
122 [140628453222080] INFO perfrun.perfcollector <> - config1 : ldlat : 0
122 [140628453222080] INFO perfrun.perfcollector <> - config : inv : 0
122 [140628453222080] INFO perfrun.perfcollector <> - config : umask : 3
122 [140628453222080] INFO perfrun.perfcollector <> - config : cmask : 1
122 [140628453222080] INFO perfrun.perfcollector <> - format : cpu/event=0xd,umask=0x3,cmask=0x1,name='INT_MISC.RECOVERY_CYCLES'/
122 [140628453222080] INFO perfrun.perfcollector <> - pmu config : cpu , m_cccrAddr : 187 , m_cccrVal : 4304d1 , m_escrAddr : ffffffff , m_escrVal : 0 , m_dataAddr : c2 , m_dataVal : ffffffffffff3cad
122 [140628453222080] INFO perfrun.perfcollector <> - config : event : d1
122 [140628453222080] INFO perfrun.perfcollector <> - config : pc : 0
122 [140628453222080] INFO perfrun.perfcollector <> - config : edge : 0
122 [140628453222080] INFO perfrun.perfcollector <> - config : any : 0
122 [140628453222080] INFO perfrun.perfcollector <> - config1 : offcore_rsp : 0
122 [140628453222080] INFO perfrun.perfcollector <> - config1 : ldlat : 0
122 [140628453222080] INFO perfrun.perfcollector <> - config : inv : 0
122 [140628453222080] INFO perfrun.perfcollector <> - config : umask : 4
122 [140628453222080] INFO perfrun.perfcollector <> - config : cmask : 0
122 [140628453222080] WARN perfrun.perfcollector <> - precise event : config : 4d1 , [m_cccrVal & impreciseMask(0x100000)] : 0, at file: vcs/perfrun1/plugins/perfcollector/src/event_manager.cpp:292
122 [140628453222080] INFO perfrun.perfcollector <> - format : cpu/event=0xd1,umask=0x4,name='MEM_LOAD_UOPS_RETIRED.L3_HIT_PS'/
122 [140628453222080] INFO perfrun.perfcollector <> - pmu config : cpu , m_cccrAddr : 188 , m_cccrVal : 4320d1 , m_escrAddr : ffffffff , m_escrVal : 0 , m_dataAddr : c3 , m_dataVal : ffffffffffff3cad
122 [140628453222080] INFO perfrun.perfcollector <> - config : event : d1
122 [140628453222080] INFO perfrun.perfcollector <> - config : pc : 0
122 [140628453222080] INFO perfrun.perfcollector <> - config : edge : 0
122 [140628453222080] INFO perfrun.perfcollector <> - config : any : 0
122 [140628453222080] INFO perfrun.perfcollector <> - config1 : offcore_rsp : 0
122 [140628453222080] INFO perfrun.perfcollector <> - config1 : ldlat : 0
122 [140628453222080] INFO perfrun.perfcollector <> - config : inv : 0
122 [140628453222080] INFO perfrun.perfcollector <> - config : umask : 20
122 [140628453222080] INFO perfrun.perfcollector <> - config : cmask : 0
122 [140628453222080] WARN perfrun.perfcollector <> - precise event : config : 20d1 , [m_cccrVal & impreciseMask(0x100000)] : 0, at file: vcs/perfrun1/plugins/perfcollector/src/event_manager.cpp:292
122 [140628453222080] INFO perfrun.perfcollector <> - format : cpu/event=0xd1,umask=0x20,name='MEM_LOAD_UOPS_RETIRED.L3_MISS_PS'/
122 [140628453222080] INFO perfrun.perfcollector <> - pmu config : cpu , m_cccrAddr : 189 , m_cccrVal : 1530860 , m_escrAddr : ffffffff , m_escrVal : 0 , m_dataAddr : c4 , m_dataVal : ffffffffffe17b7d
122 [140628453222080] INFO perfrun.perfcollector <> - config : event : 60
122 [140628453222080] INFO perfrun.perfcollector <> - config : pc : 0
122 [140628453222080] INFO perfrun.perfcollector <> - config : edge : 0
122 [140628453222080] INFO perfrun.perfcollector <> - config : any : 0
122 [140628453222080] INFO perfrun.perfcollector <> - config1 : offcore_rsp : 0
122 [140628453222080] INFO perfrun.perfcollector <> - config1 : ldlat : 0
122 [140628453222080] INFO perfrun.perfcollector <> - config : inv : 0
122 [140628453222080] INFO perfrun.perfcollector <> - config : umask : 8
122 [140628453222080] INFO perfrun.perfcollector <> - config : cmask : 1
122 [140628453222080] INFO perfrun.perfcollector <> - format : cpu/event=0x60,umask=0x8,cmask=0x1,name='OFFCORE_REQUESTS_OUTSTANDING.CYCLES_WITH_DATA_RD'/
122 [140628453222080] INFO perfrun.perfcollector <> - pmu config : cpu , m_cccrAddr : 186 , m_cccrVal : 6530860 , m_escrAddr : ffffffff , m_escrVal : 0 , m_dataAddr : c1 , m_dataVal : ffffffffffe17b7d
122 [140628453222080] INFO perfrun.perfcollector <> - config : event : 60
122 [140628453222080] INFO perfrun.perfcollector <> - config : pc : 0
122 [140628453222080] INFO perfrun.perfcollector <> - config : edge : 0
122 [140628453222080] INFO perfrun.perfcollector <> - config : any : 0
122 [140628453222080] INFO perfrun.perfcollector <> - config1 : offcore_rsp : 0
122 [140628453222080] INFO perfrun.perfcollector <> - config1 : ldlat : 0
122 [140628453222080] INFO perfrun.perfcollector <> - config : inv : 0
122 [140628453222080] INFO perfrun.perfcollector <> - config : umask : 8
122 [140628453222080] INFO perfrun.perfcollector <> - config : cmask : 6
122 [140628453222080] INFO perfrun.perfcollector <> - format : cpu/event=0x60,umask=0x8,cmask=0x6,name='OFFCORE_REQUESTS_OUTSTANDING.ALL_DATA_RD:cmask=6'/
122 [140628453222080] INFO perfrun.perfcollector <> - pmu config : cpu , m_cccrAddr : 187 , m_cccrVal : 5308a2 , m_escrAddr : ffffffff , m_escrVal : 0 , m_dataAddr : c2 , m_dataVal : ffffffffffe17b7d
122 [140628453222080] INFO perfrun.perfcollector <> - config : event : a2
122 [140628453222080] INFO perfrun.perfcollector <> - config : pc : 0
122 [140628453222080] INFO perfrun.perfcollector <> - config : edge : 0
122 [140628453222080] INFO perfrun.perfcollector <> - config : any : 0
122 [140628453222080] INFO perfrun.perfcollector <> - config1 : offcore_rsp : 0
122 [140628453222080] INFO perfrun.perfcollector <> - config1 : ldlat : 0
122 [140628453222080] INFO perfrun.perfcollector <> - config : inv : 0
122 [140628453222080] INFO perfrun.perfcollector <> - config : umask : 8
122 [140628453222080] INFO perfrun.perfcollector <> - config : cmask : 0
122 [140628453222080] INFO perfrun.perfcollector <> - format : cpu/event=0xa2,umask=0x8,name='RESOURCE_STALLS.SB'/
122 [140628453222080] INFO perfrun.perfcollector <> - pmu config : cpu , m_cccrAddr : 188 , m_cccrVal : 53015e , m_escrAddr : ffffffff , m_escrVal : 0 , m_dataAddr : c3 , m_dataVal : ffffffffffe17b7d
122 [140628453222080] INFO perfrun.perfcollector <> - config : event : 5e
122 [140628453222080] INFO perfrun.perfcollector <> - config : pc : 0
122 [140628453222080] INFO perfrun.perfcollector <> - config : edge : 0
122 [140628453222080] INFO perfrun.perfcollector <> - config : any : 0
122 [140628453222080] INFO perfrun.perfcollector <> - config1 : offcore_rsp : 0
122 [140628453222080] INFO perfrun.perfcollector <> - config1 : ldlat : 0
122 [140628453222080] INFO perfrun.perfcollector <> - config : inv : 0
122 [140628453222080] INFO perfrun.perfcollector <> - config : umask : 1
122 [140628453222080] INFO perfrun.perfcollector <> - config : cmask : 0
122 [140628453222080] INFO perfrun.perfcollector <> - format : cpu/event=0x5e,umask=0x1,name='RS_EVENTS.EMPTY_CYCLES'/
122 [140628453222080] INFO perfrun.perfcollector <> - pmu config : cpu , m_cccrAddr : 189 , m_cccrVal : 15302b1 , m_escrAddr : ffffffff , m_escrVal : 0 , m_dataAddr : c4 , m_dataVal : ffffffffffe17b7d
122 [140628453222080] INFO perfrun.perfcollector <> - config : event : b1
122 [140628453222080] INFO perfrun.perfcollector <> - config : pc : 0
122 [140628453222080] INFO perfrun.perfcollector <> - config : edge : 0
122 [140628453222080] INFO perfrun.perfcollector <> - config : any : 0
122 [140628453222080] INFO perfrun.perfcollector <> - config1 : offcore_rsp : 0
122 [140628453222080] INFO perfrun.perfcollector <> - config1 : ldlat : 0
122 [140628453222080] INFO perfrun.perfcollector <> - config : inv : 0
122 [140628453222080] INFO perfrun.perfcollector <> - config : umask : 2
122 [140628453222080] INFO perfrun.perfcollector <> - config : cmask : 1
122 [140628453222080] INFO perfrun.perfcollector <> - format : cpu/event=0xb1,umask=0x2,cmask=0x1,name='UOPS_EXECUTED.CORE:cmask=1'/
122 [140628453222080] INFO perfrun.perfcollector <> - pmu config : cpu , m_cccrAddr : 186 , m_cccrVal : 25302b1 , m_escrAddr : ffffffff , m_escrVal : 0 , m_dataAddr : c1 , m_dataVal : ffffffffffe17b7d
122 [140628453222080] INFO perfrun.perfcollector <> - config : event : b1
122 [140628453222080] INFO perfrun.perfcollector <> - config : pc : 0
122 [140628453222080] INFO perfrun.perfcollector <> - config : edge : 0
122 [140628453222080] INFO perfrun.perfcollector <> - config : any : 0
122 [140628453222080] INFO perfrun.perfcollector <> - config1 : offcore_rsp : 0
122 [140628453222080] INFO perfrun.perfcollector <> - config1 : ldlat : 0
122 [140628453222080] INFO perfrun.perfcollector <> - config : inv : 0
122 [140628453222080] INFO perfrun.perfcollector <> - config : umask : 2
122 [140628453222080] INFO perfrun.perfcollector <> - config : cmask : 2
122 [140628453222080] INFO perfrun.perfcollector <> - format : cpu/event=0xb1,umask=0x2,cmask=0x2,name='UOPS_EXECUTED.CORE:cmask=2'/
122 [140628453222080] INFO perfrun.perfcollector <> - pmu config : cpu , m_cccrAddr : 187 , m_cccrVal : 35302b1 , m_escrAddr : ffffffff , m_escrVal : 0 , m_dataAddr : c2 , m_dataVal : ffffffffffe17b7d
122 [140628453222080] INFO perfrun.perfcollector <> - config : event : b1
122 [140628453222080] INFO perfrun.perfcollector <> - config : pc : 0
122 [140628453222080] INFO perfrun.perfcollector <> - config : edge : 0
122 [140628453222080] INFO perfrun.perfcollector <> - config : any : 0
122 [140628453222080] INFO perfrun.perfcollector <> - config1 : offcore_rsp : 0
122 [140628453222080] INFO perfrun.perfcollector <> - config1 : ldlat : 0
122 [140628453222080] INFO perfrun.perfcollector <> - config : inv : 0
122 [140628453222080] INFO perfrun.perfcollector <> - config : umask : 2
122 [140628453222080] INFO perfrun.perfcollector <> - config : cmask : 3
122 [140628453222080] INFO perfrun.perfcollector <> - format : cpu/event=0xb1,umask=0x2,cmask=0x3,name='UOPS_EXECUTED.CORE:cmask=3'/
122 [140628453222080] INFO perfrun.perfcollector <> - pmu config : cpu , m_cccrAddr : 188 , m_cccrVal : 53010e , m_escrAddr : ffffffff , m_escrVal : 0 , m_dataAddr : c3 , m_dataVal : ffffffffffe17b7d
122 [140628453222080] INFO perfrun.perfcollector <> - config : event : e
122 [140628453222080] INFO perfrun.perfcollector <> - config : pc : 0
122 [140628453222080] INFO perfrun.perfcollector <> - config : edge : 0
122 [140628453222080] INFO perfrun.perfcollector <> - config : any : 0
122 [140628453222080] INFO perfrun.perfcollector <> - config1 : offcore_rsp : 0
122 [140628453222080] INFO perfrun.perfcollector <> - config1 : ldlat : 0
122 [140628453222080] INFO perfrun.perfcollector <> - config : inv : 0
122 [140628453222080] INFO perfrun.perfcollector <> - config : umask : 1
122 [140628453222080] INFO perfrun.perfcollector <> - config : cmask : 0
122 [140628453222080] INFO perfrun.perfcollector <> - format : cpu/event=0xe,umask=0x1,name='UOPS_ISSUED.ANY'/
122 [140628453222080] INFO perfrun.perfcollector <> - pmu config : cpu , m_cccrAddr : 189 , m_cccrVal : 453019c , m_escrAddr : ffffffff , m_escrVal : 0 , m_dataAddr : c4 , m_dataVal : ffffffffffe17b7d
122 [140628453222080] INFO perfrun.perfcollector <> - config : event : 9c
122 [140628453222080] INFO perfrun.perfcollector <> - config : pc : 0
122 [140628453222080] INFO perfrun.perfcollector <> - config : edge : 0
122 [140628453222080] INFO perfrun.perfcollector <> - config : any : 0
122 [140628453222080] INFO perfrun.perfcollector <> - config1 : offcore_rsp : 0
122 [140628453222080] INFO perfrun.perfcollector <> - config1 : ldlat : 0
122 [140628453222080] INFO perfrun.perfcollector <> - config : inv : 0
122 [140628453222080] INFO perfrun.perfcollector <> - config : umask : 1
122 [140628453222080] INFO perfrun.perfcollector <> - config : cmask : 4
122 [140628453222080] INFO perfrun.perfcollector <> - format : cpu/event=0x9c,umask=0x1,cmask=0x4,name='IDQ_UOPS_NOT_DELIVERED.CYCLES_0_UOPS_DELIV.CORE'/
122 [140628453222080] INFO perfrun.perfcollector <> - pmu config : cpu , m_cccrAddr : 186 , m_cccrVal : 4381d0 , m_escrAddr : ffffffff , m_escrVal : 0 , m_dataAddr : c1 , m_dataVal : fffffffffffe795d
122 [140628453222080] INFO perfrun.perfcollector <> - config : event : d0
122 [140628453222080] INFO perfrun.perfcollector <> - config : pc : 0
122 [140628453222080] INFO perfrun.perfcollector <> - config : edge : 0
122 [140628453222080] INFO perfrun.perfcollector <> - config : any : 0
122 [140628453222080] INFO perfrun.perfcollector <> - config1 : offcore_rsp : 0
122 [140628453222080] INFO perfrun.perfcollector <> - config1 : ldlat : 0
122 [140628453222080] INFO perfrun.perfcollector <> - config : inv : 0
122 [140628453222080] INFO perfrun.perfcollector <> - config : umask : 81
122 [140628453222080] INFO perfrun.perfcollector <> - config : cmask : 0
122 [140628453222080] WARN perfrun.perfcollector <> - precise event : config : 81d0 , [m_cccrVal & impreciseMask(0x100000)] : 0, at file: vcs/perfrun1/plugins/perfcollector/src/event_manager.cpp:292
122 [140628453222080] INFO perfrun.perfcollector <> - format : cpu/event=0xd0,umask=0x81,name='MEM_UOPS_RETIRED.ALL_LOADS_PS'/
122 [140628453222080] INFO perfrun.perfcollector <> - pmu config : cpu , m_cccrAddr : 187 , m_cccrVal : 4382d0 , m_escrAddr : ffffffff , m_escrVal : 0 , m_dataAddr : c2 , m_dataVal : fffffffffffe795d
122 [140628453222080] INFO perfrun.perfcollector <> - config : event : d0
122 [140628453222080] INFO perfrun.perfcollector <> - config : pc : 0
122 [140628453222080] INFO perfrun.perfcollector <> - config : edge : 0
122 [140628453222080] INFO perfrun.perfcollector <> - config : any : 0
122 [140628453222080] INFO perfrun.perfcollector <> - config1 : offcore_rsp : 0
122 [140628453222080] INFO perfrun.perfcollector <> - config1 : ldlat : 0
122 [140628453222080] INFO perfrun.perfcollector <> - config : inv : 0
122 [140628453222080] INFO perfrun.perfcollector <> - config : umask : 82
122 [140628453222080] INFO perfrun.perfcollector <> - config : cmask : 0
122 [140628453222080] WARN perfrun.perfcollector <> - precise event : config : 82d0 , [m_cccrVal & impreciseMask(0x100000)] : 0, at file: vcs/perfrun1/plugins/perfcollector/src/event_manager.cpp:292
122 [140628453222080] INFO perfrun.perfcollector <> - format : cpu/event=0xd0,umask=0x82,name='MEM_UOPS_RETIRED.ALL_STORES_PS'/
122 [140628453222080] INFO perfrun.perfcollector <> - pmu config : cpu , m_cccrAddr : 188 , m_cccrVal : 4301d3 , m_escrAddr : ffffffff , m_escrVal : 0 , m_dataAddr : c3 , m_dataVal : fffffffffffe795d
122 [140628453222080] INFO perfrun.perfcollector <> - config : event : d3
122 [140628453222080] INFO perfrun.perfcollector <> - config : pc : 0
122 [140628453222080] INFO perfrun.perfcollector <> - config : edge : 0
122 [140628453222080] INFO perfrun.perfcollector <> - config : any : 0
122 [140628453222080] INFO perfrun.perfcollector <> - config1 : offcore_rsp : 0
122 [140628453222080] INFO perfrun.perfcollector <> - config1 : ldlat : 0
122 [140628453222080] INFO perfrun.perfcollector <> - config : inv : 0
122 [140628453222080] INFO perfrun.perfcollector <> - config : umask : 1
122 [140628453222080] INFO perfrun.perfcollector <> - config : cmask : 0
122 [140628453222080] WARN perfrun.perfcollector <> - precise event : config : 1d3 , [m_cccrVal & impreciseMask(0x100000)] : 0, at file: vcs/perfrun1/plugins/perfcollector/src/event_manager.cpp:292
122 [140628453222080] INFO perfrun.perfcollector <> - format : cpu/event=0xd3,umask=0x1,name='MEM_LOAD_UOPS_L3_MISS_RETIRED.LOCAL_DRAM_PS'/
122 [140628453222080] INFO perfrun.perfcollector <> - pmu config : cpu , m_cccrAddr : 189 , m_cccrVal : 4304d3 , m_escrAddr : ffffffff , m_escrVal : 0 , m_dataAddr : c4 , m_dataVal : fffffffffffe795d
122 [140628453222080] INFO perfrun.perfcollector <> - config : event : d3
122 [140628453222080] INFO perfrun.perfcollector <> - config : pc : 0
122 [140628453222080] INFO perfrun.perfcollector <> - config : edge : 0
122 [140628453222080] INFO perfrun.perfcollector <> - config : any : 0
122 [140628453222080] INFO perfrun.perfcollector <> - config1 : offcore_rsp : 0
122 [140628453222080] INFO perfrun.perfcollector <> - config1 : ldlat : 0
122 [140628453222080] INFO perfrun.perfcollector <> - config : inv : 0
122 [140628453222080] INFO perfrun.perfcollector <> - config : umask : 4
122 [140628453222080] INFO perfrun.perfcollector <> - config : cmask : 0
122 [140628453222080] WARN perfrun.perfcollector <> - precise event : config : 4d3 , [m_cccrVal & impreciseMask(0x100000)] : 0, at file: vcs/perfrun1/plugins/perfcollector/src/event_manager.cpp:292
122 [140628453222080] INFO perfrun.perfcollector <> - format : cpu/event=0xd3,umask=0x4,name='MEM_LOAD_UOPS_L3_MISS_RETIRED.REMOTE_DRAM_PS'/
122 [140628453222080] INFO perfrun.perfcollector <> - pmu config : cpu , m_cccrAddr : 186 , m_cccrVal : 4310d3 , m_escrAddr : ffffffff , m_escrVal : 0 , m_dataAddr : c1 , m_dataVal : fffffffffffe795d
122 [140628453222080] INFO perfrun.perfcollector <> - config : event : d3
122 [140628453222080] INFO perfrun.perfcollector <> - config : pc : 0
122 [140628453222080] INFO perfrun.perfcollector <> - config : edge : 0
122 [140628453222080] INFO perfrun.perfcollector <> - config : any : 0
122 [140628453222080] INFO perfrun.perfcollector <> - config1 : offcore_rsp : 0
122 [140628453222080] INFO perfrun.perfcollector <> - config1 : ldlat : 0
122 [140628453222080] INFO perfrun.perfcollector <> - config : inv : 0
122 [140628453222080] INFO perfrun.perfcollector <> - config : umask : 10
122 [140628453222080] INFO perfrun.perfcollector <> - config : cmask : 0
122 [140628453222080] WARN perfrun.perfcollector <> - precise event : config : 10d3 , [m_cccrVal & impreciseMask(0x100000)] : 0, at file: vcs/perfrun1/plugins/perfcollector/src/event_manager.cpp:292
122 [140628453222080] INFO perfrun.perfcollector <> - format : cpu/event=0xd3,umask=0x10,name='MEM_LOAD_UOPS_L3_MISS_RETIRED.REMOTE_HITM_PS'/
122 [140628453222080] INFO perfrun.perfcollector <> - pmu config : cpu , m_cccrAddr : 187 , m_cccrVal : 4320d3 , m_escrAddr : ffffffff , m_escrVal : 0 , m_dataAddr : c2 , m_dataVal : fffffffffffe795d
122 [140628453222080] INFO perfrun.perfcollector <> - config : event : d3
122 [140628453222080] INFO perfrun.perfcollector <> - config : pc : 0
122 [140628453222080] INFO perfrun.perfcollector <> - config : edge : 0
122 [140628453222080] INFO perfrun.perfcollector <> - config : any : 0
122 [140628453222080] INFO perfrun.perfcollector <> - config1 : offcore_rsp : 0
122 [140628453222080] INFO perfrun.perfcollector <> - config1 : ldlat : 0
122 [140628453222080] INFO perfrun.perfcollector <> - config : inv : 0
122 [140628453222080] INFO perfrun.perfcollector <> - config : umask : 20
122 [140628453222080] INFO perfrun.perfcollector <> - config : cmask : 0
122 [140628453222080] WARN perfrun.perfcollector <> - precise event : config : 20d3 , [m_cccrVal & impreciseMask(0x100000)] : 0, at file: vcs/perfrun1/plugins/perfcollector/src/event_manager.cpp:292
122 [140628453222080] INFO perfrun.perfcollector <> - format : cpu/event=0xd3,umask=0x20,name='MEM_LOAD_UOPS_L3_MISS_RETIRED.REMOTE_FWD_PS'/
123 [140628453222080] INFO perfrun.perfcollector <> - pmu config : uncore_imc_0 , m_cccrAddr : d8 , m_cccrVal : 400304 , m_escrAddr : ffffffff , m_escrVal : 0 , m_dataAddr : a0 , m_dataVal : 0
123 [140628453222080] INFO perfrun.perfcollector <> - config : event : 4
123 [140628453222080] INFO perfrun.perfcollector <> - config : edge : 0
123 [140628453222080] INFO perfrun.perfcollector <> - config : inv : 0
123 [140628453222080] INFO perfrun.perfcollector <> - config : umask : 3
123 [140628453222080] INFO perfrun.perfcollector <> - config : thresh : 0
123 [140628453222080] INFO perfrun.perfcollector <> - format : uncore_imc_0/event=0x4,umask=0x3,name='UNC_M_CAS_COUNT.RD[UNIT0]'/
123 [140628453222080] INFO perfrun.perfcollector <> - pmu config : uncore_imc_1 , m_cccrAddr : d8 , m_cccrVal : 400304 , m_escrAddr : ffffffff , m_escrVal : 0 , m_dataAddr : a0 , m_dataVal : 0
123 [140628453222080] INFO perfrun.perfcollector <> - config : event : 4
123 [140628453222080] INFO perfrun.perfcollector <> - config : edge : 0
123 [140628453222080] INFO perfrun.perfcollector <> - config : inv : 0
123 [140628453222080] INFO perfrun.perfcollector <> - config : umask : 3
123 [140628453222080] INFO perfrun.perfcollector <> - config : thresh : 0
123 [140628453222080] INFO perfrun.perfcollector <> - format : uncore_imc_1/event=0x4,umask=0x3,name='UNC_M_CAS_COUNT.RD[UNIT1]'/
123 [140628453222080] INFO perfrun.perfcollector <> - pmu config : uncore_imc_4 , m_cccrAddr : d8 , m_cccrVal : 400304 , m_escrAddr : ffffffff , m_escrVal : 0 , m_dataAddr : a0 , m_dataVal : 0
123 [140628453222080] INFO perfrun.perfcollector <> - config : event : 4
123 [140628453222080] INFO perfrun.perfcollector <> - config : edge : 0
123 [140628453222080] INFO perfrun.perfcollector <> - config : inv : 0
123 [140628453222080] INFO perfrun.perfcollector <> - config : umask : 3
123 [140628453222080] INFO perfrun.perfcollector <> - config : thresh : 0
123 [140628453222080] INFO perfrun.perfcollector <> - format : uncore_imc_4/event=0x4,umask=0x3,name='UNC_M_CAS_COUNT.RD[UNIT4]'/
123 [140628453222080] INFO perfrun.perfcollector <> - pmu config : uncore_imc_5 , m_cccrAddr : d8 , m_cccrVal : 400304 , m_escrAddr : ffffffff , m_escrVal : 0 , m_dataAddr : a0 , m_dataVal : 0
123 [140628453222080] INFO perfrun.perfcollector <> - config : event : 4
123 [140628453222080] INFO perfrun.perfcollector <> - config : edge : 0
123 [140628453222080] INFO perfrun.perfcollector <> - config : inv : 0
123 [140628453222080] INFO perfrun.perfcollector <> - config : umask : 3
123 [140628453222080] INFO perfrun.perfcollector <> - config : thresh : 0
123 [140628453222080] INFO perfrun.perfcollector <> - format : uncore_imc_5/event=0x4,umask=0x3,name='UNC_M_CAS_COUNT.RD[UNIT5]'/
123 [140628453222080] INFO perfrun.perfcollector <> - pmu config : uncore_imc_0 , m_cccrAddr : dc , m_cccrVal : 400c04 , m_escrAddr : ffffffff , m_escrVal : 0 , m_dataAddr : a8 , m_dataVal : 0
123 [140628453222080] INFO perfrun.perfcollector <> - config : event : 4
123 [140628453222080] INFO perfrun.perfcollector <> - config : edge : 0
123 [140628453222080] INFO perfrun.perfcollector <> - config : inv : 0
123 [140628453222080] INFO perfrun.perfcollector <> - config : umask : c
123 [140628453222080] INFO perfrun.perfcollector <> - config : thresh : 0
123 [140628453222080] INFO perfrun.perfcollector <> - format : uncore_imc_0/event=0x4,umask=0xc,name='UNC_M_CAS_COUNT.WR[UNIT0]'/
123 [140628453222080] INFO perfrun.perfcollector <> - pmu config : uncore_imc_1 , m_cccrAddr : dc , m_cccrVal : 400c04 , m_escrAddr : ffffffff , m_escrVal : 0 , m_dataAddr : a8 , m_dataVal : 0
123 [140628453222080] INFO perfrun.perfcollector <> - config : event : 4
123 [140628453222080] INFO perfrun.perfcollector <> - config : edge : 0
123 [140628453222080] INFO perfrun.perfcollector <> - config : inv : 0
123 [140628453222080] INFO perfrun.perfcollector <> - config : umask : c
123 [140628453222080] INFO perfrun.perfcollector <> - config : thresh : 0
123 [140628453222080] INFO perfrun.perfcollector <> - format : uncore_imc_1/event=0x4,umask=0xc,name='UNC_M_CAS_COUNT.WR[UNIT1]'/
123 [140628453222080] INFO perfrun.perfcollector <> - pmu config : uncore_imc_4 , m_cccrAddr : dc , m_cccrVal : 400c04 , m_escrAddr : ffffffff , m_escrVal : 0 , m_dataAddr : a8 , m_dataVal : 0
123 [140628453222080] INFO perfrun.perfcollector <> - config : event : 4
123 [140628453222080] INFO perfrun.perfcollector <> - config : edge : 0
123 [140628453222080] INFO perfrun.perfcollector <> - config : inv : 0
123 [140628453222080] INFO perfrun.perfcollector <> - config : umask : c
123 [140628453222080] INFO perfrun.perfcollector <> - config : thresh : 0
123 [140628453222080] INFO perfrun.perfcollector <> - format : uncore_imc_4/event=0x4,umask=0xc,name='UNC_M_CAS_COUNT.WR[UNIT4]'/
123 [140628453222080] INFO perfrun.perfcollector <> - pmu config : uncore_imc_5 , m_cccrAddr : dc , m_cccrVal : 400c04 , m_escrAddr : ffffffff , m_escrVal : 0 , m_dataAddr : a8 , m_dataVal : 0
123 [140628453222080] INFO perfrun.perfcollector <> - config : event : 4
123 [140628453222080] INFO perfrun.perfcollector <> - config : edge : 0
123 [140628453222080] INFO perfrun.perfcollector <> - config : inv : 0
123 [140628453222080] INFO perfrun.perfcollector <> - config : umask : c
123 [140628453222080] INFO perfrun.perfcollector <> - config : thresh : 0
123 [140628453222080] INFO perfrun.perfcollector <> - format : uncore_imc_5/event=0x4,umask=0xc,name='UNC_M_CAS_COUNT.WR[UNIT5]'/
123 [140628453222080] INFO perfrun.perfcollector <> - event: cpu/event=0x3c,name='CPU_CLK_UNHALTED.THREAD'/Duk , added for counting
123 [140628453222080] INFO perfrun.perfcollector <> - event: cpu/umask=0x3,name='CPU_CLK_UNHALTED.REF_TSC'/Duk , added for counting
123 [140628453222080] INFO perfrun.perfcollector <> - event: cpu/event=0xc0,name='INST_RETIRED.ANY'/Duk , added for counting
123 [140628453222080] INFO perfrun.perfcollector <> - event: cpu/event=0xa3,umask=0xc,cmask=0xc,name='CYCLE_ACTIVITY.STALLS_L1D_PENDING'/uk , added for counting
123 [140628453222080] INFO perfrun.perfcollector <> - event: cpu/event=0x3c,umask=0x1,name='CPU_CLK_UNHALTED.REF_XCLK'/uk , added for counting
123 [140628453222080] INFO perfrun.perfcollector <> - event: cpu/event=0x3c,umask=0x2,name='CPU_CLK_UNHALTED.ONE_THREAD_ACTIVE'/uk , added for counting
123 [140628453222080] INFO perfrun.perfcollector <> - event: cpu/event=0xc2,umask=0x2,name='UOPS_RETIRED.RETIRE_SLOTS'/uk , added for counting
123 [140628453222080] INFO perfrun.perfcollector <> - event: cpu/event=0xa3,umask=0x4,cmask=0x4,name='CYCLE_ACTIVITY.CYCLES_NO_EXECUTE'/uk , added for counting
123 [140628453222080] INFO perfrun.perfcollector <> - event: cpu/event=0xa3,umask=0x6,cmask=0x6,name='CYCLE_ACTIVITY.STALLS_LDM_PENDING'/uk , added for counting
123 [140628453222080] INFO perfrun.perfcollector <> - event: cpu/event=0xa3,umask=0x5,cmask=0x5,name='CYCLE_ACTIVITY.STALLS_L2_PENDING'/uk , added for counting
123 [140628453222080] INFO perfrun.perfcollector <> - event: cpu/event=0x9c,umask=0x1,name='IDQ_UOPS_NOT_DELIVERED.CORE'/uk , added for counting
123 [140628453222080] INFO perfrun.perfcollector <> - event: cpu/event=0xd,umask=0x3,cmask=0x1,name='INT_MISC.RECOVERY_CYCLES'/uk , added for counting
123 [140628453222080] INFO perfrun.perfcollector <> - event: cpu/event=0xd1,umask=0x4,name='MEM_LOAD_UOPS_RETIRED.L3_HIT_PS'/uk , added for counting
123 [140628453222080] INFO perfrun.perfcollector <> - event: cpu/event=0xd1,umask=0x20,name='MEM_LOAD_UOPS_RETIRED.L3_MISS_PS'/uk , added for counting
123 [140628453222080] INFO perfrun.perfcollector <> - event: cpu/event=0x60,umask=0x8,cmask=0x1,name='OFFCORE_REQUESTS_OUTSTANDING.CYCLES_WITH_DATA_RD'/uk , added for counting
123 [140628453222080] INFO perfrun.perfcollector <> - event: cpu/event=0x60,umask=0x8,cmask=0x6,name='OFFCORE_REQUESTS_OUTSTANDING.ALL_DATA_RD:cmask=6'/uk , added for counting
123 [140628453222080] INFO perfrun.perfcollector <> - event: cpu/event=0xa2,umask=0x8,name='RESOURCE_STALLS.SB'/uk , added for counting
123 [140628453222080] INFO perfrun.perfcollector <> - event: cpu/event=0x5e,umask=0x1,name='RS_EVENTS.EMPTY_CYCLES'/uk , added for counting
123 [140628453222080] INFO perfrun.perfcollector <> - event: cpu/event=0xb1,umask=0x2,cmask=0x1,name='UOPS_EXECUTED.CORE:cmask=1'/uk , added for counting
123 [140628453222080] INFO perfrun.perfcollector <> - event: cpu/event=0xb1,umask=0x2,cmask=0x2,name='UOPS_EXECUTED.CORE:cmask=2'/uk , added for counting
123 [140628453222080] INFO perfrun.perfcollector <> - event: cpu/event=0xb1,umask=0x2,cmask=0x3,name='UOPS_EXECUTED.CORE:cmask=3'/uk , added for counting
123 [140628453222080] INFO perfrun.perfcollector <> - event: cpu/event=0xe,umask=0x1,name='UOPS_ISSUED.ANY'/uk , added for counting
123 [140628453222080] INFO perfrun.perfcollector <> - event: cpu/event=0x9c,umask=0x1,cmask=0x4,name='IDQ_UOPS_NOT_DELIVERED.CYCLES_0_UOPS_DELIV.CORE'/uk , added for counting
123 [140628453222080] INFO perfrun.perfcollector <> - event: cpu/event=0xd0,umask=0x81,name='MEM_UOPS_RETIRED.ALL_LOADS_PS'/uk , added for counting
123 [140628453222080] INFO perfrun.perfcollector <> - event: cpu/event=0xd0,umask=0x82,name='MEM_UOPS_RETIRED.ALL_STORES_PS'/uk , added for counting
123 [140628453222080] INFO perfrun.perfcollector <> - event: cpu/event=0xd3,umask=0x1,name='MEM_LOAD_UOPS_L3_MISS_RETIRED.LOCAL_DRAM_PS'/uk , added for counting
123 [140628453222080] INFO perfrun.perfcollector <> - event: cpu/event=0xd3,umask=0x4,name='MEM_LOAD_UOPS_L3_MISS_RETIRED.REMOTE_DRAM_PS'/uk , added for counting
123 [140628453222080] INFO perfrun.perfcollector <> - event: cpu/event=0xd3,umask=0x10,name='MEM_LOAD_UOPS_L3_MISS_RETIRED.REMOTE_HITM_PS'/uk , added for counting
123 [140628453222080] INFO perfrun.perfcollector <> - event: cpu/event=0xd3,umask=0x20,name='MEM_LOAD_UOPS_L3_MISS_RETIRED.REMOTE_FWD_PS'/uk , added for counting
123 [140628453222080] INFO perfrun.perfcollector <> - event: uncore_imc_0/event=0x4,umask=0x3,name='UNC_M_CAS_COUNT.RD[UNIT0]'/ , added for counting
123 [140628453222080] INFO perfrun.perfcollector <> - event: uncore_imc_1/event=0x4,umask=0x3,name='UNC_M_CAS_COUNT.RD[UNIT1]'/ , added for counting
123 [140628453222080] INFO perfrun.perfcollector <> - event: uncore_imc_4/event=0x4,umask=0x3,name='UNC_M_CAS_COUNT.RD[UNIT4]'/ , added for counting
123 [140628453222080] INFO perfrun.perfcollector <> - event: uncore_imc_5/event=0x4,umask=0x3,name='UNC_M_CAS_COUNT.RD[UNIT5]'/ , added for counting
123 [140628453222080] INFO perfrun.perfcollector <> - event: uncore_imc_0/event=0x4,umask=0xc,name='UNC_M_CAS_COUNT.WR[UNIT0]'/ , added for counting
123 [140628453222080] INFO perfrun.perfcollector <> - event: uncore_imc_1/event=0x4,umask=0xc,name='UNC_M_CAS_COUNT.WR[UNIT1]'/ , added for counting
123 [140628453222080] INFO perfrun.perfcollector <> - event: uncore_imc_4/event=0x4,umask=0xc,name='UNC_M_CAS_COUNT.WR[UNIT4]'/ , added for counting
123 [140628453222080] INFO perfrun.perfcollector <> - event: uncore_imc_5/event=0x4,umask=0xc,name='UNC_M_CAS_COUNT.WR[UNIT5]'/ , added for counting
123 [140628355282624] WARN perfrun.perfcollector <> - Perf stat trace pipe capacity: read = 1048576, write = 1048576, at file: vcs/perfrun1/plugins/perfcollector/src/profiler.cpp:763
123 [140628355282624] INFO perfrun.perfcollector <> - Path to Perf control pipe: /tmp/amplxe-tmp-emlazuta/perf-pipe-3465338-13067990397886054
125 [140628355282624] INFO perfrun.sdk <> - runCmd: "/home/intel/oneapi/vtune/2021.1.1/bin64/amplxe-perf" stat -v --log-fd 11 --pipe "/tmp/amplxe-tmp-emlazuta/perf-pipe-3465338-13067990397886054" --pipe-sync --scale -x ; -e cpu/event=0x3c,name='CPU_CLK_UNHALTED.THREAD'/Duk,cpu/umask=0x3,name='CPU_CLK_UNHALTED.REF_TSC'/Duk,cpu/event=0xc0,name='INST_RETIRED.ANY'/Duk,cpu/event=0xa3,umask=0xc,cmask=0xc,name='CYCLE_ACTIVITY.STALLS_L1D_PENDING'/uk,cpu/event=0x3c,umask=0x1,name='CPU_CLK_UNHALTED.REF_XCLK'/uk,cpu/event=0x3c,umask=0x2,name='CPU_CLK_UNHALTED.ONE_THREAD_ACTIVE'/uk,cpu/event=0xc2,umask=0x2,name='UOPS_RETIRED.RETIRE_SLOTS'/uk,cpu/event=0xa3,umask=0x4,cmask=0x4,name='CYCLE_ACTIVITY.CYCLES_NO_EXECUTE'/uk,cpu/event=0xa3,umask=0x6,cmask=0x6,name='CYCLE_ACTIVITY.STALLS_LDM_PENDING'/uk,cpu/event=0xa3,umask=0x5,cmask=0x5,name='CYCLE_ACTIVITY.STALLS_L2_PENDING'/uk,cpu/event=0x9c,umask=0x1,name='IDQ_UOPS_NOT_DELIVERED.CORE'/uk,cpu/event=0xd,umask=0x3,cmask=0x1,name='INT_MISC.RECOVERY_CYCLES'/uk,cpu/event=0xd1,umask=0x4,name='MEM_LOAD_UOPS_RETIRED.L3_HIT_PS'/uk,cpu/event=0xd1,umask=0x20,name='MEM_LOAD_UOPS_RETIRED.L3_MISS_PS'/uk,cpu/event=0x60,umask=0x8,cmask=0x1,name='OFFCORE_REQUESTS_OUTSTANDING.CYCLES_WITH_DATA_RD'/uk,cpu/event=0x60,umask=0x8,cmask=0x6,name='OFFCORE_REQUESTS_OUTSTANDING.ALL_DATA_RD:cmask=6'/uk,cpu/event=0xa2,umask=0x8,name='RESOURCE_STALLS.SB'/uk,cpu/event=0x5e,umask=0x1,name='RS_EVENTS.EMPTY_CYCLES'/uk,cpu/event=0xb1,umask=0x2,cmask=0x1,name='UOPS_EXECUTED.CORE:cmask=1'/uk,cpu/event=0xb1,umask=0x2,cmask=0x2,name='UOPS_EXECUTED.CORE:cmask=2'/uk,cpu/event=0xb1,umask=0x2,cmask=0x3,name='UOPS_EXECUTED.CORE:cmask=3'/uk,cpu/event=0xe,umask=0x1,name='UOPS_ISSUED.ANY'/uk,cpu/event=0x9c,umask=0x1,cmask=0x4,name='IDQ_UOPS_NOT_DELIVERED.CYCLES_0_UOPS_DELIV.CORE'/uk,cpu/event=0xd0,umask=0x81,name='MEM_UOPS_RETIRED.ALL_LOADS_PS'/uk,cpu/event=0xd0,umask=0x82,name='MEM_UOPS_RETIRED.ALL_STORES_PS'/uk,cpu/event=0xd3,umask=0x1,name='MEM_LOAD_UOPS_L3_MISS_RETIRED.LOCAL_DRAM_PS'/uk,cpu/event=0xd3,umask=0x4,name='MEM_LOAD_UOPS_L3_MISS_RETIRED.REMOTE_DRAM_PS'/uk,cpu/event=0xd3,umask=0x10,name='MEM_LOAD_UOPS_L3_MISS_RETIRED.REMOTE_HITM_PS'/uk,cpu/event=0xd3,umask=0x20,name='MEM_LOAD_UOPS_L3_MISS_RETIRED.REMOTE_FWD_PS'/uk,uncore_imc_0/event=0x4,umask=0x3,name='UNC_M_CAS_COUNT.RD[UNIT0]'/,uncore_imc_1/event=0x4,umask=0x3,name='UNC_M_CAS_COUNT.RD[UNIT1]'/,uncore_imc_4/event=0x4,umask=0x3,name='UNC_M_CAS_COUNT.RD[UNIT4]'/,uncore_imc_5/event=0x4,umask=0x3,name='UNC_M_CAS_COUNT.RD[UNIT5]'/,uncore_imc_0/event=0x4,umask=0xc,name='UNC_M_CAS_COUNT.WR[UNIT0]'/,uncore_imc_1/event=0x4,umask=0xc,name='UNC_M_CAS_COUNT.WR[UNIT1]'/,uncore_imc_4/event=0x4,umask=0xc,name='UNC_M_CAS_COUNT.WR[UNIT4]'/,uncore_imc_5/event=0x4,umask=0xc,name='UNC_M_CAS_COUNT.WR[UNIT5]'/ "/home/intel/oneapi/vtune/2021.1.1/bin64/amplxe-perf-sync" dryrun sys
197 [140628346889920] INFO perfrun.perfcollector <> - PERF_STAT : "CPU_CLK_UNHALTED.THREAD: 16431006 5668102 5668102"
197 [140628346889920] WARN perfrun.perfcollector <> - Unexpected PERF_STAT format, ignored, at file: vcs/perfrun1/plugins/perfcollector/src/profiler.cpp:490
197 [140628346889920] INFO perfrun.perfcollector <> - PERF_STAT : "CPU_CLK_UNHALTED.REF_TSC: 12840992 5668102 5668102"
197 [140628346889920] WARN perfrun.perfcollector <> - Unexpected PERF_STAT format, ignored, at file: vcs/perfrun1/plugins/perfcollector/src/profiler.cpp:490
197 [140628346889920] INFO perfrun.perfcollector <> - PERF_STAT : "INST_RETIRED.ANY: 15799260 5668102 5668102"
197 [140628346889920] WARN perfrun.perfcollector <> - Unexpected PERF_STAT format, ignored, at file: vcs/perfrun1/plugins/perfcollector/src/profiler.cpp:490
197 [140628346889920] INFO perfrun.perfcollector <> - PERF_STAT : "CYCLE_ACTIVITY.STALLS_L1D_PENDING: 1463548 5668102 2882650"
197 [140628346889920] WARN perfrun.perfcollector <> - Unexpected PERF_STAT format, ignored, at file: vcs/perfrun1/plugins/perfcollector/src/profiler.cpp:490
197 [140628346889920] INFO perfrun.perfcollector <> - PERF_STAT : "CPU_CLK_UNHALTED.REF_XCLK: 558303 5668102 5668102"
197 [140628346889920] WARN perfrun.perfcollector <> - Unexpected PERF_STAT format, ignored, at file: vcs/perfrun1/plugins/perfcollector/src/profiler.cpp:490
197 [140628346889920] INFO perfrun.perfcollector <> - PERF_STAT : "CPU_CLK_UNHALTED.ONE_THREAD_ACTIVE: 558027 5668102 5668102"
197 [140628346889920] WARN perfrun.perfcollector <> - Unexpected PERF_STAT format, ignored, at file: vcs/perfrun1/plugins/perfcollector/src/profiler.cpp:490
197 [140628346889920] INFO perfrun.perfcollector <> - PERF_STAT : "UOPS_RETIRED.RETIRE_SLOTS: 17220572 5668102 5668102"
197 [140628346889920] WARN perfrun.perfcollector <> - Unexpected PERF_STAT format, ignored, at file: vcs/perfrun1/plugins/perfcollector/src/profiler.cpp:490
197 [140628346889920] INFO perfrun.perfcollector <> - PERF_STAT : "CYCLE_ACTIVITY.CYCLES_NO_EXECUTE: 8754384 5668102 2785452"
197 [140628346889920] WARN perfrun.perfcollector <> - Unexpected PERF_STAT format, ignored, at file: vcs/perfrun1/plugins/perfcollector/src/profiler.cpp:490
197 [140628346889920] INFO perfrun.perfcollector <> - PERF_STAT : "CYCLE_ACTIVITY.STALLS_LDM_PENDING: 0 5668102 0"
197 [140628346889920] WARN perfrun.perfcollector <> - Unexpected PERF_STAT format, ignored, at file: vcs/perfrun1/plugins/perfcollector/src/profiler.cpp:490
197 [140628346889920] INFO perfrun.perfcollector <> - PERF_STAT : "CYCLE_ACTIVITY.STALLS_L2_PENDING: 0 5668102 0"
197 [140628346889920] WARN perfrun.perfcollector <> - Unexpected PERF_STAT format, ignored, at file: vcs/perfrun1/plugins/perfcollector/src/profiler.cpp:490
197 [140628346889920] INFO perfrun.perfcollector <> - PERF_STAT : "IDQ_UOPS_NOT_DELIVERED.CORE: 0 5668102 0"
197 [140628346889920] WARN perfrun.perfcollector <> - Unexpected PERF_STAT format, ignored, at file: vcs/perfrun1/plugins/perfcollector/src/profiler.cpp:490
197 [140628346889920] INFO perfrun.perfcollector <> - PERF_STAT : "INT_MISC.RECOVERY_CYCLES: 0 5668102 0"
197 [140628346889920] WARN perfrun.perfcollector <> - Unexpected PERF_STAT format, ignored, at file: vcs/perfrun1/plugins/perfcollector/src/profiler.cpp:490
197 [140628346889920] INFO perfrun.perfcollector <> - PERF_STAT : "MEM_LOAD_UOPS_RETIRED.L3_HIT_PS: 0 5668102 0"
197 [140628346889920] WARN perfrun.perfcollector <> - Unexpected PERF_STAT format, ignored, at file: vcs/perfrun1/plugins/perfcollector/src/profiler.cpp:490
197 [140628346889920] INFO perfrun.perfcollector <> - PERF_STAT : "MEM_LOAD_UOPS_RETIRED.L3_MISS_PS: 0 5668102 0"
197 [140628346889920] WARN perfrun.perfcollector <> - Unexpected PERF_STAT format, ignored, at file: vcs/perfrun1/plugins/perfcollector/src/profiler.cpp:490
197 [140628346889920] INFO perfrun.perfcollector <> - PERF_STAT : "OFFCORE_REQUESTS_OUTSTANDING.CYCLES_WITH_DATA_RD: 0 5668102 0"
197 [140628346889920] WARN perfrun.perfcollector <> - Unexpected PERF_STAT format, ignored, at file: vcs/perfrun1/plugins/perfcollector/src/profiler.cpp:490
197 [140628346889920] INFO perfrun.perfcollector <> - PERF_STAT : "OFFCORE_REQUESTS_OUTSTANDING.ALL_DATA_RD:cmask=6: 0 5668102 0"
197 [140628346889920] WARN perfrun.perfcollector <> - Unexpected PERF_STAT format, ignored, at file: vcs/perfrun1/plugins/perfcollector/src/profiler.cpp:490
197 [140628346889920] INFO perfrun.perfcollector <> - PERF_STAT : "RESOURCE_STALLS.SB: 0 5668102 0"
197 [140628346889920] WARN perfrun.perfcollector <> - Unexpected PERF_STAT format, ignored, at file: vcs/perfrun1/plugins/perfcollector/src/profiler.cpp:490
197 [140628346889920] INFO perfrun.perfcollector <> - PERF_STAT : "RS_EVENTS.EMPTY_CYCLES: 0 5668102 0"
197 [140628346889920] WARN perfrun.perfcollector <> - Unexpected PERF_STAT format, ignored, at file: vcs/perfrun1/plugins/perfcollector/src/profiler.cpp:490
197 [140628346889920] INFO perfrun.perfcollector <> - PERF_STAT : "UOPS_EXECUTED.CORE:cmask=1: 0 5668102 0"
197 [140628346889920] WARN perfrun.perfcollector <> - Unexpected PERF_STAT format, ignored, at file: vcs/perfrun1/plugins/perfcollector/src/profiler.cpp:490
197 [140628346889920] INFO perfrun.perfcollector <> - PERF_STAT : "UOPS_EXECUTED.CORE:cmask=2: 0 5668102 0"
197 [140628346889920] WARN perfrun.perfcollector <> - Unexpected PERF_STAT format, ignored, at file: vcs/perfrun1/plugins/perfcollector/src/profiler.cpp:490
197 [140628346889920] INFO perfrun.perfcollector <> - PERF_STAT : "UOPS_EXECUTED.CORE:cmask=3: 0 5668102 0"
197 [140628346889920] WARN perfrun.perfcollector <> - Unexpected PERF_STAT format, ignored, at file: vcs/perfrun1/plugins/perfcollector/src/profiler.cpp:490
197 [140628346889920] INFO perfrun.perfcollector <> - PERF_STAT : "UOPS_ISSUED.ANY: 0 5668102 0"
197 [140628346889920] WARN perfrun.perfcollector <> - Unexpected PERF_STAT format, ignored, at file: vcs/perfrun1/plugins/perfcollector/src/profiler.cpp:490
197 [140628346889920] INFO perfrun.perfcollector <> - PERF_STAT : "IDQ_UOPS_NOT_DELIVERED.CYCLES_0_UOPS_DELIV.CORE: 0 5668102 0"
197 [140628346889920] WARN perfrun.perfcollector <> - Unexpected PERF_STAT format, ignored, at file: vcs/perfrun1/plugins/perfcollector/src/profiler.cpp:490
197 [140628346889920] INFO perfrun.perfcollector <> - PERF_STAT : "MEM_UOPS_RETIRED.ALL_LOADS_PS: 0 5668102 0"
197 [140628346889920] WARN perfrun.perfcollector <> - Unexpected PERF_STAT format, ignored, at file: vcs/perfrun1/plugins/perfcollector/src/profiler.cpp:490
197 [140628346889920] INFO perfrun.perfcollector <> - PERF_STAT : "MEM_UOPS_RETIRED.ALL_STORES_PS: 0 5668102 0"
197 [140628346889920] WARN perfrun.perfcollector <> - Unexpected PERF_STAT format, ignored, at file: vcs/perfrun1/plugins/perfcollector/src/profiler.cpp:490
197 [140628346889920] INFO perfrun.perfcollector <> - PERF_STAT : "MEM_LOAD_UOPS_L3_MISS_RETIRED.LOCAL_DRAM_PS: 0 5668102 0"
197 [140628346889920] WARN perfrun.perfcollector <> - Unexpected PERF_STAT format, ignored, at file: vcs/perfrun1/plugins/perfcollector/src/profiler.cpp:490
197 [140628346889920] INFO perfrun.perfcollector <> - PERF_STAT : "MEM_LOAD_UOPS_L3_MISS_RETIRED.REMOTE_DRAM_PS: 0 5668102 0"
197 [140628346889920] WARN perfrun.perfcollector <> - Unexpected PERF_STAT format, ignored, at file: vcs/perfrun1/plugins/perfcollector/src/profiler.cpp:490
197 [140628346889920] INFO perfrun.perfcollector <> - PERF_STAT : "MEM_LOAD_UOPS_L3_MISS_RETIRED.REMOTE_HITM_PS: 0 5668102 0"
197 [140628346889920] WARN perfrun.perfcollector <> - Unexpected PERF_STAT format, ignored, at file: vcs/perfrun1/plugins/perfcollector/src/profiler.cpp:490
197 [140628346889920] INFO perfrun.perfcollector <> - PERF_STAT : "MEM_LOAD_UOPS_L3_MISS_RETIRED.REMOTE_FWD_PS: 0 5668102 0"
197 [140628346889920] WARN perfrun.perfcollector <> - Unexpected PERF_STAT format, ignored, at file: vcs/perfrun1/plugins/perfcollector/src/profiler.cpp:490
197 [140628346889920] INFO perfrun.perfcollector <> - PERF_STAT : "16431006;;CPU_CLK_UNHALTED.THREAD;5668102;100.00;;"
199 [140628346889920] INFO perfrun.perfcollector <> - PERF_STAT : "12840992;;CPU_CLK_UNHALTED.REF_TSC;5668102;100.00;;"
199 [140628346889920] INFO perfrun.perfcollector <> - PERF_STAT : "15799260;;INST_RETIRED.ANY;5668102;100.00;;"
199 [140628346889920] INFO perfrun.perfcollector <> - PERF_STAT : "1463548;;CYCLE_ACTIVITY.STALLS_L1D_PENDING;2882650;50.86;;"
199 [140628346889920] INFO perfrun.perfcollector <> - PERF_STAT : "558303;;CPU_CLK_UNHALTED.REF_XCLK;5668102;100.00;;"
199 [140628346889920] INFO perfrun.perfcollector <> - PERF_STAT : "558027;;CPU_CLK_UNHALTED.ONE_THREAD_ACTIVE;5668102;100.00;;"
199 [140628346889920] INFO perfrun.perfcollector <> - PERF_STAT : "17220572;;UOPS_RETIRED.RETIRE_SLOTS;5668102;100.00;;"
199 [140628346889920] INFO perfrun.perfcollector <> - PERF_STAT : "8754384;;CYCLE_ACTIVITY.CYCLES_NO_EXECUTE;2785452;49.14;;"
199 [140628346889920] INFO perfrun.perfcollector <> - PERF_STAT : "<not counted>;;CYCLE_ACTIVITY.STALLS_LDM_PENDING;0;0.00;;"
199 [140628346889920] INFO perfrun.perfcollector <> - PERF_STAT : "<not counted>;;CYCLE_ACTIVITY.STALLS_L2_PENDING;0;0.00;;"
199 [140628355282624] INFO perfrun.perfcollector <> - Monitor: runCmd RC = true
199 [140628346889920] INFO perfrun.perfcollector <> - PERF_STAT : "<not counted>;;IDQ_UOPS_NOT_DELIVERED.CORE;0;0.00;;"
200 [140628346889920] INFO perfrun.perfcollector <> - PERF_STAT : "<not counted>;;INT_MISC.RECOVERY_CYCLES;0;0.00;;"
200 [140628346889920] INFO perfrun.perfcollector <> - PERF_STAT : "<not counted>;;MEM_LOAD_UOPS_RETIRED.L3_HIT_PS;0;0.00;;"
200 [140628346889920] INFO perfrun.perfcollector <> - PERF_STAT : "<not counted>;;MEM_LOAD_UOPS_RETIRED.L3_MISS_PS;0;0.00;;"
200 [140628346889920] INFO perfrun.perfcollector <> - PERF_STAT : "<not counted>;;OFFCORE_REQUESTS_OUTSTANDING.CYCLES_WITH_DATA_RD;0;0.00;;"
200 [140628346889920] INFO perfrun.perfcollector <> - PERF_STAT : "<not counted>;;OFFCORE_REQUESTS_OUTSTANDING.ALL_DATA_RD:cmask=6;0;0.00;;"
200 [140628346889920] INFO perfrun.perfcollector <> - PERF_STAT : "<not counted>;;RESOURCE_STALLS.SB;0;0.00;;"
200 [140628346889920] INFO perfrun.perfcollector <> - PERF_STAT : "<not counted>;;RS_EVENTS.EMPTY_CYCLES;0;0.00;;"
200 [140628346889920] INFO perfrun.perfcollector <> - PERF_STAT : "<not counted>;;UOPS_EXECUTED.CORE:cmask=1;0;0.00;;"
200 [140628346889920] INFO perfrun.perfcollector <> - PERF_STAT : "<not counted>;;UOPS_EXECUTED.CORE:cmask=2;0;0.00;;"
200 [140628346889920] INFO perfrun.perfcollector <> - PERF_STAT : "<not counted>;;UOPS_EXECUTED.CORE:cmask=3;0;0.00;;"
200 [140628346889920] INFO perfrun.perfcollector <> - PERF_STAT : "<not counted>;;UOPS_ISSUED.ANY;0;0.00;;"
200 [140628346889920] INFO perfrun.perfcollector <> - PERF_STAT : "<not counted>;;IDQ_UOPS_NOT_DELIVERED.CYCLES_0_UOPS_DELIV.CORE;0;0.00;;"
200 [140628346889920] INFO perfrun.perfcollector <> - PERF_STAT : "<not counted>;;MEM_UOPS_RETIRED.ALL_LOADS_PS;0;0.00;;"
200 [140628346889920] INFO perfrun.perfcollector <> - PERF_STAT : "<not counted>;;MEM_UOPS_RETIRED.ALL_STORES_PS;0;0.00;;"
200 [140628346889920] INFO perfrun.perfcollector <> - PERF_STAT : "<not counted>;;MEM_LOAD_UOPS_L3_MISS_RETIRED.LOCAL_DRAM_PS;0;0.00;;"
200 [140628346889920] INFO perfrun.perfcollector <> - PERF_STAT : "<not counted>;;MEM_LOAD_UOPS_L3_MISS_RETIRED.REMOTE_DRAM_PS;0;0.00;;"
200 [140628346889920] INFO perfrun.perfcollector <> - PERF_STAT : "<not counted>;;MEM_LOAD_UOPS_L3_MISS_RETIRED.REMOTE_HITM_PS;0;0.00;;"
200 [140628346889920] INFO perfrun.perfcollector <> - PERF_STAT : "<not counted>;;MEM_LOAD_UOPS_L3_MISS_RETIRED.REMOTE_FWD_PS;0;0.00;;"
200 [140628346889920] INFO perfrun.perfcollector <> - PERF_STAT : "<not supported>;;UNC_M_CAS_COUNT.RD[UNIT0];0;100.00;;"
200 [140628346889920] INFO perfrun.perfcollector <> - PERF_STAT : "<not supported>;;UNC_M_CAS_COUNT.RD[UNIT1];0;100.00;;"
200 [140628346889920] INFO perfrun.perfcollector <> - PERF_STAT : "<not supported>;;UNC_M_CAS_COUNT.RD[UNIT4];0;100.00;;"
200 [140628346889920] INFO perfrun.perfcollector <> - PERF_STAT : "<not supported>;;UNC_M_CAS_COUNT.RD[UNIT5];0;100.00;;"
200 [140628346889920] INFO perfrun.perfcollector <> - PERF_STAT : "<not supported>;;UNC_M_CAS_COUNT.WR[UNIT0];0;100.00;;"
200 [140628346889920] INFO perfrun.perfcollector <> - PERF_STAT : "<not supported>;;UNC_M_CAS_COUNT.WR[UNIT1];0;100.00;;"
200 [140628346889920] INFO perfrun.perfcollector <> - PERF_STAT : "<not supported>;;UNC_M_CAS_COUNT.WR[UNIT4];0;100.00;;"
200 [140628346889920] INFO perfrun.perfcollector <> - PERF_STAT : "<not supported>;;UNC_M_CAS_COUNT.WR[UNIT5];0;100.00;;"
200 [140628453222080] INFO perfrun.launcher <> - plugin [aoclprofile] was disabled because it doesn't support the given collection type.
200 [140628453222080] INFO perfrun.tpss <> - initialize tpss controller
200 [140628453222080] INFO perfrun.launcher <> - plugin [tpss] was disabled because it doesn't support the given collection type.
200 [140628453222080] INFO perfrun.launcher <> - plugin [exprof] was disabled because it doesn't support the given collection type.
200 [140628453222080] INFO perfrun.launcher <> - plugin [ice] was disabled because it doesn't support the given collection type.
200 [140628453222080] INFO perfrun.launcher <> - plugin [] was disabled because it doesn't support the given collection type.
200 [140628453222080] INFO perfrun.launcher <> - plugin [] was disabled because it doesn't support the given collection type.
200 [140628453222080] INFO perfrun.launcher <> - plugin [parallelfs] was disabled because it doesn't support the given collection type.
200 [140628453222080] INFO perfrun.launcher <> - plugin [power] was disabled because it doesn't support the given collection type.
200 [140628453222080] INFO perfrun.launcher <> - plugin [hwloc] was disabled because it doesn't support the given collection type.
200 [140628453222080] INFO perfrun.launcher <> - plugin [ipmwatch] was disabled because it doesn't support the given collection type.
200 [140628453222080] INFO perfrun.launcher <> - plugin [os_counters] was disabled because it doesn't support the given collection type.
200 [140628609431424] INFO perfrun.launcher <> - set environment variable: INTEL_MRTE_DATA_DIR = /tmp/amplxe-tmp-emlazuta/amplxe-res-3465338-13067990225440122/data.0
200 [140628609431424] INFO perfrun.launcher <> - set environment variable: INTEL_MRTE_HOST_NAME = hype5
200 [140628609431424] INFO perfrun.launcher <> - set environment variable: JAVA_TOOL_OPTIONS = -agentlib:amplxe_samplingmrte_javaprof_1.0 -Dsun.boot.library.path=/home/intel/oneapi/vtune/2021.1.1/lib32/runtime:/home/intel/oneapi/vtune/2021.1.1/lib64/runtime
201 [140628609431424] INFO perfrun.launcher <> - set environment variable: CORECLR_ENABLE_PROFILING = 1
201 [140628609431424] INFO perfrun.launcher <> - set environment variable: CORECLR_PROFILER = {AA5E4821-E3B1-479c-B7FF-5AD047D22CED}
201 [140628609431424] INFO perfrun.launcher <> - set environment variable: CORECLR_PROFILER_PATH = /home/intel/oneapi/vtune/2021.1.1/lib64/libamplxe_samplingmrte_clrprof_1.0.so
201 [140628609431424] INFO perfrun.launcher <> - set environment variable: INTEL_MRTE_PROFILER_MODE = mixed
201 [140628609431424] INFO perfrun.launcher <> - RpcServer: run RPC server to handle requests
202 [140628609431424] INFO perfrun.launcher <> - Launcher: command line to start before modification = ./bin/qlearning_parallel --gridx 100 --gridy 100 --obstacles 2500 --episodes 100000 --maxsteps 1000 --epsilon 0.3 --sync-mode sqrt --seed 42
202 [140628609431424] INFO perfrun.launcher <> - Launcher: command line to start after modification = ./bin/qlearning_parallel --gridx 100 --gridy 100 --obstacles 2500 --episodes 100000 --maxsteps 1000 --epsilon 0.3 --sync-mode sqrt --seed 42
202 [140628609431424] INFO perfrun.launcher <> - ProcessCreator object was created
203 [140628609431424] INFO perfrun.launcher <> - Launcher: the process was started in suspend mode
203 [140628453222080] INFO perfrun.launcher <> - Messenger::say: Peak bandwidth measurement started.
5661 [140628453222080] INFO perfrun.launcher <> - Messenger::say: Peak bandwidth measurement finished.
5665 [140628453222080] WARN perfrun.system <> - Could not do anything with /sys/kernel/debug/kvm: boost::filesystem::status: Permission denied: "/sys/kernel/debug/kvm", at file: vcs/perfrun1/plugins/system/src/trace_writer.cpp:796
5665 [140628453222080] WARN perfrun.system <> - Folder "/var/run/libvirt/qemu/"doesn't exist, at file: vcs/perfrun1/plugins/system/src/trace_writer.cpp:809
5701 [140628453222080] WARN perfrun.sdk <> - Failed to find xl binary on any of the system paths: /bin, /sbin, /usr/bin, /usr/sbin., at file: vcs/perfrun1/sdk/src/utils.cpp:197
5701 [140628453222080] WARN perfrun.system <> - Could not start ContainerMapping collector, at file: vcs/perfrun1/plugins/system/src/controller.cpp:468
5726 [140628453222080] INFO perfrun.vdso <> - Helper runtool '/home/intel/oneapi/vtune/2021.1.1/bin32/amplxe-runss -dump-vdso -r /tmp/amplxe-tmp-emlazuta/amplxe-res-3465338-13067990225440122 --tmp-dir /tmp/amplxe-tmp-emlazuta' returned 1
5819 [140628453222080] INFO perfrun.vdso <> - Helper runtool '/home/intel/oneapi/vtune/2021.1.1/bin64/amplxe-runss -dump-vdso -r /tmp/amplxe-tmp-emlazuta/amplxe-res-3465338-13067990225440122 --tmp-dir /tmp/amplxe-tmp-emlazuta' returned 0
5820 [140628226729664] WARN perfrun.perfcollector <> - Perf stat trace pipe capacity: read = 1048576, write = 1048576, at file: vcs/perfrun1/plugins/perfcollector/src/profiler.cpp:763
5820 [140628226729664] INFO perfrun.perfcollector <> - Path to Perf control pipe: /tmp/amplxe-tmp-emlazuta/perf-pipe-3465338-13068003469238228
5821 [140628226729664] INFO perfrun.sdk <> - runCmd: "/home/intel/oneapi/vtune/2021.1.1/bin64/amplxe-perf" stat -v --log-fd 20 --pipe "/tmp/amplxe-tmp-emlazuta/perf-pipe-3465338-13068003469238228" --pipe-sync --scale -x ; -p 3465348 -e cpu/event=0x3c,name='CPU_CLK_UNHALTED.THREAD'/Duk,cpu/umask=0x3,name='CPU_CLK_UNHALTED.REF_TSC'/Duk,cpu/event=0xc0,name='INST_RETIRED.ANY'/Duk,cpu/event=0xa3,umask=0xc,cmask=0xc,name='CYCLE_ACTIVITY.STALLS_L1D_PENDING'/uk,cpu/event=0x3c,umask=0x1,name='CPU_CLK_UNHALTED.REF_XCLK'/uk,cpu/event=0x3c,umask=0x2,name='CPU_CLK_UNHALTED.ONE_THREAD_ACTIVE'/uk,cpu/event=0xc2,umask=0x2,name='UOPS_RETIRED.RETIRE_SLOTS'/uk,cpu/event=0xa3,umask=0x4,cmask=0x4,name='CYCLE_ACTIVITY.CYCLES_NO_EXECUTE'/uk,cpu/event=0xa3,umask=0x6,cmask=0x6,name='CYCLE_ACTIVITY.STALLS_LDM_PENDING'/uk,cpu/event=0xa3,umask=0x5,cmask=0x5,name='CYCLE_ACTIVITY.STALLS_L2_PENDING'/uk,cpu/event=0x9c,umask=0x1,name='IDQ_UOPS_NOT_DELIVERED.CORE'/uk,cpu/event=0xd,umask=0x3,cmask=0x1,name='INT_MISC.RECOVERY_CYCLES'/uk,cpu/event=0xd1,umask=0x4,name='MEM_LOAD_UOPS_RETIRED.L3_HIT_PS'/uk,cpu/event=0xd1,umask=0x20,name='MEM_LOAD_UOPS_RETIRED.L3_MISS_PS'/uk,cpu/event=0x60,umask=0x8,cmask=0x1,name='OFFCORE_REQUESTS_OUTSTANDING.CYCLES_WITH_DATA_RD'/uk,cpu/event=0x60,umask=0x8,cmask=0x6,name='OFFCORE_REQUESTS_OUTSTANDING.ALL_DATA_RD:cmask=6'/uk,cpu/event=0xa2,umask=0x8,name='RESOURCE_STALLS.SB'/uk,cpu/event=0x5e,umask=0x1,name='RS_EVENTS.EMPTY_CYCLES'/uk,cpu/event=0xb1,umask=0x2,cmask=0x1,name='UOPS_EXECUTED.CORE:cmask=1'/uk,cpu/event=0xb1,umask=0x2,cmask=0x2,name='UOPS_EXECUTED.CORE:cmask=2'/uk,cpu/event=0xb1,umask=0x2,cmask=0x3,name='UOPS_EXECUTED.CORE:cmask=3'/uk,cpu/event=0xe,umask=0x1,name='UOPS_ISSUED.ANY'/uk,cpu/event=0x9c,umask=0x1,cmask=0x4,name='IDQ_UOPS_NOT_DELIVERED.CYCLES_0_UOPS_DELIV.CORE'/uk,cpu/event=0xd0,umask=0x81,name='MEM_UOPS_RETIRED.ALL_LOADS_PS'/uk,cpu/event=0xd0,umask=0x82,name='MEM_UOPS_RETIRED.ALL_STORES_PS'/uk,cpu/event=0xd3,umask=0x1,name='MEM_LOAD_UOPS_L3_MISS_RETIRED.LOCAL_DRAM_PS'/uk,cpu/event=0xd3,umask=0x4,name='MEM_LOAD_UOPS_L3_MISS_RETIRED.REMOTE_DRAM_PS'/uk,cpu/event=0xd3,umask=0x10,name='MEM_LOAD_UOPS_L3_MISS_RETIRED.REMOTE_HITM_PS'/uk,cpu/event=0xd3,umask=0x20,name='MEM_LOAD_UOPS_L3_MISS_RETIRED.REMOTE_FWD_PS'/uk,uncore_imc_0/event=0x4,umask=0x3,name='UNC_M_CAS_COUNT.RD[UNIT0]'/,uncore_imc_1/event=0x4,umask=0x3,name='UNC_M_CAS_COUNT.RD[UNIT1]'/,uncore_imc_4/event=0x4,umask=0x3,name='UNC_M_CAS_COUNT.RD[UNIT4]'/,uncore_imc_5/event=0x4,umask=0x3,name='UNC_M_CAS_COUNT.RD[UNIT5]'/,uncore_imc_0/event=0x4,umask=0xc,name='UNC_M_CAS_COUNT.WR[UNIT0]'/,uncore_imc_1/event=0x4,umask=0xc,name='UNC_M_CAS_COUNT.WR[UNIT1]'/,uncore_imc_4/event=0x4,umask=0xc,name='UNC_M_CAS_COUNT.WR[UNIT4]'/,uncore_imc_5/event=0x4,umask=0xc,name='UNC_M_CAS_COUNT.WR[UNIT5]'/ "/home/intel/oneapi/vtune/2021.1.1/bin64/amplxe-perf-sync" sync sys
5899 [140628609431424] INFO perfrun.launcher <> - Launcher: all plugins were started
5899 [140628609431424] INFO perfrun.launcher <> - DirectoryMonitor object was created
5899 [140628609431424] INFO perfrun.launcher <> - DirectoryMonitor: a callback was added
5899 [140628609431424] INFO perfrun.launcher <> - DirectoryMonitor was started with pingTime = 1000
5899 [140628609431424] INFO perfrun.launcher <> - DeadlineTimer is going to be constructed
5899 [140628609431424] INFO perfrun.launcher <> - DeadlineTimer: a callback was added
5904 [140628609431424] INFO perfrun.launcher <> - Launcher: resume the profiled application and  wait its termination or stop command
10398 [140628609431424] INFO perfrun.launcher <> - Launcher: the profiled application was terminated  with exit code = 0
10404 [140628355282624] INFO perfrun.perfcollector <> - PERF_STAT : "CPU_CLK_UNHALTED.THREAD: 225470560231 87142469929 87142469929"
10404 [140628355282624] WARN perfrun.perfcollector <> - Unexpected PERF_STAT format, ignored, at file: vcs/perfrun1/plugins/perfcollector/src/profiler.cpp:490
10404 [140628355282624] INFO perfrun.perfcollector <> - PERF_STAT : "CPU_CLK_UNHALTED.REF_TSC: 199439055923 87142469929 87142469929"
10404 [140628355282624] WARN perfrun.perfcollector <> - Unexpected PERF_STAT format, ignored, at file: vcs/perfrun1/plugins/perfcollector/src/profiler.cpp:490
10404 [140628355282624] INFO perfrun.perfcollector <> - PERF_STAT : "INST_RETIRED.ANY: 683689654738 87142469929 87142469929"
10404 [140628355282624] WARN perfrun.perfcollector <> - Unexpected PERF_STAT format, ignored, at file: vcs/perfrun1/plugins/perfcollector/src/profiler.cpp:490
10404 [140628355282624] INFO perfrun.perfcollector <> - PERF_STAT : "CYCLE_ACTIVITY.STALLS_L1D_PENDING: 13996036054 86118884770 9735630940"
10404 [140628355282624] WARN perfrun.perfcollector <> - Unexpected PERF_STAT format, ignored, at file: vcs/perfrun1/plugins/perfcollector/src/profiler.cpp:490
10404 [140628355282624] INFO perfrun.perfcollector <> - PERF_STAT : "CPU_CLK_UNHALTED.REF_XCLK: 8566245249 86194882911 6796601975"
10404 [140628355282624] WARN perfrun.perfcollector <> - Unexpected PERF_STAT format, ignored, at file: vcs/perfrun1/plugins/perfcollector/src/profiler.cpp:490
10405 [140628355282624] INFO perfrun.perfcollector <> - PERF_STAT : "CPU_CLK_UNHALTED.ONE_THREAD_ACTIVE: 8567425027 86270883989 9965045529"
10405 [140628355282624] WARN perfrun.perfcollector <> - Unexpected PERF_STAT format, ignored, at file: vcs/perfrun1/plugins/perfcollector/src/profiler.cpp:490
10405 [140628355282624] INFO perfrun.perfcollector <> - PERF_STAT : "UOPS_RETIRED.RETIRE_SLOTS: 448056550691 86346883095 13091139741"
10405 [140628355282624] WARN perfrun.perfcollector <> - Unexpected PERF_STAT format, ignored, at file: vcs/perfrun1/plugins/perfcollector/src/profiler.cpp:490
10405 [140628355282624] INFO perfrun.perfcollector <> - PERF_STAT : "CYCLE_ACTIVITY.CYCLES_NO_EXECUTE: 51481080264 86422876427 13211341768"
10405 [140628355282624] WARN perfrun.perfcollector <> - Unexpected PERF_STAT format, ignored, at file: vcs/perfrun1/plugins/perfcollector/src/profiler.cpp:490
10405 [140628355282624] INFO perfrun.perfcollector <> - PERF_STAT : "CYCLE_ACTIVITY.STALLS_LDM_PENDING: 26303000919 86498867586 13227358198"
10405 [140628355282624] WARN perfrun.perfcollector <> - Unexpected PERF_STAT format, ignored, at file: vcs/perfrun1/plugins/perfcollector/src/profiler.cpp:490
10405 [140628355282624] INFO perfrun.perfcollector <> - PERF_STAT : "CYCLE_ACTIVITY.STALLS_L2_PENDING: 14291112611 86574851335 13292300721"
10405 [140628355282624] WARN perfrun.perfcollector <> - Unexpected PERF_STAT format, ignored, at file: vcs/perfrun1/plugins/perfcollector/src/profiler.cpp:490
10405 [140628355282624] INFO perfrun.perfcollector <> - PERF_STAT : "IDQ_UOPS_NOT_DELIVERED.CORE: 132829802472 86650429028 13362871205"
10405 [140628355282624] WARN perfrun.perfcollector <> - Unexpected PERF_STAT format, ignored, at file: vcs/perfrun1/plugins/perfcollector/src/profiler.cpp:490
10405 [140628355282624] INFO perfrun.perfcollector <> - PERF_STAT : "INT_MISC.RECOVERY_CYCLES: 776139172 86722422724 13359733419"
10405 [140628355282624] WARN perfrun.perfcollector <> - Unexpected PERF_STAT format, ignored, at file: vcs/perfrun1/plugins/perfcollector/src/profiler.cpp:490
10405 [140628355282624] INFO perfrun.perfcollector <> - PERF_STAT : "MEM_LOAD_UOPS_RETIRED.L3_HIT_PS: 287961964 86794413863 13308581720"
10405 [140628355282624] WARN perfrun.perfcollector <> - Unexpected PERF_STAT format, ignored, at file: vcs/perfrun1/plugins/perfcollector/src/profiler.cpp:490
10405 [140628355282624] INFO perfrun.perfcollector <> - PERF_STAT : "MEM_LOAD_UOPS_RETIRED.L3_MISS_PS: 106806965 86865985300 13154537636"
10405 [140628355282624] WARN perfrun.perfcollector <> - Unexpected PERF_STAT format, ignored, at file: vcs/perfrun1/plugins/perfcollector/src/profiler.cpp:490
10405 [140628355282624] INFO perfrun.perfcollector <> - PERF_STAT : "OFFCORE_REQUESTS_OUTSTANDING.CYCLES_WITH_DATA_RD: 84385735661 86933503473 6788838077"
10405 [140628355282624] WARN perfrun.perfcollector <> - Unexpected PERF_STAT format, ignored, at file: vcs/perfrun1/plugins/perfcollector/src/profiler.cpp:490
10405 [140628355282624] INFO perfrun.perfcollector <> - PERF_STAT : "OFFCORE_REQUESTS_OUTSTANDING.ALL_DATA_RD:cmask=6: 6940893580 86912162161 6738870019"
10405 [140628355282624] WARN perfrun.perfcollector <> - Unexpected PERF_STAT format, ignored, at file: vcs/perfrun1/plugins/perfcollector/src/profiler.cpp:490
10405 [140628355282624] INFO perfrun.perfcollector <> - PERF_STAT : "RESOURCE_STALLS.SB: 5574489446 86872190700 10097330319"
10405 [140628355282624] WARN perfrun.perfcollector <> - Unexpected PERF_STAT format, ignored, at file: vcs/perfrun1/plugins/perfcollector/src/profiler.cpp:490
10405 [140628355282624] INFO perfrun.perfcollector <> - PERF_STAT : "RS_EVENTS.EMPTY_CYCLES: 21856817735 86922443209 13286402223"
10405 [140628355282624] WARN perfrun.perfcollector <> - Unexpected PERF_STAT format, ignored, at file: vcs/perfrun1/plugins/perfcollector/src/profiler.cpp:490
10405 [140628355282624] INFO perfrun.perfcollector <> - PERF_STAT : "UOPS_EXECUTED.CORE:cmask=1: 172466560738 86957503618 13272346957"
10405 [140628355282624] WARN perfrun.perfcollector <> - Unexpected PERF_STAT format, ignored, at file: vcs/perfrun1/plugins/perfcollector/src/profiler.cpp:490
10405 [140628355282624] INFO perfrun.perfcollector <> - PERF_STAT : "UOPS_EXECUTED.CORE:cmask=2: 147595707430 86900946578 13229569712"
10405 [140628355282624] WARN perfrun.perfcollector <> - Unexpected PERF_STAT format, ignored, at file: vcs/perfrun1/plugins/perfcollector/src/profiler.cpp:490
10405 [140628355282624] INFO perfrun.perfcollector <> - PERF_STAT : "UOPS_EXECUTED.CORE:cmask=3: 130601862222 86589467148 13224341776"
10405 [140628355282624] WARN perfrun.perfcollector <> - Unexpected PERF_STAT format, ignored, at file: vcs/perfrun1/plugins/perfcollector/src/profiler.cpp:490
10405 [140628355282624] INFO perfrun.perfcollector <> - PERF_STAT : "UOPS_ISSUED.ANY: 458918033945 86446359098 13159845535"
10405 [140628355282624] WARN perfrun.perfcollector <> - Unexpected PERF_STAT format, ignored, at file: vcs/perfrun1/plugins/perfcollector/src/profiler.cpp:490
10405 [140628355282624] INFO perfrun.perfcollector <> - PERF_STAT : "IDQ_UOPS_NOT_DELIVERED.CYCLES_0_UOPS_DELIV.CORE: 737868770 86231735825 13127633188"
10405 [140628355282624] WARN perfrun.perfcollector <> - Unexpected PERF_STAT format, ignored, at file: vcs/perfrun1/plugins/perfcollector/src/profiler.cpp:490
10405 [140628355282624] INFO perfrun.perfcollector <> - PERF_STAT : "MEM_UOPS_RETIRED.ALL_LOADS_PS: 134662487161 86112612706 12802126105"
10405 [140628355282624] WARN perfrun.perfcollector <> - Unexpected PERF_STAT format, ignored, at file: vcs/perfrun1/plugins/perfcollector/src/profiler.cpp:490
10405 [140628355282624] INFO perfrun.perfcollector <> - PERF_STAT : "MEM_UOPS_RETIRED.ALL_STORES_PS: 2174777145 86001491603 6635010933"
10405 [140628355282624] WARN perfrun.perfcollector <> - Unexpected PERF_STAT format, ignored, at file: vcs/perfrun1/plugins/perfcollector/src/profiler.cpp:490
10405 [140628355282624] INFO perfrun.perfcollector <> - PERF_STAT : "MEM_LOAD_UOPS_L3_MISS_RETIRED.LOCAL_DRAM_PS: 494976 85814914536 6643252573"
10405 [140628355282624] WARN perfrun.perfcollector <> - Unexpected PERF_STAT format, ignored, at file: vcs/perfrun1/plugins/perfcollector/src/profiler.cpp:490
10405 [140628355282624] INFO perfrun.perfcollector <> - PERF_STAT : "MEM_LOAD_UOPS_L3_MISS_RETIRED.REMOTE_DRAM_PS: 91463 85890908650 6661749033"
10405 [140628355282624] WARN perfrun.perfcollector <> - Unexpected PERF_STAT format, ignored, at file: vcs/perfrun1/plugins/perfcollector/src/profiler.cpp:490
10405 [140628355282624] INFO perfrun.perfcollector <> - PERF_STAT : "MEM_LOAD_UOPS_L3_MISS_RETIRED.REMOTE_HITM_PS: 103530595 85966887204 6673320357"
10405 [140628355282624] WARN perfrun.perfcollector <> - Unexpected PERF_STAT format, ignored, at file: vcs/perfrun1/plugins/perfcollector/src/profiler.cpp:490
10405 [140628355282624] INFO perfrun.perfcollector <> - PERF_STAT : "MEM_LOAD_UOPS_L3_MISS_RETIRED.REMOTE_FWD_PS: 822350 86042886665 6661714308"
10405 [140628355282624] WARN perfrun.perfcollector <> - Unexpected PERF_STAT format, ignored, at file: vcs/perfrun1/plugins/perfcollector/src/profiler.cpp:490
10405 [140628355282624] INFO perfrun.perfcollector <> - PERF_STAT : "225470560231;;CPU_CLK_UNHALTED.THREAD;87142469929;100.00;;"
10405 [140628355282624] INFO perfrun.perfcollector <> - PERF_STAT : "199439055923;;CPU_CLK_UNHALTED.REF_TSC;87142469929;100.00;;"
10405 [140628355282624] INFO perfrun.perfcollector <> - PERF_STAT : "683689654738;;INST_RETIRED.ANY;87142469929;100.00;;"
10405 [140628355282624] INFO perfrun.perfcollector <> - PERF_STAT : "13996036054;;CYCLE_ACTIVITY.STALLS_L1D_PENDING;9735630940;11.30;;"
10405 [140628355282624] INFO perfrun.perfcollector <> - PERF_STAT : "8566245249;;CPU_CLK_UNHALTED.REF_XCLK;6796601975;7.89;;"
10405 [140628355282624] INFO perfrun.perfcollector <> - PERF_STAT : "8567425027;;CPU_CLK_UNHALTED.ONE_THREAD_ACTIVE;9965045529;11.55;;"
10405 [140628355282624] INFO perfrun.perfcollector <> - PERF_STAT : "448056550691;;UOPS_RETIRED.RETIRE_SLOTS;13091139741;15.16;;"
10405 [140628355282624] INFO perfrun.perfcollector <> - PERF_STAT : "51481080264;;CYCLE_ACTIVITY.CYCLES_NO_EXECUTE;13211341768;15.29;;"
10405 [140628355282624] INFO perfrun.perfcollector <> - PERF_STAT : "26303000919;;CYCLE_ACTIVITY.STALLS_LDM_PENDING;13227358198;15.29;;"
10408 [140628355282624] INFO perfrun.perfcollector <> - PERF_STAT : "14291112611;;CYCLE_ACTIVITY.STALLS_L2_PENDING;13292300721;15.35;;"
10408 [140628355282624] INFO perfrun.perfcollector <> - PERF_STAT : "132829802472;;IDQ_UOPS_NOT_DELIVERED.CORE;13362871205;15.42;;"
10408 [140628226729664] INFO perfrun.perfcollector <> - Monitor: runCmd RC = true
10408 [140628355282624] INFO perfrun.perfcollector <> - PERF_STAT : "776139172;;INT_MISC.RECOVERY_CYCLES;13359733419;15.41;;"
10408 [140628355282624] INFO perfrun.perfcollector <> - PERF_STAT : "287961964;;MEM_LOAD_UOPS_RETIRED.L3_HIT_PS;13308581720;15.33;;"
10408 [140628355282624] INFO perfrun.perfcollector <> - PERF_STAT : "106806965;;MEM_LOAD_UOPS_RETIRED.L3_MISS_PS;13154537636;15.14;;"
10408 [140628355282624] INFO perfrun.perfcollector <> - PERF_STAT : "84385735661;;OFFCORE_REQUESTS_OUTSTANDING.CYCLES_WITH_DATA_RD;6788838077;7.81;;"
10408 [140628355282624] INFO perfrun.perfcollector <> - PERF_STAT : "6940893580;;OFFCORE_REQUESTS_OUTSTANDING.ALL_DATA_RD:cmask=6;6738870019;7.75;;"
10408 [140628355282624] INFO perfrun.perfcollector <> - PERF_STAT : "5574489446;;RESOURCE_STALLS.SB;10097330319;11.62;;"
10408 [140628355282624] INFO perfrun.perfcollector <> - PERF_STAT : "21856817735;;RS_EVENTS.EMPTY_CYCLES;13286402223;15.29;;"
10408 [140628355282624] INFO perfrun.perfcollector <> - PERF_STAT : "172466560738;;UOPS_EXECUTED.CORE:cmask=1;13272346957;15.26;;"
10408 [140628355282624] INFO perfrun.perfcollector <> - PERF_STAT : "147595707430;;UOPS_EXECUTED.CORE:cmask=2;13229569712;15.22;;"
10408 [140628355282624] INFO perfrun.perfcollector <> - PERF_STAT : "130601862222;;UOPS_EXECUTED.CORE:cmask=3;13224341776;15.27;;"
10408 [140628355282624] INFO perfrun.perfcollector <> - PERF_STAT : "458918033945;;UOPS_ISSUED.ANY;13159845535;15.22;;"
10408 [140628355282624] INFO perfrun.perfcollector <> - PERF_STAT : "737868770;;IDQ_UOPS_NOT_DELIVERED.CYCLES_0_UOPS_DELIV.CORE;13127633188;15.22;;"
10408 [140628355282624] INFO perfrun.perfcollector <> - PERF_STAT : "134662487161;;MEM_UOPS_RETIRED.ALL_LOADS_PS;12802126105;14.87;;"
10408 [140628355282624] INFO perfrun.perfcollector <> - PERF_STAT : "2174777145;;MEM_UOPS_RETIRED.ALL_STORES_PS;6635010933;7.71;;"
10408 [140628355282624] INFO perfrun.perfcollector <> - PERF_STAT : "494976;;MEM_LOAD_UOPS_L3_MISS_RETIRED.LOCAL_DRAM_PS;6643252573;7.74;;"
10408 [140628355282624] INFO perfrun.perfcollector <> - PERF_STAT : "91463;;MEM_LOAD_UOPS_L3_MISS_RETIRED.REMOTE_DRAM_PS;6661749033;7.76;;"
10408 [140628355282624] INFO perfrun.perfcollector <> - PERF_STAT : "103530595;;MEM_LOAD_UOPS_L3_MISS_RETIRED.REMOTE_HITM_PS;6673320357;7.76;;"
10408 [140628355282624] INFO perfrun.perfcollector <> - PERF_STAT : "822350;;MEM_LOAD_UOPS_L3_MISS_RETIRED.REMOTE_FWD_PS;6661714308;7.74;;"
10408 [140628355282624] INFO perfrun.perfcollector <> - PERF_STAT : "<not supported>;;UNC_M_CAS_COUNT.RD[UNIT0];0;100.00;;"
10408 [140628355282624] INFO perfrun.perfcollector <> - PERF_STAT : "<not supported>;;UNC_M_CAS_COUNT.RD[UNIT1];0;100.00;;"
10408 [140628355282624] INFO perfrun.perfcollector <> - PERF_STAT : "<not supported>;;UNC_M_CAS_COUNT.RD[UNIT4];0;100.00;;"
10408 [140628355282624] INFO perfrun.perfcollector <> - PERF_STAT : "<not supported>;;UNC_M_CAS_COUNT.RD[UNIT5];0;100.00;;"
10408 [140628355282624] INFO perfrun.perfcollector <> - PERF_STAT : "<not supported>;;UNC_M_CAS_COUNT.WR[UNIT0];0;100.00;;"
10408 [140628355282624] INFO perfrun.perfcollector <> - PERF_STAT : "<not supported>;;UNC_M_CAS_COUNT.WR[UNIT1];0;100.00;;"
10408 [140628355282624] INFO perfrun.perfcollector <> - PERF_STAT : "<not supported>;;UNC_M_CAS_COUNT.WR[UNIT4];0;100.00;;"
10408 [140628355282624] INFO perfrun.perfcollector <> - PERF_STAT : "<not supported>;;UNC_M_CAS_COUNT.WR[UNIT5];0;100.00;;"
10408 [140628453222080] INFO perfrun.perfcollector <> - Monitor: state = 3, error = 1
10408 [140628453222080] INFO perfrun.sdk <> - De-allocating TMU: /tmp/amplxe-tmp-emlazuta/amplxe-res-3465338-13067990225440122/data.0/systemcollector-3465338-hype5.sc
10408 [140628453222080] INFO perfrun.system <> - closed the system trace file: /tmp/amplxe-tmp-emlazuta/amplxe-res-3465338-13067990225440122/data.0/systemcollector-3465338-hype5.sc
10408 [140628609431424] INFO perfrun.launcher <> - Launcher: all plugins were stopped.
10408 [140628609431424] INFO perfrun.launcher <> - DeadlineTimer is going to be destroyed
10408 [140628609431424] INFO perfrun.launcher <> - DeadlineTimer was destroyed
10408 [140628609431424] INFO perfrun.launcher <> - DirectoryMonitor object was destroyed
10408 [140628609431424] WARN perfrun.launcher <> - Stop command is ignored because it is received when collection is already stopped, at file: vcs/perfrun1/launcher/src/command_handler.cpp:212
10434 [140628609431424] INFO perfrun.launcher <> - Application exit code: 0
10434 [140628609431424] INFO perfrun.launcher <> - Exit code: 0
