13 [140676124362624] INFO perfrun.launcher <> - Launcher main begin
15 [140676124362624] INFO perfrun.launcher <> - MessageCatalogInit finished
15 [140676124362624] INFO perfrun.launcher <> - Launcher instance created
15 [140676124362624] INFO perfrun.launcher <> - argc = 7; cmdline = /home/intel/oneapi/vtune/2021.1.1/bin64/amplxe-runss --ui-output-format xml --ui-output-fd 5 --option-file /home/users/emlazuta/parallel-qlearning/results_batch_vtune_100x100/run_par_sstatic_mstatespace_t4_obs25pct/config/runsa.options 
28 [140676124362624] INFO perfrun.launcher <> - plugin remoteplug has been added successfully
28 [140676124362624] INFO perfrun.launcher <> - plugin system has been added successfully
28 [140676124362624] INFO perfrun.launcher <> - plugin vdso has been added successfully
28 [140676124362624] INFO perfrun.launcher <> - plugin itt has been added successfully
28 [140676124362624] INFO perfrun.launcher <> - plugin ptracecollector has been added successfully
29 [140676124362624] INFO perfrun.launcher <> - plugin gpu has been added successfully
29 [140676124362624] INFO perfrun.launcher <> - plugin  has been added successfully
29 [140676124362624] INFO perfrun.launcher <> - plugin  has been added successfully
29 [140676124362624] INFO perfrun.launcher <> - plugin  has been added successfully
29 [140676124362624] INFO perfrun.launcher <> - plugin mrte has been added successfully
29 [140676124362624] INFO perfrun.launcher <> - plugin emon has been added successfully
29 [140676124362624] INFO perfrun.launcher <> - plugin cuscol has been added successfully
29 [140676124362624] INFO perfrun.launcher <> - plugin stdsrc has been added successfully
29 [140676124362624] INFO perfrun.launcher <> - plugin sep has been added successfully
29 [140676124362624] INFO perfrun.launcher <> - plugin vtsspp has been added successfully
29 [140676124362624] INFO perfrun.sdk <> - Reading value (-1) from file: /proc/sys/kernel/perf_event_paranoid
29 [140676124362624] INFO perfrun.perfcollector <> - checking access to: /home/intel/oneapi/vtune/2021.1.1/bin64/amplxe-perf-priv
33 [140676124362624] INFO perfrun.perfcollector <> - cpu: family = 6 model = 63
33 [140676124362624] INFO perfrun.perfcollector <> - dir found : /sys/bus/event_source/devices/software
33 [140676124362624] WARN perfrun.perfcollector <> - format subdir doesn't exist, at file: vcs/perfrun1/plugins/perfcollector/src/controller.cpp:725
33 [140676124362624] WARN perfrun.perfcollector <> - pmu hwInfo is not set, at file: vcs/perfrun1/plugins/perfcollector/src/controller.cpp:819
33 [140676124362624] INFO perfrun.perfcollector <> - pmu added : family : software , id : 0
33 [140676124362624] INFO perfrun.perfcollector <> - dir found : /sys/bus/event_source/devices/uncore_imc_5
33 [140676124362624] INFO perfrun.perfcollector <> - format: event config:0-7 mask:0-7
33 [140676124362624] INFO perfrun.perfcollector <> - format: edge config:18 mask:18
33 [140676124362624] INFO perfrun.perfcollector <> - format: inv config:23 mask:23
33 [140676124362624] INFO perfrun.perfcollector <> - format: umask config:8-15 mask:8-15
33 [140676124362624] INFO perfrun.perfcollector <> - format: thresh config:24-31 mask:24-31
33 [140676124362624] INFO perfrun.perfcollector <> - hwInfo : PERF_IMC_PMU_DETAILS
33 [140676124362624] INFO perfrun.perfcollector <> - pmu added : family : uncore_imc , id : 5
33 [140676124362624] INFO perfrun.perfcollector <> - dir found : /sys/bus/event_source/devices/uncore_sbox_2
33 [140676124362624] INFO perfrun.perfcollector <> - format: event config:0-7 mask:0-7
33 [140676124362624] INFO perfrun.perfcollector <> - format: edge config:18 mask:18
33 [140676124362624] INFO perfrun.perfcollector <> - format: inv config:23 mask:23
33 [140676124362624] INFO perfrun.perfcollector <> - format: umask config:8-15 mask:8-15
33 [140676124362624] INFO perfrun.perfcollector <> - format: tid_en config:19 mask:19
33 [140676124362624] INFO perfrun.perfcollector <> - format: thresh config:24-31 mask:24-31
33 [140676124362624] WARN perfrun.perfcollector <> - pmu hwInfo is not set, at file: vcs/perfrun1/plugins/perfcollector/src/controller.cpp:819
33 [140676124362624] INFO perfrun.perfcollector <> - pmu added : family : uncore_sbox , id : 2
33 [140676124362624] INFO perfrun.perfcollector <> - dir found : /sys/bus/event_source/devices/uncore_cbox_8
33 [140676124362624] INFO perfrun.perfcollector <> - format: event config:0-7 mask:0-7
33 [140676124362624] INFO perfrun.perfcollector <> - format: filter_link config1:6-8 mask:6-8
33 [140676124362624] INFO perfrun.perfcollector <> - format: filter_c6 config1:61 mask:61
33 [140676124362624] INFO perfrun.perfcollector <> - format: edge config:18 mask:18
33 [140676124362624] INFO perfrun.perfcollector <> - format: filter_isoc config1:63 mask:63
33 [140676124362624] INFO perfrun.perfcollector <> - format: filter_tid config1:0-5 mask:0-5
34 [140676124362624] INFO perfrun.perfcollector <> - format: filter_nid config1:32-47 mask:32-47
34 [140676124362624] INFO perfrun.perfcollector <> - format: filter_nc config1:62 mask:62
34 [140676124362624] INFO perfrun.perfcollector <> - format: umask config:8-15 mask:8-15
34 [140676124362624] INFO perfrun.perfcollector <> - format: tid_en config:19 mask:19
34 [140676124362624] INFO perfrun.perfcollector <> - format: thresh config:24-31 mask:24-31
34 [140676124362624] INFO perfrun.perfcollector <> - format: filter_state config1:17-23 mask:17-23
34 [140676124362624] INFO perfrun.perfcollector <> - format: filter_opc config1:52-60 mask:52-60
34 [140676124362624] WARN perfrun.perfcollector <> - pmu hwInfo is not set, at file: vcs/perfrun1/plugins/perfcollector/src/controller.cpp:819
34 [140676124362624] INFO perfrun.perfcollector <> - pmu added : family : uncore_cbox , id : 8
34 [140676124362624] INFO perfrun.perfcollector <> - dir found : /sys/bus/event_source/devices/uncore_r2pcie
34 [140676124362624] INFO perfrun.perfcollector <> - format: event config:0-7 mask:0-7
34 [140676124362624] INFO perfrun.perfcollector <> - format: edge config:18 mask:18
34 [140676124362624] INFO perfrun.perfcollector <> - format: inv config:23 mask:23
34 [140676124362624] INFO perfrun.perfcollector <> - format: umask config:8-15 mask:8-15
34 [140676124362624] INFO perfrun.perfcollector <> - format: thresh config:24-31 mask:24-31
34 [140676124362624] WARN perfrun.perfcollector <> - pmu hwInfo is not set, at file: vcs/perfrun1/plugins/perfcollector/src/controller.cpp:819
34 [140676124362624] INFO perfrun.perfcollector <> - pmu added : family : uncore_r2pcie , id : 0
34 [140676124362624] INFO perfrun.perfcollector <> - dir found : /sys/bus/event_source/devices/uncore_sbox_0
34 [140676124362624] INFO perfrun.perfcollector <> - format: event config:0-7 mask:0-7
34 [140676124362624] INFO perfrun.perfcollector <> - format: edge config:18 mask:18
34 [140676124362624] INFO perfrun.perfcollector <> - format: inv config:23 mask:23
34 [140676124362624] INFO perfrun.perfcollector <> - format: umask config:8-15 mask:8-15
34 [140676124362624] INFO perfrun.perfcollector <> - format: tid_en config:19 mask:19
34 [140676124362624] INFO perfrun.perfcollector <> - format: thresh config:24-31 mask:24-31
34 [140676124362624] WARN perfrun.perfcollector <> - pmu hwInfo is not set, at file: vcs/perfrun1/plugins/perfcollector/src/controller.cpp:819
34 [140676124362624] INFO perfrun.perfcollector <> - pmu added : family : uncore_sbox , id : 0
34 [140676124362624] INFO perfrun.perfcollector <> - dir found : /sys/bus/event_source/devices/uncore_cbox_6
34 [140676124362624] INFO perfrun.perfcollector <> - format: event config:0-7 mask:0-7
34 [140676124362624] INFO perfrun.perfcollector <> - format: filter_link config1:6-8 mask:6-8
34 [140676124362624] INFO perfrun.perfcollector <> - format: filter_c6 config1:61 mask:61
34 [140676124362624] INFO perfrun.perfcollector <> - format: edge config:18 mask:18
34 [140676124362624] INFO perfrun.perfcollector <> - format: filter_isoc config1:63 mask:63
34 [140676124362624] INFO perfrun.perfcollector <> - format: filter_tid config1:0-5 mask:0-5
34 [140676124362624] INFO perfrun.perfcollector <> - format: filter_nid config1:32-47 mask:32-47
34 [140676124362624] INFO perfrun.perfcollector <> - format: filter_nc config1:62 mask:62
34 [140676124362624] INFO perfrun.perfcollector <> - format: umask config:8-15 mask:8-15
34 [140676124362624] INFO perfrun.perfcollector <> - format: tid_en config:19 mask:19
34 [140676124362624] INFO perfrun.perfcollector <> - format: thresh config:24-31 mask:24-31
34 [140676124362624] INFO perfrun.perfcollector <> - format: filter_state config1:17-23 mask:17-23
35 [140676124362624] INFO perfrun.perfcollector <> - format: filter_opc config1:52-60 mask:52-60
35 [140676124362624] WARN perfrun.perfcollector <> - pmu hwInfo is not set, at file: vcs/perfrun1/plugins/perfcollector/src/controller.cpp:819
35 [140676124362624] INFO perfrun.perfcollector <> - pmu added : family : uncore_cbox , id : 6
35 [140676124362624] INFO perfrun.perfcollector <> - dir found : /sys/bus/event_source/devices/uncore_imc_1
35 [140676124362624] INFO perfrun.perfcollector <> - format: event config:0-7 mask:0-7
35 [140676124362624] INFO perfrun.perfcollector <> - format: edge config:18 mask:18
35 [140676124362624] INFO perfrun.perfcollector <> - format: inv config:23 mask:23
35 [140676124362624] INFO perfrun.perfcollector <> - format: umask config:8-15 mask:8-15
35 [140676124362624] INFO perfrun.perfcollector <> - format: thresh config:24-31 mask:24-31
35 [140676124362624] INFO perfrun.perfcollector <> - hwInfo : PERF_IMC_PMU_DETAILS
35 [140676124362624] INFO perfrun.perfcollector <> - pmu added : family : uncore_imc , id : 1
35 [140676124362624] INFO perfrun.perfcollector <> - dir found : /sys/bus/event_source/devices/power
35 [140676124362624] INFO perfrun.perfcollector <> - format: event config:0-7 mask:0-7
35 [140676124362624] WARN perfrun.perfcollector <> - pmu hwInfo is not set, at file: vcs/perfrun1/plugins/perfcollector/src/controller.cpp:819
35 [140676124362624] INFO perfrun.perfcollector <> - pmu added : family : power , id : 0
35 [140676124362624] INFO perfrun.perfcollector <> - dir found : /sys/bus/event_source/devices/uncore_cbox_4
35 [140676124362624] INFO perfrun.perfcollector <> - format: event config:0-7 mask:0-7
35 [140676124362624] INFO perfrun.perfcollector <> - format: filter_link config1:6-8 mask:6-8
35 [140676124362624] INFO perfrun.perfcollector <> - format: filter_c6 config1:61 mask:61
35 [140676124362624] INFO perfrun.perfcollector <> - format: edge config:18 mask:18
35 [140676124362624] INFO perfrun.perfcollector <> - format: filter_isoc config1:63 mask:63
35 [140676124362624] INFO perfrun.perfcollector <> - format: filter_tid config1:0-5 mask:0-5
35 [140676124362624] INFO perfrun.perfcollector <> - format: filter_nid config1:32-47 mask:32-47
35 [140676124362624] INFO perfrun.perfcollector <> - format: filter_nc config1:62 mask:62
35 [140676124362624] INFO perfrun.perfcollector <> - format: umask config:8-15 mask:8-15
35 [140676124362624] INFO perfrun.perfcollector <> - format: tid_en config:19 mask:19
35 [140676124362624] INFO perfrun.perfcollector <> - format: thresh config:24-31 mask:24-31
35 [140676124362624] INFO perfrun.perfcollector <> - format: filter_state config1:17-23 mask:17-23
35 [140676124362624] INFO perfrun.perfcollector <> - format: filter_opc config1:52-60 mask:52-60
35 [140676124362624] WARN perfrun.perfcollector <> - pmu hwInfo is not set, at file: vcs/perfrun1/plugins/perfcollector/src/controller.cpp:819
35 [140676124362624] INFO perfrun.perfcollector <> - pmu added : family : uncore_cbox , id : 4
35 [140676124362624] INFO perfrun.perfcollector <> - dir found : /sys/bus/event_source/devices/uprobe
35 [140676124362624] INFO perfrun.perfcollector <> - format: ref_ctr_offset config:32-63 mask:32-63
35 [140676124362624] INFO perfrun.perfcollector <> - format: retprobe config:0 mask:0
35 [140676124362624] WARN perfrun.perfcollector <> - pmu hwInfo is not set, at file: vcs/perfrun1/plugins/perfcollector/src/controller.cpp:819
35 [140676124362624] INFO perfrun.perfcollector <> - pmu added : family : uprobe , id : 0
35 [140676124362624] INFO perfrun.perfcollector <> - dir found : /sys/bus/event_source/devices/cpu
35 [140676124362624] INFO perfrun.perfcollector <> - format: event config:0-7 mask:0-7
35 [140676124362624] INFO perfrun.perfcollector <> - format: pc config:19 mask:19
35 [140676124362624] INFO perfrun.perfcollector <> - format: edge config:18 mask:18
35 [140676124362624] INFO perfrun.perfcollector <> - format: any config:21 mask:21
35 [140676124362624] INFO perfrun.perfcollector <> - format: offcore_rsp config1:0-63 mask:0-63
35 [140676124362624] INFO perfrun.perfcollector <> - format: ldlat config1:0-15 mask:0-15
36 [140676124362624] INFO perfrun.perfcollector <> - format: inv config:23 mask:23
36 [140676124362624] INFO perfrun.perfcollector <> - format: umask config:8-15 mask:8-15
36 [140676124362624] INFO perfrun.perfcollector <> - format: cmask config:24-31 mask:24-31
36 [140676124362624] INFO perfrun.perfcollector <> - hwInfo : PERF_CPU_PMU_DETAILS
36 [140676124362624] INFO perfrun.perfcollector <> - pmu added : family : cpu , id : 0
36 [140676124362624] INFO perfrun.perfcollector <> - dir found : /sys/bus/event_source/devices/uncore_r3qpi_0
36 [140676124362624] INFO perfrun.perfcollector <> - format: event config:0-7 mask:0-7
36 [140676124362624] INFO perfrun.perfcollector <> - format: edge config:18 mask:18
36 [140676124362624] INFO perfrun.perfcollector <> - format: inv config:23 mask:23
36 [140676124362624] INFO perfrun.perfcollector <> - format: umask config:8-15 mask:8-15
36 [140676124362624] INFO perfrun.perfcollector <> - format: thresh config:24-31 mask:24-31
36 [140676124362624] WARN perfrun.perfcollector <> - pmu hwInfo is not set, at file: vcs/perfrun1/plugins/perfcollector/src/controller.cpp:819
36 [140676124362624] INFO perfrun.perfcollector <> - pmu added : family : uncore_r3qpi , id : 0
36 [140676124362624] INFO perfrun.perfcollector <> - dir found : /sys/bus/event_source/devices/cstate_core
36 [140676124362624] INFO perfrun.perfcollector <> - format: event config:0-63 mask:0-63
36 [140676124362624] WARN perfrun.perfcollector <> - pmu hwInfo is not set, at file: vcs/perfrun1/plugins/perfcollector/src/controller.cpp:819
36 [140676124362624] INFO perfrun.perfcollector <> - pmu added : family : cstate_core , id : 0
36 [140676124362624] INFO perfrun.perfcollector <> - dir found : /sys/bus/event_source/devices/uncore_cbox_2
36 [140676124362624] INFO perfrun.perfcollector <> - format: event config:0-7 mask:0-7
36 [140676124362624] INFO perfrun.perfcollector <> - format: filter_link config1:6-8 mask:6-8
36 [140676124362624] INFO perfrun.perfcollector <> - format: filter_c6 config1:61 mask:61
36 [140676124362624] INFO perfrun.perfcollector <> - format: edge config:18 mask:18
36 [140676124362624] INFO perfrun.perfcollector <> - format: filter_isoc config1:63 mask:63
36 [140676124362624] INFO perfrun.perfcollector <> - format: filter_tid config1:0-5 mask:0-5
36 [140676124362624] INFO perfrun.perfcollector <> - format: filter_nid config1:32-47 mask:32-47
36 [140676124362624] INFO perfrun.perfcollector <> - format: filter_nc config1:62 mask:62
36 [140676124362624] INFO perfrun.perfcollector <> - format: umask config:8-15 mask:8-15
36 [140676124362624] INFO perfrun.perfcollector <> - format: tid_en config:19 mask:19
36 [140676124362624] INFO perfrun.perfcollector <> - format: thresh config:24-31 mask:24-31
36 [140676124362624] INFO perfrun.perfcollector <> - format: filter_state config1:17-23 mask:17-23
36 [140676124362624] INFO perfrun.perfcollector <> - format: filter_opc config1:52-60 mask:52-60
36 [140676124362624] WARN perfrun.perfcollector <> - pmu hwInfo is not set, at file: vcs/perfrun1/plugins/perfcollector/src/controller.cpp:819
36 [140676124362624] INFO perfrun.perfcollector <> - pmu added : family : uncore_cbox , id : 2
36 [140676124362624] INFO perfrun.perfcollector <> - dir found : /sys/bus/event_source/devices/breakpoint
36 [140676124362624] WARN perfrun.perfcollector <> - format subdir doesn't exist, at file: vcs/perfrun1/plugins/perfcollector/src/controller.cpp:725
36 [140676124362624] WARN perfrun.perfcollector <> - pmu hwInfo is not set, at file: vcs/perfrun1/plugins/perfcollector/src/controller.cpp:819
36 [140676124362624] INFO perfrun.perfcollector <> - pmu added : family : breakpoint , id : 0
36 [140676124362624] INFO perfrun.perfcollector <> - dir found : /sys/bus/event_source/devices/uncore_ha_0
36 [140676124362624] INFO perfrun.perfcollector <> - format: event config:0-7 mask:0-7
36 [140676124362624] INFO perfrun.perfcollector <> - format: edge config:18 mask:18
36 [140676124362624] INFO perfrun.perfcollector <> - format: inv config:23 mask:23
36 [140676124362624] INFO perfrun.perfcollector <> - format: umask config:8-15 mask:8-15
36 [140676124362624] INFO perfrun.perfcollector <> - format: thresh config:24-31 mask:24-31
36 [140676124362624] WARN perfrun.perfcollector <> - pmu hwInfo is not set, at file: vcs/perfrun1/plugins/perfcollector/src/controller.cpp:819
36 [140676124362624] INFO perfrun.perfcollector <> - pmu added : family : uncore_ha , id : 0
36 [140676124362624] INFO perfrun.perfcollector <> - dir found : /sys/bus/event_source/devices/uncore_cbox_0
37 [140676124362624] INFO perfrun.perfcollector <> - format: event config:0-7 mask:0-7
37 [140676124362624] INFO perfrun.perfcollector <> - format: filter_link config1:6-8 mask:6-8
37 [140676124362624] INFO perfrun.perfcollector <> - format: filter_c6 config1:61 mask:61
37 [140676124362624] INFO perfrun.perfcollector <> - format: edge config:18 mask:18
37 [140676124362624] INFO perfrun.perfcollector <> - format: filter_isoc config1:63 mask:63
37 [140676124362624] INFO perfrun.perfcollector <> - format: filter_tid config1:0-5 mask:0-5
37 [140676124362624] INFO perfrun.perfcollector <> - format: filter_nid config1:32-47 mask:32-47
37 [140676124362624] INFO perfrun.perfcollector <> - format: filter_nc config1:62 mask:62
37 [140676124362624] INFO perfrun.perfcollector <> - format: umask config:8-15 mask:8-15
37 [140676124362624] INFO perfrun.perfcollector <> - format: tid_en config:19 mask:19
37 [140676124362624] INFO perfrun.perfcollector <> - format: thresh config:24-31 mask:24-31
37 [140676124362624] INFO perfrun.perfcollector <> - format: filter_state config1:17-23 mask:17-23
37 [140676124362624] INFO perfrun.perfcollector <> - format: filter_opc config1:52-60 mask:52-60
37 [140676124362624] WARN perfrun.perfcollector <> - pmu hwInfo is not set, at file: vcs/perfrun1/plugins/perfcollector/src/controller.cpp:819
37 [140676124362624] INFO perfrun.perfcollector <> - pmu added : family : uncore_cbox , id : 0
37 [140676124362624] INFO perfrun.perfcollector <> - dir found : /sys/bus/event_source/devices/tracepoint
37 [140676124362624] WARN perfrun.perfcollector <> - format subdir doesn't exist, at file: vcs/perfrun1/plugins/perfcollector/src/controller.cpp:725
37 [140676124362624] WARN perfrun.perfcollector <> - pmu hwInfo is not set, at file: vcs/perfrun1/plugins/perfcollector/src/controller.cpp:819
37 [140676124362624] INFO perfrun.perfcollector <> - pmu added : family : tracepoint , id : 0
37 [140676124362624] INFO perfrun.perfcollector <> - dir found : /sys/bus/event_source/devices/uncore_sbox_3
37 [140676124362624] INFO perfrun.perfcollector <> - format: event config:0-7 mask:0-7
37 [140676124362624] INFO perfrun.perfcollector <> - format: edge config:18 mask:18
37 [140676124362624] INFO perfrun.perfcollector <> - format: inv config:23 mask:23
37 [140676124362624] INFO perfrun.perfcollector <> - format: umask config:8-15 mask:8-15
37 [140676124362624] INFO perfrun.perfcollector <> - format: tid_en config:19 mask:19
37 [140676124362624] INFO perfrun.perfcollector <> - format: thresh config:24-31 mask:24-31
37 [140676124362624] WARN perfrun.perfcollector <> - pmu hwInfo is not set, at file: vcs/perfrun1/plugins/perfcollector/src/controller.cpp:819
37 [140676124362624] INFO perfrun.perfcollector <> - pmu added : family : uncore_sbox , id : 3
37 [140676124362624] INFO perfrun.perfcollector <> - dir found : /sys/bus/event_source/devices/uncore_cbox_9
37 [140676124362624] INFO perfrun.perfcollector <> - format: event config:0-7 mask:0-7
37 [140676124362624] INFO perfrun.perfcollector <> - format: filter_link config1:6-8 mask:6-8
37 [140676124362624] INFO perfrun.perfcollector <> - format: filter_c6 config1:61 mask:61
37 [140676124362624] INFO perfrun.perfcollector <> - format: edge config:18 mask:18
37 [140676124362624] INFO perfrun.perfcollector <> - format: filter_isoc config1:63 mask:63
37 [140676124362624] INFO perfrun.perfcollector <> - format: filter_tid config1:0-5 mask:0-5
37 [140676124362624] INFO perfrun.perfcollector <> - format: filter_nid config1:32-47 mask:32-47
37 [140676124362624] INFO perfrun.perfcollector <> - format: filter_nc config1:62 mask:62
37 [140676124362624] INFO perfrun.perfcollector <> - format: umask config:8-15 mask:8-15
37 [140676124362624] INFO perfrun.perfcollector <> - format: tid_en config:19 mask:19
37 [140676124362624] INFO perfrun.perfcollector <> - format: thresh config:24-31 mask:24-31
37 [140676124362624] INFO perfrun.perfcollector <> - format: filter_state config1:17-23 mask:17-23
37 [140676124362624] INFO perfrun.perfcollector <> - format: filter_opc config1:52-60 mask:52-60
37 [140676124362624] WARN perfrun.perfcollector <> - pmu hwInfo is not set, at file: vcs/perfrun1/plugins/perfcollector/src/controller.cpp:819
38 [140676124362624] INFO perfrun.perfcollector <> - pmu added : family : uncore_cbox , id : 9
38 [140676124362624] INFO perfrun.perfcollector <> - dir found : /sys/bus/event_source/devices/cstate_pkg
38 [140676124362624] INFO perfrun.perfcollector <> - format: event config:0-63 mask:0-63
38 [140676124362624] WARN perfrun.perfcollector <> - pmu hwInfo is not set, at file: vcs/perfrun1/plugins/perfcollector/src/controller.cpp:819
38 [140676124362624] INFO perfrun.perfcollector <> - pmu added : family : cstate_pkg , id : 0
38 [140676124362624] INFO perfrun.perfcollector <> - dir found : /sys/bus/event_source/devices/uncore_imc_4
38 [140676124362624] INFO perfrun.perfcollector <> - format: event config:0-7 mask:0-7
38 [140676124362624] INFO perfrun.perfcollector <> - format: edge config:18 mask:18
38 [140676124362624] INFO perfrun.perfcollector <> - format: inv config:23 mask:23
38 [140676124362624] INFO perfrun.perfcollector <> - format: umask config:8-15 mask:8-15
38 [140676124362624] INFO perfrun.perfcollector <> - format: thresh config:24-31 mask:24-31
38 [140676124362624] INFO perfrun.perfcollector <> - hwInfo : PERF_IMC_PMU_DETAILS
38 [140676124362624] INFO perfrun.perfcollector <> - pmu added : family : uncore_imc , id : 4
38 [140676124362624] INFO perfrun.perfcollector <> - dir found : /sys/bus/event_source/devices/uncore_ubox
38 [140676124362624] INFO perfrun.perfcollector <> - format: event config:0-7 mask:0-7
38 [140676124362624] INFO perfrun.perfcollector <> - format: edge config:18 mask:18
38 [140676124362624] INFO perfrun.perfcollector <> - format: filter_tid config1:0 mask:0
38 [140676124362624] INFO perfrun.perfcollector <> - format: inv config:23 mask:23
38 [140676124362624] INFO perfrun.perfcollector <> - format: umask config:8-15 mask:8-15
38 [140676124362624] INFO perfrun.perfcollector <> - format: thresh config:24-28 mask:24-28
38 [140676124362624] INFO perfrun.perfcollector <> - format: filter_cid config1:5 mask:5
38 [140676124362624] WARN perfrun.perfcollector <> - pmu hwInfo is not set, at file: vcs/perfrun1/plugins/perfcollector/src/controller.cpp:819
38 [140676124362624] INFO perfrun.perfcollector <> - pmu added : family : uncore_ubox , id : 0
38 [140676124362624] INFO perfrun.perfcollector <> - dir found : /sys/bus/event_source/devices/uncore_sbox_1
38 [140676124362624] INFO perfrun.perfcollector <> - format: event config:0-7 mask:0-7
38 [140676124362624] INFO perfrun.perfcollector <> - format: edge config:18 mask:18
38 [140676124362624] INFO perfrun.perfcollector <> - format: inv config:23 mask:23
38 [140676124362624] INFO perfrun.perfcollector <> - format: umask config:8-15 mask:8-15
38 [140676124362624] INFO perfrun.perfcollector <> - format: tid_en config:19 mask:19
38 [140676124362624] INFO perfrun.perfcollector <> - format: thresh config:24-31 mask:24-31
38 [140676124362624] WARN perfrun.perfcollector <> - pmu hwInfo is not set, at file: vcs/perfrun1/plugins/perfcollector/src/controller.cpp:819
38 [140676124362624] INFO perfrun.perfcollector <> - pmu added : family : uncore_sbox , id : 1
38 [140676124362624] INFO perfrun.perfcollector <> - dir found : /sys/bus/event_source/devices/uncore_cbox_7
38 [140676124362624] INFO perfrun.perfcollector <> - format: event config:0-7 mask:0-7
38 [140676124362624] INFO perfrun.perfcollector <> - format: filter_link config1:6-8 mask:6-8
38 [140676124362624] INFO perfrun.perfcollector <> - format: filter_c6 config1:61 mask:61
38 [140676124362624] INFO perfrun.perfcollector <> - format: edge config:18 mask:18
38 [140676124362624] INFO perfrun.perfcollector <> - format: filter_isoc config1:63 mask:63
38 [140676124362624] INFO perfrun.perfcollector <> - format: filter_tid config1:0-5 mask:0-5
38 [140676124362624] INFO perfrun.perfcollector <> - format: filter_nid config1:32-47 mask:32-47
38 [140676124362624] INFO perfrun.perfcollector <> - format: filter_nc config1:62 mask:62
38 [140676124362624] INFO perfrun.perfcollector <> - format: umask config:8-15 mask:8-15
39 [140676124362624] INFO perfrun.perfcollector <> - format: tid_en config:19 mask:19
39 [140676124362624] INFO perfrun.perfcollector <> - format: thresh config:24-31 mask:24-31
39 [140676124362624] INFO perfrun.perfcollector <> - format: filter_state config1:17-23 mask:17-23
39 [140676124362624] INFO perfrun.perfcollector <> - format: filter_opc config1:52-60 mask:52-60
39 [140676124362624] WARN perfrun.perfcollector <> - pmu hwInfo is not set, at file: vcs/perfrun1/plugins/perfcollector/src/controller.cpp:819
39 [140676124362624] INFO perfrun.perfcollector <> - pmu added : family : uncore_cbox , id : 7
39 [140676124362624] INFO perfrun.perfcollector <> - dir found : /sys/bus/event_source/devices/kprobe
39 [140676124362624] INFO perfrun.perfcollector <> - format: retprobe config:0 mask:0
39 [140676124362624] WARN perfrun.perfcollector <> - pmu hwInfo is not set, at file: vcs/perfrun1/plugins/perfcollector/src/controller.cpp:819
39 [140676124362624] INFO perfrun.perfcollector <> - pmu added : family : kprobe , id : 0
39 [140676124362624] INFO perfrun.perfcollector <> - dir found : /sys/bus/event_source/devices/uncore_cbox_5
39 [140676124362624] INFO perfrun.perfcollector <> - format: event config:0-7 mask:0-7
39 [140676124362624] INFO perfrun.perfcollector <> - format: filter_link config1:6-8 mask:6-8
39 [140676124362624] INFO perfrun.perfcollector <> - format: filter_c6 config1:61 mask:61
39 [140676124362624] INFO perfrun.perfcollector <> - format: edge config:18 mask:18
39 [140676124362624] INFO perfrun.perfcollector <> - format: filter_isoc config1:63 mask:63
39 [140676124362624] INFO perfrun.perfcollector <> - format: filter_tid config1:0-5 mask:0-5
39 [140676124362624] INFO perfrun.perfcollector <> - format: filter_nid config1:32-47 mask:32-47
39 [140676124362624] INFO perfrun.perfcollector <> - format: filter_nc config1:62 mask:62
39 [140676124362624] INFO perfrun.perfcollector <> - format: umask config:8-15 mask:8-15
39 [140676124362624] INFO perfrun.perfcollector <> - format: tid_en config:19 mask:19
39 [140676124362624] INFO perfrun.perfcollector <> - format: thresh config:24-31 mask:24-31
39 [140676124362624] INFO perfrun.perfcollector <> - format: filter_state config1:17-23 mask:17-23
39 [140676124362624] INFO perfrun.perfcollector <> - format: filter_opc config1:52-60 mask:52-60
39 [140676124362624] WARN perfrun.perfcollector <> - pmu hwInfo is not set, at file: vcs/perfrun1/plugins/perfcollector/src/controller.cpp:819
39 [140676124362624] INFO perfrun.perfcollector <> - pmu added : family : uncore_cbox , id : 5
39 [140676124362624] INFO perfrun.perfcollector <> - dir found : /sys/bus/event_source/devices/uncore_imc_0
39 [140676124362624] INFO perfrun.perfcollector <> - format: event config:0-7 mask:0-7
39 [140676124362624] INFO perfrun.perfcollector <> - format: edge config:18 mask:18
39 [140676124362624] INFO perfrun.perfcollector <> - format: inv config:23 mask:23
39 [140676124362624] INFO perfrun.perfcollector <> - format: umask config:8-15 mask:8-15
39 [140676124362624] INFO perfrun.perfcollector <> - format: thresh config:24-31 mask:24-31
39 [140676124362624] INFO perfrun.perfcollector <> - hwInfo : PERF_IMC_PMU_DETAILS
39 [140676124362624] INFO perfrun.perfcollector <> - pmu added : family : uncore_imc , id : 0
39 [140676124362624] INFO perfrun.perfcollector <> - dir found : /sys/bus/event_source/devices/uncore_pcu
39 [140676124362624] INFO perfrun.perfcollector <> - format: filter_band2 config1:16-23 mask:16-23
39 [140676124362624] INFO perfrun.perfcollector <> - format: event config:0-7 mask:0-7
39 [140676124362624] INFO perfrun.perfcollector <> - format: filter_band0 config1:0-7 mask:0-7
39 [140676124362624] INFO perfrun.perfcollector <> - format: edge config:18 mask:18
39 [140676124362624] INFO perfrun.perfcollector <> - format: occ_invert config:30 mask:30
39 [140676124362624] INFO perfrun.perfcollector <> - format: occ_edge config:14-51 mask:14-51
39 [140676124362624] INFO perfrun.perfcollector <> - format: filter_band3 config1:24-31 mask:24-31
39 [140676124362624] INFO perfrun.perfcollector <> - format: filter_band1 config1:8-15 mask:8-15
39 [140676124362624] INFO perfrun.perfcollector <> - format: inv config:23 mask:23
40 [140676124362624] INFO perfrun.perfcollector <> - format: thresh config:24-28 mask:24-28
40 [140676124362624] INFO perfrun.perfcollector <> - format: occ_sel config:14-15 mask:14-15
40 [140676124362624] WARN perfrun.perfcollector <> - pmu hwInfo is not set, at file: vcs/perfrun1/plugins/perfcollector/src/controller.cpp:819
40 [140676124362624] INFO perfrun.perfcollector <> - pmu added : family : uncore_pcu , id : 0
40 [140676124362624] INFO perfrun.perfcollector <> - dir found : /sys/bus/event_source/devices/uncore_r3qpi_1
40 [140676124362624] INFO perfrun.perfcollector <> - format: event config:0-7 mask:0-7
40 [140676124362624] INFO perfrun.perfcollector <> - format: edge config:18 mask:18
40 [140676124362624] INFO perfrun.perfcollector <> - format: inv config:23 mask:23
40 [140676124362624] INFO perfrun.perfcollector <> - format: umask config:8-15 mask:8-15
40 [140676124362624] INFO perfrun.perfcollector <> - format: thresh config:24-31 mask:24-31
40 [140676124362624] WARN perfrun.perfcollector <> - pmu hwInfo is not set, at file: vcs/perfrun1/plugins/perfcollector/src/controller.cpp:819
40 [140676124362624] INFO perfrun.perfcollector <> - pmu added : family : uncore_r3qpi , id : 1
40 [140676124362624] INFO perfrun.perfcollector <> - dir found : /sys/bus/event_source/devices/msr
40 [140676124362624] INFO perfrun.perfcollector <> - format: event config:0-63 mask:0-63
40 [140676124362624] WARN perfrun.perfcollector <> - pmu hwInfo is not set, at file: vcs/perfrun1/plugins/perfcollector/src/controller.cpp:819
40 [140676124362624] INFO perfrun.perfcollector <> - pmu added : family : msr , id : 0
40 [140676124362624] INFO perfrun.perfcollector <> - dir found : /sys/bus/event_source/devices/uncore_cbox_3
40 [140676124362624] INFO perfrun.perfcollector <> - format: event config:0-7 mask:0-7
40 [140676124362624] INFO perfrun.perfcollector <> - format: filter_link config1:6-8 mask:6-8
40 [140676124362624] INFO perfrun.perfcollector <> - format: filter_c6 config1:61 mask:61
40 [140676124362624] INFO perfrun.perfcollector <> - format: edge config:18 mask:18
40 [140676124362624] INFO perfrun.perfcollector <> - format: filter_isoc config1:63 mask:63
40 [140676124362624] INFO perfrun.perfcollector <> - format: filter_tid config1:0-5 mask:0-5
40 [140676124362624] INFO perfrun.perfcollector <> - format: filter_nid config1:32-47 mask:32-47
40 [140676124362624] INFO perfrun.perfcollector <> - format: filter_nc config1:62 mask:62
40 [140676124362624] INFO perfrun.perfcollector <> - format: umask config:8-15 mask:8-15
40 [140676124362624] INFO perfrun.perfcollector <> - format: tid_en config:19 mask:19
40 [140676124362624] INFO perfrun.perfcollector <> - format: thresh config:24-31 mask:24-31
40 [140676124362624] INFO perfrun.perfcollector <> - format: filter_state config1:17-23 mask:17-23
40 [140676124362624] INFO perfrun.perfcollector <> - format: filter_opc config1:52-60 mask:52-60
40 [140676124362624] WARN perfrun.perfcollector <> - pmu hwInfo is not set, at file: vcs/perfrun1/plugins/perfcollector/src/controller.cpp:819
40 [140676124362624] INFO perfrun.perfcollector <> - pmu added : family : uncore_cbox , id : 3
40 [140676124362624] INFO perfrun.perfcollector <> - dir found : /sys/bus/event_source/devices/uncore_ha_1
40 [140676124362624] INFO perfrun.perfcollector <> - format: event config:0-7 mask:0-7
40 [140676124362624] INFO perfrun.perfcollector <> - format: edge config:18 mask:18
40 [140676124362624] INFO perfrun.perfcollector <> - format: inv config:23 mask:23
40 [140676124362624] INFO perfrun.perfcollector <> - format: umask config:8-15 mask:8-15
40 [140676124362624] INFO perfrun.perfcollector <> - format: thresh config:24-31 mask:24-31
40 [140676124362624] WARN perfrun.perfcollector <> - pmu hwInfo is not set, at file: vcs/perfrun1/plugins/perfcollector/src/controller.cpp:819
40 [140676124362624] INFO perfrun.perfcollector <> - pmu added : family : uncore_ha , id : 1
40 [140676124362624] INFO perfrun.perfcollector <> - dir found : /sys/bus/event_source/devices/uncore_cbox_1
40 [140676124362624] INFO perfrun.perfcollector <> - format: event config:0-7 mask:0-7
41 [140676124362624] INFO perfrun.perfcollector <> - format: filter_link config1:6-8 mask:6-8
41 [140676124362624] INFO perfrun.perfcollector <> - format: filter_c6 config1:61 mask:61
41 [140676124362624] INFO perfrun.perfcollector <> - format: edge config:18 mask:18
41 [140676124362624] INFO perfrun.perfcollector <> - format: filter_isoc config1:63 mask:63
41 [140676124362624] INFO perfrun.perfcollector <> - format: filter_tid config1:0-5 mask:0-5
41 [140676124362624] INFO perfrun.perfcollector <> - format: filter_nid config1:32-47 mask:32-47
41 [140676124362624] INFO perfrun.perfcollector <> - format: filter_nc config1:62 mask:62
41 [140676124362624] INFO perfrun.perfcollector <> - format: umask config:8-15 mask:8-15
41 [140676124362624] INFO perfrun.perfcollector <> - format: tid_en config:19 mask:19
41 [140676124362624] INFO perfrun.perfcollector <> - format: thresh config:24-31 mask:24-31
41 [140676124362624] INFO perfrun.perfcollector <> - format: filter_state config1:17-23 mask:17-23
41 [140676124362624] INFO perfrun.perfcollector <> - format: filter_opc config1:52-60 mask:52-60
41 [140676124362624] WARN perfrun.perfcollector <> - pmu hwInfo is not set, at file: vcs/perfrun1/plugins/perfcollector/src/controller.cpp:819
41 [140676124362624] INFO perfrun.perfcollector <> - pmu added : family : uncore_cbox , id : 1
41 [140676124362624] INFO perfrun.launcher <> - plugin perf has been added successfully
41 [140676124362624] INFO perfrun.launcher <> - plugin aoclprofile has been added successfully
41 [140676124362624] INFO perfrun.launcher <> - plugin tpss has been added successfully
41 [140676124362624] INFO perfrun.launcher <> - plugin exprof has been added successfully
41 [140676124362624] INFO perfrun.launcher <> - plugin media has been added successfully
41 [140676124362624] INFO perfrun.launcher <> - plugin ice has been added successfully
41 [140676124362624] INFO perfrun.launcher <> - plugin  has been added successfully
41 [140676124362624] INFO perfrun.launcher <> - plugin  has been added successfully
41 [140676124362624] INFO perfrun.launcher <> - plugin parallelfs has been added successfully
41 [140676124362624] INFO perfrun.launcher <> - plugin power has been added successfully
41 [140676124362624] INFO perfrun.launcher <> - plugin hwloc has been added successfully
41 [140676124362624] INFO perfrun.launcher <> - plugin ipmwatch has been added successfully
41 [140676124362624] INFO perfrun.launcher <> - plugin os_counters has been added successfully
42 [140676124362624] INFO perfrun.launcher <> - the option was added --interval: Specify an interval of data collection (for example, sampling) in milliseconds.
42 [140676124362624] INFO perfrun.launcher <> - the option was added --follow-child: Profile process with or without children.
42 [140676124362624] INFO perfrun.launcher <> - the option was added --gelding: BADMSG: perfrun1.launcher.plugin_manager::gelding
42 [140676124362624] INFO perfrun.launcher <> - the option was added --time-source: Specify time source for measurement. Possible values: sys - wall clock time; tsc - time stamp counter; ext - time from an external source; auto - auto select accurate time source.
42 [140676124362624] INFO perfrun.launcher <> - the option was added --stack: Enable or disable collection of stacks.
42 [140676124362624] INFO perfrun.launcher <> - the option was added --stack-stitching: Enable or disable the stack stitching algorithm for Intel TBB-based applications.
42 [140676124362624] INFO perfrun.launcher <> - the option was added --type: Specify type of data to be collected. For example, --type cpu:counters,waiting:nostack,io.
42 [140676124362624] INFO perfrun.launcher <> - the option was added --mrte-mode: Specify Java/.NET/other managed runtime collection mode. Possible values: native - collect information only for native code; managed - collect information only for managed code; mixed - collect information for both managed and native code; auto - choose the mode based on binary type.
42 [140676124362624] INFO perfrun.launcher <> - the option was added --mrte-mode-list: List supported Java/.NET/other managed runtime collection modes.
42 [140676124362624] INFO perfrun.launcher <> - the option was added --mrte-type: Specify which managed runtimes to collect. Possible values: java - collect information for Java; dotnet - collect information for .NET; python - collect information for CPython. You can specify several values separated by comma.
42 [140676124362624] INFO perfrun.launcher <> - the option was added --mrte-type-list: List supported Java/.NET/other managed runtime types.
42 [140676124362624] INFO perfrun.launcher <> - the option was added --trace-strategy: Specify how to profile a process tree. <string> can be "<process>:trace:notrace" - profile the process but do not profile its children. Shorthand parameters: t - trace, nt - notrace. For example, "vtunedemo.exe:t:t".
42 [140676124362624] INFO perfrun.launcher <> - the option was added --collector: BADMSG: perfrun1.launcher.plugin_manager::collector
42 [140676124362624] INFO perfrun.launcher <> - the option was added --system-wide: Enable system-wide profiling. This mode may require additional permissions.
42 [140676124362624] INFO perfrun.launcher <> - the option was added --kvm-guest: Enable KVM guest OS profiling.
42 [140676124362624] INFO perfrun.launcher <> - the option was added --kvm-guest-kallsyms: Specify a local path to the /proc/kallsyms file copied from the guest OS for proper symbol resolution.
42 [140676124362624] INFO perfrun.launcher <> - the option was added --kvm-guest-modules: Specify a local path to the /proc/modules file copied from the guest OS for proper symbol resolution.
42 [140676124362624] INFO perfrun.launcher <> - the option was added --bandwidth-limits: Measure bandwidth limits
42 [140676124362624] INFO perfrun.launcher <> - the option was added --acrn-map-info: Collect map info for ACRN
42 [140676124362624] INFO perfrun.launcher <> - the option was added --bandwidth-strategy: Bandwidth limits determination specific properties (example: --bandwidth-strategy array-size=0,duration=500).
42 [140676124362624] INFO perfrun.launcher <> - the option was added --bandwidth-config: List of benchmarks to run.
42 [140676124362624] INFO perfrun.launcher <> - the option was added --target-gpu: target-gpu
42 [140676124362624] INFO perfrun.launcher <> - the option was added --dump-vdso: Dump [vdso] to result directory
42 [140676124362624] INFO perfrun.launcher <> - the option was added --system-collector-config: Specify subcollectors. Possible values: all, container, device-info, none. Specify subcollectors. Possible values: all, vdso.
42 [140676124362624] INFO perfrun.launcher <> - the option was added --itt-config: Specify a sub-set of ITT API to collect.
42 [140676124362624] INFO perfrun.launcher <> - the option was added --itt-debug: Set pseudo-breakpoint at ITT API collector's start to enable the debugger to attach early.
42 [140676124362624] INFO perfrun.launcher <> - the option was added --ptrace: Ptrace collector.
42 [140676124362624] INFO perfrun.launcher <> - the option was added --target-pid: BADMSG: perfrun1.ptracecollector::target-pid
42 [140676124362624] INFO perfrun.launcher <> - the option was added --ptrace-server-pid: BADMSG: perfrun1.ptracecollector::ptrace-server-pid
42 [140676124362624] INFO perfrun.launcher <> - the option was added --ptrace-trace: BADMSG: perfrun1.ptracecollector::ptrace-trace
42 [140676124362624] INFO perfrun.launcher <> - the option was added --ptrace-time-source: BADMSG: perfrun1.ptracecollector::ptrace-time-source
42 [140676124362624] INFO perfrun.launcher <> - the option was added --ptrace-start-type: BADMSG: perfrun1.ptracecollector::ptrace-start-type
43 [140676124362624] INFO perfrun.launcher <> - the option was added --gpu-config: Specify types of GPU data to be collected. Possible values: preset1, preset2.
43 [140676124362624] INFO perfrun.launcher <> - the option was added --gpu-debug: Enable self-testing of the GPGPU profiling collector.
43 [140676124362624] INFO perfrun.launcher <> - the option was added --gpu-counting: Collect GPU data in the counting mode.
43 [140676124362624] INFO perfrun.launcher <> - the option was added --emon-preset: Specify a preset for EMON collector. For available presets, run: emon -preset-list.
43 [140676124362624] INFO perfrun.launcher <> - the option was added --emon-csv-trace-format: Use CSV format for EMON trace file.
43 [140676124362624] INFO perfrun.launcher <> - the option was added --emon-machine-readable-ver: Write machine readable EMON version file.
43 [140676124362624] INFO perfrun.launcher <> - the option was added --custom-collector: Allows to provide arbitrary command line to be run on collection steps.
43 [140676124362624] INFO perfrun.launcher <> - the option was added --stdsrc-config: Specify Standard Sources category tag(s).
43 [140676124362624] INFO perfrun.launcher <> - the option was added --ftrace-config-list: List Linux Ftrace category tag(s).
43 [140676124362624] INFO perfrun.launcher <> - the option was added --ftrace-config: Specify Linux Ftrace category tag(s).
43 [140676124362624] INFO perfrun.launcher <> - the option was added --ftrace-function-groups: Enable tracing of specific groups of functions.
43 [140676124362624] INFO perfrun.launcher <> - the option was added --event-info: BADMSG: perfrun1.stdsrc::event-info
43 [140676124362624] INFO perfrun.launcher <> - the option was added --cpu-list: List supported CPUs.
43 [140676124362624] INFO perfrun.launcher <> - the option was added --target-list: List available targets for performing sampling collection.
43 [140676124362624] INFO perfrun.launcher <> - the option was added --event-value-list: Display event information.
43 [140676124362624] INFO perfrun.launcher <> - the option was added --platform-value-list: Display details of supported platforms.
43 [140676124362624] INFO perfrun.launcher <> - the option was added --uncore-event-list: List uncore events for which a sampling data collection can be performed on this platform.
43 [140676124362624] INFO perfrun.launcher <> - the option was added --modifier-list: Specify the event name <string> for which the modifiers list is requested.
43 [140676124362624] INFO perfrun.launcher <> - the option was added --pmu-list: List supported PMUs.
43 [140676124362624] INFO perfrun.launcher <> - the option was added --os-mode-only: Enable sampling data collection for OS-mode processes only.
43 [140676124362624] INFO perfrun.launcher <> - the option was added --user-mode-only: Enable sampling data collection for user-mode processes only.
43 [140676124362624] INFO perfrun.launcher <> - the option was added --event-config: Perform data collection for the events with <string> configured using the format <event name1>":modifier1=val:modifier2=val/constraint1={:modifier3=val:modifier4=val}...,"<event name2>":... Specify the events(s) to monitor and embed the event names within double quotes("). [:modifier=val] specifies individual event modifiers along with the respective values for a given platform. Note that the modifiers can be generic to an event as well as specific to a constraint (or an event qualifier). The constraint specific special modifiers appear after [/constraint=]. The modifiers can be in decimal or hexadecimal format. Only specific modifiers accept the value as a string. Each event specification is delimited by a comma (,). For a list of supported modifiers and constraints, refer to the documentation.
43 [140676124362624] INFO perfrun.launcher <> - the option was added --chipset-event-config: Perform data collection for the chipset events with <string> configured using the format "<event name1>"...,"<event name2>":... Specify the events(s) to monitor and embed the event names within double quotes(").
43 [140676124362624] INFO perfrun.launcher <> - the option was added --uncore-event-config: Perform uncore data collection in ebc count mode for the events with <string> configured using the format "<event name1>"...,"<event name2>":... Specify the events(s) to monitor and embed the event names within double quotes(").
43 [140676124362624] INFO perfrun.launcher <> - the option was added --count-emon: Enable counting mode and output the data in EMON format.
43 [140676124362624] INFO perfrun.launcher <> - the option was added --event-based-counts: Enable event-based counting mode. During sampling data collection, event counts data is collected for the list of events specified in -event-config option.
43 [140676124362624] INFO perfrun.launcher <> - the option was added --event-mux-tfactor: Specify the event multiplexing tfactor as <integer> to set the length of the interval between interrupts. The larger the tfactor value, the larger the period between interrupts. Currently this option is only available on Intel platforms codenamed Knights Corner.
43 [140676124362624] INFO perfrun.launcher <> - the option was added --full-pebs-capture: Capture full pebs information.
43 [140676124362624] INFO perfrun.launcher <> - the option was added --last-branch-records: Capture Last Branch Records information.
43 [140676124362624] INFO perfrun.launcher <> - the option was added --pmu-type: Specify the targeted PMU name as <string>.
43 [140676124362624] INFO perfrun.launcher <> - the option was added --platform-type: Specify the targeted platform number as <number>.
43 [140676124362624] INFO perfrun.launcher <> - the option was added --p-state-trigger: Specify the name of the trigger event for P-state data as <string>. The default trigger is CPU_CLK_UNHALTED.REF_TSC.
43 [140676124362624] INFO perfrun.launcher <> - the option was added --rdt-auto-rmid: Enable automatic Core pinning on RMIDs for RDT monitoring capabilities.
43 [140676124362624] INFO perfrun.launcher <> - the option was added --bts-count: Specify the <integer> number of BTS records collected after each sample or context switch (VTSS++ only).
43 [140676124362624] INFO perfrun.launcher <> - the option was added --cpu-mask: Specify which CPU(s) <string> to collect data on. For example, specify "2-8,10,12-14" to sample only CPUs 2 through 8, 10, and 12 through 14.
44 [140676124362624] INFO perfrun.launcher <> - the option was added --event-mux-alg: Specify the event multiplexing algorithm. Possible values: sequence, timer, trigger.
44 [140676124362624] INFO perfrun.launcher <> - the option was added --event-mux-timeslice: Specify the event multiplexing time slice value as <integer>. The time slice specifies the duration between cycles for each event multiplexing group. The default value is 50 milliseconds. This option is valid only for timer-based event multiplexing. Specify the event multiplexing time slice value as <integer>. The time slice specifies the duration between cycles for each event multiplexing group. The default value is 1 millisecond. This option is valid only for timer-based event multiplexing.
44 [140676124362624] INFO perfrun.launcher <> - the option was added --event-mux-factor: Specify the event multiplexing factor as <integer>. It controls the switching of event multiplexing groups. The default factor is 50. This option is valid only for trigger-based event multiplexing. Specify the event multiplexing factor as <integer>. It controls the switching of event multiplexing groups. The default factor is 1. This option is valid only for trigger-based event multiplexing.
44 [140676124362624] INFO perfrun.launcher <> - the option was added --event-mux-trigger: Specify the name of the trigger event for event multiplexing as <string>. This option is valid only for trigger-based event multiplexing. The default trigger is CPU_CLK_UNHALTED.CORE (or CPU_CLK_UNHALTED.THREAD). BADMSG: perfrun1.vtsspp::event-mux-trigger
44 [140676124362624] INFO perfrun.launcher <> - the option was added --pt-mode: BADMSG: perfrun1.vtsspp::pt-mode
44 [140676124362624] INFO perfrun.launcher <> - the option was added --sample-after-multiplier: Specify the sample after multiplier as <double>. This multiplier modifies the sample after value for all the events specified in -event-config option. The values can range from 0.1 to 100.0. SAV multiplier value
44 [140676124362624] INFO perfrun.launcher <> - the option was added --uncore-sampling-interval: Specify the uncore sampling interval as <integer>. This value set the uncore sampling interval for all the uncore events specified in -event-config option.
44 [140676124362624] INFO perfrun.launcher <> - the option was added --count: Enable counting mode. Enable counting mode
44 [140676124362624] INFO perfrun.launcher <> - the option was added --trace-mpi: Configure collector to trace MPI code.
44 [140676124362624] INFO perfrun.launcher <> - the option was added --aggregated-counting: Enable aggregated counting mode. Enable aggregated-counting mode
44 [140676124362624] INFO perfrun.launcher <> - the option was added --perf-per-cpu: System-wide collection from all CPUs
44 [140676124362624] INFO perfrun.launcher <> - the option was added --raw-perf-config: Specify a verified configuration for the Perf collector in the format: <describer>,<content>. For example: map-events-file,<path_to_map_events_file>.
44 [140676124362624] INFO perfrun.launcher <> - the option was added --sys-config: BADMSG: perfrun1.vtsspp::sys-config Specify types of system data to be collected. Supported value: cswitch - collect context switch information.
44 [140676124362624] INFO perfrun.launcher <> - the option was added --perf-event-config: Specify events for Perf collector in Perf format. For example: perf-event-config=cpu-clock.
44 [140676124362624] INFO perfrun.launcher <> - the option was added --perf-aio: Number of control blocks in asynchronous trace writing mode.
44 [140676124362624] INFO perfrun.launcher <> - the option was added --perf-compression: Specify compression of Perf collector output data. Possible levels: 0 - without compression, 1..3 - best speed, 4..22 - best compression that incurs big overhead.
44 [140676124362624] INFO perfrun.launcher <> - the option was added --perf-mmap-flush: Minimum data size read from the kernel mapped region.
44 [140676124362624] INFO perfrun.launcher <> - the option was added --perf-affinity: Adjust an affinity mask of the Perf thread to a node with an allocated memory trace buffer.
44 [140676124362624] INFO perfrun.launcher <> - the option was added --perf-threads: Setup threading mode for trace writing.
44 [140676124362624] INFO perfrun.launcher <> - the option was added --generate-platform-cmd: Get perf command line for an arbitrary target.
44 [140676124362624] INFO perfrun.launcher <> - the option was added --aocl-profile: Enable profiling and data collection through AOCL profiling tool.
44 [140676124362624] INFO perfrun.launcher <> - the option was added --aocl-source-file: Path to .source file. Find this in the compilation output directory of the FPGA application. Use this option to help attribute performance statistics to the source lines. If unspecified, AOCL profiler will attempt to locate the file in the current directory.
44 [140676124362624] INFO perfrun.launcher <> - the option was added --aocl-binary-aocx-file: Path to .aocx file (OpenCL flow) or host binary (DPC++ flow). If you do not provide this path: 1) For OpenCL flow, AOCL Profiler attempts to locate the file in the working directory. 2) For DPC++ flow, the collector assumes that host binary is used as an application to launch.
44 [140676124362624] INFO perfrun.launcher <> - the option was added --aocl-period: Specifies the number of cycles between readbacks from the device. The default value is 0 and indicates that the profiler should read back data as often as possible.
44 [140676124362624] INFO perfrun.launcher <> - the option was added --aocl-no-temporal: Disables readback during execution and only reads back non-autorun kernels once they finish executing.
44 [140676124362624] INFO perfrun.launcher <> - the option was added --aocl-no-mem-transfers: Disables the recording of memory transfer information.
44 [140676124362624] INFO perfrun.launcher <> - the option was added --stackwalk: Specify stack unwinding method. Possible values: online - unwind stacks during collection; offline - unwind stacks after collection is finished. Specify stack unwinding method. Possible value: lbr - unwind stacks during collection. Specify stack unwinding method. Possible values: online - unwind stacks during collection; offline - unwind stacks after collection is finished; lbr - enable LBR-based call stack collection. Specify stack unwinding method. Possible values: online - unwind stacks during collection; offline - unwind stacks after collection is finished. Specify stack unwinding method. Possible values: online - unwind stacks during collection; offline - unwind stacks after collection is finished.
44 [140676124362624] INFO perfrun.launcher <> - the option was added --filter-include: Filter data during collection. Possible values: contended=<on|off> - filter out uncontended events; contended_nostack=<time> - filter out stacks for contended events that take less than <time> microseconds; wait=<time> - ignore transitions and blocks with wait time less than <time> microseconds; wait_nostack=<time> - filter out stacks for waits that take less than <time> microseconds.
44 [140676124362624] INFO perfrun.launcher <> - the option was added --debug-pin: Debug PIN tool and runtime.
44 [140676124362624] INFO perfrun.launcher <> - the option was added --debug-exception: Disallow the application to set own abnormal termination handler.
44 [140676124362624] INFO perfrun.launcher <> - the option was added --trace-type: Specify the trace file granularity. Possible values: per-thread - per-thread trace file generation; per-process - per-process trace file generation.
45 [140676124362624] INFO perfrun.launcher <> - the option was added --instrumentation-type: Specify type of instrumentation.
45 [140676124362624] INFO perfrun.launcher <> - the option was added --altstack: Enable or disable usage of altstacks for profiling signal handlers.
45 [140676124362624] INFO perfrun.launcher <> - the option was added --profiling-signal: BADMSG: perfrun1.ptracecollector::profiling-signal Alternate profiling signal.
45 [140676124362624] INFO perfrun.launcher <> - the option was added --memory-strategy: Specify a minimal memory object size to be traced and a hash table size for faster objects search; for example: --memory-strategy obj-size-min=1024,hash-table-size=4096.
45 [140676124362624] INFO perfrun.launcher <> - the option was added --gpu-profiling-type: Specify a type of deep GPU profiling: none, bblatency, memlatency, instcount.
45 [140676124362624] INFO perfrun.launcher <> - the option was added --opencl-trace-mode: Specify OpenCL kernel tracing modes: 'default' to trace OpenCL kernels for Intel Graphics Driver only; 'epoch' for any non-Intel graphics, where OpenCL kernels will be traced and OpenCL profiling API timestamps will be interpreted as Unux Epoch time in nanoseconds; 'completion' to trace OpenCL kernels for any Graphics Driver and bind OpenCL profiling API timestamps to the timestamp of OpenCL completion callback.
45 [140676124362624] INFO perfrun.launcher <> - the option was added --gpu-kernels-to-profile: Specify a comma-separated list of GPU kernel names and invocations to be profiled in the following format: kernel_name[#start_idx#step#stop_idx], where kernel_name is the name of GPU kernel; start_idx is the number of the first invocation; and stop_idx is the number of the last invocation to be profiled.
45 [140676124362624] INFO perfrun.launcher <> - the option was added --exprof-com-list: List available COM ports.
45 [140676124362624] INFO perfrun.launcher <> - the option was added --exprof-dvc-list: List available DvC IDs.
45 [140676124362624] INFO perfrun.launcher <> - the option was added --exprof-trace-channel: BADMSG: perfrun1.exprof::exprof-trace-channel
45 [140676124362624] INFO perfrun.launcher <> - the option was added --exprof-event-config: Specify ExactProfiling Event Classes.
45 [140676124362624] INFO perfrun.launcher <> - the option was added --ice-pmons-list: BADMSG: perfrun1.ice::ice-pmons-list
45 [140676124362624] INFO perfrun.launcher <> - the option was added --ice-pmons-config: BADMSG: perfrun1.ice::ice-pmons-config
45 [140676124362624] INFO perfrun.launcher <> - the option was added --ice-sw-trace: Collect software traces of the Intel Neural Network Processor (NNP-I) and analyze software context of inference progress.
45 [140676124362624] INFO perfrun.launcher <> - the option was added --ice-sample-after-value: BADMSG: perfrun1.ice::ice-sample-after-value
45 [140676124362624] INFO perfrun.launcher <> - the option was added --ice-frequency: BADMSG: perfrun1.ice::ice-frequency
45 [140676124362624] INFO perfrun.launcher <> - the option was added --parallel-fs-config: Specify parallel fs counters to collect.
45 [140676124362624] INFO perfrun.launcher <> - the option was added --pwr-config: BADMSG: perfrun1.vtsspp::pwr-config Specify power metrics configuration.
45 [140676124362624] INFO perfrun.launcher <> - the option was added --pwr-sampling-interval: Specify Intel SoC Watch sampling interval.
45 [140676124362624] INFO perfrun.launcher <> - the option was added --collect-topology: Collect topology info with hwloc.
45 [140676124362624] INFO perfrun.launcher <> - the option was added --persistent-mem-metrics: Collect Persistent Memory performance counters.
45 [140676124362624] INFO perfrun.launcher <> - the option was added --os-counters: Collect OS counters
47 [140676124362624] INFO perfrun.launcher <> - create msngr2::ICliToolContext
48 [140676124362624] INFO perfrun.launcher <> - create file finder object
48 [140676124362624] INFO perfrun.launcher <> - create a result directory: pattern = /home/users/emlazuta/parallel-qlearning/results_batch_vtune_100x100/run_par_sstatic_mstatespace_t4_obs25pct pid = 4294967295
52 [140676124362624] INFO perfrun.sdk <> - checked that the directory /home/users/emlazuta/parallel-qlearning/results_batch_vtune_100x100/run_par_sstatic_mstatespace_t4_obs25pct is a local directory
52 [140676124362624] INFO perfrun.sdk <> - the directory /home/users/emlazuta/parallel-qlearning/results_batch_vtune_100x100/run_par_sstatic_mstatespace_t4_obs25pct is located on a share or its FS ID is unknown 26985
52 [140676124362624] INFO perfrun.sdk <> - checked that the directory /tmp/amplxe-tmp-emlazuta is a local directory
52 [140676124362624] INFO perfrun.sdk <> - the directory /tmp/amplxe-tmp-emlazuta is a local directory with FS type ID 61267
53 [140676124362624] INFO perfrun.launcher <> - Create a local result directory /tmp/amplxe-tmp-emlazuta/amplxe-res-3465585-13068090111544806 due to the user result path /home/users/emlazuta/parallel-qlearning/results_batch_vtune_100x100/run_par_sstatic_mstatespace_t4_obs25pct is located on a share
53 [140676124362624] INFO perfrun.launcher <> - create data directory = /tmp/amplxe-tmp-emlazuta/amplxe-res-3465585-13068090111544806/data.0
53 [140676124362624] INFO perfrun.launcher <> - create data directory = /home/users/emlazuta/parallel-qlearning/results_batch_vtune_100x100/run_par_sstatic_mstatespace_t4_obs25pct/data.0
56 [140676124362624] INFO perfrun.launcher <> - Creating the master collection flag
59 [140676124362624] INFO perfrun.launcher <> - Done creating the master collection flag
63 [140675968394944] INFO perfrun.launcher <> - plugin [remoteplug] was disabled because it doesn't support the given collection type.
63 [140675968394944] INFO perfrun.system <> - online nodes : 0-1
63 [140675968394944] INFO perfrun.system <> - nodes with cpus : 0-1
63 [140675968394944] INFO perfrun.system <> - nodes with memory : 0-1
67 [140675968394944] INFO perfrun.sdk <> - Allocating TMU :/tmp/amplxe-tmp-emlazuta/amplxe-res-3465585-13068090111544806/data.0/systemcollector-3465585-hype5.sc
67 [140675968394944] INFO perfrun.launcher <> - plugin [itt] was disabled because it doesn't support the given collection type.
67 [140675968394944] INFO perfrun.launcher <> - plugin [ptracecollector] was disabled because it doesn't support the given collection type.
67 [140675968394944] INFO perfrun.launcher <> - plugin [gpu] was disabled because it doesn't support the given collection type.
67 [140675968394944] INFO perfrun.launcher <> - plugin [] was disabled because it doesn't support the given collection type.
67 [140675968394944] INFO perfrun.launcher <> - plugin [] was disabled because it doesn't support the given collection type.
67 [140675968394944] INFO perfrun.launcher <> - plugin [] was disabled because it doesn't support the given collection type.
67 [140675968394944] INFO perfrun.mrte <> - system-wide mode is 0
67 [140675968394944] INFO perfrun.mrte <> - Getting  mrte profiling environment ...
90 [140675968394944] INFO perfrun.mrte <> - INTEL_MRTE_DATA_DIR=/tmp/amplxe-tmp-emlazuta/amplxe-res-3465585-13068090111544806/data.0
90 [140675968394944] INFO perfrun.mrte <> - INTEL_MRTE_HOST_NAME=hype5
90 [140675968394944] INFO perfrun.mrte <> - JAVA_TOOL_OPTIONS=-agentlib:amplxe_samplingmrte_javaprof_1.0 -Dsun.boot.library.path=/home/intel/oneapi/vtune/2021.1.1/lib32/runtime:/home/intel/oneapi/vtune/2021.1.1/lib64/runtime
90 [140675968394944] INFO perfrun.mrte <> - CORECLR_ENABLE_PROFILING=1
90 [140675968394944] INFO perfrun.mrte <> - CORECLR_PROFILER={AA5E4821-E3B1-479c-B7FF-5AD047D22CED}
90 [140675968394944] INFO perfrun.mrte <> - CORECLR_PROFILER_PATH=/home/intel/oneapi/vtune/2021.1.1/lib64/libamplxe_samplingmrte_clrprof_1.0.so
90 [140675968394944] INFO perfrun.mrte <> - INTEL_MRTE_PROFILER_MODE=mixed
90 [140675968394944] INFO perfrun.mrte <> - Data directory: /tmp/amplxe-tmp-emlazuta/amplxe-res-3465585-13068090111544806/data.0
90 [140675968394944] INFO perfrun.mrte <> - Mrte plugin is initialized
90 [140675968394944] INFO perfrun.launcher <> - plugin [emon] was disabled because it doesn't support the given collection type.
90 [140675968394944] INFO perfrun.launcher <> - plugin [cuscol] was disabled because it doesn't support the given collection type.
90 [140675968394944] INFO perfrun.launcher <> - plugin [stdsrc] was disabled because it doesn't support the given collection type.
90 [140675968394944] INFO perfrun.launcher <> - plugin [sep] was disabled because it doesn't support the given collection type.
90 [140675968394944] INFO perfrun.launcher <> - plugin [vtsspp] was disabled because it doesn't support the given collection type.
91 [140675968394944] INFO perfrun.sdk <> - runCmd: "/home/intel/oneapi/vtune/2021.1.1/bin64/sep" -dry-run -sam 1 -ec "CPU_CLK_UNHALTED.THREAD:sa=2300000,CPU_CLK_UNHALTED.REF_TSC:sample:sa=2300000,INST_RETIRED.ANY:sample:sa=2300000,CPU_CLK_UNHALTED.REF_XCLK:sa=100003,CPU_CLK_UNHALTED.ONE_THREAD_ACTIVE:sa=100003,UOPS_RETIRED.RETIRE_SLOTS:sample:sa=2000003,CYCLE_ACTIVITY.CYCLES_NO_EXECUTE:sa=2000003,CYCLE_ACTIVITY.STALLS_L1D_PENDING:sa=2000003,CYCLE_ACTIVITY.STALLS_LDM_PENDING:sa=2000003,CYCLE_ACTIVITY.STALLS_L2_PENDING:sa=2000003,IDQ_UOPS_NOT_DELIVERED.CORE:sa=2000003,INT_MISC.RECOVERY_CYCLES:sa=2000003,MEM_LOAD_UOPS_RETIRED.L3_HIT_PS:sa=50003,MEM_LOAD_UOPS_RETIRED.L3_MISS_PS:sa=50003,OFFCORE_REQUESTS_OUTSTANDING.CYCLES_WITH_DATA_RD:sa=2000003,OFFCORE_REQUESTS_OUTSTANDING.ALL_DATA_RD:cmask=6:sa=2000003,RESOURCE_STALLS.SB:sa=2000003,RS_EVENTS.EMPTY_CYCLES:sa=2000003,UOPS_EXECUTED.CORE:cmask=1:sa=2000003,UOPS_EXECUTED.CORE:cmask=2:sa=2000003,UOPS_EXECUTED.CORE:cmask=3:sa=2000003,UOPS_ISSUED.ANY:sa=2000003,UOPS_RETIRED.RETIRE_SLOTS:sa=2000003,IDQ_UOPS_NOT_DELIVERED.CYCLES_0_UOPS_DELIV.CORE:sa=2000003,MEM_UOPS_RETIRED.ALL_LOADS_PS:sa=100003,MEM_UOPS_RETIRED.ALL_STORES_PS:sa=100003,MEM_LOAD_UOPS_L3_MISS_RETIRED.LOCAL_DRAM_PS:sa=100003,MEM_LOAD_UOPS_L3_MISS_RETIRED.REMOTE_DRAM_PS:sa=100003,MEM_LOAD_UOPS_L3_MISS_RETIRED.REMOTE_HITM_PS:sa=100003,MEM_LOAD_UOPS_L3_MISS_RETIRED.REMOTE_FWD_PS:sa=100003,UNC_M_CAS_COUNT.RD,UNC_M_CAS_COUNT.WR" -experimental
111 [140675968394944] INFO perfrun.perfcollector <> - SepDryRun RC = true
111 [140675968394944] INFO perfrun.perfcollector <> - DRY_RUN : "Duplicate Event Discarded: UOPS_RETIRED.RETIRE_SLOTS"
111 [140675968394944] INFO perfrun.perfcollector <> - DRY_RUN : "PMU type: Core (core)"
115 [140675968394944] INFO perfrun.perfcollector <> - pmu type : cpu
115 [140675968394944] INFO perfrun.perfcollector <> - DRY_RUN : "Group 0:"
115 [140675968394944] INFO perfrun.perfcollector <> - id : 0
115 [140675968394944] INFO perfrun.perfcollector <> - DRY_RUN : "INST_RETIRED.ANY: event id 2"
115 [140675968394944] INFO perfrun.perfcollector <> - eventName : INST_RETIRED.ANY , eventId : 2
115 [140675968394944] INFO perfrun.perfcollector <> - DRY_RUN : "CPU_CLK_UNHALTED.THREAD: event id 0"
115 [140675968394944] INFO perfrun.perfcollector <> - eventName : CPU_CLK_UNHALTED.THREAD , eventId : 0
115 [140675968394944] INFO perfrun.perfcollector <> - DRY_RUN : "CPU_CLK_UNHALTED.REF_TSC: event id 1"
115 [140675968394944] INFO perfrun.perfcollector <> - eventName : CPU_CLK_UNHALTED.REF_TSC , eventId : 1
115 [140675968394944] INFO perfrun.perfcollector <> - DRY_RUN : "CPU_CLK_UNHALTED.REF_XCLK: event id 4"
115 [140675968394944] INFO perfrun.perfcollector <> - eventName : CPU_CLK_UNHALTED.REF_XCLK , eventId : 4
115 [140675968394944] INFO perfrun.perfcollector <> - DRY_RUN : "CPU_CLK_UNHALTED.ONE_THREAD_ACTIVE: event id 5"
115 [140675968394944] INFO perfrun.perfcollector <> - eventName : CPU_CLK_UNHALTED.ONE_THREAD_ACTIVE , eventId : 5
115 [140675968394944] INFO perfrun.perfcollector <> - DRY_RUN : "CYCLE_ACTIVITY.STALLS_L1D_PENDING: event id 3"
115 [140675968394944] INFO perfrun.perfcollector <> - eventName : CYCLE_ACTIVITY.STALLS_L1D_PENDING , eventId : 3
115 [140675968394944] INFO perfrun.perfcollector <> - DRY_RUN : "UOPS_RETIRED.RETIRE_SLOTS: event id 6"
115 [140675968394944] INFO perfrun.perfcollector <> - eventName : UOPS_RETIRED.RETIRE_SLOTS , eventId : 6
115 [140675968394944] INFO perfrun.perfcollector <> - DRY_RUN : "CCCR"
115 [140675968394944] INFO perfrun.perfcollector <> - DRY_RUN : "reg_type       = 1	event_id       = g	reg_id         = 38f	reg_value      = 70000000f"
115 [140675968394944] INFO perfrun.perfcollector <> - eventId : g , ignored
115 [140675968394944] INFO perfrun.perfcollector <> - DRY_RUN : "reg_type       = 1	event_id       = g	reg_id         = 390	reg_value      = 70000000f"
115 [140675968394944] INFO perfrun.perfcollector <> - eventId : g , ignored
115 [140675968394944] INFO perfrun.perfcollector <> - DRY_RUN : "reg_type       = 1	event_id       = g	reg_id         = 3f1	reg_value      = 0"
115 [140675968394944] INFO perfrun.perfcollector <> - eventId : g , ignored
115 [140675968394944] INFO perfrun.perfcollector <> - DRY_RUN : "reg_type       = 1	event_id       = g	reg_id         = 1d9	reg_value      = 1800"
115 [140675968394944] INFO perfrun.perfcollector <> - eventId : g , ignored
115 [140675968394944] INFO perfrun.perfcollector <> - DRY_RUN : "reg_type       = 1	event_id       = g	reg_id         = 38d	reg_value      = bbb"
115 [140675968394944] INFO perfrun.perfcollector <> - eventId : g , ignored
115 [140675968394944] INFO perfrun.perfcollector <> - DRY_RUN : "reg_type       = 1	event_id       = 4	reg_id         = 186	reg_value      = 53013c"
115 [140675968394944] INFO perfrun.perfcollector <> - eventId : 4 , cccrAddr : 186 , cccrVal : 53013c
115 [140675968394944] INFO perfrun.perfcollector <> - DRY_RUN : "reg_type       = 1	event_id       = 5	reg_id         = 187	reg_value      = 53023c"
115 [140675968394944] INFO perfrun.perfcollector <> - eventId : 5 , cccrAddr : 187 , cccrVal : 53023c
115 [140675968394944] INFO perfrun.perfcollector <> - DRY_RUN : "reg_type       = 1	event_id       = 3	reg_id         = 188	reg_value      = c530ca3"
115 [140675968394944] INFO perfrun.perfcollector <> - eventId : 3 , cccrAddr : 188 , cccrVal : c530ca3
115 [140675968394944] INFO perfrun.perfcollector <> - DRY_RUN : "reg_type       = 1	event_id       = 6	reg_id         = 189	reg_value      = 5302c2"
115 [140675968394944] INFO perfrun.perfcollector <> - eventId : 6 , cccrAddr : 189 , cccrVal : 5302c2
115 [140675968394944] INFO perfrun.perfcollector <> - DRY_RUN : "ESCR"
115 [140675968394944] INFO perfrun.perfcollector <> - DRY_RUN : "reg_type       = 2	event_id       = g	reg_id         = 1c8	reg_value      = 0"
115 [140675968394944] INFO perfrun.perfcollector <> - eventId : g , ignored
115 [140675968394944] INFO perfrun.perfcollector <> - DRY_RUN : "DATA"
115 [140675968394944] INFO perfrun.perfcollector <> - DRY_RUN : "reg_type       = 4	event_id       = 2	reg_id         = 309	reg_value      = ffffffdce7a0"
115 [140675968394944] INFO perfrun.perfcollector <> - eventId : 2 , dataAddr : 309 , dataVal : ffffffdce7a0
115 [140675968394944] INFO perfrun.perfcollector <> - DRY_RUN : "reg_type       = 4	event_id       = 0	reg_id         = 30a	reg_value      = ffffffdce7a0"
115 [140675968394944] INFO perfrun.perfcollector <> - eventId : 0 , dataAddr : 30a , dataVal : ffffffdce7a0
115 [140675968394944] INFO perfrun.perfcollector <> - DRY_RUN : "reg_type       = 4	event_id       = 1	reg_id         = 30b	reg_value      = ffffffdce7a0"
115 [140675968394944] INFO perfrun.perfcollector <> - eventId : 1 , dataAddr : 30b , dataVal : ffffffdce7a0
115 [140675968394944] INFO perfrun.perfcollector <> - DRY_RUN : "reg_type       = 4	event_id       = 4	reg_id         = c1	reg_value      = fffffffe795d"
115 [140675968394944] INFO perfrun.perfcollector <> - eventId : 4 , dataAddr : c1 , dataVal : fffffffe795d
115 [140675968394944] INFO perfrun.perfcollector <> - DRY_RUN : "reg_type       = 4	event_id       = 5	reg_id         = c2	reg_value      = fffffffe795d"
115 [140675968394944] INFO perfrun.perfcollector <> - eventId : 5 , dataAddr : c2 , dataVal : fffffffe795d
115 [140675968394944] INFO perfrun.perfcollector <> - DRY_RUN : "reg_type       = 4	event_id       = 3	reg_id         = c3	reg_value      = ffffffe17b7d"
115 [140675968394944] INFO perfrun.perfcollector <> - eventId : 3 , dataAddr : c3 , dataVal : ffffffe17b7d
115 [140675968394944] INFO perfrun.perfcollector <> - DRY_RUN : "reg_type       = 4	event_id       = 6	reg_id         = c4	reg_value      = ffffffe17b7d"
115 [140675968394944] INFO perfrun.perfcollector <> - eventId : 6 , dataAddr : c4 , dataVal : ffffffe17b7d
115 [140675968394944] INFO perfrun.perfcollector <> - DRY_RUN : "Group 1:"
115 [140675968394944] INFO perfrun.perfcollector <> - id : 1
115 [140675968394944] INFO perfrun.perfcollector <> - DRY_RUN : "INST_RETIRED.ANY: event id 2"
115 [140675968394944] INFO perfrun.perfcollector <> - eventName : INST_RETIRED.ANY , eventId : 2
115 [140675968394944] INFO perfrun.perfcollector <> - DRY_RUN : "CPU_CLK_UNHALTED.THREAD: event id 0"
115 [140675968394944] INFO perfrun.perfcollector <> - eventName : CPU_CLK_UNHALTED.THREAD , eventId : 0
115 [140675968394944] INFO perfrun.perfcollector <> - DRY_RUN : "CPU_CLK_UNHALTED.REF_TSC: event id 1"
115 [140675968394944] INFO perfrun.perfcollector <> - eventName : CPU_CLK_UNHALTED.REF_TSC , eventId : 1
115 [140675968394944] INFO perfrun.perfcollector <> - DRY_RUN : "CYCLE_ACTIVITY.CYCLES_NO_EXECUTE: event id 7"
115 [140675968394944] INFO perfrun.perfcollector <> - eventName : CYCLE_ACTIVITY.CYCLES_NO_EXECUTE , eventId : 7
115 [140675968394944] INFO perfrun.perfcollector <> - DRY_RUN : "CYCLE_ACTIVITY.STALLS_LDM_PENDING: event id 8"
115 [140675968394944] INFO perfrun.perfcollector <> - eventName : CYCLE_ACTIVITY.STALLS_LDM_PENDING , eventId : 8
115 [140675968394944] INFO perfrun.perfcollector <> - DRY_RUN : "CYCLE_ACTIVITY.STALLS_L2_PENDING: event id 9"
115 [140675968394944] INFO perfrun.perfcollector <> - eventName : CYCLE_ACTIVITY.STALLS_L2_PENDING , eventId : 9
115 [140675968394944] INFO perfrun.perfcollector <> - DRY_RUN : "IDQ_UOPS_NOT_DELIVERED.CORE: event id 10"
115 [140675968394944] INFO perfrun.perfcollector <> - eventName : IDQ_UOPS_NOT_DELIVERED.CORE , eventId : 10
115 [140675968394944] INFO perfrun.perfcollector <> - DRY_RUN : "CCCR"
115 [140675968394944] INFO perfrun.perfcollector <> - DRY_RUN : "reg_type       = 1	event_id       = g	reg_id         = 38f	reg_value      = 70000000f"
115 [140675968394944] INFO perfrun.perfcollector <> - eventId : g , ignored
115 [140675968394944] INFO perfrun.perfcollector <> - DRY_RUN : "reg_type       = 1	event_id       = g	reg_id         = 390	reg_value      = 70000000f"
115 [140675968394944] INFO perfrun.perfcollector <> - eventId : g , ignored
115 [140675968394944] INFO perfrun.perfcollector <> - DRY_RUN : "reg_type       = 1	event_id       = g	reg_id         = 3f1	reg_value      = 0"
115 [140675968394944] INFO perfrun.perfcollector <> - eventId : g , ignored
115 [140675968394944] INFO perfrun.perfcollector <> - DRY_RUN : "reg_type       = 1	event_id       = g	reg_id         = 1d9	reg_value      = 1800"
115 [140675968394944] INFO perfrun.perfcollector <> - eventId : g , ignored
115 [140675968394944] INFO perfrun.perfcollector <> - DRY_RUN : "reg_type       = 1	event_id       = g	reg_id         = 38d	reg_value      = bbb"
115 [140675968394944] INFO perfrun.perfcollector <> - eventId : g , ignored
115 [140675968394944] INFO perfrun.perfcollector <> - DRY_RUN : "reg_type       = 1	event_id       = 7	reg_id         = 186	reg_value      = 45304a3"
115 [140675968394944] INFO perfrun.perfcollector <> - eventId : 7 , cccrAddr : 186 , cccrVal : 45304a3
115 [140675968394944] INFO perfrun.perfcollector <> - DRY_RUN : "reg_type       = 1	event_id       = 8	reg_id         = 187	reg_value      = 65306a3"
115 [140675968394944] INFO perfrun.perfcollector <> - eventId : 8 , cccrAddr : 187 , cccrVal : 65306a3
115 [140675968394944] INFO perfrun.perfcollector <> - DRY_RUN : "reg_type       = 1	event_id       = 9	reg_id         = 188	reg_value      = 55305a3"
115 [140675968394944] INFO perfrun.perfcollector <> - eventId : 9 , cccrAddr : 188 , cccrVal : 55305a3
115 [140675968394944] INFO perfrun.perfcollector <> - DRY_RUN : "reg_type       = 1	event_id       = 10	reg_id         = 189	reg_value      = 53019c"
115 [140675968394944] INFO perfrun.perfcollector <> - eventId : 10 , cccrAddr : 189 , cccrVal : 53019c
115 [140675968394944] INFO perfrun.perfcollector <> - DRY_RUN : "ESCR"
115 [140675968394944] INFO perfrun.perfcollector <> - DRY_RUN : "reg_type       = 2	event_id       = g	reg_id         = 1c8	reg_value      = 0"
115 [140675968394944] INFO perfrun.perfcollector <> - eventId : g , ignored
115 [140675968394944] INFO perfrun.perfcollector <> - DRY_RUN : "DATA"
115 [140675968394944] INFO perfrun.perfcollector <> - DRY_RUN : "reg_type       = 4	event_id       = 2	reg_id         = 309	reg_value      = ffffffdce7a0"
115 [140675968394944] INFO perfrun.perfcollector <> - eventId : 2 , dataAddr : 309 , dataVal : ffffffdce7a0
115 [140675968394944] INFO perfrun.perfcollector <> - DRY_RUN : "reg_type       = 4	event_id       = 0	reg_id         = 30a	reg_value      = ffffffdce7a0"
115 [140675968394944] INFO perfrun.perfcollector <> - eventId : 0 , dataAddr : 30a , dataVal : ffffffdce7a0
115 [140675968394944] INFO perfrun.perfcollector <> - DRY_RUN : "reg_type       = 4	event_id       = 1	reg_id         = 30b	reg_value      = ffffffdce7a0"
115 [140675968394944] INFO perfrun.perfcollector <> - eventId : 1 , dataAddr : 30b , dataVal : ffffffdce7a0
115 [140675968394944] INFO perfrun.perfcollector <> - DRY_RUN : "reg_type       = 4	event_id       = 7	reg_id         = c1	reg_value      = ffffffe17b7d"
115 [140675968394944] INFO perfrun.perfcollector <> - eventId : 7 , dataAddr : c1 , dataVal : ffffffe17b7d
115 [140675968394944] INFO perfrun.perfcollector <> - DRY_RUN : "reg_type       = 4	event_id       = 8	reg_id         = c2	reg_value      = ffffffe17b7d"
115 [140675968394944] INFO perfrun.perfcollector <> - eventId : 8 , dataAddr : c2 , dataVal : ffffffe17b7d
115 [140675968394944] INFO perfrun.perfcollector <> - DRY_RUN : "reg_type       = 4	event_id       = 9	reg_id         = c3	reg_value      = ffffffe17b7d"
115 [140675968394944] INFO perfrun.perfcollector <> - eventId : 9 , dataAddr : c3 , dataVal : ffffffe17b7d
115 [140675968394944] INFO perfrun.perfcollector <> - DRY_RUN : "reg_type       = 4	event_id       = 10	reg_id         = c4	reg_value      = ffffffe17b7d"
115 [140675968394944] INFO perfrun.perfcollector <> - eventId : 10 , dataAddr : c4 , dataVal : ffffffe17b7d
115 [140675968394944] INFO perfrun.perfcollector <> - DRY_RUN : "Group 2:"
115 [140675968394944] INFO perfrun.perfcollector <> - id : 2
115 [140675968394944] INFO perfrun.perfcollector <> - DRY_RUN : "INST_RETIRED.ANY: event id 2"
115 [140675968394944] INFO perfrun.perfcollector <> - eventName : INST_RETIRED.ANY , eventId : 2
115 [140675968394944] INFO perfrun.perfcollector <> - DRY_RUN : "CPU_CLK_UNHALTED.THREAD: event id 0"
115 [140675968394944] INFO perfrun.perfcollector <> - eventName : CPU_CLK_UNHALTED.THREAD , eventId : 0
115 [140675968394944] INFO perfrun.perfcollector <> - DRY_RUN : "CPU_CLK_UNHALTED.REF_TSC: event id 1"
115 [140675968394944] INFO perfrun.perfcollector <> - eventName : CPU_CLK_UNHALTED.REF_TSC , eventId : 1
115 [140675968394944] INFO perfrun.perfcollector <> - DRY_RUN : "INT_MISC.RECOVERY_CYCLES: event id 11"
115 [140675968394944] INFO perfrun.perfcollector <> - eventName : INT_MISC.RECOVERY_CYCLES , eventId : 11
115 [140675968394944] INFO perfrun.perfcollector <> - DRY_RUN : "MEM_LOAD_UOPS_RETIRED.L3_HIT_PS: event id 12"
115 [140675968394944] INFO perfrun.perfcollector <> - eventName : MEM_LOAD_UOPS_RETIRED.L3_HIT_PS , eventId : 12
115 [140675968394944] INFO perfrun.perfcollector <> - DRY_RUN : "MEM_LOAD_UOPS_RETIRED.L3_MISS_PS: event id 13"
115 [140675968394944] INFO perfrun.perfcollector <> - eventName : MEM_LOAD_UOPS_RETIRED.L3_MISS_PS , eventId : 13
115 [140675968394944] INFO perfrun.perfcollector <> - DRY_RUN : "OFFCORE_REQUESTS_OUTSTANDING.CYCLES_WITH_DATA_RD: event id 14"
115 [140675968394944] INFO perfrun.perfcollector <> - eventName : OFFCORE_REQUESTS_OUTSTANDING.CYCLES_WITH_DATA_RD , eventId : 14
115 [140675968394944] INFO perfrun.perfcollector <> - DRY_RUN : "CCCR"
115 [140675968394944] INFO perfrun.perfcollector <> - DRY_RUN : "reg_type       = 1	event_id       = g	reg_id         = 38f	reg_value      = 70000000f"
115 [140675968394944] INFO perfrun.perfcollector <> - eventId : g , ignored
115 [140675968394944] INFO perfrun.perfcollector <> - DRY_RUN : "reg_type       = 1	event_id       = g	reg_id         = 390	reg_value      = 70000000f"
115 [140675968394944] INFO perfrun.perfcollector <> - eventId : g , ignored
115 [140675968394944] INFO perfrun.perfcollector <> - DRY_RUN : "reg_type       = 1	event_id       = g	reg_id         = 3f1	reg_value      = 600000006"
115 [140675968394944] INFO perfrun.perfcollector <> - eventId : g , ignored
115 [140675968394944] INFO perfrun.perfcollector <> - DRY_RUN : "reg_type       = 1	event_id       = g	reg_id         = 1d9	reg_value      = 1800"
115 [140675968394944] INFO perfrun.perfcollector <> - eventId : g , ignored
115 [140675968394944] INFO perfrun.perfcollector <> - DRY_RUN : "reg_type       = 1	event_id       = g	reg_id         = 38d	reg_value      = bbb"
115 [140675968394944] INFO perfrun.perfcollector <> - eventId : g , ignored
115 [140675968394944] INFO perfrun.perfcollector <> - DRY_RUN : "reg_type       = 1	event_id       = 11	reg_id         = 186	reg_value      = 153030d"
115 [140675968394944] INFO perfrun.perfcollector <> - eventId : 11 , cccrAddr : 186 , cccrVal : 153030d
115 [140675968394944] INFO perfrun.perfcollector <> - DRY_RUN : "reg_type       = 1	event_id       = 12	reg_id         = 187	reg_value      = 4304d1"
115 [140675968394944] INFO perfrun.perfcollector <> - eventId : 12 , cccrAddr : 187 , cccrVal : 4304d1
115 [140675968394944] INFO perfrun.perfcollector <> - DRY_RUN : "reg_type       = 1	event_id       = 13	reg_id         = 188	reg_value      = 4320d1"
115 [140675968394944] INFO perfrun.perfcollector <> - eventId : 13 , cccrAddr : 188 , cccrVal : 4320d1
115 [140675968394944] INFO perfrun.perfcollector <> - DRY_RUN : "reg_type       = 1	event_id       = 14	reg_id         = 189	reg_value      = 1530860"
115 [140675968394944] INFO perfrun.perfcollector <> - eventId : 14 , cccrAddr : 189 , cccrVal : 1530860
115 [140675968394944] INFO perfrun.perfcollector <> - DRY_RUN : "ESCR"
115 [140675968394944] INFO perfrun.perfcollector <> - DRY_RUN : "reg_type       = 2	event_id       = g	reg_id         = 1c8	reg_value      = 0"
115 [140675968394944] INFO perfrun.perfcollector <> - eventId : g , ignored
115 [140675968394944] INFO perfrun.perfcollector <> - DRY_RUN : "DATA"
115 [140675968394944] INFO perfrun.perfcollector <> - DRY_RUN : "reg_type       = 4	event_id       = 2	reg_id         = 309	reg_value      = ffffffdce7a0"
115 [140675968394944] INFO perfrun.perfcollector <> - eventId : 2 , dataAddr : 309 , dataVal : ffffffdce7a0
115 [140675968394944] INFO perfrun.perfcollector <> - DRY_RUN : "reg_type       = 4	event_id       = 0	reg_id         = 30a	reg_value      = ffffffdce7a0"
115 [140675968394944] INFO perfrun.perfcollector <> - eventId : 0 , dataAddr : 30a , dataVal : ffffffdce7a0
115 [140675968394944] INFO perfrun.perfcollector <> - DRY_RUN : "reg_type       = 4	event_id       = 1	reg_id         = 30b	reg_value      = ffffffdce7a0"
115 [140675968394944] INFO perfrun.perfcollector <> - eventId : 1 , dataAddr : 30b , dataVal : ffffffdce7a0
115 [140675968394944] INFO perfrun.perfcollector <> - DRY_RUN : "reg_type       = 4	event_id       = 11	reg_id         = c1	reg_value      = ffffffe17b7d"
115 [140675968394944] INFO perfrun.perfcollector <> - eventId : 11 , dataAddr : c1 , dataVal : ffffffe17b7d
115 [140675968394944] INFO perfrun.perfcollector <> - DRY_RUN : "reg_type       = 4	event_id       = 12	reg_id         = c2	reg_value      = ffffffff3cad"
115 [140675968394944] INFO perfrun.perfcollector <> - eventId : 12 , dataAddr : c2 , dataVal : ffffffff3cad
115 [140675968394944] INFO perfrun.perfcollector <> - DRY_RUN : "reg_type       = 4	event_id       = 13	reg_id         = c3	reg_value      = ffffffff3cad"
115 [140675968394944] INFO perfrun.perfcollector <> - eventId : 13 , dataAddr : c3 , dataVal : ffffffff3cad
115 [140675968394944] INFO perfrun.perfcollector <> - DRY_RUN : "reg_type       = 4	event_id       = 14	reg_id         = c4	reg_value      = ffffffe17b7d"
115 [140675968394944] INFO perfrun.perfcollector <> - eventId : 14 , dataAddr : c4 , dataVal : ffffffe17b7d
115 [140675968394944] INFO perfrun.perfcollector <> - DRY_RUN : "Group 3:"
115 [140675968394944] INFO perfrun.perfcollector <> - id : 3
115 [140675968394944] INFO perfrun.perfcollector <> - DRY_RUN : "INST_RETIRED.ANY: event id 2"
115 [140675968394944] INFO perfrun.perfcollector <> - eventName : INST_RETIRED.ANY , eventId : 2
115 [140675968394944] INFO perfrun.perfcollector <> - DRY_RUN : "CPU_CLK_UNHALTED.THREAD: event id 0"
115 [140675968394944] INFO perfrun.perfcollector <> - eventName : CPU_CLK_UNHALTED.THREAD , eventId : 0
115 [140675968394944] INFO perfrun.perfcollector <> - DRY_RUN : "CPU_CLK_UNHALTED.REF_TSC: event id 1"
115 [140675968394944] INFO perfrun.perfcollector <> - eventName : CPU_CLK_UNHALTED.REF_TSC , eventId : 1
115 [140675968394944] INFO perfrun.perfcollector <> - DRY_RUN : "OFFCORE_REQUESTS_OUTSTANDING.ALL_DATA_RD:cmask=6: event id 15"
115 [140675968394944] INFO perfrun.perfcollector <> - eventName : OFFCORE_REQUESTS_OUTSTANDING.ALL_DATA_RD:cmask=6 , eventId : 15
116 [140675968394944] INFO perfrun.perfcollector <> - DRY_RUN : "RESOURCE_STALLS.SB: event id 16"
116 [140675968394944] INFO perfrun.perfcollector <> - eventName : RESOURCE_STALLS.SB , eventId : 16
116 [140675968394944] INFO perfrun.perfcollector <> - DRY_RUN : "RS_EVENTS.EMPTY_CYCLES: event id 17"
116 [140675968394944] INFO perfrun.perfcollector <> - eventName : RS_EVENTS.EMPTY_CYCLES , eventId : 17
116 [140675968394944] INFO perfrun.perfcollector <> - DRY_RUN : "UOPS_EXECUTED.CORE:cmask=1: event id 18"
116 [140675968394944] INFO perfrun.perfcollector <> - eventName : UOPS_EXECUTED.CORE:cmask=1 , eventId : 18
116 [140675968394944] INFO perfrun.perfcollector <> - DRY_RUN : "CCCR"
116 [140675968394944] INFO perfrun.perfcollector <> - DRY_RUN : "reg_type       = 1	event_id       = g	reg_id         = 38f	reg_value      = 70000000f"
116 [140675968394944] INFO perfrun.perfcollector <> - eventId : g , ignored
116 [140675968394944] INFO perfrun.perfcollector <> - DRY_RUN : "reg_type       = 1	event_id       = g	reg_id         = 390	reg_value      = 70000000f"
116 [140675968394944] INFO perfrun.perfcollector <> - eventId : g , ignored
116 [140675968394944] INFO perfrun.perfcollector <> - DRY_RUN : "reg_type       = 1	event_id       = g	reg_id         = 3f1	reg_value      = 0"
116 [140675968394944] INFO perfrun.perfcollector <> - eventId : g , ignored
116 [140675968394944] INFO perfrun.perfcollector <> - DRY_RUN : "reg_type       = 1	event_id       = g	reg_id         = 1d9	reg_value      = 1800"
116 [140675968394944] INFO perfrun.perfcollector <> - eventId : g , ignored
116 [140675968394944] INFO perfrun.perfcollector <> - DRY_RUN : "reg_type       = 1	event_id       = g	reg_id         = 38d	reg_value      = bbb"
116 [140675968394944] INFO perfrun.perfcollector <> - eventId : g , ignored
116 [140675968394944] INFO perfrun.perfcollector <> - DRY_RUN : "reg_type       = 1	event_id       = 15	reg_id         = 186	reg_value      = 6530860"
116 [140675968394944] INFO perfrun.perfcollector <> - eventId : 15 , cccrAddr : 186 , cccrVal : 6530860
116 [140675968394944] INFO perfrun.perfcollector <> - DRY_RUN : "reg_type       = 1	event_id       = 16	reg_id         = 187	reg_value      = 5308a2"
116 [140675968394944] INFO perfrun.perfcollector <> - eventId : 16 , cccrAddr : 187 , cccrVal : 5308a2
116 [140675968394944] INFO perfrun.perfcollector <> - DRY_RUN : "reg_type       = 1	event_id       = 17	reg_id         = 188	reg_value      = 53015e"
116 [140675968394944] INFO perfrun.perfcollector <> - eventId : 17 , cccrAddr : 188 , cccrVal : 53015e
116 [140675968394944] INFO perfrun.perfcollector <> - DRY_RUN : "reg_type       = 1	event_id       = 18	reg_id         = 189	reg_value      = 15302b1"
116 [140675968394944] INFO perfrun.perfcollector <> - eventId : 18 , cccrAddr : 189 , cccrVal : 15302b1
116 [140675968394944] INFO perfrun.perfcollector <> - DRY_RUN : "ESCR"
116 [140675968394944] INFO perfrun.perfcollector <> - DRY_RUN : "reg_type       = 2	event_id       = g	reg_id         = 1c8	reg_value      = 0"
116 [140675968394944] INFO perfrun.perfcollector <> - eventId : g , ignored
116 [140675968394944] INFO perfrun.perfcollector <> - DRY_RUN : "DATA"
116 [140675968394944] INFO perfrun.perfcollector <> - DRY_RUN : "reg_type       = 4	event_id       = 2	reg_id         = 309	reg_value      = ffffffdce7a0"
116 [140675968394944] INFO perfrun.perfcollector <> - eventId : 2 , dataAddr : 309 , dataVal : ffffffdce7a0
116 [140675968394944] INFO perfrun.perfcollector <> - DRY_RUN : "reg_type       = 4	event_id       = 0	reg_id         = 30a	reg_value      = ffffffdce7a0"
116 [140675968394944] INFO perfrun.perfcollector <> - eventId : 0 , dataAddr : 30a , dataVal : ffffffdce7a0
116 [140675968394944] INFO perfrun.perfcollector <> - DRY_RUN : "reg_type       = 4	event_id       = 1	reg_id         = 30b	reg_value      = ffffffdce7a0"
116 [140675968394944] INFO perfrun.perfcollector <> - eventId : 1 , dataAddr : 30b , dataVal : ffffffdce7a0
116 [140675968394944] INFO perfrun.perfcollector <> - DRY_RUN : "reg_type       = 4	event_id       = 15	reg_id         = c1	reg_value      = ffffffe17b7d"
116 [140675968394944] INFO perfrun.perfcollector <> - eventId : 15 , dataAddr : c1 , dataVal : ffffffe17b7d
116 [140675968394944] INFO perfrun.perfcollector <> - DRY_RUN : "reg_type       = 4	event_id       = 16	reg_id         = c2	reg_value      = ffffffe17b7d"
116 [140675968394944] INFO perfrun.perfcollector <> - eventId : 16 , dataAddr : c2 , dataVal : ffffffe17b7d
116 [140675968394944] INFO perfrun.perfcollector <> - DRY_RUN : "reg_type       = 4	event_id       = 17	reg_id         = c3	reg_value      = ffffffe17b7d"
116 [140675968394944] INFO perfrun.perfcollector <> - eventId : 17 , dataAddr : c3 , dataVal : ffffffe17b7d
116 [140675968394944] INFO perfrun.perfcollector <> - DRY_RUN : "reg_type       = 4	event_id       = 18	reg_id         = c4	reg_value      = ffffffe17b7d"
116 [140675968394944] INFO perfrun.perfcollector <> - eventId : 18 , dataAddr : c4 , dataVal : ffffffe17b7d
116 [140675968394944] INFO perfrun.perfcollector <> - DRY_RUN : "Group 4:"
116 [140675968394944] INFO perfrun.perfcollector <> - id : 4
116 [140675968394944] INFO perfrun.perfcollector <> - DRY_RUN : "INST_RETIRED.ANY: event id 2"
116 [140675968394944] INFO perfrun.perfcollector <> - eventName : INST_RETIRED.ANY , eventId : 2
116 [140675968394944] INFO perfrun.perfcollector <> - DRY_RUN : "CPU_CLK_UNHALTED.THREAD: event id 0"
116 [140675968394944] INFO perfrun.perfcollector <> - eventName : CPU_CLK_UNHALTED.THREAD , eventId : 0
116 [140675968394944] INFO perfrun.perfcollector <> - DRY_RUN : "CPU_CLK_UNHALTED.REF_TSC: event id 1"
116 [140675968394944] INFO perfrun.perfcollector <> - eventName : CPU_CLK_UNHALTED.REF_TSC , eventId : 1
116 [140675968394944] INFO perfrun.perfcollector <> - DRY_RUN : "UOPS_EXECUTED.CORE:cmask=2: event id 19"
116 [140675968394944] INFO perfrun.perfcollector <> - eventName : UOPS_EXECUTED.CORE:cmask=2 , eventId : 19
116 [140675968394944] INFO perfrun.perfcollector <> - DRY_RUN : "UOPS_EXECUTED.CORE:cmask=3: event id 20"
116 [140675968394944] INFO perfrun.perfcollector <> - eventName : UOPS_EXECUTED.CORE:cmask=3 , eventId : 20
116 [140675968394944] INFO perfrun.perfcollector <> - DRY_RUN : "UOPS_ISSUED.ANY: event id 21"
116 [140675968394944] INFO perfrun.perfcollector <> - eventName : UOPS_ISSUED.ANY , eventId : 21
116 [140675968394944] INFO perfrun.perfcollector <> - DRY_RUN : "IDQ_UOPS_NOT_DELIVERED.CYCLES_0_UOPS_DELIV.CORE: event id 22"
116 [140675968394944] INFO perfrun.perfcollector <> - eventName : IDQ_UOPS_NOT_DELIVERED.CYCLES_0_UOPS_DELIV.CORE , eventId : 22
116 [140675968394944] INFO perfrun.perfcollector <> - DRY_RUN : "CCCR"
116 [140675968394944] INFO perfrun.perfcollector <> - DRY_RUN : "reg_type       = 1	event_id       = g	reg_id         = 38f	reg_value      = 70000000f"
116 [140675968394944] INFO perfrun.perfcollector <> - eventId : g , ignored
116 [140675968394944] INFO perfrun.perfcollector <> - DRY_RUN : "reg_type       = 1	event_id       = g	reg_id         = 390	reg_value      = 70000000f"
116 [140675968394944] INFO perfrun.perfcollector <> - eventId : g , ignored
116 [140675968394944] INFO perfrun.perfcollector <> - DRY_RUN : "reg_type       = 1	event_id       = g	reg_id         = 3f1	reg_value      = 0"
116 [140675968394944] INFO perfrun.perfcollector <> - eventId : g , ignored
116 [140675968394944] INFO perfrun.perfcollector <> - DRY_RUN : "reg_type       = 1	event_id       = g	reg_id         = 1d9	reg_value      = 1800"
116 [140675968394944] INFO perfrun.perfcollector <> - eventId : g , ignored
116 [140675968394944] INFO perfrun.perfcollector <> - DRY_RUN : "reg_type       = 1	event_id       = g	reg_id         = 38d	reg_value      = bbb"
116 [140675968394944] INFO perfrun.perfcollector <> - eventId : g , ignored
116 [140675968394944] INFO perfrun.perfcollector <> - DRY_RUN : "reg_type       = 1	event_id       = 19	reg_id         = 186	reg_value      = 25302b1"
116 [140675968394944] INFO perfrun.perfcollector <> - eventId : 19 , cccrAddr : 186 , cccrVal : 25302b1
116 [140675968394944] INFO perfrun.perfcollector <> - DRY_RUN : "reg_type       = 1	event_id       = 20	reg_id         = 187	reg_value      = 35302b1"
116 [140675968394944] INFO perfrun.perfcollector <> - eventId : 20 , cccrAddr : 187 , cccrVal : 35302b1
116 [140675968394944] INFO perfrun.perfcollector <> - DRY_RUN : "reg_type       = 1	event_id       = 21	reg_id         = 188	reg_value      = 53010e"
116 [140675968394944] INFO perfrun.perfcollector <> - eventId : 21 , cccrAddr : 188 , cccrVal : 53010e
116 [140675968394944] INFO perfrun.perfcollector <> - DRY_RUN : "reg_type       = 1	event_id       = 22	reg_id         = 189	reg_value      = 453019c"
116 [140675968394944] INFO perfrun.perfcollector <> - eventId : 22 , cccrAddr : 189 , cccrVal : 453019c
116 [140675968394944] INFO perfrun.perfcollector <> - DRY_RUN : "ESCR"
116 [140675968394944] INFO perfrun.perfcollector <> - DRY_RUN : "reg_type       = 2	event_id       = g	reg_id         = 1c8	reg_value      = 0"
116 [140675968394944] INFO perfrun.perfcollector <> - eventId : g , ignored
116 [140675968394944] INFO perfrun.perfcollector <> - DRY_RUN : "DATA"
116 [140675968394944] INFO perfrun.perfcollector <> - DRY_RUN : "reg_type       = 4	event_id       = 2	reg_id         = 309	reg_value      = ffffffdce7a0"
116 [140675968394944] INFO perfrun.perfcollector <> - eventId : 2 , dataAddr : 309 , dataVal : ffffffdce7a0
116 [140675968394944] INFO perfrun.perfcollector <> - DRY_RUN : "reg_type       = 4	event_id       = 0	reg_id         = 30a	reg_value      = ffffffdce7a0"
116 [140675968394944] INFO perfrun.perfcollector <> - eventId : 0 , dataAddr : 30a , dataVal : ffffffdce7a0
116 [140675968394944] INFO perfrun.perfcollector <> - DRY_RUN : "reg_type       = 4	event_id       = 1	reg_id         = 30b	reg_value      = ffffffdce7a0"
116 [140675968394944] INFO perfrun.perfcollector <> - eventId : 1 , dataAddr : 30b , dataVal : ffffffdce7a0
116 [140675968394944] INFO perfrun.perfcollector <> - DRY_RUN : "reg_type       = 4	event_id       = 19	reg_id         = c1	reg_value      = ffffffe17b7d"
116 [140675968394944] INFO perfrun.perfcollector <> - eventId : 19 , dataAddr : c1 , dataVal : ffffffe17b7d
116 [140675968394944] INFO perfrun.perfcollector <> - DRY_RUN : "reg_type       = 4	event_id       = 20	reg_id         = c2	reg_value      = ffffffe17b7d"
116 [140675968394944] INFO perfrun.perfcollector <> - eventId : 20 , dataAddr : c2 , dataVal : ffffffe17b7d
116 [140675968394944] INFO perfrun.perfcollector <> - DRY_RUN : "reg_type       = 4	event_id       = 21	reg_id         = c3	reg_value      = ffffffe17b7d"
116 [140675968394944] INFO perfrun.perfcollector <> - eventId : 21 , dataAddr : c3 , dataVal : ffffffe17b7d
116 [140675968394944] INFO perfrun.perfcollector <> - DRY_RUN : "reg_type       = 4	event_id       = 22	reg_id         = c4	reg_value      = ffffffe17b7d"
116 [140675968394944] INFO perfrun.perfcollector <> - eventId : 22 , dataAddr : c4 , dataVal : ffffffe17b7d
116 [140675968394944] INFO perfrun.perfcollector <> - DRY_RUN : "Group 5:"
116 [140675968394944] INFO perfrun.perfcollector <> - id : 5
116 [140675968394944] INFO perfrun.perfcollector <> - DRY_RUN : "INST_RETIRED.ANY: event id 2"
116 [140675968394944] INFO perfrun.perfcollector <> - eventName : INST_RETIRED.ANY , eventId : 2
116 [140675968394944] INFO perfrun.perfcollector <> - DRY_RUN : "CPU_CLK_UNHALTED.THREAD: event id 0"
116 [140675968394944] INFO perfrun.perfcollector <> - eventName : CPU_CLK_UNHALTED.THREAD , eventId : 0
116 [140675968394944] INFO perfrun.perfcollector <> - DRY_RUN : "CPU_CLK_UNHALTED.REF_TSC: event id 1"
116 [140675968394944] INFO perfrun.perfcollector <> - eventName : CPU_CLK_UNHALTED.REF_TSC , eventId : 1
116 [140675968394944] INFO perfrun.perfcollector <> - DRY_RUN : "MEM_UOPS_RETIRED.ALL_LOADS_PS: event id 23"
116 [140675968394944] INFO perfrun.perfcollector <> - eventName : MEM_UOPS_RETIRED.ALL_LOADS_PS , eventId : 23
116 [140675968394944] INFO perfrun.perfcollector <> - DRY_RUN : "MEM_UOPS_RETIRED.ALL_STORES_PS: event id 24"
116 [140675968394944] INFO perfrun.perfcollector <> - eventName : MEM_UOPS_RETIRED.ALL_STORES_PS , eventId : 24
116 [140675968394944] INFO perfrun.perfcollector <> - DRY_RUN : "MEM_LOAD_UOPS_L3_MISS_RETIRED.LOCAL_DRAM_PS: event id 25"
116 [140675968394944] INFO perfrun.perfcollector <> - eventName : MEM_LOAD_UOPS_L3_MISS_RETIRED.LOCAL_DRAM_PS , eventId : 25
116 [140675968394944] INFO perfrun.perfcollector <> - DRY_RUN : "MEM_LOAD_UOPS_L3_MISS_RETIRED.REMOTE_DRAM_PS: event id 26"
116 [140675968394944] INFO perfrun.perfcollector <> - eventName : MEM_LOAD_UOPS_L3_MISS_RETIRED.REMOTE_DRAM_PS , eventId : 26
116 [140675968394944] INFO perfrun.perfcollector <> - DRY_RUN : "CCCR"
116 [140675968394944] INFO perfrun.perfcollector <> - DRY_RUN : "reg_type       = 1	event_id       = g	reg_id         = 38f	reg_value      = 70000000f"
116 [140675968394944] INFO perfrun.perfcollector <> - eventId : g , ignored
116 [140675968394944] INFO perfrun.perfcollector <> - DRY_RUN : "reg_type       = 1	event_id       = g	reg_id         = 390	reg_value      = 70000000f"
116 [140675968394944] INFO perfrun.perfcollector <> - eventId : g , ignored
116 [140675968394944] INFO perfrun.perfcollector <> - DRY_RUN : "reg_type       = 1	event_id       = g	reg_id         = 3f1	reg_value      = f0000000f"
116 [140675968394944] INFO perfrun.perfcollector <> - eventId : g , ignored
116 [140675968394944] INFO perfrun.perfcollector <> - DRY_RUN : "reg_type       = 1	event_id       = g	reg_id         = 1d9	reg_value      = 1800"
116 [140675968394944] INFO perfrun.perfcollector <> - eventId : g , ignored
116 [140675968394944] INFO perfrun.perfcollector <> - DRY_RUN : "reg_type       = 1	event_id       = g	reg_id         = 38d	reg_value      = bbb"
116 [140675968394944] INFO perfrun.perfcollector <> - eventId : g , ignored
116 [140675968394944] INFO perfrun.perfcollector <> - DRY_RUN : "reg_type       = 1	event_id       = 23	reg_id         = 186	reg_value      = 4381d0"
116 [140675968394944] INFO perfrun.perfcollector <> - eventId : 23 , cccrAddr : 186 , cccrVal : 4381d0
116 [140675968394944] INFO perfrun.perfcollector <> - DRY_RUN : "reg_type       = 1	event_id       = 24	reg_id         = 187	reg_value      = 4382d0"
116 [140675968394944] INFO perfrun.perfcollector <> - eventId : 24 , cccrAddr : 187 , cccrVal : 4382d0
116 [140675968394944] INFO perfrun.perfcollector <> - DRY_RUN : "reg_type       = 1	event_id       = 25	reg_id         = 188	reg_value      = 4301d3"
116 [140675968394944] INFO perfrun.perfcollector <> - eventId : 25 , cccrAddr : 188 , cccrVal : 4301d3
116 [140675968394944] INFO perfrun.perfcollector <> - DRY_RUN : "reg_type       = 1	event_id       = 26	reg_id         = 189	reg_value      = 4304d3"
116 [140675968394944] INFO perfrun.perfcollector <> - eventId : 26 , cccrAddr : 189 , cccrVal : 4304d3
116 [140675968394944] INFO perfrun.perfcollector <> - DRY_RUN : "ESCR"
116 [140675968394944] INFO perfrun.perfcollector <> - DRY_RUN : "reg_type       = 2	event_id       = g	reg_id         = 1c8	reg_value      = 0"
116 [140675968394944] INFO perfrun.perfcollector <> - eventId : g , ignored
116 [140675968394944] INFO perfrun.perfcollector <> - DRY_RUN : "DATA"
116 [140675968394944] INFO perfrun.perfcollector <> - DRY_RUN : "reg_type       = 4	event_id       = 2	reg_id         = 309	reg_value      = ffffffdce7a0"
116 [140675968394944] INFO perfrun.perfcollector <> - eventId : 2 , dataAddr : 309 , dataVal : ffffffdce7a0
116 [140675968394944] INFO perfrun.perfcollector <> - DRY_RUN : "reg_type       = 4	event_id       = 0	reg_id         = 30a	reg_value      = ffffffdce7a0"
116 [140675968394944] INFO perfrun.perfcollector <> - eventId : 0 , dataAddr : 30a , dataVal : ffffffdce7a0
116 [140675968394944] INFO perfrun.perfcollector <> - DRY_RUN : "reg_type       = 4	event_id       = 1	reg_id         = 30b	reg_value      = ffffffdce7a0"
116 [140675968394944] INFO perfrun.perfcollector <> - eventId : 1 , dataAddr : 30b , dataVal : ffffffdce7a0
116 [140675968394944] INFO perfrun.perfcollector <> - DRY_RUN : "reg_type       = 4	event_id       = 23	reg_id         = c1	reg_value      = fffffffe795d"
116 [140675968394944] INFO perfrun.perfcollector <> - eventId : 23 , dataAddr : c1 , dataVal : fffffffe795d
116 [140675968394944] INFO perfrun.perfcollector <> - DRY_RUN : "reg_type       = 4	event_id       = 24	reg_id         = c2	reg_value      = fffffffe795d"
116 [140675968394944] INFO perfrun.perfcollector <> - eventId : 24 , dataAddr : c2 , dataVal : fffffffe795d
116 [140675968394944] INFO perfrun.perfcollector <> - DRY_RUN : "reg_type       = 4	event_id       = 25	reg_id         = c3	reg_value      = fffffffe795d"
116 [140675968394944] INFO perfrun.perfcollector <> - eventId : 25 , dataAddr : c3 , dataVal : fffffffe795d
116 [140675968394944] INFO perfrun.perfcollector <> - DRY_RUN : "reg_type       = 4	event_id       = 26	reg_id         = c4	reg_value      = fffffffe795d"
116 [140675968394944] INFO perfrun.perfcollector <> - eventId : 26 , dataAddr : c4 , dataVal : fffffffe795d
116 [140675968394944] INFO perfrun.perfcollector <> - DRY_RUN : "Group 6:"
116 [140675968394944] INFO perfrun.perfcollector <> - id : 6
116 [140675968394944] INFO perfrun.perfcollector <> - DRY_RUN : "INST_RETIRED.ANY: event id 2"
116 [140675968394944] INFO perfrun.perfcollector <> - eventName : INST_RETIRED.ANY , eventId : 2
116 [140675968394944] INFO perfrun.perfcollector <> - DRY_RUN : "CPU_CLK_UNHALTED.THREAD: event id 0"
116 [140675968394944] INFO perfrun.perfcollector <> - eventName : CPU_CLK_UNHALTED.THREAD , eventId : 0
116 [140675968394944] INFO perfrun.perfcollector <> - DRY_RUN : "CPU_CLK_UNHALTED.REF_TSC: event id 1"
116 [140675968394944] INFO perfrun.perfcollector <> - eventName : CPU_CLK_UNHALTED.REF_TSC , eventId : 1
116 [140675968394944] INFO perfrun.perfcollector <> - DRY_RUN : "MEM_LOAD_UOPS_L3_MISS_RETIRED.REMOTE_HITM_PS: event id 27"
116 [140675968394944] INFO perfrun.perfcollector <> - eventName : MEM_LOAD_UOPS_L3_MISS_RETIRED.REMOTE_HITM_PS , eventId : 27
116 [140675968394944] INFO perfrun.perfcollector <> - DRY_RUN : "MEM_LOAD_UOPS_L3_MISS_RETIRED.REMOTE_FWD_PS: event id 28"
116 [140675968394944] INFO perfrun.perfcollector <> - eventName : MEM_LOAD_UOPS_L3_MISS_RETIRED.REMOTE_FWD_PS , eventId : 28
116 [140675968394944] INFO perfrun.perfcollector <> - DRY_RUN : "CCCR"
116 [140675968394944] INFO perfrun.perfcollector <> - DRY_RUN : "reg_type       = 1	event_id       = g	reg_id         = 38f	reg_value      = 700000003"
116 [140675968394944] INFO perfrun.perfcollector <> - eventId : g , ignored
116 [140675968394944] INFO perfrun.perfcollector <> - DRY_RUN : "reg_type       = 1	event_id       = g	reg_id         = 390	reg_value      = 700000003"
116 [140675968394944] INFO perfrun.perfcollector <> - eventId : g , ignored
116 [140675968394944] INFO perfrun.perfcollector <> - DRY_RUN : "reg_type       = 1	event_id       = g	reg_id         = 3f1	reg_value      = 300000003"
116 [140675968394944] INFO perfrun.perfcollector <> - eventId : g , ignored
116 [140675968394944] INFO perfrun.perfcollector <> - DRY_RUN : "reg_type       = 1	event_id       = g	reg_id         = 1d9	reg_value      = 1800"
116 [140675968394944] INFO perfrun.perfcollector <> - eventId : g , ignored
116 [140675968394944] INFO perfrun.perfcollector <> - DRY_RUN : "reg_type       = 1	event_id       = g	reg_id         = 38d	reg_value      = bbb"
116 [140675968394944] INFO perfrun.perfcollector <> - eventId : g , ignored
116 [140675968394944] INFO perfrun.perfcollector <> - DRY_RUN : "reg_type       = 1	event_id       = 27	reg_id         = 186	reg_value      = 4310d3"
116 [140675968394944] INFO perfrun.perfcollector <> - eventId : 27 , cccrAddr : 186 , cccrVal : 4310d3
116 [140675968394944] INFO perfrun.perfcollector <> - DRY_RUN : "reg_type       = 1	event_id       = 28	reg_id         = 187	reg_value      = 4320d3"
116 [140675968394944] INFO perfrun.perfcollector <> - eventId : 28 , cccrAddr : 187 , cccrVal : 4320d3
116 [140675968394944] INFO perfrun.perfcollector <> - DRY_RUN : "ESCR"
116 [140675968394944] INFO perfrun.perfcollector <> - DRY_RUN : "reg_type       = 2	event_id       = g	reg_id         = 1c8	reg_value      = 0"
116 [140675968394944] INFO perfrun.perfcollector <> - eventId : g , ignored
116 [140675968394944] INFO perfrun.perfcollector <> - DRY_RUN : "DATA"
116 [140675968394944] INFO perfrun.perfcollector <> - DRY_RUN : "reg_type       = 4	event_id       = 2	reg_id         = 309	reg_value      = ffffffdce7a0"
116 [140675968394944] INFO perfrun.perfcollector <> - eventId : 2 , dataAddr : 309 , dataVal : ffffffdce7a0
116 [140675968394944] INFO perfrun.perfcollector <> - DRY_RUN : "reg_type       = 4	event_id       = 0	reg_id         = 30a	reg_value      = ffffffdce7a0"
116 [140675968394944] INFO perfrun.perfcollector <> - eventId : 0 , dataAddr : 30a , dataVal : ffffffdce7a0
116 [140675968394944] INFO perfrun.perfcollector <> - DRY_RUN : "reg_type       = 4	event_id       = 1	reg_id         = 30b	reg_value      = ffffffdce7a0"
116 [140675968394944] INFO perfrun.perfcollector <> - eventId : 1 , dataAddr : 30b , dataVal : ffffffdce7a0
116 [140675968394944] INFO perfrun.perfcollector <> - DRY_RUN : "reg_type       = 4	event_id       = 27	reg_id         = c1	reg_value      = fffffffe795d"
116 [140675968394944] INFO perfrun.perfcollector <> - eventId : 27 , dataAddr : c1 , dataVal : fffffffe795d
116 [140675968394944] INFO perfrun.perfcollector <> - DRY_RUN : "reg_type       = 4	event_id       = 28	reg_id         = c2	reg_value      = fffffffe795d"
116 [140675968394944] INFO perfrun.perfcollector <> - eventId : 28 , dataAddr : c2 , dataVal : fffffffe795d
116 [140675968394944] INFO perfrun.perfcollector <> - DRY_RUN : "PMU type: Uncore (imc)"
124 [140675968394944] INFO perfrun.perfcollector <> - pmu type : uncore_imc
124 [140675968394944] INFO perfrun.perfcollector <> - DRY_RUN : "Number of units: 8"
124 [140675968394944] INFO perfrun.perfcollector <> - id : 8
124 [140675968394944] INFO perfrun.perfcollector <> - DRY_RUN : "Group 0:"
124 [140675968394944] INFO perfrun.perfcollector <> - id : 0
124 [140675968394944] INFO perfrun.perfcollector <> - DRY_RUN : "UNC_M_CAS_COUNT.RD: event id 29"
124 [140675968394944] INFO perfrun.perfcollector <> - eventName : UNC_M_CAS_COUNT.RD , eventId : 29
124 [140675968394944] INFO perfrun.perfcollector <> - DRY_RUN : "UNC_M_CAS_COUNT.WR: event id 30"
124 [140675968394944] INFO perfrun.perfcollector <> - eventName : UNC_M_CAS_COUNT.WR , eventId : 30
124 [140675968394944] INFO perfrun.perfcollector <> - DRY_RUN : "CCCR"
124 [140675968394944] INFO perfrun.perfcollector <> - DRY_RUN : "idx = 0	reg_type       = 1	event_id = 30	reg_id         = 700	reg_value      = 80000000	bar_index      = 0"
124 [140675968394944] INFO perfrun.perfcollector <> - eventId : 30 , cccrAddr : 700 , cccrVal : 80000000
124 [140675968394944] INFO perfrun.perfcollector <> - DRY_RUN : "idx = 2	reg_type       = 5	event_id = 29	reg_id         = d8	reg_value      = 400304	bar_index      = 0"
124 [140675968394944] INFO perfrun.perfcollector <> - eventId : 29 , cccrAddr : d8 , cccrVal : 400304
124 [140675968394944] INFO perfrun.perfcollector <> - DRY_RUN : "idx = 3	reg_type       = 5	event_id = 30	reg_id         = dc	reg_value      = 400c04	bar_index      = 0"
124 [140675968394944] INFO perfrun.perfcollector <> - eventId : 30 , cccrAddr : dc , cccrVal : 400c04
124 [140675968394944] INFO perfrun.perfcollector <> - DRY_RUN : "idx = 6	reg_type       = 2	event_id = g	reg_id         = f4	reg_value      = 0	bar_index      = 0"
124 [140675968394944] INFO perfrun.perfcollector <> - eventId : g , ignored
124 [140675968394944] INFO perfrun.perfcollector <> - DRY_RUN : "idx = 8	reg_type       = 5	event_id = 29	reg_id         = d8	reg_value      = 400304	bar_index      = 0"
124 [140675968394944] INFO perfrun.perfcollector <> - eventId : 29 , cccrAddr : d8 , cccrVal : 400304
124 [140675968394944] INFO perfrun.perfcollector <> - DRY_RUN : "idx = 9	reg_type       = 5	event_id = 30	reg_id         = dc	reg_value      = 400c04	bar_index      = 0"
124 [140675968394944] INFO perfrun.perfcollector <> - eventId : 30 , cccrAddr : dc , cccrVal : 400c04
124 [140675968394944] INFO perfrun.perfcollector <> - DRY_RUN : "idx = 12	reg_type       = 2	event_id = g	reg_id         = f4	reg_value      = 0	bar_index      = 0"
124 [140675968394944] INFO perfrun.perfcollector <> - eventId : g , ignored
124 [140675968394944] INFO perfrun.perfcollector <> - DRY_RUN : "idx = 14	reg_type       = 5	event_id = 29	reg_id         = d8	reg_value      = 400304	bar_index      = 0"
124 [140675968394944] INFO perfrun.perfcollector <> - eventId : 29 , cccrAddr : d8 , cccrVal : 400304
124 [140675968394944] INFO perfrun.perfcollector <> - DRY_RUN : "idx = 15	reg_type       = 5	event_id = 30	reg_id         = dc	reg_value      = 400c04	bar_index      = 0"
124 [140675968394944] INFO perfrun.perfcollector <> - eventId : 30 , cccrAddr : dc , cccrVal : 400c04
124 [140675968394944] INFO perfrun.perfcollector <> - DRY_RUN : "idx = 18	reg_type       = 2	event_id = g	reg_id         = f4	reg_value      = 0	bar_index      = 0"
124 [140675968394944] INFO perfrun.perfcollector <> - eventId : g , ignored
124 [140675968394944] INFO perfrun.perfcollector <> - DRY_RUN : "idx = 20	reg_type       = 5	event_id = 29	reg_id         = d8	reg_value      = 400304	bar_index      = 0"
124 [140675968394944] INFO perfrun.perfcollector <> - eventId : 29 , cccrAddr : d8 , cccrVal : 400304
124 [140675968394944] INFO perfrun.perfcollector <> - DRY_RUN : "idx = 21	reg_type       = 5	event_id = 30	reg_id         = dc	reg_value      = 400c04	bar_index      = 0"
124 [140675968394944] INFO perfrun.perfcollector <> - eventId : 30 , cccrAddr : dc , cccrVal : 400c04
124 [140675968394944] INFO perfrun.perfcollector <> - DRY_RUN : "idx = 24	reg_type       = 2	event_id = g	reg_id         = f4	reg_value      = 0	bar_index      = 0"
124 [140675968394944] INFO perfrun.perfcollector <> - eventId : g , ignored
124 [140675968394944] INFO perfrun.perfcollector <> - DRY_RUN : "idx = 26	reg_type       = 5	event_id = 29	reg_id         = d8	reg_value      = 400304	bar_index      = 0"
124 [140675968394944] INFO perfrun.perfcollector <> - eventId : 29 , cccrAddr : d8 , cccrVal : 400304
124 [140675968394944] INFO perfrun.perfcollector <> - DRY_RUN : "idx = 27	reg_type       = 5	event_id = 30	reg_id         = dc	reg_value      = 400c04	bar_index      = 0"
124 [140675968394944] INFO perfrun.perfcollector <> - eventId : 30 , cccrAddr : dc , cccrVal : 400c04
124 [140675968394944] INFO perfrun.perfcollector <> - DRY_RUN : "idx = 30	reg_type       = 2	event_id = g	reg_id         = f4	reg_value      = 0	bar_index      = 0"
124 [140675968394944] INFO perfrun.perfcollector <> - eventId : g , ignored
124 [140675968394944] INFO perfrun.perfcollector <> - DRY_RUN : "idx = 32	reg_type       = 5	event_id = 29	reg_id         = d8	reg_value      = 400304	bar_index      = 0"
124 [140675968394944] INFO perfrun.perfcollector <> - eventId : 29 , cccrAddr : d8 , cccrVal : 400304
124 [140675968394944] INFO perfrun.perfcollector <> - DRY_RUN : "idx = 33	reg_type       = 5	event_id = 30	reg_id         = dc	reg_value      = 400c04	bar_index      = 0"
124 [140675968394944] INFO perfrun.perfcollector <> - eventId : 30 , cccrAddr : dc , cccrVal : 400c04
124 [140675968394944] INFO perfrun.perfcollector <> - DRY_RUN : "idx = 36	reg_type       = 2	event_id = g	reg_id         = f4	reg_value      = 0	bar_index      = 0"
124 [140675968394944] INFO perfrun.perfcollector <> - eventId : g , ignored
124 [140675968394944] INFO perfrun.perfcollector <> - DRY_RUN : "idx = 38	reg_type       = 5	event_id = 29	reg_id         = d8	reg_value      = 400304	bar_index      = 0"
124 [140675968394944] INFO perfrun.perfcollector <> - eventId : 29 , cccrAddr : d8 , cccrVal : 400304
124 [140675968394944] INFO perfrun.perfcollector <> - DRY_RUN : "idx = 39	reg_type       = 5	event_id = 30	reg_id         = dc	reg_value      = 400c04	bar_index      = 0"
124 [140675968394944] INFO perfrun.perfcollector <> - eventId : 30 , cccrAddr : dc , cccrVal : 400c04
124 [140675968394944] INFO perfrun.perfcollector <> - DRY_RUN : "idx = 42	reg_type       = 2	event_id = g	reg_id         = f4	reg_value      = 0	bar_index      = 0"
124 [140675968394944] INFO perfrun.perfcollector <> - eventId : g , ignored
124 [140675968394944] INFO perfrun.perfcollector <> - DRY_RUN : "idx = 44	reg_type       = 5	event_id = 29	reg_id         = d8	reg_value      = 400304	bar_index      = 0"
124 [140675968394944] INFO perfrun.perfcollector <> - eventId : 29 , cccrAddr : d8 , cccrVal : 400304
124 [140675968394944] INFO perfrun.perfcollector <> - DRY_RUN : "idx = 45	reg_type       = 5	event_id = 30	reg_id         = dc	reg_value      = 400c04	bar_index      = 0"
124 [140675968394944] INFO perfrun.perfcollector <> - eventId : 30 , cccrAddr : dc , cccrVal : 400c04
124 [140675968394944] INFO perfrun.perfcollector <> - DRY_RUN : "idx = 48	reg_type       = 2	event_id = g	reg_id         = f4	reg_value      = 0	bar_index      = 0"
124 [140675968394944] INFO perfrun.perfcollector <> - eventId : g , ignored
124 [140675968394944] INFO perfrun.perfcollector <> - DRY_RUN : "ESCR"
124 [140675968394944] INFO perfrun.perfcollector <> - DRY_RUN : "DATA"
124 [140675968394944] INFO perfrun.perfcollector <> - DRY_RUN : "idx = 50	reg_type       = 4	event_id       = 29	reg_id         = a0	reg_value      = 0	pci reg_id  offset    = 0xa0	pci reg id  data_size = 0	bar_index      = 0"
124 [140675968394944] INFO perfrun.perfcollector <> - eventId : 29 , dataAddr : a0 , dataVal : 0
124 [140675968394944] INFO perfrun.perfcollector <> - DRY_RUN : "idx = 51	reg_type       = 4	event_id       = 30	reg_id         = a8	reg_value      = 0	pci reg_id  offset    = 0xa8	pci reg id  data_size = 0	bar_index      = 0"
124 [140675968394944] INFO perfrun.perfcollector <> - eventId : 30 , dataAddr : a8 , dataVal : 0
124 [140675968394944] INFO perfrun.perfcollector <> - DRY_RUN : "idx = 55	reg_type       = 4	event_id       = 29	reg_id         = a0	reg_value      = 0	pci reg_id  offset    = 0xa0	pci reg id  data_size = 0	bar_index      = 0"
124 [140675968394944] INFO perfrun.perfcollector <> - eventId : 29 , dataAddr : a0 , dataVal : 0
124 [140675968394944] INFO perfrun.perfcollector <> - DRY_RUN : "idx = 56	reg_type       = 4	event_id       = 30	reg_id         = a8	reg_value      = 0	pci reg_id  offset    = 0xa8	pci reg id  data_size = 0	bar_index      = 0"
124 [140675968394944] INFO perfrun.perfcollector <> - eventId : 30 , dataAddr : a8 , dataVal : 0
124 [140675968394944] INFO perfrun.perfcollector <> - DRY_RUN : "idx = 60	reg_type       = 4	event_id       = 29	reg_id         = a0	reg_value      = 0	pci reg_id  offset    = 0xa0	pci reg id  data_size = 0	bar_index      = 0"
124 [140675968394944] INFO perfrun.perfcollector <> - eventId : 29 , dataAddr : a0 , dataVal : 0
124 [140675968394944] INFO perfrun.perfcollector <> - DRY_RUN : "idx = 61	reg_type       = 4	event_id       = 30	reg_id         = a8	reg_value      = 0	pci reg_id  offset    = 0xa8	pci reg id  data_size = 0	bar_index      = 0"
124 [140675968394944] INFO perfrun.perfcollector <> - eventId : 30 , dataAddr : a8 , dataVal : 0
124 [140675968394944] INFO perfrun.perfcollector <> - DRY_RUN : "idx = 65	reg_type       = 4	event_id       = 29	reg_id         = a0	reg_value      = 0	pci reg_id  offset    = 0xa0	pci reg id  data_size = 0	bar_index      = 0"
124 [140675968394944] INFO perfrun.perfcollector <> - eventId : 29 , dataAddr : a0 , dataVal : 0
124 [140675968394944] INFO perfrun.perfcollector <> - DRY_RUN : "idx = 66	reg_type       = 4	event_id       = 30	reg_id         = a8	reg_value      = 0	pci reg_id  offset    = 0xa8	pci reg id  data_size = 0	bar_index      = 0"
124 [140675968394944] INFO perfrun.perfcollector <> - eventId : 30 , dataAddr : a8 , dataVal : 0
124 [140675968394944] INFO perfrun.perfcollector <> - DRY_RUN : "idx = 70	reg_type       = 4	event_id       = 29	reg_id         = a0	reg_value      = 0	pci reg_id  offset    = 0xa0	pci reg id  data_size = 0	bar_index      = 0"
124 [140675968394944] INFO perfrun.perfcollector <> - eventId : 29 , dataAddr : a0 , dataVal : 0
124 [140675968394944] INFO perfrun.perfcollector <> - DRY_RUN : "idx = 71	reg_type       = 4	event_id       = 30	reg_id         = a8	reg_value      = 0	pci reg_id  offset    = 0xa8	pci reg id  data_size = 0	bar_index      = 0"
124 [140675968394944] INFO perfrun.perfcollector <> - eventId : 30 , dataAddr : a8 , dataVal : 0
124 [140675968394944] INFO perfrun.perfcollector <> - DRY_RUN : "idx = 75	reg_type       = 4	event_id       = 29	reg_id         = a0	reg_value      = 0	pci reg_id  offset    = 0xa0	pci reg id  data_size = 0	bar_index      = 0"
124 [140675968394944] INFO perfrun.perfcollector <> - eventId : 29 , dataAddr : a0 , dataVal : 0
124 [140675968394944] INFO perfrun.perfcollector <> - DRY_RUN : "idx = 76	reg_type       = 4	event_id       = 30	reg_id         = a8	reg_value      = 0	pci reg_id  offset    = 0xa8	pci reg id  data_size = 0	bar_index      = 0"
124 [140675968394944] INFO perfrun.perfcollector <> - eventId : 30 , dataAddr : a8 , dataVal : 0
124 [140675968394944] INFO perfrun.perfcollector <> - DRY_RUN : "idx = 80	reg_type       = 4	event_id       = 29	reg_id         = a0	reg_value      = 0	pci reg_id  offset    = 0xa0	pci reg id  data_size = 0	bar_index      = 0"
124 [140675968394944] INFO perfrun.perfcollector <> - eventId : 29 , dataAddr : a0 , dataVal : 0
124 [140675968394944] INFO perfrun.perfcollector <> - DRY_RUN : "idx = 81	reg_type       = 4	event_id       = 30	reg_id         = a8	reg_value      = 0	pci reg_id  offset    = 0xa8	pci reg id  data_size = 0	bar_index      = 0"
124 [140675968394944] INFO perfrun.perfcollector <> - eventId : 30 , dataAddr : a8 , dataVal : 0
124 [140675968394944] INFO perfrun.perfcollector <> - DRY_RUN : "idx = 85	reg_type       = 4	event_id       = 29	reg_id         = a0	reg_value      = 0	pci reg_id  offset    = 0xa0	pci reg id  data_size = 0	bar_index      = 0"
124 [140675968394944] INFO perfrun.perfcollector <> - eventId : 29 , dataAddr : a0 , dataVal : 0
124 [140675968394944] INFO perfrun.perfcollector <> - DRY_RUN : "idx = 86	reg_type       = 4	event_id       = 30	reg_id         = a8	reg_value      = 0	pci reg_id  offset    = 0xa8	pci reg id  data_size = 0	bar_index      = 0"
124 [140675968394944] INFO perfrun.perfcollector <> - eventId : 30 , dataAddr : a8 , dataVal : 0
124 [140675968394944] INFO perfrun.perfcollector <> - pmu config : cpu , m_cccrAddr : ffffffff , m_cccrVal : 0 , m_escrAddr : ffffffff , m_escrVal : 0 , m_dataAddr : 30a , m_dataVal : ffffffffffdce7a0
124 [140675968394944] INFO perfrun.perfcollector <> - config : event : 3c
124 [140675968394944] INFO perfrun.perfcollector <> - config : pc : 0
124 [140675968394944] INFO perfrun.perfcollector <> - config : edge : 0
124 [140675968394944] INFO perfrun.perfcollector <> - config : any : 0
124 [140675968394944] INFO perfrun.perfcollector <> - config1 : offcore_rsp : 0
124 [140675968394944] INFO perfrun.perfcollector <> - config1 : ldlat : 0
124 [140675968394944] INFO perfrun.perfcollector <> - config : inv : 0
124 [140675968394944] INFO perfrun.perfcollector <> - config : umask : 0
124 [140675968394944] INFO perfrun.perfcollector <> - config : cmask : 0
124 [140675968394944] INFO perfrun.perfcollector <> - format : cpu/event=0x3c,name='CPU_CLK_UNHALTED.THREAD'/D
124 [140675968394944] INFO perfrun.perfcollector <> - pmu config : cpu , m_cccrAddr : ffffffff , m_cccrVal : 0 , m_escrAddr : ffffffff , m_escrVal : 0 , m_dataAddr : 30b , m_dataVal : ffffffffffdce7a0
124 [140675968394944] INFO perfrun.perfcollector <> - config : event : 0
124 [140675968394944] INFO perfrun.perfcollector <> - config : pc : 0
124 [140675968394944] INFO perfrun.perfcollector <> - config : edge : 0
124 [140675968394944] INFO perfrun.perfcollector <> - config : any : 0
124 [140675968394944] INFO perfrun.perfcollector <> - config1 : offcore_rsp : 0
124 [140675968394944] INFO perfrun.perfcollector <> - config1 : ldlat : 0
124 [140675968394944] INFO perfrun.perfcollector <> - config : inv : 0
124 [140675968394944] INFO perfrun.perfcollector <> - config : umask : 3
124 [140675968394944] INFO perfrun.perfcollector <> - config : cmask : 0
124 [140675968394944] INFO perfrun.perfcollector <> - format : cpu/umask=0x3,name='CPU_CLK_UNHALTED.REF_TSC'/D
124 [140675968394944] INFO perfrun.perfcollector <> - pmu config : cpu , m_cccrAddr : ffffffff , m_cccrVal : 0 , m_escrAddr : ffffffff , m_escrVal : 0 , m_dataAddr : 309 , m_dataVal : ffffffffffdce7a0
124 [140675968394944] INFO perfrun.perfcollector <> - config : event : c0
124 [140675968394944] INFO perfrun.perfcollector <> - config : pc : 0
124 [140675968394944] INFO perfrun.perfcollector <> - config : edge : 0
124 [140675968394944] INFO perfrun.perfcollector <> - config : any : 0
124 [140675968394944] INFO perfrun.perfcollector <> - config1 : offcore_rsp : 0
124 [140675968394944] INFO perfrun.perfcollector <> - config1 : ldlat : 0
124 [140675968394944] INFO perfrun.perfcollector <> - config : inv : 0
124 [140675968394944] INFO perfrun.perfcollector <> - config : umask : 0
124 [140675968394944] INFO perfrun.perfcollector <> - config : cmask : 0
124 [140675968394944] INFO perfrun.perfcollector <> - format : cpu/event=0xc0,name='INST_RETIRED.ANY'/D
124 [140675968394944] INFO perfrun.perfcollector <> - pmu config : cpu , m_cccrAddr : 188 , m_cccrVal : c530ca3 , m_escrAddr : ffffffff , m_escrVal : 0 , m_dataAddr : c3 , m_dataVal : ffffffffffe17b7d
124 [140675968394944] INFO perfrun.perfcollector <> - config : event : a3
124 [140675968394944] INFO perfrun.perfcollector <> - config : pc : 0
124 [140675968394944] INFO perfrun.perfcollector <> - config : edge : 0
124 [140675968394944] INFO perfrun.perfcollector <> - config : any : 0
124 [140675968394944] INFO perfrun.perfcollector <> - config1 : offcore_rsp : 0
124 [140675968394944] INFO perfrun.perfcollector <> - config1 : ldlat : 0
124 [140675968394944] INFO perfrun.perfcollector <> - config : inv : 0
124 [140675968394944] INFO perfrun.perfcollector <> - config : umask : c
124 [140675968394944] INFO perfrun.perfcollector <> - config : cmask : c
124 [140675968394944] INFO perfrun.perfcollector <> - format : cpu/event=0xa3,umask=0xc,cmask=0xc,name='CYCLE_ACTIVITY.STALLS_L1D_PENDING'/
124 [140675968394944] INFO perfrun.perfcollector <> - pmu config : cpu , m_cccrAddr : 186 , m_cccrVal : 53013c , m_escrAddr : ffffffff , m_escrVal : 0 , m_dataAddr : c1 , m_dataVal : fffffffffffe795d
124 [140675968394944] INFO perfrun.perfcollector <> - config : event : 3c
124 [140675968394944] INFO perfrun.perfcollector <> - config : pc : 0
124 [140675968394944] INFO perfrun.perfcollector <> - config : edge : 0
124 [140675968394944] INFO perfrun.perfcollector <> - config : any : 0
124 [140675968394944] INFO perfrun.perfcollector <> - config1 : offcore_rsp : 0
124 [140675968394944] INFO perfrun.perfcollector <> - config1 : ldlat : 0
124 [140675968394944] INFO perfrun.perfcollector <> - config : inv : 0
124 [140675968394944] INFO perfrun.perfcollector <> - config : umask : 1
124 [140675968394944] INFO perfrun.perfcollector <> - config : cmask : 0
124 [140675968394944] INFO perfrun.perfcollector <> - format : cpu/event=0x3c,umask=0x1,name='CPU_CLK_UNHALTED.REF_XCLK'/
124 [140675968394944] INFO perfrun.perfcollector <> - pmu config : cpu , m_cccrAddr : 187 , m_cccrVal : 53023c , m_escrAddr : ffffffff , m_escrVal : 0 , m_dataAddr : c2 , m_dataVal : fffffffffffe795d
124 [140675968394944] INFO perfrun.perfcollector <> - config : event : 3c
124 [140675968394944] INFO perfrun.perfcollector <> - config : pc : 0
124 [140675968394944] INFO perfrun.perfcollector <> - config : edge : 0
124 [140675968394944] INFO perfrun.perfcollector <> - config : any : 0
124 [140675968394944] INFO perfrun.perfcollector <> - config1 : offcore_rsp : 0
124 [140675968394944] INFO perfrun.perfcollector <> - config1 : ldlat : 0
124 [140675968394944] INFO perfrun.perfcollector <> - config : inv : 0
124 [140675968394944] INFO perfrun.perfcollector <> - config : umask : 2
124 [140675968394944] INFO perfrun.perfcollector <> - config : cmask : 0
124 [140675968394944] INFO perfrun.perfcollector <> - format : cpu/event=0x3c,umask=0x2,name='CPU_CLK_UNHALTED.ONE_THREAD_ACTIVE'/
124 [140675968394944] INFO perfrun.perfcollector <> - pmu config : cpu , m_cccrAddr : 189 , m_cccrVal : 5302c2 , m_escrAddr : ffffffff , m_escrVal : 0 , m_dataAddr : c4 , m_dataVal : ffffffffffe17b7d
124 [140675968394944] INFO perfrun.perfcollector <> - config : event : c2
124 [140675968394944] INFO perfrun.perfcollector <> - config : pc : 0
124 [140675968394944] INFO perfrun.perfcollector <> - config : edge : 0
124 [140675968394944] INFO perfrun.perfcollector <> - config : any : 0
124 [140675968394944] INFO perfrun.perfcollector <> - config1 : offcore_rsp : 0
124 [140675968394944] INFO perfrun.perfcollector <> - config1 : ldlat : 0
124 [140675968394944] INFO perfrun.perfcollector <> - config : inv : 0
124 [140675968394944] INFO perfrun.perfcollector <> - config : umask : 2
124 [140675968394944] INFO perfrun.perfcollector <> - config : cmask : 0
124 [140675968394944] INFO perfrun.perfcollector <> - format : cpu/event=0xc2,umask=0x2,name='UOPS_RETIRED.RETIRE_SLOTS'/
124 [140675968394944] INFO perfrun.perfcollector <> - pmu config : cpu , m_cccrAddr : 186 , m_cccrVal : 45304a3 , m_escrAddr : ffffffff , m_escrVal : 0 , m_dataAddr : c1 , m_dataVal : ffffffffffe17b7d
124 [140675968394944] INFO perfrun.perfcollector <> - config : event : a3
124 [140675968394944] INFO perfrun.perfcollector <> - config : pc : 0
124 [140675968394944] INFO perfrun.perfcollector <> - config : edge : 0
124 [140675968394944] INFO perfrun.perfcollector <> - config : any : 0
124 [140675968394944] INFO perfrun.perfcollector <> - config1 : offcore_rsp : 0
124 [140675968394944] INFO perfrun.perfcollector <> - config1 : ldlat : 0
124 [140675968394944] INFO perfrun.perfcollector <> - config : inv : 0
124 [140675968394944] INFO perfrun.perfcollector <> - config : umask : 4
124 [140675968394944] INFO perfrun.perfcollector <> - config : cmask : 4
124 [140675968394944] INFO perfrun.perfcollector <> - format : cpu/event=0xa3,umask=0x4,cmask=0x4,name='CYCLE_ACTIVITY.CYCLES_NO_EXECUTE'/
124 [140675968394944] INFO perfrun.perfcollector <> - pmu config : cpu , m_cccrAddr : 187 , m_cccrVal : 65306a3 , m_escrAddr : ffffffff , m_escrVal : 0 , m_dataAddr : c2 , m_dataVal : ffffffffffe17b7d
124 [140675968394944] INFO perfrun.perfcollector <> - config : event : a3
124 [140675968394944] INFO perfrun.perfcollector <> - config : pc : 0
124 [140675968394944] INFO perfrun.perfcollector <> - config : edge : 0
124 [140675968394944] INFO perfrun.perfcollector <> - config : any : 0
124 [140675968394944] INFO perfrun.perfcollector <> - config1 : offcore_rsp : 0
124 [140675968394944] INFO perfrun.perfcollector <> - config1 : ldlat : 0
124 [140675968394944] INFO perfrun.perfcollector <> - config : inv : 0
124 [140675968394944] INFO perfrun.perfcollector <> - config : umask : 6
124 [140675968394944] INFO perfrun.perfcollector <> - config : cmask : 6
125 [140675968394944] INFO perfrun.perfcollector <> - format : cpu/event=0xa3,umask=0x6,cmask=0x6,name='CYCLE_ACTIVITY.STALLS_LDM_PENDING'/
125 [140675968394944] INFO perfrun.perfcollector <> - pmu config : cpu , m_cccrAddr : 188 , m_cccrVal : 55305a3 , m_escrAddr : ffffffff , m_escrVal : 0 , m_dataAddr : c3 , m_dataVal : ffffffffffe17b7d
125 [140675968394944] INFO perfrun.perfcollector <> - config : event : a3
125 [140675968394944] INFO perfrun.perfcollector <> - config : pc : 0
125 [140675968394944] INFO perfrun.perfcollector <> - config : edge : 0
125 [140675968394944] INFO perfrun.perfcollector <> - config : any : 0
125 [140675968394944] INFO perfrun.perfcollector <> - config1 : offcore_rsp : 0
125 [140675968394944] INFO perfrun.perfcollector <> - config1 : ldlat : 0
125 [140675968394944] INFO perfrun.perfcollector <> - config : inv : 0
125 [140675968394944] INFO perfrun.perfcollector <> - config : umask : 5
125 [140675968394944] INFO perfrun.perfcollector <> - config : cmask : 5
125 [140675968394944] INFO perfrun.perfcollector <> - format : cpu/event=0xa3,umask=0x5,cmask=0x5,name='CYCLE_ACTIVITY.STALLS_L2_PENDING'/
125 [140675968394944] INFO perfrun.perfcollector <> - pmu config : cpu , m_cccrAddr : 189 , m_cccrVal : 53019c , m_escrAddr : ffffffff , m_escrVal : 0 , m_dataAddr : c4 , m_dataVal : ffffffffffe17b7d
125 [140675968394944] INFO perfrun.perfcollector <> - config : event : 9c
125 [140675968394944] INFO perfrun.perfcollector <> - config : pc : 0
125 [140675968394944] INFO perfrun.perfcollector <> - config : edge : 0
125 [140675968394944] INFO perfrun.perfcollector <> - config : any : 0
125 [140675968394944] INFO perfrun.perfcollector <> - config1 : offcore_rsp : 0
125 [140675968394944] INFO perfrun.perfcollector <> - config1 : ldlat : 0
125 [140675968394944] INFO perfrun.perfcollector <> - config : inv : 0
125 [140675968394944] INFO perfrun.perfcollector <> - config : umask : 1
125 [140675968394944] INFO perfrun.perfcollector <> - config : cmask : 0
125 [140675968394944] INFO perfrun.perfcollector <> - format : cpu/event=0x9c,umask=0x1,name='IDQ_UOPS_NOT_DELIVERED.CORE'/
125 [140675968394944] INFO perfrun.perfcollector <> - pmu config : cpu , m_cccrAddr : 186 , m_cccrVal : 153030d , m_escrAddr : ffffffff , m_escrVal : 0 , m_dataAddr : c1 , m_dataVal : ffffffffffe17b7d
125 [140675968394944] INFO perfrun.perfcollector <> - config : event : d
125 [140675968394944] INFO perfrun.perfcollector <> - config : pc : 0
125 [140675968394944] INFO perfrun.perfcollector <> - config : edge : 0
125 [140675968394944] INFO perfrun.perfcollector <> - config : any : 0
125 [140675968394944] INFO perfrun.perfcollector <> - config1 : offcore_rsp : 0
125 [140675968394944] INFO perfrun.perfcollector <> - config1 : ldlat : 0
125 [140675968394944] INFO perfrun.perfcollector <> - config : inv : 0
125 [140675968394944] INFO perfrun.perfcollector <> - config : umask : 3
125 [140675968394944] INFO perfrun.perfcollector <> - config : cmask : 1
125 [140675968394944] INFO perfrun.perfcollector <> - format : cpu/event=0xd,umask=0x3,cmask=0x1,name='INT_MISC.RECOVERY_CYCLES'/
125 [140675968394944] INFO perfrun.perfcollector <> - pmu config : cpu , m_cccrAddr : 187 , m_cccrVal : 4304d1 , m_escrAddr : ffffffff , m_escrVal : 0 , m_dataAddr : c2 , m_dataVal : ffffffffffff3cad
125 [140675968394944] INFO perfrun.perfcollector <> - config : event : d1
125 [140675968394944] INFO perfrun.perfcollector <> - config : pc : 0
125 [140675968394944] INFO perfrun.perfcollector <> - config : edge : 0
125 [140675968394944] INFO perfrun.perfcollector <> - config : any : 0
125 [140675968394944] INFO perfrun.perfcollector <> - config1 : offcore_rsp : 0
125 [140675968394944] INFO perfrun.perfcollector <> - config1 : ldlat : 0
125 [140675968394944] INFO perfrun.perfcollector <> - config : inv : 0
125 [140675968394944] INFO perfrun.perfcollector <> - config : umask : 4
125 [140675968394944] INFO perfrun.perfcollector <> - config : cmask : 0
125 [140675968394944] WARN perfrun.perfcollector <> - precise event : config : 4d1 , [m_cccrVal & impreciseMask(0x100000)] : 0, at file: vcs/perfrun1/plugins/perfcollector/src/event_manager.cpp:292
125 [140675968394944] INFO perfrun.perfcollector <> - format : cpu/event=0xd1,umask=0x4,name='MEM_LOAD_UOPS_RETIRED.L3_HIT_PS'/
125 [140675968394944] INFO perfrun.perfcollector <> - pmu config : cpu , m_cccrAddr : 188 , m_cccrVal : 4320d1 , m_escrAddr : ffffffff , m_escrVal : 0 , m_dataAddr : c3 , m_dataVal : ffffffffffff3cad
125 [140675968394944] INFO perfrun.perfcollector <> - config : event : d1
125 [140675968394944] INFO perfrun.perfcollector <> - config : pc : 0
125 [140675968394944] INFO perfrun.perfcollector <> - config : edge : 0
125 [140675968394944] INFO perfrun.perfcollector <> - config : any : 0
125 [140675968394944] INFO perfrun.perfcollector <> - config1 : offcore_rsp : 0
125 [140675968394944] INFO perfrun.perfcollector <> - config1 : ldlat : 0
125 [140675968394944] INFO perfrun.perfcollector <> - config : inv : 0
125 [140675968394944] INFO perfrun.perfcollector <> - config : umask : 20
125 [140675968394944] INFO perfrun.perfcollector <> - config : cmask : 0
125 [140675968394944] WARN perfrun.perfcollector <> - precise event : config : 20d1 , [m_cccrVal & impreciseMask(0x100000)] : 0, at file: vcs/perfrun1/plugins/perfcollector/src/event_manager.cpp:292
125 [140675968394944] INFO perfrun.perfcollector <> - format : cpu/event=0xd1,umask=0x20,name='MEM_LOAD_UOPS_RETIRED.L3_MISS_PS'/
125 [140675968394944] INFO perfrun.perfcollector <> - pmu config : cpu , m_cccrAddr : 189 , m_cccrVal : 1530860 , m_escrAddr : ffffffff , m_escrVal : 0 , m_dataAddr : c4 , m_dataVal : ffffffffffe17b7d
125 [140675968394944] INFO perfrun.perfcollector <> - config : event : 60
125 [140675968394944] INFO perfrun.perfcollector <> - config : pc : 0
125 [140675968394944] INFO perfrun.perfcollector <> - config : edge : 0
125 [140675968394944] INFO perfrun.perfcollector <> - config : any : 0
125 [140675968394944] INFO perfrun.perfcollector <> - config1 : offcore_rsp : 0
125 [140675968394944] INFO perfrun.perfcollector <> - config1 : ldlat : 0
125 [140675968394944] INFO perfrun.perfcollector <> - config : inv : 0
125 [140675968394944] INFO perfrun.perfcollector <> - config : umask : 8
125 [140675968394944] INFO perfrun.perfcollector <> - config : cmask : 1
125 [140675968394944] INFO perfrun.perfcollector <> - format : cpu/event=0x60,umask=0x8,cmask=0x1,name='OFFCORE_REQUESTS_OUTSTANDING.CYCLES_WITH_DATA_RD'/
125 [140675968394944] INFO perfrun.perfcollector <> - pmu config : cpu , m_cccrAddr : 186 , m_cccrVal : 6530860 , m_escrAddr : ffffffff , m_escrVal : 0 , m_dataAddr : c1 , m_dataVal : ffffffffffe17b7d
125 [140675968394944] INFO perfrun.perfcollector <> - config : event : 60
125 [140675968394944] INFO perfrun.perfcollector <> - config : pc : 0
125 [140675968394944] INFO perfrun.perfcollector <> - config : edge : 0
125 [140675968394944] INFO perfrun.perfcollector <> - config : any : 0
125 [140675968394944] INFO perfrun.perfcollector <> - config1 : offcore_rsp : 0
125 [140675968394944] INFO perfrun.perfcollector <> - config1 : ldlat : 0
125 [140675968394944] INFO perfrun.perfcollector <> - config : inv : 0
125 [140675968394944] INFO perfrun.perfcollector <> - config : umask : 8
125 [140675968394944] INFO perfrun.perfcollector <> - config : cmask : 6
125 [140675968394944] INFO perfrun.perfcollector <> - format : cpu/event=0x60,umask=0x8,cmask=0x6,name='OFFCORE_REQUESTS_OUTSTANDING.ALL_DATA_RD:cmask=6'/
125 [140675968394944] INFO perfrun.perfcollector <> - pmu config : cpu , m_cccrAddr : 187 , m_cccrVal : 5308a2 , m_escrAddr : ffffffff , m_escrVal : 0 , m_dataAddr : c2 , m_dataVal : ffffffffffe17b7d
125 [140675968394944] INFO perfrun.perfcollector <> - config : event : a2
125 [140675968394944] INFO perfrun.perfcollector <> - config : pc : 0
125 [140675968394944] INFO perfrun.perfcollector <> - config : edge : 0
125 [140675968394944] INFO perfrun.perfcollector <> - config : any : 0
125 [140675968394944] INFO perfrun.perfcollector <> - config1 : offcore_rsp : 0
125 [140675968394944] INFO perfrun.perfcollector <> - config1 : ldlat : 0
125 [140675968394944] INFO perfrun.perfcollector <> - config : inv : 0
125 [140675968394944] INFO perfrun.perfcollector <> - config : umask : 8
125 [140675968394944] INFO perfrun.perfcollector <> - config : cmask : 0
125 [140675968394944] INFO perfrun.perfcollector <> - format : cpu/event=0xa2,umask=0x8,name='RESOURCE_STALLS.SB'/
125 [140675968394944] INFO perfrun.perfcollector <> - pmu config : cpu , m_cccrAddr : 188 , m_cccrVal : 53015e , m_escrAddr : ffffffff , m_escrVal : 0 , m_dataAddr : c3 , m_dataVal : ffffffffffe17b7d
125 [140675968394944] INFO perfrun.perfcollector <> - config : event : 5e
125 [140675968394944] INFO perfrun.perfcollector <> - config : pc : 0
125 [140675968394944] INFO perfrun.perfcollector <> - config : edge : 0
125 [140675968394944] INFO perfrun.perfcollector <> - config : any : 0
125 [140675968394944] INFO perfrun.perfcollector <> - config1 : offcore_rsp : 0
125 [140675968394944] INFO perfrun.perfcollector <> - config1 : ldlat : 0
125 [140675968394944] INFO perfrun.perfcollector <> - config : inv : 0
125 [140675968394944] INFO perfrun.perfcollector <> - config : umask : 1
125 [140675968394944] INFO perfrun.perfcollector <> - config : cmask : 0
125 [140675968394944] INFO perfrun.perfcollector <> - format : cpu/event=0x5e,umask=0x1,name='RS_EVENTS.EMPTY_CYCLES'/
125 [140675968394944] INFO perfrun.perfcollector <> - pmu config : cpu , m_cccrAddr : 189 , m_cccrVal : 15302b1 , m_escrAddr : ffffffff , m_escrVal : 0 , m_dataAddr : c4 , m_dataVal : ffffffffffe17b7d
125 [140675968394944] INFO perfrun.perfcollector <> - config : event : b1
125 [140675968394944] INFO perfrun.perfcollector <> - config : pc : 0
125 [140675968394944] INFO perfrun.perfcollector <> - config : edge : 0
125 [140675968394944] INFO perfrun.perfcollector <> - config : any : 0
125 [140675968394944] INFO perfrun.perfcollector <> - config1 : offcore_rsp : 0
125 [140675968394944] INFO perfrun.perfcollector <> - config1 : ldlat : 0
125 [140675968394944] INFO perfrun.perfcollector <> - config : inv : 0
125 [140675968394944] INFO perfrun.perfcollector <> - config : umask : 2
125 [140675968394944] INFO perfrun.perfcollector <> - config : cmask : 1
125 [140675968394944] INFO perfrun.perfcollector <> - format : cpu/event=0xb1,umask=0x2,cmask=0x1,name='UOPS_EXECUTED.CORE:cmask=1'/
125 [140675968394944] INFO perfrun.perfcollector <> - pmu config : cpu , m_cccrAddr : 186 , m_cccrVal : 25302b1 , m_escrAddr : ffffffff , m_escrVal : 0 , m_dataAddr : c1 , m_dataVal : ffffffffffe17b7d
125 [140675968394944] INFO perfrun.perfcollector <> - config : event : b1
125 [140675968394944] INFO perfrun.perfcollector <> - config : pc : 0
125 [140675968394944] INFO perfrun.perfcollector <> - config : edge : 0
125 [140675968394944] INFO perfrun.perfcollector <> - config : any : 0
125 [140675968394944] INFO perfrun.perfcollector <> - config1 : offcore_rsp : 0
125 [140675968394944] INFO perfrun.perfcollector <> - config1 : ldlat : 0
125 [140675968394944] INFO perfrun.perfcollector <> - config : inv : 0
125 [140675968394944] INFO perfrun.perfcollector <> - config : umask : 2
125 [140675968394944] INFO perfrun.perfcollector <> - config : cmask : 2
125 [140675968394944] INFO perfrun.perfcollector <> - format : cpu/event=0xb1,umask=0x2,cmask=0x2,name='UOPS_EXECUTED.CORE:cmask=2'/
125 [140675968394944] INFO perfrun.perfcollector <> - pmu config : cpu , m_cccrAddr : 187 , m_cccrVal : 35302b1 , m_escrAddr : ffffffff , m_escrVal : 0 , m_dataAddr : c2 , m_dataVal : ffffffffffe17b7d
125 [140675968394944] INFO perfrun.perfcollector <> - config : event : b1
125 [140675968394944] INFO perfrun.perfcollector <> - config : pc : 0
125 [140675968394944] INFO perfrun.perfcollector <> - config : edge : 0
125 [140675968394944] INFO perfrun.perfcollector <> - config : any : 0
125 [140675968394944] INFO perfrun.perfcollector <> - config1 : offcore_rsp : 0
125 [140675968394944] INFO perfrun.perfcollector <> - config1 : ldlat : 0
125 [140675968394944] INFO perfrun.perfcollector <> - config : inv : 0
125 [140675968394944] INFO perfrun.perfcollector <> - config : umask : 2
125 [140675968394944] INFO perfrun.perfcollector <> - config : cmask : 3
125 [140675968394944] INFO perfrun.perfcollector <> - format : cpu/event=0xb1,umask=0x2,cmask=0x3,name='UOPS_EXECUTED.CORE:cmask=3'/
125 [140675968394944] INFO perfrun.perfcollector <> - pmu config : cpu , m_cccrAddr : 188 , m_cccrVal : 53010e , m_escrAddr : ffffffff , m_escrVal : 0 , m_dataAddr : c3 , m_dataVal : ffffffffffe17b7d
125 [140675968394944] INFO perfrun.perfcollector <> - config : event : e
125 [140675968394944] INFO perfrun.perfcollector <> - config : pc : 0
125 [140675968394944] INFO perfrun.perfcollector <> - config : edge : 0
125 [140675968394944] INFO perfrun.perfcollector <> - config : any : 0
125 [140675968394944] INFO perfrun.perfcollector <> - config1 : offcore_rsp : 0
125 [140675968394944] INFO perfrun.perfcollector <> - config1 : ldlat : 0
125 [140675968394944] INFO perfrun.perfcollector <> - config : inv : 0
125 [140675968394944] INFO perfrun.perfcollector <> - config : umask : 1
125 [140675968394944] INFO perfrun.perfcollector <> - config : cmask : 0
125 [140675968394944] INFO perfrun.perfcollector <> - format : cpu/event=0xe,umask=0x1,name='UOPS_ISSUED.ANY'/
125 [140675968394944] INFO perfrun.perfcollector <> - pmu config : cpu , m_cccrAddr : 189 , m_cccrVal : 453019c , m_escrAddr : ffffffff , m_escrVal : 0 , m_dataAddr : c4 , m_dataVal : ffffffffffe17b7d
125 [140675968394944] INFO perfrun.perfcollector <> - config : event : 9c
125 [140675968394944] INFO perfrun.perfcollector <> - config : pc : 0
125 [140675968394944] INFO perfrun.perfcollector <> - config : edge : 0
125 [140675968394944] INFO perfrun.perfcollector <> - config : any : 0
125 [140675968394944] INFO perfrun.perfcollector <> - config1 : offcore_rsp : 0
125 [140675968394944] INFO perfrun.perfcollector <> - config1 : ldlat : 0
125 [140675968394944] INFO perfrun.perfcollector <> - config : inv : 0
125 [140675968394944] INFO perfrun.perfcollector <> - config : umask : 1
125 [140675968394944] INFO perfrun.perfcollector <> - config : cmask : 4
125 [140675968394944] INFO perfrun.perfcollector <> - format : cpu/event=0x9c,umask=0x1,cmask=0x4,name='IDQ_UOPS_NOT_DELIVERED.CYCLES_0_UOPS_DELIV.CORE'/
125 [140675968394944] INFO perfrun.perfcollector <> - pmu config : cpu , m_cccrAddr : 186 , m_cccrVal : 4381d0 , m_escrAddr : ffffffff , m_escrVal : 0 , m_dataAddr : c1 , m_dataVal : fffffffffffe795d
125 [140675968394944] INFO perfrun.perfcollector <> - config : event : d0
125 [140675968394944] INFO perfrun.perfcollector <> - config : pc : 0
125 [140675968394944] INFO perfrun.perfcollector <> - config : edge : 0
125 [140675968394944] INFO perfrun.perfcollector <> - config : any : 0
125 [140675968394944] INFO perfrun.perfcollector <> - config1 : offcore_rsp : 0
125 [140675968394944] INFO perfrun.perfcollector <> - config1 : ldlat : 0
125 [140675968394944] INFO perfrun.perfcollector <> - config : inv : 0
125 [140675968394944] INFO perfrun.perfcollector <> - config : umask : 81
125 [140675968394944] INFO perfrun.perfcollector <> - config : cmask : 0
125 [140675968394944] WARN perfrun.perfcollector <> - precise event : config : 81d0 , [m_cccrVal & impreciseMask(0x100000)] : 0, at file: vcs/perfrun1/plugins/perfcollector/src/event_manager.cpp:292
125 [140675968394944] INFO perfrun.perfcollector <> - format : cpu/event=0xd0,umask=0x81,name='MEM_UOPS_RETIRED.ALL_LOADS_PS'/
125 [140675968394944] INFO perfrun.perfcollector <> - pmu config : cpu , m_cccrAddr : 187 , m_cccrVal : 4382d0 , m_escrAddr : ffffffff , m_escrVal : 0 , m_dataAddr : c2 , m_dataVal : fffffffffffe795d
125 [140675968394944] INFO perfrun.perfcollector <> - config : event : d0
125 [140675968394944] INFO perfrun.perfcollector <> - config : pc : 0
125 [140675968394944] INFO perfrun.perfcollector <> - config : edge : 0
125 [140675968394944] INFO perfrun.perfcollector <> - config : any : 0
125 [140675968394944] INFO perfrun.perfcollector <> - config1 : offcore_rsp : 0
125 [140675968394944] INFO perfrun.perfcollector <> - config1 : ldlat : 0
125 [140675968394944] INFO perfrun.perfcollector <> - config : inv : 0
125 [140675968394944] INFO perfrun.perfcollector <> - config : umask : 82
125 [140675968394944] INFO perfrun.perfcollector <> - config : cmask : 0
125 [140675968394944] WARN perfrun.perfcollector <> - precise event : config : 82d0 , [m_cccrVal & impreciseMask(0x100000)] : 0, at file: vcs/perfrun1/plugins/perfcollector/src/event_manager.cpp:292
125 [140675968394944] INFO perfrun.perfcollector <> - format : cpu/event=0xd0,umask=0x82,name='MEM_UOPS_RETIRED.ALL_STORES_PS'/
125 [140675968394944] INFO perfrun.perfcollector <> - pmu config : cpu , m_cccrAddr : 188 , m_cccrVal : 4301d3 , m_escrAddr : ffffffff , m_escrVal : 0 , m_dataAddr : c3 , m_dataVal : fffffffffffe795d
125 [140675968394944] INFO perfrun.perfcollector <> - config : event : d3
125 [140675968394944] INFO perfrun.perfcollector <> - config : pc : 0
125 [140675968394944] INFO perfrun.perfcollector <> - config : edge : 0
125 [140675968394944] INFO perfrun.perfcollector <> - config : any : 0
125 [140675968394944] INFO perfrun.perfcollector <> - config1 : offcore_rsp : 0
125 [140675968394944] INFO perfrun.perfcollector <> - config1 : ldlat : 0
125 [140675968394944] INFO perfrun.perfcollector <> - config : inv : 0
125 [140675968394944] INFO perfrun.perfcollector <> - config : umask : 1
125 [140675968394944] INFO perfrun.perfcollector <> - config : cmask : 0
125 [140675968394944] WARN perfrun.perfcollector <> - precise event : config : 1d3 , [m_cccrVal & impreciseMask(0x100000)] : 0, at file: vcs/perfrun1/plugins/perfcollector/src/event_manager.cpp:292
125 [140675968394944] INFO perfrun.perfcollector <> - format : cpu/event=0xd3,umask=0x1,name='MEM_LOAD_UOPS_L3_MISS_RETIRED.LOCAL_DRAM_PS'/
125 [140675968394944] INFO perfrun.perfcollector <> - pmu config : cpu , m_cccrAddr : 189 , m_cccrVal : 4304d3 , m_escrAddr : ffffffff , m_escrVal : 0 , m_dataAddr : c4 , m_dataVal : fffffffffffe795d
125 [140675968394944] INFO perfrun.perfcollector <> - config : event : d3
125 [140675968394944] INFO perfrun.perfcollector <> - config : pc : 0
125 [140675968394944] INFO perfrun.perfcollector <> - config : edge : 0
125 [140675968394944] INFO perfrun.perfcollector <> - config : any : 0
125 [140675968394944] INFO perfrun.perfcollector <> - config1 : offcore_rsp : 0
125 [140675968394944] INFO perfrun.perfcollector <> - config1 : ldlat : 0
125 [140675968394944] INFO perfrun.perfcollector <> - config : inv : 0
125 [140675968394944] INFO perfrun.perfcollector <> - config : umask : 4
125 [140675968394944] INFO perfrun.perfcollector <> - config : cmask : 0
125 [140675968394944] WARN perfrun.perfcollector <> - precise event : config : 4d3 , [m_cccrVal & impreciseMask(0x100000)] : 0, at file: vcs/perfrun1/plugins/perfcollector/src/event_manager.cpp:292
125 [140675968394944] INFO perfrun.perfcollector <> - format : cpu/event=0xd3,umask=0x4,name='MEM_LOAD_UOPS_L3_MISS_RETIRED.REMOTE_DRAM_PS'/
125 [140675968394944] INFO perfrun.perfcollector <> - pmu config : cpu , m_cccrAddr : 186 , m_cccrVal : 4310d3 , m_escrAddr : ffffffff , m_escrVal : 0 , m_dataAddr : c1 , m_dataVal : fffffffffffe795d
125 [140675968394944] INFO perfrun.perfcollector <> - config : event : d3
125 [140675968394944] INFO perfrun.perfcollector <> - config : pc : 0
125 [140675968394944] INFO perfrun.perfcollector <> - config : edge : 0
125 [140675968394944] INFO perfrun.perfcollector <> - config : any : 0
125 [140675968394944] INFO perfrun.perfcollector <> - config1 : offcore_rsp : 0
125 [140675968394944] INFO perfrun.perfcollector <> - config1 : ldlat : 0
125 [140675968394944] INFO perfrun.perfcollector <> - config : inv : 0
125 [140675968394944] INFO perfrun.perfcollector <> - config : umask : 10
125 [140675968394944] INFO perfrun.perfcollector <> - config : cmask : 0
125 [140675968394944] WARN perfrun.perfcollector <> - precise event : config : 10d3 , [m_cccrVal & impreciseMask(0x100000)] : 0, at file: vcs/perfrun1/plugins/perfcollector/src/event_manager.cpp:292
125 [140675968394944] INFO perfrun.perfcollector <> - format : cpu/event=0xd3,umask=0x10,name='MEM_LOAD_UOPS_L3_MISS_RETIRED.REMOTE_HITM_PS'/
125 [140675968394944] INFO perfrun.perfcollector <> - pmu config : cpu , m_cccrAddr : 187 , m_cccrVal : 4320d3 , m_escrAddr : ffffffff , m_escrVal : 0 , m_dataAddr : c2 , m_dataVal : fffffffffffe795d
125 [140675968394944] INFO perfrun.perfcollector <> - config : event : d3
125 [140675968394944] INFO perfrun.perfcollector <> - config : pc : 0
125 [140675968394944] INFO perfrun.perfcollector <> - config : edge : 0
125 [140675968394944] INFO perfrun.perfcollector <> - config : any : 0
125 [140675968394944] INFO perfrun.perfcollector <> - config1 : offcore_rsp : 0
125 [140675968394944] INFO perfrun.perfcollector <> - config1 : ldlat : 0
125 [140675968394944] INFO perfrun.perfcollector <> - config : inv : 0
125 [140675968394944] INFO perfrun.perfcollector <> - config : umask : 20
125 [140675968394944] INFO perfrun.perfcollector <> - config : cmask : 0
125 [140675968394944] WARN perfrun.perfcollector <> - precise event : config : 20d3 , [m_cccrVal & impreciseMask(0x100000)] : 0, at file: vcs/perfrun1/plugins/perfcollector/src/event_manager.cpp:292
125 [140675968394944] INFO perfrun.perfcollector <> - format : cpu/event=0xd3,umask=0x20,name='MEM_LOAD_UOPS_L3_MISS_RETIRED.REMOTE_FWD_PS'/
125 [140675968394944] INFO perfrun.perfcollector <> - pmu config : uncore_imc_0 , m_cccrAddr : d8 , m_cccrVal : 400304 , m_escrAddr : ffffffff , m_escrVal : 0 , m_dataAddr : a0 , m_dataVal : 0
125 [140675968394944] INFO perfrun.perfcollector <> - config : event : 4
125 [140675968394944] INFO perfrun.perfcollector <> - config : edge : 0
125 [140675968394944] INFO perfrun.perfcollector <> - config : inv : 0
125 [140675968394944] INFO perfrun.perfcollector <> - config : umask : 3
125 [140675968394944] INFO perfrun.perfcollector <> - config : thresh : 0
125 [140675968394944] INFO perfrun.perfcollector <> - format : uncore_imc_0/event=0x4,umask=0x3,name='UNC_M_CAS_COUNT.RD[UNIT0]'/
125 [140675968394944] INFO perfrun.perfcollector <> - pmu config : uncore_imc_1 , m_cccrAddr : d8 , m_cccrVal : 400304 , m_escrAddr : ffffffff , m_escrVal : 0 , m_dataAddr : a0 , m_dataVal : 0
125 [140675968394944] INFO perfrun.perfcollector <> - config : event : 4
125 [140675968394944] INFO perfrun.perfcollector <> - config : edge : 0
125 [140675968394944] INFO perfrun.perfcollector <> - config : inv : 0
125 [140675968394944] INFO perfrun.perfcollector <> - config : umask : 3
125 [140675968394944] INFO perfrun.perfcollector <> - config : thresh : 0
125 [140675968394944] INFO perfrun.perfcollector <> - format : uncore_imc_1/event=0x4,umask=0x3,name='UNC_M_CAS_COUNT.RD[UNIT1]'/
125 [140675968394944] INFO perfrun.perfcollector <> - pmu config : uncore_imc_4 , m_cccrAddr : d8 , m_cccrVal : 400304 , m_escrAddr : ffffffff , m_escrVal : 0 , m_dataAddr : a0 , m_dataVal : 0
125 [140675968394944] INFO perfrun.perfcollector <> - config : event : 4
125 [140675968394944] INFO perfrun.perfcollector <> - config : edge : 0
125 [140675968394944] INFO perfrun.perfcollector <> - config : inv : 0
125 [140675968394944] INFO perfrun.perfcollector <> - config : umask : 3
125 [140675968394944] INFO perfrun.perfcollector <> - config : thresh : 0
125 [140675968394944] INFO perfrun.perfcollector <> - format : uncore_imc_4/event=0x4,umask=0x3,name='UNC_M_CAS_COUNT.RD[UNIT4]'/
125 [140675968394944] INFO perfrun.perfcollector <> - pmu config : uncore_imc_5 , m_cccrAddr : d8 , m_cccrVal : 400304 , m_escrAddr : ffffffff , m_escrVal : 0 , m_dataAddr : a0 , m_dataVal : 0
126 [140675968394944] INFO perfrun.perfcollector <> - config : event : 4
126 [140675968394944] INFO perfrun.perfcollector <> - config : edge : 0
126 [140675968394944] INFO perfrun.perfcollector <> - config : inv : 0
126 [140675968394944] INFO perfrun.perfcollector <> - config : umask : 3
126 [140675968394944] INFO perfrun.perfcollector <> - config : thresh : 0
126 [140675968394944] INFO perfrun.perfcollector <> - format : uncore_imc_5/event=0x4,umask=0x3,name='UNC_M_CAS_COUNT.RD[UNIT5]'/
126 [140675968394944] INFO perfrun.perfcollector <> - pmu config : uncore_imc_0 , m_cccrAddr : dc , m_cccrVal : 400c04 , m_escrAddr : ffffffff , m_escrVal : 0 , m_dataAddr : a8 , m_dataVal : 0
126 [140675968394944] INFO perfrun.perfcollector <> - config : event : 4
126 [140675968394944] INFO perfrun.perfcollector <> - config : edge : 0
126 [140675968394944] INFO perfrun.perfcollector <> - config : inv : 0
126 [140675968394944] INFO perfrun.perfcollector <> - config : umask : c
126 [140675968394944] INFO perfrun.perfcollector <> - config : thresh : 0
126 [140675968394944] INFO perfrun.perfcollector <> - format : uncore_imc_0/event=0x4,umask=0xc,name='UNC_M_CAS_COUNT.WR[UNIT0]'/
126 [140675968394944] INFO perfrun.perfcollector <> - pmu config : uncore_imc_1 , m_cccrAddr : dc , m_cccrVal : 400c04 , m_escrAddr : ffffffff , m_escrVal : 0 , m_dataAddr : a8 , m_dataVal : 0
126 [140675968394944] INFO perfrun.perfcollector <> - config : event : 4
126 [140675968394944] INFO perfrun.perfcollector <> - config : edge : 0
126 [140675968394944] INFO perfrun.perfcollector <> - config : inv : 0
126 [140675968394944] INFO perfrun.perfcollector <> - config : umask : c
126 [140675968394944] INFO perfrun.perfcollector <> - config : thresh : 0
126 [140675968394944] INFO perfrun.perfcollector <> - format : uncore_imc_1/event=0x4,umask=0xc,name='UNC_M_CAS_COUNT.WR[UNIT1]'/
126 [140675968394944] INFO perfrun.perfcollector <> - pmu config : uncore_imc_4 , m_cccrAddr : dc , m_cccrVal : 400c04 , m_escrAddr : ffffffff , m_escrVal : 0 , m_dataAddr : a8 , m_dataVal : 0
126 [140675968394944] INFO perfrun.perfcollector <> - config : event : 4
126 [140675968394944] INFO perfrun.perfcollector <> - config : edge : 0
126 [140675968394944] INFO perfrun.perfcollector <> - config : inv : 0
126 [140675968394944] INFO perfrun.perfcollector <> - config : umask : c
126 [140675968394944] INFO perfrun.perfcollector <> - config : thresh : 0
126 [140675968394944] INFO perfrun.perfcollector <> - format : uncore_imc_4/event=0x4,umask=0xc,name='UNC_M_CAS_COUNT.WR[UNIT4]'/
126 [140675968394944] INFO perfrun.perfcollector <> - pmu config : uncore_imc_5 , m_cccrAddr : dc , m_cccrVal : 400c04 , m_escrAddr : ffffffff , m_escrVal : 0 , m_dataAddr : a8 , m_dataVal : 0
126 [140675968394944] INFO perfrun.perfcollector <> - config : event : 4
126 [140675968394944] INFO perfrun.perfcollector <> - config : edge : 0
126 [140675968394944] INFO perfrun.perfcollector <> - config : inv : 0
126 [140675968394944] INFO perfrun.perfcollector <> - config : umask : c
126 [140675968394944] INFO perfrun.perfcollector <> - config : thresh : 0
126 [140675968394944] INFO perfrun.perfcollector <> - format : uncore_imc_5/event=0x4,umask=0xc,name='UNC_M_CAS_COUNT.WR[UNIT5]'/
126 [140675968394944] INFO perfrun.perfcollector <> - event: cpu/event=0x3c,name='CPU_CLK_UNHALTED.THREAD'/Duk , added for counting
126 [140675968394944] INFO perfrun.perfcollector <> - event: cpu/umask=0x3,name='CPU_CLK_UNHALTED.REF_TSC'/Duk , added for counting
126 [140675968394944] INFO perfrun.perfcollector <> - event: cpu/event=0xc0,name='INST_RETIRED.ANY'/Duk , added for counting
126 [140675968394944] INFO perfrun.perfcollector <> - event: cpu/event=0xa3,umask=0xc,cmask=0xc,name='CYCLE_ACTIVITY.STALLS_L1D_PENDING'/uk , added for counting
126 [140675968394944] INFO perfrun.perfcollector <> - event: cpu/event=0x3c,umask=0x1,name='CPU_CLK_UNHALTED.REF_XCLK'/uk , added for counting
126 [140675968394944] INFO perfrun.perfcollector <> - event: cpu/event=0x3c,umask=0x2,name='CPU_CLK_UNHALTED.ONE_THREAD_ACTIVE'/uk , added for counting
126 [140675968394944] INFO perfrun.perfcollector <> - event: cpu/event=0xc2,umask=0x2,name='UOPS_RETIRED.RETIRE_SLOTS'/uk , added for counting
126 [140675968394944] INFO perfrun.perfcollector <> - event: cpu/event=0xa3,umask=0x4,cmask=0x4,name='CYCLE_ACTIVITY.CYCLES_NO_EXECUTE'/uk , added for counting
126 [140675968394944] INFO perfrun.perfcollector <> - event: cpu/event=0xa3,umask=0x6,cmask=0x6,name='CYCLE_ACTIVITY.STALLS_LDM_PENDING'/uk , added for counting
126 [140675968394944] INFO perfrun.perfcollector <> - event: cpu/event=0xa3,umask=0x5,cmask=0x5,name='CYCLE_ACTIVITY.STALLS_L2_PENDING'/uk , added for counting
126 [140675968394944] INFO perfrun.perfcollector <> - event: cpu/event=0x9c,umask=0x1,name='IDQ_UOPS_NOT_DELIVERED.CORE'/uk , added for counting
126 [140675968394944] INFO perfrun.perfcollector <> - event: cpu/event=0xd,umask=0x3,cmask=0x1,name='INT_MISC.RECOVERY_CYCLES'/uk , added for counting
126 [140675968394944] INFO perfrun.perfcollector <> - event: cpu/event=0xd1,umask=0x4,name='MEM_LOAD_UOPS_RETIRED.L3_HIT_PS'/uk , added for counting
126 [140675968394944] INFO perfrun.perfcollector <> - event: cpu/event=0xd1,umask=0x20,name='MEM_LOAD_UOPS_RETIRED.L3_MISS_PS'/uk , added for counting
126 [140675968394944] INFO perfrun.perfcollector <> - event: cpu/event=0x60,umask=0x8,cmask=0x1,name='OFFCORE_REQUESTS_OUTSTANDING.CYCLES_WITH_DATA_RD'/uk , added for counting
126 [140675968394944] INFO perfrun.perfcollector <> - event: cpu/event=0x60,umask=0x8,cmask=0x6,name='OFFCORE_REQUESTS_OUTSTANDING.ALL_DATA_RD:cmask=6'/uk , added for counting
126 [140675968394944] INFO perfrun.perfcollector <> - event: cpu/event=0xa2,umask=0x8,name='RESOURCE_STALLS.SB'/uk , added for counting
126 [140675968394944] INFO perfrun.perfcollector <> - event: cpu/event=0x5e,umask=0x1,name='RS_EVENTS.EMPTY_CYCLES'/uk , added for counting
126 [140675968394944] INFO perfrun.perfcollector <> - event: cpu/event=0xb1,umask=0x2,cmask=0x1,name='UOPS_EXECUTED.CORE:cmask=1'/uk , added for counting
126 [140675968394944] INFO perfrun.perfcollector <> - event: cpu/event=0xb1,umask=0x2,cmask=0x2,name='UOPS_EXECUTED.CORE:cmask=2'/uk , added for counting
126 [140675968394944] INFO perfrun.perfcollector <> - event: cpu/event=0xb1,umask=0x2,cmask=0x3,name='UOPS_EXECUTED.CORE:cmask=3'/uk , added for counting
126 [140675968394944] INFO perfrun.perfcollector <> - event: cpu/event=0xe,umask=0x1,name='UOPS_ISSUED.ANY'/uk , added for counting
126 [140675968394944] INFO perfrun.perfcollector <> - event: cpu/event=0x9c,umask=0x1,cmask=0x4,name='IDQ_UOPS_NOT_DELIVERED.CYCLES_0_UOPS_DELIV.CORE'/uk , added for counting
126 [140675968394944] INFO perfrun.perfcollector <> - event: cpu/event=0xd0,umask=0x81,name='MEM_UOPS_RETIRED.ALL_LOADS_PS'/uk , added for counting
126 [140675968394944] INFO perfrun.perfcollector <> - event: cpu/event=0xd0,umask=0x82,name='MEM_UOPS_RETIRED.ALL_STORES_PS'/uk , added for counting
126 [140675968394944] INFO perfrun.perfcollector <> - event: cpu/event=0xd3,umask=0x1,name='MEM_LOAD_UOPS_L3_MISS_RETIRED.LOCAL_DRAM_PS'/uk , added for counting
126 [140675968394944] INFO perfrun.perfcollector <> - event: cpu/event=0xd3,umask=0x4,name='MEM_LOAD_UOPS_L3_MISS_RETIRED.REMOTE_DRAM_PS'/uk , added for counting
126 [140675968394944] INFO perfrun.perfcollector <> - event: cpu/event=0xd3,umask=0x10,name='MEM_LOAD_UOPS_L3_MISS_RETIRED.REMOTE_HITM_PS'/uk , added for counting
126 [140675968394944] INFO perfrun.perfcollector <> - event: cpu/event=0xd3,umask=0x20,name='MEM_LOAD_UOPS_L3_MISS_RETIRED.REMOTE_FWD_PS'/uk , added for counting
126 [140675968394944] INFO perfrun.perfcollector <> - event: uncore_imc_0/event=0x4,umask=0x3,name='UNC_M_CAS_COUNT.RD[UNIT0]'/ , added for counting
126 [140675968394944] INFO perfrun.perfcollector <> - event: uncore_imc_1/event=0x4,umask=0x3,name='UNC_M_CAS_COUNT.RD[UNIT1]'/ , added for counting
126 [140675968394944] INFO perfrun.perfcollector <> - event: uncore_imc_4/event=0x4,umask=0x3,name='UNC_M_CAS_COUNT.RD[UNIT4]'/ , added for counting
126 [140675968394944] INFO perfrun.perfcollector <> - event: uncore_imc_5/event=0x4,umask=0x3,name='UNC_M_CAS_COUNT.RD[UNIT5]'/ , added for counting
126 [140675968394944] INFO perfrun.perfcollector <> - event: uncore_imc_0/event=0x4,umask=0xc,name='UNC_M_CAS_COUNT.WR[UNIT0]'/ , added for counting
126 [140675968394944] INFO perfrun.perfcollector <> - event: uncore_imc_1/event=0x4,umask=0xc,name='UNC_M_CAS_COUNT.WR[UNIT1]'/ , added for counting
126 [140675968394944] INFO perfrun.perfcollector <> - event: uncore_imc_4/event=0x4,umask=0xc,name='UNC_M_CAS_COUNT.WR[UNIT4]'/ , added for counting
126 [140675968394944] INFO perfrun.perfcollector <> - event: uncore_imc_5/event=0x4,umask=0xc,name='UNC_M_CAS_COUNT.WR[UNIT5]'/ , added for counting
126 [140675870914240] WARN perfrun.perfcollector <> - Perf stat trace pipe capacity: read = 1048576, write = 1048576, at file: vcs/perfrun1/plugins/perfcollector/src/profiler.cpp:763
126 [140675870914240] INFO perfrun.perfcollector <> - Path to Perf control pipe: /tmp/amplxe-tmp-emlazuta/perf-pipe-3465585-13068090280943233
128 [140675870914240] INFO perfrun.sdk <> - runCmd: "/home/intel/oneapi/vtune/2021.1.1/bin64/amplxe-perf" stat -v --log-fd 11 --pipe "/tmp/amplxe-tmp-emlazuta/perf-pipe-3465585-13068090280943233" --pipe-sync --scale -x ; -e cpu/event=0x3c,name='CPU_CLK_UNHALTED.THREAD'/Duk,cpu/umask=0x3,name='CPU_CLK_UNHALTED.REF_TSC'/Duk,cpu/event=0xc0,name='INST_RETIRED.ANY'/Duk,cpu/event=0xa3,umask=0xc,cmask=0xc,name='CYCLE_ACTIVITY.STALLS_L1D_PENDING'/uk,cpu/event=0x3c,umask=0x1,name='CPU_CLK_UNHALTED.REF_XCLK'/uk,cpu/event=0x3c,umask=0x2,name='CPU_CLK_UNHALTED.ONE_THREAD_ACTIVE'/uk,cpu/event=0xc2,umask=0x2,name='UOPS_RETIRED.RETIRE_SLOTS'/uk,cpu/event=0xa3,umask=0x4,cmask=0x4,name='CYCLE_ACTIVITY.CYCLES_NO_EXECUTE'/uk,cpu/event=0xa3,umask=0x6,cmask=0x6,name='CYCLE_ACTIVITY.STALLS_LDM_PENDING'/uk,cpu/event=0xa3,umask=0x5,cmask=0x5,name='CYCLE_ACTIVITY.STALLS_L2_PENDING'/uk,cpu/event=0x9c,umask=0x1,name='IDQ_UOPS_NOT_DELIVERED.CORE'/uk,cpu/event=0xd,umask=0x3,cmask=0x1,name='INT_MISC.RECOVERY_CYCLES'/uk,cpu/event=0xd1,umask=0x4,name='MEM_LOAD_UOPS_RETIRED.L3_HIT_PS'/uk,cpu/event=0xd1,umask=0x20,name='MEM_LOAD_UOPS_RETIRED.L3_MISS_PS'/uk,cpu/event=0x60,umask=0x8,cmask=0x1,name='OFFCORE_REQUESTS_OUTSTANDING.CYCLES_WITH_DATA_RD'/uk,cpu/event=0x60,umask=0x8,cmask=0x6,name='OFFCORE_REQUESTS_OUTSTANDING.ALL_DATA_RD:cmask=6'/uk,cpu/event=0xa2,umask=0x8,name='RESOURCE_STALLS.SB'/uk,cpu/event=0x5e,umask=0x1,name='RS_EVENTS.EMPTY_CYCLES'/uk,cpu/event=0xb1,umask=0x2,cmask=0x1,name='UOPS_EXECUTED.CORE:cmask=1'/uk,cpu/event=0xb1,umask=0x2,cmask=0x2,name='UOPS_EXECUTED.CORE:cmask=2'/uk,cpu/event=0xb1,umask=0x2,cmask=0x3,name='UOPS_EXECUTED.CORE:cmask=3'/uk,cpu/event=0xe,umask=0x1,name='UOPS_ISSUED.ANY'/uk,cpu/event=0x9c,umask=0x1,cmask=0x4,name='IDQ_UOPS_NOT_DELIVERED.CYCLES_0_UOPS_DELIV.CORE'/uk,cpu/event=0xd0,umask=0x81,name='MEM_UOPS_RETIRED.ALL_LOADS_PS'/uk,cpu/event=0xd0,umask=0x82,name='MEM_UOPS_RETIRED.ALL_STORES_PS'/uk,cpu/event=0xd3,umask=0x1,name='MEM_LOAD_UOPS_L3_MISS_RETIRED.LOCAL_DRAM_PS'/uk,cpu/event=0xd3,umask=0x4,name='MEM_LOAD_UOPS_L3_MISS_RETIRED.REMOTE_DRAM_PS'/uk,cpu/event=0xd3,umask=0x10,name='MEM_LOAD_UOPS_L3_MISS_RETIRED.REMOTE_HITM_PS'/uk,cpu/event=0xd3,umask=0x20,name='MEM_LOAD_UOPS_L3_MISS_RETIRED.REMOTE_FWD_PS'/uk,uncore_imc_0/event=0x4,umask=0x3,name='UNC_M_CAS_COUNT.RD[UNIT0]'/,uncore_imc_1/event=0x4,umask=0x3,name='UNC_M_CAS_COUNT.RD[UNIT1]'/,uncore_imc_4/event=0x4,umask=0x3,name='UNC_M_CAS_COUNT.RD[UNIT4]'/,uncore_imc_5/event=0x4,umask=0x3,name='UNC_M_CAS_COUNT.RD[UNIT5]'/,uncore_imc_0/event=0x4,umask=0xc,name='UNC_M_CAS_COUNT.WR[UNIT0]'/,uncore_imc_1/event=0x4,umask=0xc,name='UNC_M_CAS_COUNT.WR[UNIT1]'/,uncore_imc_4/event=0x4,umask=0xc,name='UNC_M_CAS_COUNT.WR[UNIT4]'/,uncore_imc_5/event=0x4,umask=0xc,name='UNC_M_CAS_COUNT.WR[UNIT5]'/ "/home/intel/oneapi/vtune/2021.1.1/bin64/amplxe-perf-sync" dryrun sys
196 [140675862521536] INFO perfrun.perfcollector <> - PERF_STAT : "CPU_CLK_UNHALTED.THREAD: 13470266 5247996 5247996"
196 [140675862521536] WARN perfrun.perfcollector <> - Unexpected PERF_STAT format, ignored, at file: vcs/perfrun1/plugins/perfcollector/src/profiler.cpp:490
196 [140675862521536] INFO perfrun.perfcollector <> - PERF_STAT : "CPU_CLK_UNHALTED.REF_TSC: 11916024 5247996 5247996"
196 [140675862521536] WARN perfrun.perfcollector <> - Unexpected PERF_STAT format, ignored, at file: vcs/perfrun1/plugins/perfcollector/src/profiler.cpp:490
196 [140675862521536] INFO perfrun.perfcollector <> - PERF_STAT : "INST_RETIRED.ANY: 15831665 5247996 5247996"
196 [140675862521536] WARN perfrun.perfcollector <> - Unexpected PERF_STAT format, ignored, at file: vcs/perfrun1/plugins/perfcollector/src/profiler.cpp:490
196 [140675862521536] INFO perfrun.perfcollector <> - PERF_STAT : "CYCLE_ACTIVITY.STALLS_L1D_PENDING: 771700 5247996 3215035"
196 [140675862521536] WARN perfrun.perfcollector <> - Unexpected PERF_STAT format, ignored, at file: vcs/perfrun1/plugins/perfcollector/src/profiler.cpp:490
196 [140675862521536] INFO perfrun.perfcollector <> - PERF_STAT : "CPU_CLK_UNHALTED.REF_XCLK: 518086 5247996 5247996"
196 [140675862521536] WARN perfrun.perfcollector <> - Unexpected PERF_STAT format, ignored, at file: vcs/perfrun1/plugins/perfcollector/src/profiler.cpp:490
196 [140675862521536] INFO perfrun.perfcollector <> - PERF_STAT : "CPU_CLK_UNHALTED.ONE_THREAD_ACTIVE: 517386 5247996 5247996"
196 [140675862521536] WARN perfrun.perfcollector <> - Unexpected PERF_STAT format, ignored, at file: vcs/perfrun1/plugins/perfcollector/src/profiler.cpp:490
196 [140675862521536] INFO perfrun.perfcollector <> - PERF_STAT : "UOPS_RETIRED.RETIRE_SLOTS: 17260323 5247996 5247996"
197 [140675862521536] WARN perfrun.perfcollector <> - Unexpected PERF_STAT format, ignored, at file: vcs/perfrun1/plugins/perfcollector/src/profiler.cpp:490
197 [140675862521536] INFO perfrun.perfcollector <> - PERF_STAT : "CYCLE_ACTIVITY.CYCLES_NO_EXECUTE: 4355440 5247996 2032961"
197 [140675862521536] WARN perfrun.perfcollector <> - Unexpected PERF_STAT format, ignored, at file: vcs/perfrun1/plugins/perfcollector/src/profiler.cpp:490
197 [140675862521536] INFO perfrun.perfcollector <> - PERF_STAT : "CYCLE_ACTIVITY.STALLS_LDM_PENDING: 0 5247996 0"
197 [140675862521536] WARN perfrun.perfcollector <> - Unexpected PERF_STAT format, ignored, at file: vcs/perfrun1/plugins/perfcollector/src/profiler.cpp:490
197 [140675862521536] INFO perfrun.perfcollector <> - PERF_STAT : "CYCLE_ACTIVITY.STALLS_L2_PENDING: 0 5247996 0"
197 [140675862521536] WARN perfrun.perfcollector <> - Unexpected PERF_STAT format, ignored, at file: vcs/perfrun1/plugins/perfcollector/src/profiler.cpp:490
197 [140675862521536] INFO perfrun.perfcollector <> - PERF_STAT : "IDQ_UOPS_NOT_DELIVERED.CORE: 0 5247996 0"
197 [140675862521536] WARN perfrun.perfcollector <> - Unexpected PERF_STAT format, ignored, at file: vcs/perfrun1/plugins/perfcollector/src/profiler.cpp:490
197 [140675862521536] INFO perfrun.perfcollector <> - PERF_STAT : "INT_MISC.RECOVERY_CYCLES: 0 5247996 0"
197 [140675862521536] WARN perfrun.perfcollector <> - Unexpected PERF_STAT format, ignored, at file: vcs/perfrun1/plugins/perfcollector/src/profiler.cpp:490
197 [140675862521536] INFO perfrun.perfcollector <> - PERF_STAT : "MEM_LOAD_UOPS_RETIRED.L3_HIT_PS: 0 5247996 0"
197 [140675862521536] WARN perfrun.perfcollector <> - Unexpected PERF_STAT format, ignored, at file: vcs/perfrun1/plugins/perfcollector/src/profiler.cpp:490
197 [140675862521536] INFO perfrun.perfcollector <> - PERF_STAT : "MEM_LOAD_UOPS_RETIRED.L3_MISS_PS: 0 5247996 0"
197 [140675862521536] WARN perfrun.perfcollector <> - Unexpected PERF_STAT format, ignored, at file: vcs/perfrun1/plugins/perfcollector/src/profiler.cpp:490
197 [140675862521536] INFO perfrun.perfcollector <> - PERF_STAT : "OFFCORE_REQUESTS_OUTSTANDING.CYCLES_WITH_DATA_RD: 0 5247996 0"
197 [140675862521536] WARN perfrun.perfcollector <> - Unexpected PERF_STAT format, ignored, at file: vcs/perfrun1/plugins/perfcollector/src/profiler.cpp:490
197 [140675862521536] INFO perfrun.perfcollector <> - PERF_STAT : "OFFCORE_REQUESTS_OUTSTANDING.ALL_DATA_RD:cmask=6: 0 5247996 0"
197 [140675862521536] WARN perfrun.perfcollector <> - Unexpected PERF_STAT format, ignored, at file: vcs/perfrun1/plugins/perfcollector/src/profiler.cpp:490
197 [140675862521536] INFO perfrun.perfcollector <> - PERF_STAT : "RESOURCE_STALLS.SB: 0 5247996 0"
197 [140675862521536] WARN perfrun.perfcollector <> - Unexpected PERF_STAT format, ignored, at file: vcs/perfrun1/plugins/perfcollector/src/profiler.cpp:490
197 [140675862521536] INFO perfrun.perfcollector <> - PERF_STAT : "RS_EVENTS.EMPTY_CYCLES: 0 5247996 0"
197 [140675862521536] WARN perfrun.perfcollector <> - Unexpected PERF_STAT format, ignored, at file: vcs/perfrun1/plugins/perfcollector/src/profiler.cpp:490
197 [140675862521536] INFO perfrun.perfcollector <> - PERF_STAT : "UOPS_EXECUTED.CORE:cmask=1: 0 5247996 0"
197 [140675862521536] WARN perfrun.perfcollector <> - Unexpected PERF_STAT format, ignored, at file: vcs/perfrun1/plugins/perfcollector/src/profiler.cpp:490
197 [140675862521536] INFO perfrun.perfcollector <> - PERF_STAT : "UOPS_EXECUTED.CORE:cmask=2: 0 5247996 0"
197 [140675862521536] WARN perfrun.perfcollector <> - Unexpected PERF_STAT format, ignored, at file: vcs/perfrun1/plugins/perfcollector/src/profiler.cpp:490
197 [140675862521536] INFO perfrun.perfcollector <> - PERF_STAT : "UOPS_EXECUTED.CORE:cmask=3: 0 5247996 0"
197 [140675862521536] WARN perfrun.perfcollector <> - Unexpected PERF_STAT format, ignored, at file: vcs/perfrun1/plugins/perfcollector/src/profiler.cpp:490
197 [140675862521536] INFO perfrun.perfcollector <> - PERF_STAT : "UOPS_ISSUED.ANY: 0 5247996 0"
197 [140675862521536] WARN perfrun.perfcollector <> - Unexpected PERF_STAT format, ignored, at file: vcs/perfrun1/plugins/perfcollector/src/profiler.cpp:490
197 [140675862521536] INFO perfrun.perfcollector <> - PERF_STAT : "IDQ_UOPS_NOT_DELIVERED.CYCLES_0_UOPS_DELIV.CORE: 0 5247996 0"
197 [140675862521536] WARN perfrun.perfcollector <> - Unexpected PERF_STAT format, ignored, at file: vcs/perfrun1/plugins/perfcollector/src/profiler.cpp:490
197 [140675862521536] INFO perfrun.perfcollector <> - PERF_STAT : "MEM_UOPS_RETIRED.ALL_LOADS_PS: 0 5247996 0"
197 [140675862521536] WARN perfrun.perfcollector <> - Unexpected PERF_STAT format, ignored, at file: vcs/perfrun1/plugins/perfcollector/src/profiler.cpp:490
197 [140675862521536] INFO perfrun.perfcollector <> - PERF_STAT : "MEM_UOPS_RETIRED.ALL_STORES_PS: 0 5247996 0"
197 [140675862521536] WARN perfrun.perfcollector <> - Unexpected PERF_STAT format, ignored, at file: vcs/perfrun1/plugins/perfcollector/src/profiler.cpp:490
197 [140675862521536] INFO perfrun.perfcollector <> - PERF_STAT : "MEM_LOAD_UOPS_L3_MISS_RETIRED.LOCAL_DRAM_PS: 0 5247996 0"
197 [140675862521536] WARN perfrun.perfcollector <> - Unexpected PERF_STAT format, ignored, at file: vcs/perfrun1/plugins/perfcollector/src/profiler.cpp:490
197 [140675862521536] INFO perfrun.perfcollector <> - PERF_STAT : "MEM_LOAD_UOPS_L3_MISS_RETIRED.REMOTE_DRAM_PS: 0 5247996 0"
197 [140675862521536] WARN perfrun.perfcollector <> - Unexpected PERF_STAT format, ignored, at file: vcs/perfrun1/plugins/perfcollector/src/profiler.cpp:490
197 [140675862521536] INFO perfrun.perfcollector <> - PERF_STAT : "MEM_LOAD_UOPS_L3_MISS_RETIRED.REMOTE_HITM_PS: 0 5247996 0"
197 [140675862521536] WARN perfrun.perfcollector <> - Unexpected PERF_STAT format, ignored, at file: vcs/perfrun1/plugins/perfcollector/src/profiler.cpp:490
197 [140675862521536] INFO perfrun.perfcollector <> - PERF_STAT : "MEM_LOAD_UOPS_L3_MISS_RETIRED.REMOTE_FWD_PS: 0 5247996 0"
197 [140675862521536] WARN perfrun.perfcollector <> - Unexpected PERF_STAT format, ignored, at file: vcs/perfrun1/plugins/perfcollector/src/profiler.cpp:490
197 [140675862521536] INFO perfrun.perfcollector <> - PERF_STAT : "13470266;;CPU_CLK_UNHALTED.THREAD;5247996;100.00;;"
197 [140675862521536] INFO perfrun.perfcollector <> - PERF_STAT : "11916024;;CPU_CLK_UNHALTED.REF_TSC;5247996;100.00;;"
199 [140675870914240] INFO perfrun.perfcollector <> - Monitor: runCmd RC = true
199 [140675862521536] INFO perfrun.perfcollector <> - PERF_STAT : "15831665;;INST_RETIRED.ANY;5247996;100.00;;"
199 [140675862521536] INFO perfrun.perfcollector <> - PERF_STAT : "771700;;CYCLE_ACTIVITY.STALLS_L1D_PENDING;3215035;61.26;;"
199 [140675862521536] INFO perfrun.perfcollector <> - PERF_STAT : "518086;;CPU_CLK_UNHALTED.REF_XCLK;5247996;100.00;;"
199 [140675862521536] INFO perfrun.perfcollector <> - PERF_STAT : "517386;;CPU_CLK_UNHALTED.ONE_THREAD_ACTIVE;5247996;100.00;;"
199 [140675862521536] INFO perfrun.perfcollector <> - PERF_STAT : "17260323;;UOPS_RETIRED.RETIRE_SLOTS;5247996;100.00;;"
199 [140675862521536] INFO perfrun.perfcollector <> - PERF_STAT : "4355440;;CYCLE_ACTIVITY.CYCLES_NO_EXECUTE;2032961;38.74;;"
199 [140675862521536] INFO perfrun.perfcollector <> - PERF_STAT : "<not counted>;;CYCLE_ACTIVITY.STALLS_LDM_PENDING;0;0.00;;"
199 [140675862521536] INFO perfrun.perfcollector <> - PERF_STAT : "<not counted>;;CYCLE_ACTIVITY.STALLS_L2_PENDING;0;0.00;;"
199 [140675862521536] INFO perfrun.perfcollector <> - PERF_STAT : "<not counted>;;IDQ_UOPS_NOT_DELIVERED.CORE;0;0.00;;"
199 [140675862521536] INFO perfrun.perfcollector <> - PERF_STAT : "<not counted>;;INT_MISC.RECOVERY_CYCLES;0;0.00;;"
199 [140675862521536] INFO perfrun.perfcollector <> - PERF_STAT : "<not counted>;;MEM_LOAD_UOPS_RETIRED.L3_HIT_PS;0;0.00;;"
199 [140675862521536] INFO perfrun.perfcollector <> - PERF_STAT : "<not counted>;;MEM_LOAD_UOPS_RETIRED.L3_MISS_PS;0;0.00;;"
199 [140675862521536] INFO perfrun.perfcollector <> - PERF_STAT : "<not counted>;;OFFCORE_REQUESTS_OUTSTANDING.CYCLES_WITH_DATA_RD;0;0.00;;"
199 [140675862521536] INFO perfrun.perfcollector <> - PERF_STAT : "<not counted>;;OFFCORE_REQUESTS_OUTSTANDING.ALL_DATA_RD:cmask=6;0;0.00;;"
199 [140675862521536] INFO perfrun.perfcollector <> - PERF_STAT : "<not counted>;;RESOURCE_STALLS.SB;0;0.00;;"
199 [140675862521536] INFO perfrun.perfcollector <> - PERF_STAT : "<not counted>;;RS_EVENTS.EMPTY_CYCLES;0;0.00;;"
199 [140675862521536] INFO perfrun.perfcollector <> - PERF_STAT : "<not counted>;;UOPS_EXECUTED.CORE:cmask=1;0;0.00;;"
199 [140675862521536] INFO perfrun.perfcollector <> - PERF_STAT : "<not counted>;;UOPS_EXECUTED.CORE:cmask=2;0;0.00;;"
199 [140675862521536] INFO perfrun.perfcollector <> - PERF_STAT : "<not counted>;;UOPS_EXECUTED.CORE:cmask=3;0;0.00;;"
199 [140675862521536] INFO perfrun.perfcollector <> - PERF_STAT : "<not counted>;;UOPS_ISSUED.ANY;0;0.00;;"
199 [140675862521536] INFO perfrun.perfcollector <> - PERF_STAT : "<not counted>;;IDQ_UOPS_NOT_DELIVERED.CYCLES_0_UOPS_DELIV.CORE;0;0.00;;"
199 [140675862521536] INFO perfrun.perfcollector <> - PERF_STAT : "<not counted>;;MEM_UOPS_RETIRED.ALL_LOADS_PS;0;0.00;;"
199 [140675862521536] INFO perfrun.perfcollector <> - PERF_STAT : "<not counted>;;MEM_UOPS_RETIRED.ALL_STORES_PS;0;0.00;;"
199 [140675862521536] INFO perfrun.perfcollector <> - PERF_STAT : "<not counted>;;MEM_LOAD_UOPS_L3_MISS_RETIRED.LOCAL_DRAM_PS;0;0.00;;"
199 [140675862521536] INFO perfrun.perfcollector <> - PERF_STAT : "<not counted>;;MEM_LOAD_UOPS_L3_MISS_RETIRED.REMOTE_DRAM_PS;0;0.00;;"
199 [140675862521536] INFO perfrun.perfcollector <> - PERF_STAT : "<not counted>;;MEM_LOAD_UOPS_L3_MISS_RETIRED.REMOTE_HITM_PS;0;0.00;;"
199 [140675862521536] INFO perfrun.perfcollector <> - PERF_STAT : "<not counted>;;MEM_LOAD_UOPS_L3_MISS_RETIRED.REMOTE_FWD_PS;0;0.00;;"
199 [140675862521536] INFO perfrun.perfcollector <> - PERF_STAT : "<not supported>;;UNC_M_CAS_COUNT.RD[UNIT0];0;100.00;;"
199 [140675862521536] INFO perfrun.perfcollector <> - PERF_STAT : "<not supported>;;UNC_M_CAS_COUNT.RD[UNIT1];0;100.00;;"
199 [140675862521536] INFO perfrun.perfcollector <> - PERF_STAT : "<not supported>;;UNC_M_CAS_COUNT.RD[UNIT4];0;100.00;;"
199 [140675862521536] INFO perfrun.perfcollector <> - PERF_STAT : "<not supported>;;UNC_M_CAS_COUNT.RD[UNIT5];0;100.00;;"
199 [140675862521536] INFO perfrun.perfcollector <> - PERF_STAT : "<not supported>;;UNC_M_CAS_COUNT.WR[UNIT0];0;100.00;;"
199 [140675862521536] INFO perfrun.perfcollector <> - PERF_STAT : "<not supported>;;UNC_M_CAS_COUNT.WR[UNIT1];0;100.00;;"
199 [140675862521536] INFO perfrun.perfcollector <> - PERF_STAT : "<not supported>;;UNC_M_CAS_COUNT.WR[UNIT4];0;100.00;;"
199 [140675862521536] INFO perfrun.perfcollector <> - PERF_STAT : "<not supported>;;UNC_M_CAS_COUNT.WR[UNIT5];0;100.00;;"
200 [140675968394944] INFO perfrun.launcher <> - plugin [aoclprofile] was disabled because it doesn't support the given collection type.
200 [140675968394944] INFO perfrun.tpss <> - initialize tpss controller
200 [140675968394944] INFO perfrun.launcher <> - plugin [tpss] was disabled because it doesn't support the given collection type.
200 [140675968394944] INFO perfrun.launcher <> - plugin [exprof] was disabled because it doesn't support the given collection type.
200 [140675968394944] INFO perfrun.launcher <> - plugin [ice] was disabled because it doesn't support the given collection type.
200 [140675968394944] INFO perfrun.launcher <> - plugin [] was disabled because it doesn't support the given collection type.
200 [140675968394944] INFO perfrun.launcher <> - plugin [] was disabled because it doesn't support the given collection type.
200 [140675968394944] INFO perfrun.launcher <> - plugin [parallelfs] was disabled because it doesn't support the given collection type.
200 [140675968394944] INFO perfrun.launcher <> - plugin [power] was disabled because it doesn't support the given collection type.
200 [140675968394944] INFO perfrun.launcher <> - plugin [hwloc] was disabled because it doesn't support the given collection type.
200 [140675968394944] INFO perfrun.launcher <> - plugin [ipmwatch] was disabled because it doesn't support the given collection type.
200 [140675968394944] INFO perfrun.launcher <> - plugin [os_counters] was disabled because it doesn't support the given collection type.
200 [140676124362624] INFO perfrun.launcher <> - set environment variable: INTEL_MRTE_DATA_DIR = /tmp/amplxe-tmp-emlazuta/amplxe-res-3465585-13068090111544806/data.0
200 [140676124362624] INFO perfrun.launcher <> - set environment variable: INTEL_MRTE_HOST_NAME = hype5
200 [140676124362624] INFO perfrun.launcher <> - set environment variable: JAVA_TOOL_OPTIONS = -agentlib:amplxe_samplingmrte_javaprof_1.0 -Dsun.boot.library.path=/home/intel/oneapi/vtune/2021.1.1/lib32/runtime:/home/intel/oneapi/vtune/2021.1.1/lib64/runtime
200 [140676124362624] INFO perfrun.launcher <> - set environment variable: CORECLR_ENABLE_PROFILING = 1
200 [140676124362624] INFO perfrun.launcher <> - set environment variable: CORECLR_PROFILER = {AA5E4821-E3B1-479c-B7FF-5AD047D22CED}
200 [140676124362624] INFO perfrun.launcher <> - set environment variable: CORECLR_PROFILER_PATH = /home/intel/oneapi/vtune/2021.1.1/lib64/libamplxe_samplingmrte_clrprof_1.0.so
200 [140676124362624] INFO perfrun.launcher <> - set environment variable: INTEL_MRTE_PROFILER_MODE = mixed
200 [140676124362624] INFO perfrun.launcher <> - RpcServer: run RPC server to handle requests
202 [140676124362624] INFO perfrun.launcher <> - Launcher: command line to start before modification = ./bin/qlearning_parallel --gridx 100 --gridy 100 --obstacles 2500 --episodes 100000 --maxsteps 1000 --epsilon 0.3 --sync-mode statespace --seed 42
202 [140676124362624] INFO perfrun.launcher <> - Launcher: command line to start after modification = ./bin/qlearning_parallel --gridx 100 --gridy 100 --obstacles 2500 --episodes 100000 --maxsteps 1000 --epsilon 0.3 --sync-mode statespace --seed 42
202 [140676124362624] INFO perfrun.launcher <> - ProcessCreator object was created
203 [140676124362624] INFO perfrun.launcher <> - Launcher: the process was started in suspend mode
203 [140675968394944] INFO perfrun.launcher <> - Messenger::say: Peak bandwidth measurement started.
5649 [140675968394944] INFO perfrun.launcher <> - Messenger::say: Peak bandwidth measurement finished.
5653 [140675968394944] WARN perfrun.system <> - Could not do anything with /sys/kernel/debug/kvm: boost::filesystem::status: Permission denied: "/sys/kernel/debug/kvm", at file: vcs/perfrun1/plugins/system/src/trace_writer.cpp:796
5653 [140675968394944] WARN perfrun.system <> - Folder "/var/run/libvirt/qemu/"doesn't exist, at file: vcs/perfrun1/plugins/system/src/trace_writer.cpp:809
5691 [140675968394944] WARN perfrun.sdk <> - Failed to find xl binary on any of the system paths: /bin, /sbin, /usr/bin, /usr/sbin., at file: vcs/perfrun1/sdk/src/utils.cpp:197
5691 [140675968394944] WARN perfrun.system <> - Could not start ContainerMapping collector, at file: vcs/perfrun1/plugins/system/src/controller.cpp:468
5707 [140675968394944] INFO perfrun.vdso <> - Helper runtool '/home/intel/oneapi/vtune/2021.1.1/bin32/amplxe-runss -dump-vdso -r /tmp/amplxe-tmp-emlazuta/amplxe-res-3465585-13068090111544806 --tmp-dir /tmp/amplxe-tmp-emlazuta' returned 1
5798 [140675968394944] INFO perfrun.vdso <> - Helper runtool '/home/intel/oneapi/vtune/2021.1.1/bin64/amplxe-runss -dump-vdso -r /tmp/amplxe-tmp-emlazuta/amplxe-res-3465585-13068090111544806 --tmp-dir /tmp/amplxe-tmp-emlazuta' returned 0
5799 [140675739805376] WARN perfrun.perfcollector <> - Perf stat trace pipe capacity: read = 1048576, write = 1048576, at file: vcs/perfrun1/plugins/perfcollector/src/profiler.cpp:763
5799 [140675739805376] INFO perfrun.perfcollector <> - Path to Perf control pipe: /tmp/amplxe-tmp-emlazuta/perf-pipe-3465585-13068103296914360
5800 [140675739805376] INFO perfrun.sdk <> - runCmd: "/home/intel/oneapi/vtune/2021.1.1/bin64/amplxe-perf" stat -v --log-fd 20 --pipe "/tmp/amplxe-tmp-emlazuta/perf-pipe-3465585-13068103296914360" --pipe-sync --scale -x ; -p 3465595 -e cpu/event=0x3c,name='CPU_CLK_UNHALTED.THREAD'/Duk,cpu/umask=0x3,name='CPU_CLK_UNHALTED.REF_TSC'/Duk,cpu/event=0xc0,name='INST_RETIRED.ANY'/Duk,cpu/event=0xa3,umask=0xc,cmask=0xc,name='CYCLE_ACTIVITY.STALLS_L1D_PENDING'/uk,cpu/event=0x3c,umask=0x1,name='CPU_CLK_UNHALTED.REF_XCLK'/uk,cpu/event=0x3c,umask=0x2,name='CPU_CLK_UNHALTED.ONE_THREAD_ACTIVE'/uk,cpu/event=0xc2,umask=0x2,name='UOPS_RETIRED.RETIRE_SLOTS'/uk,cpu/event=0xa3,umask=0x4,cmask=0x4,name='CYCLE_ACTIVITY.CYCLES_NO_EXECUTE'/uk,cpu/event=0xa3,umask=0x6,cmask=0x6,name='CYCLE_ACTIVITY.STALLS_LDM_PENDING'/uk,cpu/event=0xa3,umask=0x5,cmask=0x5,name='CYCLE_ACTIVITY.STALLS_L2_PENDING'/uk,cpu/event=0x9c,umask=0x1,name='IDQ_UOPS_NOT_DELIVERED.CORE'/uk,cpu/event=0xd,umask=0x3,cmask=0x1,name='INT_MISC.RECOVERY_CYCLES'/uk,cpu/event=0xd1,umask=0x4,name='MEM_LOAD_UOPS_RETIRED.L3_HIT_PS'/uk,cpu/event=0xd1,umask=0x20,name='MEM_LOAD_UOPS_RETIRED.L3_MISS_PS'/uk,cpu/event=0x60,umask=0x8,cmask=0x1,name='OFFCORE_REQUESTS_OUTSTANDING.CYCLES_WITH_DATA_RD'/uk,cpu/event=0x60,umask=0x8,cmask=0x6,name='OFFCORE_REQUESTS_OUTSTANDING.ALL_DATA_RD:cmask=6'/uk,cpu/event=0xa2,umask=0x8,name='RESOURCE_STALLS.SB'/uk,cpu/event=0x5e,umask=0x1,name='RS_EVENTS.EMPTY_CYCLES'/uk,cpu/event=0xb1,umask=0x2,cmask=0x1,name='UOPS_EXECUTED.CORE:cmask=1'/uk,cpu/event=0xb1,umask=0x2,cmask=0x2,name='UOPS_EXECUTED.CORE:cmask=2'/uk,cpu/event=0xb1,umask=0x2,cmask=0x3,name='UOPS_EXECUTED.CORE:cmask=3'/uk,cpu/event=0xe,umask=0x1,name='UOPS_ISSUED.ANY'/uk,cpu/event=0x9c,umask=0x1,cmask=0x4,name='IDQ_UOPS_NOT_DELIVERED.CYCLES_0_UOPS_DELIV.CORE'/uk,cpu/event=0xd0,umask=0x81,name='MEM_UOPS_RETIRED.ALL_LOADS_PS'/uk,cpu/event=0xd0,umask=0x82,name='MEM_UOPS_RETIRED.ALL_STORES_PS'/uk,cpu/event=0xd3,umask=0x1,name='MEM_LOAD_UOPS_L3_MISS_RETIRED.LOCAL_DRAM_PS'/uk,cpu/event=0xd3,umask=0x4,name='MEM_LOAD_UOPS_L3_MISS_RETIRED.REMOTE_DRAM_PS'/uk,cpu/event=0xd3,umask=0x10,name='MEM_LOAD_UOPS_L3_MISS_RETIRED.REMOTE_HITM_PS'/uk,cpu/event=0xd3,umask=0x20,name='MEM_LOAD_UOPS_L3_MISS_RETIRED.REMOTE_FWD_PS'/uk,uncore_imc_0/event=0x4,umask=0x3,name='UNC_M_CAS_COUNT.RD[UNIT0]'/,uncore_imc_1/event=0x4,umask=0x3,name='UNC_M_CAS_COUNT.RD[UNIT1]'/,uncore_imc_4/event=0x4,umask=0x3,name='UNC_M_CAS_COUNT.RD[UNIT4]'/,uncore_imc_5/event=0x4,umask=0x3,name='UNC_M_CAS_COUNT.RD[UNIT5]'/,uncore_imc_0/event=0x4,umask=0xc,name='UNC_M_CAS_COUNT.WR[UNIT0]'/,uncore_imc_1/event=0x4,umask=0xc,name='UNC_M_CAS_COUNT.WR[UNIT1]'/,uncore_imc_4/event=0x4,umask=0xc,name='UNC_M_CAS_COUNT.WR[UNIT4]'/,uncore_imc_5/event=0x4,umask=0xc,name='UNC_M_CAS_COUNT.WR[UNIT5]'/ "/home/intel/oneapi/vtune/2021.1.1/bin64/amplxe-perf-sync" sync sys
5879 [140676124362624] INFO perfrun.launcher <> - Launcher: all plugins were started
5879 [140676124362624] INFO perfrun.launcher <> - DirectoryMonitor object was created
5879 [140676124362624] INFO perfrun.launcher <> - DirectoryMonitor: a callback was added
5879 [140676124362624] INFO perfrun.launcher <> - DirectoryMonitor was started with pingTime = 1000
5879 [140676124362624] INFO perfrun.launcher <> - DeadlineTimer is going to be constructed
5879 [140676124362624] INFO perfrun.launcher <> - DeadlineTimer: a callback was added
5886 [140676124362624] INFO perfrun.launcher <> - Launcher: resume the profiled application and  wait its termination or stop command
15323 [140676124362624] INFO perfrun.launcher <> - Launcher: the profiled application was terminated  with exit code = 0
15330 [140675870914240] INFO perfrun.perfcollector <> - PERF_STAT : "CPU_CLK_UNHALTED.THREAD: 109955121510 37179546044 37179546044"
15330 [140675870914240] WARN perfrun.perfcollector <> - Unexpected PERF_STAT format, ignored, at file: vcs/perfrun1/plugins/perfcollector/src/profiler.cpp:490
15330 [140675870914240] INFO perfrun.perfcollector <> - PERF_STAT : "CPU_CLK_UNHALTED.REF_TSC: 84705106767 37179546044 37179546044"
15330 [140675870914240] WARN perfrun.perfcollector <> - Unexpected PERF_STAT format, ignored, at file: vcs/perfrun1/plugins/perfcollector/src/profiler.cpp:490
15330 [140675870914240] INFO perfrun.perfcollector <> - PERF_STAT : "INST_RETIRED.ANY: 495049855582 37179546044 37179546044"
15330 [140675870914240] WARN perfrun.perfcollector <> - Unexpected PERF_STAT format, ignored, at file: vcs/perfrun1/plugins/perfcollector/src/profiler.cpp:490
15330 [140675870914240] INFO perfrun.perfcollector <> - PERF_STAT : "CYCLE_ACTIVITY.STALLS_L1D_PENDING: 132833874 36992330036 3900629245"
15330 [140675870914240] WARN perfrun.perfcollector <> - Unexpected PERF_STAT format, ignored, at file: vcs/perfrun1/plugins/perfcollector/src/profiler.cpp:490
15330 [140675870914240] INFO perfrun.perfcollector <> - PERF_STAT : "CPU_CLK_UNHALTED.REF_XCLK: 3662408083 37004330903 3203504616"
15330 [140675870914240] WARN perfrun.perfcollector <> - Unexpected PERF_STAT format, ignored, at file: vcs/perfrun1/plugins/perfcollector/src/profiler.cpp:490
15330 [140675870914240] INFO perfrun.perfcollector <> - PERF_STAT : "CPU_CLK_UNHALTED.ONE_THREAD_ACTIVE: 3658816321 37016329240 4274442937"
15330 [140675870914240] WARN perfrun.perfcollector <> - Unexpected PERF_STAT format, ignored, at file: vcs/perfrun1/plugins/perfcollector/src/profiler.cpp:490
15330 [140675870914240] INFO perfrun.perfcollector <> - PERF_STAT : "UOPS_RETIRED.RETIRE_SLOTS: 298848395883 37028328802 5701864318"
15330 [140675870914240] WARN perfrun.perfcollector <> - Unexpected PERF_STAT format, ignored, at file: vcs/perfrun1/plugins/perfcollector/src/profiler.cpp:490
15330 [140675870914240] INFO perfrun.perfcollector <> - PERF_STAT : "CYCLE_ACTIVITY.CYCLES_NO_EXECUTE: 1753149762 37040328846 5711556309"
15330 [140675870914240] WARN perfrun.perfcollector <> - Unexpected PERF_STAT format, ignored, at file: vcs/perfrun1/plugins/perfcollector/src/profiler.cpp:490
15330 [140675870914240] INFO perfrun.perfcollector <> - PERF_STAT : "CYCLE_ACTIVITY.STALLS_LDM_PENDING: 701475697 37052326089 5724390833"
15330 [140675870914240] WARN perfrun.perfcollector <> - Unexpected PERF_STAT format, ignored, at file: vcs/perfrun1/plugins/perfcollector/src/profiler.cpp:490
15330 [140675870914240] INFO perfrun.perfcollector <> - PERF_STAT : "CYCLE_ACTIVITY.STALLS_L2_PENDING: 197851108 37064327062 5739604151"
15330 [140675870914240] WARN perfrun.perfcollector <> - Unexpected PERF_STAT format, ignored, at file: vcs/perfrun1/plugins/perfcollector/src/profiler.cpp:490
15330 [140675870914240] INFO perfrun.perfcollector <> - PERF_STAT : "IDQ_UOPS_NOT_DELIVERED.CORE: 101176175147 37076327231 5747744788"
15330 [140675870914240] WARN perfrun.perfcollector <> - Unexpected PERF_STAT format, ignored, at file: vcs/perfrun1/plugins/perfcollector/src/profiler.cpp:490
15330 [140675870914240] INFO perfrun.perfcollector <> - PERF_STAT : "INT_MISC.RECOVERY_CYCLES: 559972134 37088326774 5754489380"
15330 [140675870914240] WARN perfrun.perfcollector <> - Unexpected PERF_STAT format, ignored, at file: vcs/perfrun1/plugins/perfcollector/src/profiler.cpp:490
15330 [140675870914240] INFO perfrun.perfcollector <> - PERF_STAT : "MEM_LOAD_UOPS_RETIRED.L3_HIT_PS: 8900054 37100324724 5719429959"
15330 [140675870914240] WARN perfrun.perfcollector <> - Unexpected PERF_STAT format, ignored, at file: vcs/perfrun1/plugins/perfcollector/src/profiler.cpp:490
15330 [140675870914240] INFO perfrun.perfcollector <> - PERF_STAT : "MEM_LOAD_UOPS_RETIRED.L3_MISS_PS: 88294 37112325746 5678978630"
15330 [140675870914240] WARN perfrun.perfcollector <> - Unexpected PERF_STAT format, ignored, at file: vcs/perfrun1/plugins/perfcollector/src/profiler.cpp:490
15330 [140675870914240] INFO perfrun.perfcollector <> - PERF_STAT : "OFFCORE_REQUESTS_OUTSTANDING.CYCLES_WITH_DATA_RD: 23903959628 37124321840 2869149143"
15330 [140675870914240] WARN perfrun.perfcollector <> - Unexpected PERF_STAT format, ignored, at file: vcs/perfrun1/plugins/perfcollector/src/profiler.cpp:490
15330 [140675870914240] INFO perfrun.perfcollector <> - PERF_STAT : "OFFCORE_REQUESTS_OUTSTANDING.ALL_DATA_RD:cmask=6: 507630430 37136322437 2871528819"
15330 [140675870914240] WARN perfrun.perfcollector <> - Unexpected PERF_STAT format, ignored, at file: vcs/perfrun1/plugins/perfcollector/src/profiler.cpp:490
15330 [140675870914240] INFO perfrun.perfcollector <> - PERF_STAT : "RESOURCE_STALLS.SB: 43225684 37146412093 4306366659"
15330 [140675870914240] WARN perfrun.perfcollector <> - Unexpected PERF_STAT format, ignored, at file: vcs/perfrun1/plugins/perfcollector/src/profiler.cpp:490
15330 [140675870914240] INFO perfrun.perfcollector <> - PERF_STAT : "RS_EVENTS.EMPTY_CYCLES: 743600634 37153053460 5736871140"
15330 [140675870914240] WARN perfrun.perfcollector <> - Unexpected PERF_STAT format, ignored, at file: vcs/perfrun1/plugins/perfcollector/src/profiler.cpp:490
15330 [140675870914240] INFO perfrun.perfcollector <> - PERF_STAT : "UOPS_EXECUTED.CORE:cmask=1: 108103162100 37158190741 5730634058"
15330 [140675870914240] WARN perfrun.perfcollector <> - Unexpected PERF_STAT format, ignored, at file: vcs/perfrun1/plugins/perfcollector/src/profiler.cpp:490
15330 [140675870914240] INFO perfrun.perfcollector <> - PERF_STAT : "UOPS_EXECUTED.CORE:cmask=2: 106480398833 37162189157 5722494096"
15330 [140675870914240] WARN perfrun.perfcollector <> - Unexpected PERF_STAT format, ignored, at file: vcs/perfrun1/plugins/perfcollector/src/profiler.cpp:490
15330 [140675870914240] INFO perfrun.perfcollector <> - PERF_STAT : "UOPS_EXECUTED.CORE:cmask=3: 99911446468 37166188777 5716727512"
15330 [140675870914240] WARN perfrun.perfcollector <> - Unexpected PERF_STAT format, ignored, at file: vcs/perfrun1/plugins/perfcollector/src/profiler.cpp:490
15330 [140675870914240] INFO perfrun.perfcollector <> - PERF_STAT : "UOPS_ISSUED.ANY: 306083548562 37170157645 5716129555"
15330 [140675870914240] WARN perfrun.perfcollector <> - Unexpected PERF_STAT format, ignored, at file: vcs/perfrun1/plugins/perfcollector/src/profiler.cpp:490
15330 [140675870914240] INFO perfrun.perfcollector <> - PERF_STAT : "IDQ_UOPS_NOT_DELIVERED.CYCLES_0_UOPS_DELIV.CORE: 208060366 37094928476 5717638452"
15330 [140675870914240] WARN perfrun.perfcollector <> - Unexpected PERF_STAT format, ignored, at file: vcs/perfrun1/plugins/perfcollector/src/profiler.cpp:490
15330 [140675870914240] INFO perfrun.perfcollector <> - PERF_STAT : "MEM_UOPS_RETIRED.ALL_LOADS_PS: 98950632264 37024524299 5652381230"
15330 [140675870914240] WARN perfrun.perfcollector <> - Unexpected PERF_STAT format, ignored, at file: vcs/perfrun1/plugins/perfcollector/src/profiler.cpp:490
15330 [140675870914240] INFO perfrun.perfcollector <> - PERF_STAT : "MEM_UOPS_RETIRED.ALL_STORES_PS: 686841300 37033683981 2848902463"
15330 [140675870914240] WARN perfrun.perfcollector <> - Unexpected PERF_STAT format, ignored, at file: vcs/perfrun1/plugins/perfcollector/src/profiler.cpp:490
15330 [140675870914240] INFO perfrun.perfcollector <> - PERF_STAT : "MEM_LOAD_UOPS_L3_MISS_RETIRED.LOCAL_DRAM_PS: 2981 37041683711 2844966632"
15330 [140675870914240] WARN perfrun.perfcollector <> - Unexpected PERF_STAT format, ignored, at file: vcs/perfrun1/plugins/perfcollector/src/profiler.cpp:490
15330 [140675870914240] INFO perfrun.perfcollector <> - PERF_STAT : "MEM_LOAD_UOPS_L3_MISS_RETIRED.REMOTE_DRAM_PS: 4378 37049659083 2843344691"
15330 [140675870914240] WARN perfrun.perfcollector <> - Unexpected PERF_STAT format, ignored, at file: vcs/perfrun1/plugins/perfcollector/src/profiler.cpp:490
15330 [140675870914240] INFO perfrun.perfcollector <> - PERF_STAT : "MEM_LOAD_UOPS_L3_MISS_RETIRED.REMOTE_HITM_PS: 100658 36968331456 2844456101"
15330 [140675870914240] WARN perfrun.perfcollector <> - Unexpected PERF_STAT format, ignored, at file: vcs/perfrun1/plugins/perfcollector/src/profiler.cpp:490
15330 [140675870914240] INFO perfrun.perfcollector <> - PERF_STAT : "MEM_LOAD_UOPS_L3_MISS_RETIRED.REMOTE_FWD_PS: 4261 36980332713 2846537685"
15330 [140675870914240] WARN perfrun.perfcollector <> - Unexpected PERF_STAT format, ignored, at file: vcs/perfrun1/plugins/perfcollector/src/profiler.cpp:490
15330 [140675870914240] INFO perfrun.perfcollector <> - PERF_STAT : "109955121510;;CPU_CLK_UNHALTED.THREAD;37179546044;100.00;;"
15330 [140675870914240] INFO perfrun.perfcollector <> - PERF_STAT : "84705106767;;CPU_CLK_UNHALTED.REF_TSC;37179546044;100.00;;"
15330 [140675870914240] INFO perfrun.perfcollector <> - PERF_STAT : "495049855582;;INST_RETIRED.ANY;37179546044;100.00;;"
15330 [140675870914240] INFO perfrun.perfcollector <> - PERF_STAT : "132833874;;CYCLE_ACTIVITY.STALLS_L1D_PENDING;3900629245;10.54;;"
15330 [140675870914240] INFO perfrun.perfcollector <> - PERF_STAT : "3662408083;;CPU_CLK_UNHALTED.REF_XCLK;3203504616;8.66;;"
15330 [140675870914240] INFO perfrun.perfcollector <> - PERF_STAT : "3658816321;;CPU_CLK_UNHALTED.ONE_THREAD_ACTIVE;4274442937;11.55;;"
15332 [140675870914240] INFO perfrun.perfcollector <> - PERF_STAT : "298848395883;;UOPS_RETIRED.RETIRE_SLOTS;5701864318;15.40;;"
15332 [140675870914240] INFO perfrun.perfcollector <> - PERF_STAT : "1753149762;;CYCLE_ACTIVITY.CYCLES_NO_EXECUTE;5711556309;15.42;;"
15332 [140675870914240] INFO perfrun.perfcollector <> - PERF_STAT : "701475697;;CYCLE_ACTIVITY.STALLS_LDM_PENDING;5724390833;15.45;;"
15332 [140675739805376] INFO perfrun.perfcollector <> - Monitor: runCmd RC = true
15332 [140675870914240] INFO perfrun.perfcollector <> - PERF_STAT : "197851108;;CYCLE_ACTIVITY.STALLS_L2_PENDING;5739604151;15.49;;"
15332 [140675870914240] INFO perfrun.perfcollector <> - PERF_STAT : "101176175147;;IDQ_UOPS_NOT_DELIVERED.CORE;5747744788;15.50;;"
15332 [140675870914240] INFO perfrun.perfcollector <> - PERF_STAT : "559972134;;INT_MISC.RECOVERY_CYCLES;5754489380;15.52;;"
15332 [140675870914240] INFO perfrun.perfcollector <> - PERF_STAT : "8900054;;MEM_LOAD_UOPS_RETIRED.L3_HIT_PS;5719429959;15.42;;"
15332 [140675870914240] INFO perfrun.perfcollector <> - PERF_STAT : "88294;;MEM_LOAD_UOPS_RETIRED.L3_MISS_PS;5678978630;15.30;;"
15332 [140675870914240] INFO perfrun.perfcollector <> - PERF_STAT : "23903959628;;OFFCORE_REQUESTS_OUTSTANDING.CYCLES_WITH_DATA_RD;2869149143;7.73;;"
15332 [140675870914240] INFO perfrun.perfcollector <> - PERF_STAT : "507630430;;OFFCORE_REQUESTS_OUTSTANDING.ALL_DATA_RD:cmask=6;2871528819;7.73;;"
15332 [140675870914240] INFO perfrun.perfcollector <> - PERF_STAT : "43225684;;RESOURCE_STALLS.SB;4306366659;11.59;;"
15332 [140675870914240] INFO perfrun.perfcollector <> - PERF_STAT : "743600634;;RS_EVENTS.EMPTY_CYCLES;5736871140;15.44;;"
15332 [140675870914240] INFO perfrun.perfcollector <> - PERF_STAT : "108103162100;;UOPS_EXECUTED.CORE:cmask=1;5730634058;15.42;;"
15332 [140675870914240] INFO perfrun.perfcollector <> - PERF_STAT : "106480398833;;UOPS_EXECUTED.CORE:cmask=2;5722494096;15.40;;"
15332 [140675870914240] INFO perfrun.perfcollector <> - PERF_STAT : "99911446468;;UOPS_EXECUTED.CORE:cmask=3;5716727512;15.38;;"
15332 [140675870914240] INFO perfrun.perfcollector <> - PERF_STAT : "306083548562;;UOPS_ISSUED.ANY;5716129555;15.38;;"
15332 [140675870914240] INFO perfrun.perfcollector <> - PERF_STAT : "208060366;;IDQ_UOPS_NOT_DELIVERED.CYCLES_0_UOPS_DELIV.CORE;5717638452;15.41;;"
15332 [140675870914240] INFO perfrun.perfcollector <> - PERF_STAT : "98950632264;;MEM_UOPS_RETIRED.ALL_LOADS_PS;5652381230;15.27;;"
15332 [140675870914240] INFO perfrun.perfcollector <> - PERF_STAT : "686841300;;MEM_UOPS_RETIRED.ALL_STORES_PS;2848902463;7.69;;"
15332 [140675870914240] INFO perfrun.perfcollector <> - PERF_STAT : "2981;;MEM_LOAD_UOPS_L3_MISS_RETIRED.LOCAL_DRAM_PS;2844966632;7.68;;"
15332 [140675870914240] INFO perfrun.perfcollector <> - PERF_STAT : "4378;;MEM_LOAD_UOPS_L3_MISS_RETIRED.REMOTE_DRAM_PS;2843344691;7.67;;"
15332 [140675870914240] INFO perfrun.perfcollector <> - PERF_STAT : "100658;;MEM_LOAD_UOPS_L3_MISS_RETIRED.REMOTE_HITM_PS;2844456101;7.69;;"
15332 [140675870914240] INFO perfrun.perfcollector <> - PERF_STAT : "4261;;MEM_LOAD_UOPS_L3_MISS_RETIRED.REMOTE_FWD_PS;2846537685;7.70;;"
15332 [140675870914240] INFO perfrun.perfcollector <> - PERF_STAT : "<not supported>;;UNC_M_CAS_COUNT.RD[UNIT0];0;100.00;;"
15332 [140675870914240] INFO perfrun.perfcollector <> - PERF_STAT : "<not supported>;;UNC_M_CAS_COUNT.RD[UNIT1];0;100.00;;"
15332 [140675870914240] INFO perfrun.perfcollector <> - PERF_STAT : "<not supported>;;UNC_M_CAS_COUNT.RD[UNIT4];0;100.00;;"
15332 [140675870914240] INFO perfrun.perfcollector <> - PERF_STAT : "<not supported>;;UNC_M_CAS_COUNT.RD[UNIT5];0;100.00;;"
15332 [140675870914240] INFO perfrun.perfcollector <> - PERF_STAT : "<not supported>;;UNC_M_CAS_COUNT.WR[UNIT0];0;100.00;;"
15332 [140675870914240] INFO perfrun.perfcollector <> - PERF_STAT : "<not supported>;;UNC_M_CAS_COUNT.WR[UNIT1];0;100.00;;"
15332 [140675870914240] INFO perfrun.perfcollector <> - PERF_STAT : "<not supported>;;UNC_M_CAS_COUNT.WR[UNIT4];0;100.00;;"
15332 [140675870914240] INFO perfrun.perfcollector <> - PERF_STAT : "<not supported>;;UNC_M_CAS_COUNT.WR[UNIT5];0;100.00;;"
15332 [140675968394944] INFO perfrun.perfcollector <> - Monitor: state = 3, error = 1
15333 [140675968394944] INFO perfrun.sdk <> - De-allocating TMU: /tmp/amplxe-tmp-emlazuta/amplxe-res-3465585-13068090111544806/data.0/systemcollector-3465585-hype5.sc
15333 [140675968394944] INFO perfrun.system <> - closed the system trace file: /tmp/amplxe-tmp-emlazuta/amplxe-res-3465585-13068090111544806/data.0/systemcollector-3465585-hype5.sc
15333 [140676124362624] INFO perfrun.launcher <> - Launcher: all plugins were stopped.
15333 [140676124362624] INFO perfrun.launcher <> - DeadlineTimer is going to be destroyed
15333 [140676124362624] INFO perfrun.launcher <> - DeadlineTimer was destroyed
15333 [140676124362624] INFO perfrun.launcher <> - DirectoryMonitor object was destroyed
15333 [140676124362624] WARN perfrun.launcher <> - Stop command is ignored because it is received when collection is already stopped, at file: vcs/perfrun1/launcher/src/command_handler.cpp:212
15358 [140676124362624] INFO perfrun.launcher <> - Application exit code: 0
15358 [140676124362624] INFO perfrun.launcher <> - Exit code: 0
